{
  "type": "FeatureCollection",
  "metadata": {
    "title": "OCC 学院城邦全域地图 v0.13",
    "coordinateSystem": "学院本地平面坐标：西北角为 (0,0)，x 向东、y 向南，单位 m。",
    "source": "Tools/AcademyMapPrototype/src/data.js",
    "generatedBy": "npm run export:geojson",
    "scope": "地图精修中的矢量母版交换格式；不包含 Unity 战斗格图。"
  },
  "features": [
    {
      "type": "Feature",
      "properties": {
        "id": "Z-OUTER-N",
        "name": "北部城门与公共服务带",
        "zone": "郊野／外环",
        "kind": "zone",
        "description": "城门、换乘、旅客服务、防灾和护障检修。",
        "footprint": 672000,
        "openSpacePurpose": "城门前庭、换乘退界、防灾集结和城市服务预留。",
        "layer": "zones"
      },
      "geometry": {
        "type": "Polygon",
        "coordinates": [
          [
            [
              0,
              0
            ],
            [
              3200,
              0
            ],
            [
              3200,
              210
            ],
            [
              0,
              210
            ],
            [
              0,
              0
            ]
          ]
        ]
      }
    },
    {
      "type": "Feature",
      "properties": {
        "id": "Z-OUTER-W",
        "name": "西部河岸生活带",
        "zone": "郊野／外环",
        "kind": "zone",
        "description": "社区服务、雨后灯庭、消防与河岸维护。",
        "footprint": 496600,
        "openSpacePurpose": "河岸巡护、社区花园、雨后灯庭和消防退界。",
        "layer": "zones"
      },
      "geometry": {
        "type": "Polygon",
        "coordinates": [
          [
            [
              0,
              210
            ],
            [
              260,
              210
            ],
            [
              260,
              2120
            ],
            [
              0,
              2120
            ],
            [
              0,
              210
            ]
          ]
        ]
      }
    },
    {
      "type": "Feature",
      "properties": {
        "id": "Z-OUTER-E",
        "name": "东部生产服务带",
        "zone": "郊野／外环",
        "kind": "zone",
        "description": "货运、检疫、公共工程与生态观察。",
        "footprint": 496600,
        "openSpacePurpose": "货运回转、检疫缓冲、公共工程和生态恢复。",
        "layer": "zones"
      },
      "geometry": {
        "type": "Polygon",
        "coordinates": [
          [
            [
              2940,
              210
            ],
            [
              3200,
              210
            ],
            [
              3200,
              2120
            ],
            [
              2940,
              2120
            ],
            [
              2940,
              210
            ]
          ]
        ]
      }
    },
    {
      "type": "Feature",
      "properties": {
        "id": "Z-OUTER-S",
        "name": "南部课程与城市外环",
        "zone": "郊野／外环",
        "kind": "zone",
        "description": "体育、战斗课程、城市后勤和生态恢复。",
        "footprint": 2176000,
        "openSpacePurpose": "体育与战斗课程、城市后勤、生态恢复和远期扩建。",
        "layer": "zones"
      },
      "geometry": {
        "type": "Polygon",
        "coordinates": [
          [
            [
              0,
              2120
            ],
            [
              3200,
              2120
            ],
            [
              3200,
              2800
            ],
            [
              0,
              2800
            ],
            [
              0,
              2120
            ]
          ]
        ]
      }
    },
    {
      "type": "Feature",
      "properties": {
        "id": "Z-TEACH",
        "name": "教学区",
        "zone": "教学区",
        "kind": "zone",
        "description": "讲堂、图书馆、公共实验与师生事务。",
        "openSpacePurpose": "教学院落、研读花园、课间集合和消防退界。",
        "layer": "zones"
      },
      "geometry": {
        "type": "Polygon",
        "coordinates": [
          [
            [
              260,
              210
            ],
            [
              1120,
              210
            ],
            [
              1140,
              450
            ],
            [
              1130,
              700
            ],
            [
              1160,
              1030
            ],
            [
              700,
              980
            ],
            [
              260,
              1000
            ],
            [
              260,
              210
            ]
          ]
        ]
      }
    },
    {
      "type": "Feature",
      "properties": {
        "id": "Z-CENTRE",
        "name": "学院中庭与城邦核心",
        "zone": "中庭区",
        "kind": "zone",
        "description": "学院治理、公共文化、钟楼与中央河湖两岸。",
        "openSpacePurpose": "连续河湖、公共广场、节庆和市政协作空间。",
        "layer": "zones"
      },
      "geometry": {
        "type": "Polygon",
        "coordinates": [
          [
            [
              1120,
              210
            ],
            [
              2080,
              210
            ],
            [
              2050,
              450
            ],
            [
              2100,
              700
            ],
            [
              2080,
              1030
            ],
            [
              1800,
              1050
            ],
            [
              1400,
              1000
            ],
            [
              1160,
              1030
            ],
            [
              1130,
              700
            ],
            [
              1140,
              450
            ],
            [
              1120,
              210
            ]
          ]
        ]
      }
    },
    {
      "type": "Feature",
      "properties": {
        "id": "Z-WORK",
        "name": "工坊区",
        "zone": "工坊区",
        "kind": "zone",
        "description": "制作、校准、材料、供能与城市维修。",
        "openSpacePurpose": "器材回转、防火间距、洗消和大件交接。",
        "layer": "zones"
      },
      "geometry": {
        "type": "Polygon",
        "coordinates": [
          [
            [
              2080,
              210
            ],
            [
              2940,
              210
            ],
            [
              2940,
              1000
            ],
            [
              2523,
              983
            ],
            [
              2080,
              1030
            ],
            [
              2100,
              700
            ],
            [
              2050,
              450
            ],
            [
              2080,
              210
            ]
          ]
        ]
      }
    },
    {
      "type": "Feature",
      "properties": {
        "id": "Z-LIVING",
        "name": "生活区",
        "zone": "生活区",
        "kind": "zone",
        "description": "宿舍、居民住房、医疗、餐厨与社区服务。",
        "openSpacePurpose": "街坊庭院、晾晒、种植、照明和社区活动。",
        "layer": "zones"
      },
      "geometry": {
        "type": "Polygon",
        "coordinates": [
          [
            [
              260,
              1000
            ],
            [
              700,
              980
            ],
            [
              1160,
              1030
            ],
            [
              1150,
              1400
            ],
            [
              1130,
              1750
            ],
            [
              1160,
              2120
            ],
            [
              260,
              2120
            ],
            [
              260,
              1000
            ]
          ]
        ]
      }
    },
    {
      "type": "Feature",
      "properties": {
        "id": "Z-MARKET",
        "name": "市集与城市服务区",
        "zone": "市集区",
        "kind": "zone",
        "description": "交易、旅舍、邮驿、金融、消防与公共服务。",
        "openSpacePurpose": "步行商业街、装卸、摊位、访客服务和防灾通道。",
        "layer": "zones"
      },
      "geometry": {
        "type": "Polygon",
        "coordinates": [
          [
            [
              1160,
              1030
            ],
            [
              1400,
              1000
            ],
            [
              1800,
              1050
            ],
            [
              2080,
              1030
            ],
            [
              2100,
              1400
            ],
            [
              2110,
              1750
            ],
            [
              2080,
              2120
            ],
            [
              1160,
              2120
            ],
            [
              1130,
              1750
            ],
            [
              1150,
              1400
            ],
            [
              1160,
              1030
            ]
          ]
        ]
      }
    },
    {
      "type": "Feature",
      "properties": {
        "id": "Z-SEALED",
        "name": "封存区",
        "zone": "封存区",
        "kind": "zone",
        "description": "档案、遗物、隔离、许可和值守。",
        "openSpacePurpose": "许可检查、警戒退界、撤离集结和观察缓冲。",
        "layer": "zones"
      },
      "geometry": {
        "type": "Polygon",
        "coordinates": [
          [
            [
              2080,
              1030
            ],
            [
              2523,
              983
            ],
            [
              2940,
              1000
            ],
            [
              2940,
              2120
            ],
            [
              2080,
              2120
            ],
            [
              2110,
              1750
            ],
            [
              2100,
              1400
            ],
            [
              2080,
              1030
            ]
          ]
        ]
      }
    },
    {
      "type": "Feature",
      "properties": {
        "id": "G-WATER-01",
        "name": "学院内河与中央湖连续水系",
        "zone": "中庭区／市集区／郊野外环",
        "kind": "water",
        "description": "自然河道在公共核心舒展为湖面后继续向南；岸线连续、边界明确。",
        "waterSystem": "academy-city-main",
        "layer": "terrain"
      },
      "geometry": {
        "type": "Polygon",
        "coordinates": [
          [
            [
              1460,
              0
            ],
            [
              1450,
              260
            ],
            [
              1470,
              500
            ],
            [
              1435,
              720
            ],
            [
              1410,
              900
            ],
            [
              1400,
              1120
            ],
            [
              1425,
              1360
            ],
            [
              1410,
              1580
            ],
            [
              1435,
              1820
            ],
            [
              1415,
              2060
            ],
            [
              1430,
              2320
            ],
            [
              1445,
              2800
            ],
            [
              1755,
              2800
            ],
            [
              1770,
              2320
            ],
            [
              1785,
              2060
            ],
            [
              1765,
              1820
            ],
            [
              1790,
              1580
            ],
            [
              1775,
              1360
            ],
            [
              1800,
              1120
            ],
            [
              1790,
              900
            ],
            [
              1765,
              720
            ],
            [
              1730,
              500
            ],
            [
              1750,
              260
            ],
            [
              1740,
              0
            ],
            [
              1460,
              0
            ]
          ]
        ]
      }
    },
    {
      "type": "Feature",
      "properties": {
        "id": "G-RAIN",
        "name": "雨后灯庭",
        "zone": "郊野／外环",
        "kind": "courtyard",
        "description": "旧校区石基、浅水沟与灯藤课程空间。",
        "layer": "terrain"
      },
      "geometry": {
        "type": "Polygon",
        "coordinates": [
          [
            [
              10,
              720
            ],
            [
              45,
              690
            ],
            [
              100,
              705
            ],
            [
              108,
              775
            ],
            [
              92,
              850
            ],
            [
              38,
              855
            ],
            [
              8,
              800
            ],
            [
              10,
              720
            ]
          ]
        ]
      }
    },
    {
      "type": "Feature",
      "properties": {
        "id": "G-COMBAT",
        "name": "护障对抗场",
        "zone": "郊野／外环",
        "kind": "combat",
        "description": "非致命课程对抗、裁判考核与安全演练。",
        "layer": "terrain"
      },
      "geometry": {
        "type": "Polygon",
        "coordinates": [
          [
            [
              220,
              2440
            ],
            [
              720,
              2440
            ],
            [
              770,
              2490
            ],
            [
              750,
              2700
            ],
            [
              250,
              2700
            ],
            [
              200,
              2640
            ],
            [
              220,
              2440
            ]
          ]
        ]
      }
    },
    {
      "type": "Feature",
      "properties": {
        "id": "G-SPORT",
        "name": "学院体育场",
        "zone": "郊野／外环",
        "kind": "sports",
        "description": "体育课程、学院赛事、公共锻炼与毕业季集会。",
        "layer": "terrain"
      },
      "geometry": {
        "type": "Polygon",
        "coordinates": [
          [
            [
              830,
              2420
            ],
            [
              1370,
              2420
            ],
            [
              1390,
              2470
            ],
            [
              1380,
              2700
            ],
            [
              850,
              2700
            ],
            [
              810,
              2650
            ],
            [
              830,
              2420
            ]
          ]
        ]
      }
    },
    {
      "type": "Feature",
      "properties": {
        "id": "G-TACTICAL",
        "name": "小队战术训练场",
        "zone": "郊野／外环",
        "kind": "training",
        "description": "掩体、路线、协作、撤离和任务分工训练。",
        "layer": "terrain"
      },
      "geometry": {
        "type": "Polygon",
        "coordinates": [
          [
            [
              1830,
              2440
            ],
            [
              2350,
              2440
            ],
            [
              2390,
              2500
            ],
            [
              2360,
              2700
            ],
            [
              1840,
              2700
            ],
            [
              1810,
              2640
            ],
            [
              1830,
              2440
            ]
          ]
        ]
      }
    },
    {
      "type": "Feature",
      "properties": {
        "id": "G-LOGISTICS",
        "name": "城市货运与公共工程场",
        "zone": "郊野／外环",
        "kind": "paved",
        "description": "城市货运、公共工程、清洁回收与灾时物资集结。",
        "layer": "terrain"
      },
      "geometry": {
        "type": "Polygon",
        "coordinates": [
          [
            [
              2460,
              2440
            ],
            [
              3010,
              2440
            ],
            [
              3060,
              2500
            ],
            [
              3040,
              2700
            ],
            [
              2490,
              2700
            ],
            [
              2440,
              2640
            ],
            [
              2460,
              2440
            ]
          ]
        ]
      }
    },
    {
      "type": "Feature",
      "properties": {
        "id": "A-W",
        "name": "西岸城脊大道",
        "roadClass": "主步道",
        "width": 16,
        "description": "贯穿生活、教学和公共核心的西岸主街。",
        "hierarchy": "primary",
        "layer": "roads"
      },
      "geometry": {
        "type": "LineString",
        "coordinates": [
          [
            0,
            1000
          ],
          [
            260,
            1000
          ],
          [
            520,
            970
          ],
          [
            820,
            995
          ],
          [
            1120,
            1030
          ],
          [
            1390,
            1010
          ]
        ]
      }
    },
    {
      "type": "Feature",
      "properties": {
        "id": "BR-C",
        "name": "钟楼桥",
        "roadClass": "桥梁",
        "width": 16,
        "description": "连接两岸公共核心的城市主桥。",
        "hierarchy": "primary",
        "layer": "roads"
      },
      "geometry": {
        "type": "LineString",
        "coordinates": [
          [
            1390,
            1010
          ],
          [
            1810,
            1010
          ]
        ]
      }
    },
    {
      "type": "Feature",
      "properties": {
        "id": "A-E",
        "name": "东岸城脊大道",
        "roadClass": "主步道",
        "width": 16,
        "description": "贯穿市集、工坊和封存区的东岸主街。",
        "hierarchy": "primary",
        "layer": "roads"
      },
      "geometry": {
        "type": "LineString",
        "coordinates": [
          [
            1810,
            1010
          ],
          [
            2080,
            1030
          ],
          [
            2370,
            995
          ],
          [
            2680,
            970
          ],
          [
            2940,
            1000
          ],
          [
            3200,
            1000
          ]
        ]
      }
    },
    {
      "type": "Feature",
      "properties": {
        "id": "N-W",
        "name": "北门学府大道西段",
        "roadClass": "主步道",
        "width": 14,
        "description": "北门至学院公共核心的西段大道。",
        "hierarchy": "primary",
        "layer": "roads"
      },
      "geometry": {
        "type": "LineString",
        "coordinates": [
          [
            0,
            150
          ],
          [
            450,
            150
          ],
          [
            820,
            175
          ],
          [
            1160,
            210
          ],
          [
            1395,
            250
          ]
        ]
      }
    },
    {
      "type": "Feature",
      "properties": {
        "id": "BR-N",
        "name": "北门学府桥",
        "roadClass": "桥梁",
        "width": 14,
        "description": "跨越学院内河北段。",
        "hierarchy": "primary",
        "layer": "roads"
      },
      "geometry": {
        "type": "LineString",
        "coordinates": [
          [
            1395,
            250
          ],
          [
            1805,
            250
          ]
        ]
      }
    },
    {
      "type": "Feature",
      "properties": {
        "id": "N-E",
        "name": "北门学府大道东段",
        "roadClass": "主步道",
        "width": 14,
        "description": "学院公共核心至东北生产服务带。",
        "hierarchy": "primary",
        "layer": "roads"
      },
      "geometry": {
        "type": "LineString",
        "coordinates": [
          [
            1805,
            250
          ],
          [
            2080,
            210
          ],
          [
            2400,
            175
          ],
          [
            2760,
            150
          ],
          [
            3200,
            150
          ]
        ]
      }
    },
    {
      "type": "Feature",
      "properties": {
        "id": "S-W",
        "name": "南部课程大道西段",
        "roadClass": "维护道",
        "width": 14,
        "description": "连接体育、对抗课程与西岸生活街坊。",
        "hierarchy": "primary",
        "layer": "roads"
      },
      "geometry": {
        "type": "LineString",
        "coordinates": [
          [
            0,
            2240
          ],
          [
            430,
            2240
          ],
          [
            790,
            2200
          ],
          [
            1160,
            2160
          ],
          [
            1400,
            2200
          ]
        ]
      }
    },
    {
      "type": "Feature",
      "properties": {
        "id": "BR-S",
        "name": "南部公共桥",
        "roadClass": "桥梁",
        "width": 14,
        "description": "南部课程与城市服务共用桥。",
        "hierarchy": "primary",
        "layer": "roads"
      },
      "geometry": {
        "type": "LineString",
        "coordinates": [
          [
            1400,
            2200
          ],
          [
            1800,
            2200
          ]
        ]
      }
    },
    {
      "type": "Feature",
      "properties": {
        "id": "S-E",
        "name": "南部服务大道东段",
        "roadClass": "维护道",
        "width": 14,
        "description": "连接战术场、货运与东岸街坊。",
        "hierarchy": "primary",
        "layer": "roads"
      },
      "geometry": {
        "type": "LineString",
        "coordinates": [
          [
            1800,
            2200
          ],
          [
            2080,
            2160
          ],
          [
            2440,
            2200
          ],
          [
            2800,
            2240
          ],
          [
            3200,
            2240
          ]
        ]
      }
    },
    {
      "type": "Feature",
      "properties": {
        "id": "T-LN-1-1",
        "name": "教学区1街",
        "roadClass": "支路",
        "width": 8,
        "description": "沿地势与既有街坊生长的局部服务街。",
        "hierarchy": "secondary",
        "layer": "roads"
      },
      "geometry": {
        "type": "LineString",
        "coordinates": [
          [
            290,
            330
          ],
          [
            514.1,
            304
          ],
          [
            837.8,
            340.92
          ],
          [
            1120,
            330
          ]
        ]
      }
    },
    {
      "type": "Feature",
      "properties": {
        "id": "T-LN-1-2",
        "name": "教学区2街",
        "roadClass": "支路",
        "width": 8,
        "description": "沿地势与既有街坊生长的局部服务街。",
        "hierarchy": "secondary",
        "layer": "roads"
      },
      "geometry": {
        "type": "LineString",
        "coordinates": [
          [
            290,
            520
          ],
          [
            514.1,
            552
          ],
          [
            837.8,
            506.56
          ],
          [
            1120,
            520
          ]
        ]
      }
    },
    {
      "type": "Feature",
      "properties": {
        "id": "T-LN-1-3",
        "name": "教学区3街",
        "roadClass": "支路",
        "width": 8,
        "description": "沿地势与既有街坊生长的局部服务街。",
        "hierarchy": "secondary",
        "layer": "roads"
      },
      "geometry": {
        "type": "LineString",
        "coordinates": [
          [
            290,
            700
          ],
          [
            514.1,
            674
          ],
          [
            837.8,
            710.92
          ],
          [
            1120,
            700
          ]
        ]
      }
    },
    {
      "type": "Feature",
      "properties": {
        "id": "T-LN-1-4",
        "name": "教学区4街",
        "roadClass": "支路",
        "width": 8,
        "description": "沿地势与既有街坊生长的局部服务街。",
        "hierarchy": "secondary",
        "layer": "roads"
      },
      "geometry": {
        "type": "LineString",
        "coordinates": [
          [
            290,
            885
          ],
          [
            514.1,
            917
          ],
          [
            837.8,
            871.56
          ],
          [
            1120,
            885
          ]
        ]
      }
    },
    {
      "type": "Feature",
      "properties": {
        "id": "C-LN-1-1",
        "name": "中庭区1街",
        "roadClass": "支路",
        "width": 8,
        "description": "沿地势与既有街坊生长的局部服务街。",
        "hierarchy": "secondary",
        "layer": "roads"
      },
      "geometry": {
        "type": "LineString",
        "coordinates": [
          [
            1160,
            300
          ],
          [
            1380,
            300
          ]
        ]
      }
    },
    {
      "type": "Feature",
      "properties": {
        "id": "C-LN-1-2",
        "name": "中庭区2街",
        "roadClass": "支路",
        "width": 8,
        "description": "沿地势与既有街坊生长的局部服务街。",
        "hierarchy": "secondary",
        "layer": "roads"
      },
      "geometry": {
        "type": "LineString",
        "coordinates": [
          [
            1160,
            385
          ],
          [
            1380,
            385
          ]
        ]
      }
    },
    {
      "type": "Feature",
      "properties": {
        "id": "C-LN-1-3",
        "name": "中庭区3街",
        "roadClass": "支路",
        "width": 8,
        "description": "沿地势与既有街坊生长的局部服务街。",
        "hierarchy": "secondary",
        "layer": "roads"
      },
      "geometry": {
        "type": "LineString",
        "coordinates": [
          [
            1160,
            470
          ],
          [
            1380,
            470
          ]
        ]
      }
    },
    {
      "type": "Feature",
      "properties": {
        "id": "C-LN-1-4",
        "name": "中庭区4街",
        "roadClass": "支路",
        "width": 8,
        "description": "沿地势与既有街坊生长的局部服务街。",
        "hierarchy": "secondary",
        "layer": "roads"
      },
      "geometry": {
        "type": "LineString",
        "coordinates": [
          [
            1160,
            555
          ],
          [
            1380,
            555
          ]
        ]
      }
    },
    {
      "type": "Feature",
      "properties": {
        "id": "C-LN-1-5",
        "name": "中庭区5街",
        "roadClass": "支路",
        "width": 8,
        "description": "沿地势与既有街坊生长的局部服务街。",
        "hierarchy": "secondary",
        "layer": "roads"
      },
      "geometry": {
        "type": "LineString",
        "coordinates": [
          [
            1160,
            640
          ],
          [
            1380,
            640
          ]
        ]
      }
    },
    {
      "type": "Feature",
      "properties": {
        "id": "C-LN-1-6",
        "name": "中庭区6街",
        "roadClass": "支路",
        "width": 8,
        "description": "沿地势与既有街坊生长的局部服务街。",
        "hierarchy": "secondary",
        "layer": "roads"
      },
      "geometry": {
        "type": "LineString",
        "coordinates": [
          [
            1160,
            725
          ],
          [
            1380,
            725
          ]
        ]
      }
    },
    {
      "type": "Feature",
      "properties": {
        "id": "C-LN-1-7",
        "name": "中庭区7街",
        "roadClass": "支路",
        "width": 8,
        "description": "沿地势与既有街坊生长的局部服务街。",
        "hierarchy": "secondary",
        "layer": "roads"
      },
      "geometry": {
        "type": "LineString",
        "coordinates": [
          [
            1160,
            810
          ],
          [
            1380,
            810
          ]
        ]
      }
    },
    {
      "type": "Feature",
      "properties": {
        "id": "C-LN-1-8",
        "name": "中庭区8街",
        "roadClass": "支路",
        "width": 8,
        "description": "沿地势与既有街坊生长的局部服务街。",
        "hierarchy": "secondary",
        "layer": "roads"
      },
      "geometry": {
        "type": "LineString",
        "coordinates": [
          [
            1160,
            895
          ],
          [
            1380,
            895
          ]
        ]
      }
    },
    {
      "type": "Feature",
      "properties": {
        "id": "C-LN-2-1",
        "name": "中庭区1街东段",
        "roadClass": "支路",
        "width": 8,
        "description": "沿地势与既有街坊生长的局部服务街。",
        "hierarchy": "secondary",
        "layer": "roads"
      },
      "geometry": {
        "type": "LineString",
        "coordinates": [
          [
            1820,
            300
          ],
          [
            2080,
            300
          ]
        ]
      }
    },
    {
      "type": "Feature",
      "properties": {
        "id": "C-LN-2-2",
        "name": "中庭区2街东段",
        "roadClass": "支路",
        "width": 8,
        "description": "沿地势与既有街坊生长的局部服务街。",
        "hierarchy": "secondary",
        "layer": "roads"
      },
      "geometry": {
        "type": "LineString",
        "coordinates": [
          [
            1820,
            385
          ],
          [
            2080,
            385
          ]
        ]
      }
    },
    {
      "type": "Feature",
      "properties": {
        "id": "C-LN-2-3",
        "name": "中庭区3街东段",
        "roadClass": "支路",
        "width": 8,
        "description": "沿地势与既有街坊生长的局部服务街。",
        "hierarchy": "secondary",
        "layer": "roads"
      },
      "geometry": {
        "type": "LineString",
        "coordinates": [
          [
            1820,
            470
          ],
          [
            2080,
            470
          ]
        ]
      }
    },
    {
      "type": "Feature",
      "properties": {
        "id": "C-LN-2-4",
        "name": "中庭区4街东段",
        "roadClass": "支路",
        "width": 8,
        "description": "沿地势与既有街坊生长的局部服务街。",
        "hierarchy": "secondary",
        "layer": "roads"
      },
      "geometry": {
        "type": "LineString",
        "coordinates": [
          [
            1820,
            555
          ],
          [
            2080,
            555
          ]
        ]
      }
    },
    {
      "type": "Feature",
      "properties": {
        "id": "C-LN-2-5",
        "name": "中庭区5街东段",
        "roadClass": "支路",
        "width": 8,
        "description": "沿地势与既有街坊生长的局部服务街。",
        "hierarchy": "secondary",
        "layer": "roads"
      },
      "geometry": {
        "type": "LineString",
        "coordinates": [
          [
            1820,
            640
          ],
          [
            2080,
            640
          ]
        ]
      }
    },
    {
      "type": "Feature",
      "properties": {
        "id": "C-LN-2-6",
        "name": "中庭区6街东段",
        "roadClass": "支路",
        "width": 8,
        "description": "沿地势与既有街坊生长的局部服务街。",
        "hierarchy": "secondary",
        "layer": "roads"
      },
      "geometry": {
        "type": "LineString",
        "coordinates": [
          [
            1820,
            725
          ],
          [
            2080,
            725
          ]
        ]
      }
    },
    {
      "type": "Feature",
      "properties": {
        "id": "C-LN-2-7",
        "name": "中庭区7街东段",
        "roadClass": "支路",
        "width": 8,
        "description": "沿地势与既有街坊生长的局部服务街。",
        "hierarchy": "secondary",
        "layer": "roads"
      },
      "geometry": {
        "type": "LineString",
        "coordinates": [
          [
            1820,
            810
          ],
          [
            2080,
            810
          ]
        ]
      }
    },
    {
      "type": "Feature",
      "properties": {
        "id": "C-LN-2-8",
        "name": "中庭区8街东段",
        "roadClass": "支路",
        "width": 8,
        "description": "沿地势与既有街坊生长的局部服务街。",
        "hierarchy": "secondary",
        "layer": "roads"
      },
      "geometry": {
        "type": "LineString",
        "coordinates": [
          [
            1820,
            895
          ],
          [
            2080,
            895
          ]
        ]
      }
    },
    {
      "type": "Feature",
      "properties": {
        "id": "W-LN-1-1",
        "name": "工坊区1街",
        "roadClass": "支路",
        "width": 8,
        "description": "沿地势与既有街坊生长的局部服务街。",
        "hierarchy": "secondary",
        "layer": "roads"
      },
      "geometry": {
        "type": "LineString",
        "coordinates": [
          [
            2110,
            315
          ],
          [
            2326,
            289
          ],
          [
            2638,
            325.92
          ],
          [
            2910,
            315
          ]
        ]
      }
    },
    {
      "type": "Feature",
      "properties": {
        "id": "W-LN-1-2",
        "name": "工坊区2街",
        "roadClass": "支路",
        "width": 8,
        "description": "沿地势与既有街坊生长的局部服务街。",
        "hierarchy": "secondary",
        "layer": "roads"
      },
      "geometry": {
        "type": "LineString",
        "coordinates": [
          [
            2110,
            490
          ],
          [
            2326,
            522
          ],
          [
            2638,
            476.56
          ],
          [
            2910,
            490
          ]
        ]
      }
    },
    {
      "type": "Feature",
      "properties": {
        "id": "W-LN-1-3",
        "name": "工坊区3街",
        "roadClass": "支路",
        "width": 8,
        "description": "沿地势与既有街坊生长的局部服务街。",
        "hierarchy": "secondary",
        "layer": "roads"
      },
      "geometry": {
        "type": "LineString",
        "coordinates": [
          [
            2110,
            720
          ],
          [
            2326,
            694
          ],
          [
            2638,
            730.92
          ],
          [
            2910,
            720
          ]
        ]
      }
    },
    {
      "type": "Feature",
      "properties": {
        "id": "W-LN-1-4",
        "name": "工坊区4街",
        "roadClass": "支路",
        "width": 8,
        "description": "沿地势与既有街坊生长的局部服务街。",
        "hierarchy": "secondary",
        "layer": "roads"
      },
      "geometry": {
        "type": "LineString",
        "coordinates": [
          [
            2110,
            900
          ],
          [
            2326,
            932
          ],
          [
            2638,
            886.56
          ],
          [
            2910,
            900
          ]
        ]
      }
    },
    {
      "type": "Feature",
      "properties": {
        "id": "L-LN-1-1",
        "name": "生活区1街",
        "roadClass": "支路",
        "width": 8,
        "description": "沿地势与既有街坊生长的局部服务街。",
        "hierarchy": "secondary",
        "layer": "roads"
      },
      "geometry": {
        "type": "LineString",
        "coordinates": [
          [
            290,
            1160
          ],
          [
            514.1,
            1134
          ],
          [
            837.8,
            1170.92
          ],
          [
            1120,
            1160
          ]
        ]
      }
    },
    {
      "type": "Feature",
      "properties": {
        "id": "L-LN-1-2",
        "name": "生活区2街",
        "roadClass": "支路",
        "width": 8,
        "description": "沿地势与既有街坊生长的局部服务街。",
        "hierarchy": "secondary",
        "layer": "roads"
      },
      "geometry": {
        "type": "LineString",
        "coordinates": [
          [
            290,
            1390
          ],
          [
            514.1,
            1422
          ],
          [
            837.8,
            1376.56
          ],
          [
            1120,
            1390
          ]
        ]
      }
    },
    {
      "type": "Feature",
      "properties": {
        "id": "L-LN-1-3",
        "name": "生活区3街",
        "roadClass": "支路",
        "width": 8,
        "description": "沿地势与既有街坊生长的局部服务街。",
        "hierarchy": "secondary",
        "layer": "roads"
      },
      "geometry": {
        "type": "LineString",
        "coordinates": [
          [
            290,
            1580
          ],
          [
            514.1,
            1554
          ],
          [
            837.8,
            1590.92
          ],
          [
            1120,
            1580
          ]
        ]
      }
    },
    {
      "type": "Feature",
      "properties": {
        "id": "L-LN-1-4",
        "name": "生活区4街",
        "roadClass": "支路",
        "width": 8,
        "description": "沿地势与既有街坊生长的局部服务街。",
        "hierarchy": "secondary",
        "layer": "roads"
      },
      "geometry": {
        "type": "LineString",
        "coordinates": [
          [
            290,
            1810
          ],
          [
            514.1,
            1842
          ],
          [
            837.8,
            1796.56
          ],
          [
            1120,
            1810
          ]
        ]
      }
    },
    {
      "type": "Feature",
      "properties": {
        "id": "L-LN-1-5",
        "name": "生活区5街",
        "roadClass": "支路",
        "width": 8,
        "description": "沿地势与既有街坊生长的局部服务街。",
        "hierarchy": "secondary",
        "layer": "roads"
      },
      "geometry": {
        "type": "LineString",
        "coordinates": [
          [
            290,
            2000
          ],
          [
            514.1,
            1974
          ],
          [
            837.8,
            2010.92
          ],
          [
            1120,
            2000
          ]
        ]
      }
    },
    {
      "type": "Feature",
      "properties": {
        "id": "M-LN-1-1",
        "name": "市集区1街",
        "roadClass": "支路",
        "width": 8,
        "description": "沿地势与既有街坊生长的局部服务街。",
        "hierarchy": "secondary",
        "layer": "roads"
      },
      "geometry": {
        "type": "LineString",
        "coordinates": [
          [
            1160,
            1145
          ],
          [
            1380,
            1145
          ]
        ]
      }
    },
    {
      "type": "Feature",
      "properties": {
        "id": "M-LN-1-2",
        "name": "市集区2街",
        "roadClass": "支路",
        "width": 8,
        "description": "沿地势与既有街坊生长的局部服务街。",
        "hierarchy": "secondary",
        "layer": "roads"
      },
      "geometry": {
        "type": "LineString",
        "coordinates": [
          [
            1160,
            1240
          ],
          [
            1380,
            1240
          ]
        ]
      }
    },
    {
      "type": "Feature",
      "properties": {
        "id": "M-LN-1-3",
        "name": "市集区3街",
        "roadClass": "支路",
        "width": 8,
        "description": "沿地势与既有街坊生长的局部服务街。",
        "hierarchy": "secondary",
        "layer": "roads"
      },
      "geometry": {
        "type": "LineString",
        "coordinates": [
          [
            1160,
            1335
          ],
          [
            1380,
            1335
          ]
        ]
      }
    },
    {
      "type": "Feature",
      "properties": {
        "id": "M-LN-1-4",
        "name": "市集区4街",
        "roadClass": "支路",
        "width": 8,
        "description": "沿地势与既有街坊生长的局部服务街。",
        "hierarchy": "secondary",
        "layer": "roads"
      },
      "geometry": {
        "type": "LineString",
        "coordinates": [
          [
            1160,
            1430
          ],
          [
            1380,
            1430
          ]
        ]
      }
    },
    {
      "type": "Feature",
      "properties": {
        "id": "M-LN-1-5",
        "name": "市集区5街",
        "roadClass": "支路",
        "width": 8,
        "description": "沿地势与既有街坊生长的局部服务街。",
        "hierarchy": "secondary",
        "layer": "roads"
      },
      "geometry": {
        "type": "LineString",
        "coordinates": [
          [
            1160,
            1525
          ],
          [
            1380,
            1525
          ]
        ]
      }
    },
    {
      "type": "Feature",
      "properties": {
        "id": "M-LN-1-6",
        "name": "市集区6街",
        "roadClass": "支路",
        "width": 8,
        "description": "沿地势与既有街坊生长的局部服务街。",
        "hierarchy": "secondary",
        "layer": "roads"
      },
      "geometry": {
        "type": "LineString",
        "coordinates": [
          [
            1160,
            1620
          ],
          [
            1380,
            1620
          ]
        ]
      }
    },
    {
      "type": "Feature",
      "properties": {
        "id": "M-LN-1-7",
        "name": "市集区7街",
        "roadClass": "支路",
        "width": 8,
        "description": "沿地势与既有街坊生长的局部服务街。",
        "hierarchy": "secondary",
        "layer": "roads"
      },
      "geometry": {
        "type": "LineString",
        "coordinates": [
          [
            1160,
            1715
          ],
          [
            1380,
            1715
          ]
        ]
      }
    },
    {
      "type": "Feature",
      "properties": {
        "id": "M-LN-1-8",
        "name": "市集区8街",
        "roadClass": "支路",
        "width": 8,
        "description": "沿地势与既有街坊生长的局部服务街。",
        "hierarchy": "secondary",
        "layer": "roads"
      },
      "geometry": {
        "type": "LineString",
        "coordinates": [
          [
            1160,
            1810
          ],
          [
            1380,
            1810
          ]
        ]
      }
    },
    {
      "type": "Feature",
      "properties": {
        "id": "M-LN-1-9",
        "name": "市集区9街",
        "roadClass": "支路",
        "width": 8,
        "description": "沿地势与既有街坊生长的局部服务街。",
        "hierarchy": "secondary",
        "layer": "roads"
      },
      "geometry": {
        "type": "LineString",
        "coordinates": [
          [
            1160,
            1905
          ],
          [
            1380,
            1905
          ]
        ]
      }
    },
    {
      "type": "Feature",
      "properties": {
        "id": "M-LN-1-10",
        "name": "市集区10街",
        "roadClass": "支路",
        "width": 8,
        "description": "沿地势与既有街坊生长的局部服务街。",
        "hierarchy": "secondary",
        "layer": "roads"
      },
      "geometry": {
        "type": "LineString",
        "coordinates": [
          [
            1160,
            2000
          ],
          [
            1380,
            2000
          ]
        ]
      }
    },
    {
      "type": "Feature",
      "properties": {
        "id": "M-LN-2-1",
        "name": "市集区1街东段",
        "roadClass": "支路",
        "width": 8,
        "description": "沿地势与既有街坊生长的局部服务街。",
        "hierarchy": "secondary",
        "layer": "roads"
      },
      "geometry": {
        "type": "LineString",
        "coordinates": [
          [
            1820,
            1145
          ],
          [
            2080,
            1145
          ]
        ]
      }
    },
    {
      "type": "Feature",
      "properties": {
        "id": "M-LN-2-2",
        "name": "市集区2街东段",
        "roadClass": "支路",
        "width": 8,
        "description": "沿地势与既有街坊生长的局部服务街。",
        "hierarchy": "secondary",
        "layer": "roads"
      },
      "geometry": {
        "type": "LineString",
        "coordinates": [
          [
            1820,
            1240
          ],
          [
            2080,
            1240
          ]
        ]
      }
    },
    {
      "type": "Feature",
      "properties": {
        "id": "M-LN-2-3",
        "name": "市集区3街东段",
        "roadClass": "支路",
        "width": 8,
        "description": "沿地势与既有街坊生长的局部服务街。",
        "hierarchy": "secondary",
        "layer": "roads"
      },
      "geometry": {
        "type": "LineString",
        "coordinates": [
          [
            1820,
            1335
          ],
          [
            2080,
            1335
          ]
        ]
      }
    },
    {
      "type": "Feature",
      "properties": {
        "id": "M-LN-2-4",
        "name": "市集区4街东段",
        "roadClass": "支路",
        "width": 8,
        "description": "沿地势与既有街坊生长的局部服务街。",
        "hierarchy": "secondary",
        "layer": "roads"
      },
      "geometry": {
        "type": "LineString",
        "coordinates": [
          [
            1820,
            1430
          ],
          [
            2080,
            1430
          ]
        ]
      }
    },
    {
      "type": "Feature",
      "properties": {
        "id": "M-LN-2-5",
        "name": "市集区5街东段",
        "roadClass": "支路",
        "width": 8,
        "description": "沿地势与既有街坊生长的局部服务街。",
        "hierarchy": "secondary",
        "layer": "roads"
      },
      "geometry": {
        "type": "LineString",
        "coordinates": [
          [
            1820,
            1525
          ],
          [
            2080,
            1525
          ]
        ]
      }
    },
    {
      "type": "Feature",
      "properties": {
        "id": "M-LN-2-6",
        "name": "市集区6街东段",
        "roadClass": "支路",
        "width": 8,
        "description": "沿地势与既有街坊生长的局部服务街。",
        "hierarchy": "secondary",
        "layer": "roads"
      },
      "geometry": {
        "type": "LineString",
        "coordinates": [
          [
            1820,
            1620
          ],
          [
            2080,
            1620
          ]
        ]
      }
    },
    {
      "type": "Feature",
      "properties": {
        "id": "M-LN-2-7",
        "name": "市集区7街东段",
        "roadClass": "支路",
        "width": 8,
        "description": "沿地势与既有街坊生长的局部服务街。",
        "hierarchy": "secondary",
        "layer": "roads"
      },
      "geometry": {
        "type": "LineString",
        "coordinates": [
          [
            1820,
            1715
          ],
          [
            2080,
            1715
          ]
        ]
      }
    },
    {
      "type": "Feature",
      "properties": {
        "id": "M-LN-2-8",
        "name": "市集区8街东段",
        "roadClass": "支路",
        "width": 8,
        "description": "沿地势与既有街坊生长的局部服务街。",
        "hierarchy": "secondary",
        "layer": "roads"
      },
      "geometry": {
        "type": "LineString",
        "coordinates": [
          [
            1820,
            1810
          ],
          [
            2080,
            1810
          ]
        ]
      }
    },
    {
      "type": "Feature",
      "properties": {
        "id": "M-LN-2-9",
        "name": "市集区9街东段",
        "roadClass": "支路",
        "width": 8,
        "description": "沿地势与既有街坊生长的局部服务街。",
        "hierarchy": "secondary",
        "layer": "roads"
      },
      "geometry": {
        "type": "LineString",
        "coordinates": [
          [
            1820,
            1905
          ],
          [
            2080,
            1905
          ]
        ]
      }
    },
    {
      "type": "Feature",
      "properties": {
        "id": "M-LN-2-10",
        "name": "市集区10街东段",
        "roadClass": "支路",
        "width": 8,
        "description": "沿地势与既有街坊生长的局部服务街。",
        "hierarchy": "secondary",
        "layer": "roads"
      },
      "geometry": {
        "type": "LineString",
        "coordinates": [
          [
            1820,
            2000
          ],
          [
            2080,
            2000
          ]
        ]
      }
    },
    {
      "type": "Feature",
      "properties": {
        "id": "S-LN-1-1",
        "name": "封存区1街",
        "roadClass": "支路",
        "width": 8,
        "description": "沿地势与既有街坊生长的局部服务街。",
        "hierarchy": "secondary",
        "layer": "roads"
      },
      "geometry": {
        "type": "LineString",
        "coordinates": [
          [
            2110,
            1180
          ],
          [
            2326,
            1154
          ],
          [
            2638,
            1190.92
          ],
          [
            2910,
            1180
          ]
        ]
      }
    },
    {
      "type": "Feature",
      "properties": {
        "id": "S-LN-1-2",
        "name": "封存区2街",
        "roadClass": "支路",
        "width": 8,
        "description": "沿地势与既有街坊生长的局部服务街。",
        "hierarchy": "secondary",
        "layer": "roads"
      },
      "geometry": {
        "type": "LineString",
        "coordinates": [
          [
            2110,
            1350
          ],
          [
            2326,
            1382
          ],
          [
            2638,
            1336.56
          ],
          [
            2910,
            1350
          ]
        ]
      }
    },
    {
      "type": "Feature",
      "properties": {
        "id": "S-LN-1-3",
        "name": "封存区3街",
        "roadClass": "支路",
        "width": 8,
        "description": "沿地势与既有街坊生长的局部服务街。",
        "hierarchy": "secondary",
        "layer": "roads"
      },
      "geometry": {
        "type": "LineString",
        "coordinates": [
          [
            2110,
            1565
          ],
          [
            2326,
            1539
          ],
          [
            2638,
            1575.92
          ],
          [
            2910,
            1565
          ]
        ]
      }
    },
    {
      "type": "Feature",
      "properties": {
        "id": "S-LN-1-4",
        "name": "封存区4街",
        "roadClass": "支路",
        "width": 8,
        "description": "沿地势与既有街坊生长的局部服务街。",
        "hierarchy": "secondary",
        "layer": "roads"
      },
      "geometry": {
        "type": "LineString",
        "coordinates": [
          [
            2110,
            1750
          ],
          [
            2326,
            1782
          ],
          [
            2638,
            1736.56
          ],
          [
            2910,
            1750
          ]
        ]
      }
    },
    {
      "type": "Feature",
      "properties": {
        "id": "S-LN-1-5",
        "name": "封存区5街",
        "roadClass": "支路",
        "width": 8,
        "description": "沿地势与既有街坊生长的局部服务街。",
        "hierarchy": "secondary",
        "layer": "roads"
      },
      "geometry": {
        "type": "LineString",
        "coordinates": [
          [
            2110,
            1995
          ],
          [
            2326,
            1969
          ],
          [
            2638,
            2005.92
          ],
          [
            2910,
            1995
          ]
        ]
      }
    },
    {
      "type": "Feature",
      "properties": {
        "id": "T-COL-W",
        "name": "教学林荫路",
        "roadClass": "维护道",
        "width": 10,
        "description": "连接片区街巷与城市主干道。",
        "hierarchy": "collector",
        "layer": "roads"
      },
      "geometry": {
        "type": "LineString",
        "coordinates": [
          [
            290,
            150
          ],
          [
            290,
            330
          ],
          [
            290,
            520
          ],
          [
            290,
            700
          ],
          [
            290,
            885
          ],
          [
            260,
            1000
          ]
        ]
      }
    },
    {
      "type": "Feature",
      "properties": {
        "id": "T-COL-E",
        "name": "教学内环路",
        "roadClass": "维护道",
        "width": 10,
        "description": "连接片区街巷与城市主干道。",
        "hierarchy": "collector",
        "layer": "roads"
      },
      "geometry": {
        "type": "LineString",
        "coordinates": [
          [
            1160,
            210
          ],
          [
            1120,
            330
          ],
          [
            1120,
            520
          ],
          [
            1120,
            700
          ],
          [
            1120,
            885
          ],
          [
            1120,
            1030
          ]
        ]
      }
    },
    {
      "type": "Feature",
      "properties": {
        "id": "C-COL-W",
        "name": "钟楼西街",
        "roadClass": "维护道",
        "width": 10,
        "description": "连接片区街巷与城市主干道。",
        "hierarchy": "collector",
        "layer": "roads"
      },
      "geometry": {
        "type": "LineString",
        "coordinates": [
          [
            1160,
            210
          ],
          [
            1160,
            300
          ],
          [
            1160,
            385
          ],
          [
            1160,
            470
          ],
          [
            1160,
            555
          ],
          [
            1160,
            640
          ],
          [
            1160,
            725
          ],
          [
            1160,
            810
          ],
          [
            1160,
            895
          ],
          [
            1160,
            1018
          ]
        ]
      }
    },
    {
      "type": "Feature",
      "properties": {
        "id": "C-BANK-W",
        "name": "钟楼西岸路",
        "roadClass": "维护道",
        "width": 10,
        "description": "连接片区街巷与城市主干道。",
        "hierarchy": "collector",
        "layer": "roads"
      },
      "geometry": {
        "type": "LineString",
        "coordinates": [
          [
            1380,
            300
          ],
          [
            1380,
            385
          ],
          [
            1380,
            470
          ],
          [
            1380,
            555
          ],
          [
            1380,
            640
          ],
          [
            1380,
            725
          ],
          [
            1380,
            810
          ],
          [
            1380,
            895
          ],
          [
            1390,
            1010
          ]
        ]
      }
    },
    {
      "type": "Feature",
      "properties": {
        "id": "C-BANK-E",
        "name": "钟楼东岸路",
        "roadClass": "维护道",
        "width": 10,
        "description": "连接片区街巷与城市主干道。",
        "hierarchy": "collector",
        "layer": "roads"
      },
      "geometry": {
        "type": "LineString",
        "coordinates": [
          [
            1820,
            300
          ],
          [
            1820,
            385
          ],
          [
            1820,
            470
          ],
          [
            1820,
            555
          ],
          [
            1820,
            640
          ],
          [
            1820,
            725
          ],
          [
            1820,
            810
          ],
          [
            1820,
            895
          ],
          [
            1810,
            1010
          ]
        ]
      }
    },
    {
      "type": "Feature",
      "properties": {
        "id": "C-COL-E",
        "name": "钟楼东街",
        "roadClass": "维护道",
        "width": 10,
        "description": "连接片区街巷与城市主干道。",
        "hierarchy": "collector",
        "layer": "roads"
      },
      "geometry": {
        "type": "LineString",
        "coordinates": [
          [
            2080,
            210
          ],
          [
            2080,
            300
          ],
          [
            2080,
            385
          ],
          [
            2080,
            470
          ],
          [
            2080,
            555
          ],
          [
            2080,
            640
          ],
          [
            2080,
            725
          ],
          [
            2080,
            810
          ],
          [
            2080,
            895
          ],
          [
            2080,
            1018
          ]
        ]
      }
    },
    {
      "type": "Feature",
      "properties": {
        "id": "W-COL-W",
        "name": "工坊内环路",
        "roadClass": "维护道",
        "width": 10,
        "description": "连接片区街巷与城市主干道。",
        "hierarchy": "collector",
        "layer": "roads"
      },
      "geometry": {
        "type": "LineString",
        "coordinates": [
          [
            2080,
            210
          ],
          [
            2110,
            315
          ],
          [
            2110,
            490
          ],
          [
            2110,
            720
          ],
          [
            2110,
            900
          ],
          [
            2080,
            1030
          ]
        ]
      }
    },
    {
      "type": "Feature",
      "properties": {
        "id": "W-COL-E",
        "name": "工坊弧街",
        "roadClass": "维护道",
        "width": 10,
        "description": "连接片区街巷与城市主干道。",
        "hierarchy": "collector",
        "layer": "roads"
      },
      "geometry": {
        "type": "LineString",
        "coordinates": [
          [
            2910,
            150
          ],
          [
            2910,
            315
          ],
          [
            2910,
            490
          ],
          [
            2910,
            720
          ],
          [
            2910,
            900
          ],
          [
            2940,
            1000
          ]
        ]
      }
    },
    {
      "type": "Feature",
      "properties": {
        "id": "L-COL-W",
        "name": "生活树影路",
        "roadClass": "维护道",
        "width": 10,
        "description": "连接片区街巷与城市主干道。",
        "hierarchy": "collector",
        "layer": "roads"
      },
      "geometry": {
        "type": "LineString",
        "coordinates": [
          [
            260,
            1000
          ],
          [
            290,
            1160
          ],
          [
            290,
            1390
          ],
          [
            290,
            1580
          ],
          [
            290,
            1810
          ],
          [
            290,
            2000
          ],
          [
            260,
            2120
          ],
          [
            430,
            2240
          ]
        ]
      }
    },
    {
      "type": "Feature",
      "properties": {
        "id": "L-COL-E",
        "name": "生活内环路",
        "roadClass": "维护道",
        "width": 10,
        "description": "连接片区街巷与城市主干道。",
        "hierarchy": "collector",
        "layer": "roads"
      },
      "geometry": {
        "type": "LineString",
        "coordinates": [
          [
            1120,
            1030
          ],
          [
            1120,
            1160
          ],
          [
            1120,
            1390
          ],
          [
            1120,
            1580
          ],
          [
            1120,
            1810
          ],
          [
            1120,
            2000
          ],
          [
            1160,
            2160
          ]
        ]
      }
    },
    {
      "type": "Feature",
      "properties": {
        "id": "M-COL-W",
        "name": "市集西街",
        "roadClass": "维护道",
        "width": 10,
        "description": "连接片区街巷与城市主干道。",
        "hierarchy": "collector",
        "layer": "roads"
      },
      "geometry": {
        "type": "LineString",
        "coordinates": [
          [
            1160,
            1018
          ],
          [
            1160,
            1145
          ],
          [
            1160,
            1240
          ],
          [
            1160,
            1335
          ],
          [
            1160,
            1430
          ],
          [
            1160,
            1525
          ],
          [
            1160,
            1620
          ],
          [
            1160,
            1715
          ],
          [
            1160,
            1810
          ],
          [
            1160,
            1905
          ],
          [
            1160,
            2000
          ],
          [
            1160,
            2160
          ]
        ]
      }
    },
    {
      "type": "Feature",
      "properties": {
        "id": "M-BANK-W",
        "name": "市集西岸路",
        "roadClass": "维护道",
        "width": 10,
        "description": "连接片区街巷与城市主干道。",
        "hierarchy": "collector",
        "layer": "roads"
      },
      "geometry": {
        "type": "LineString",
        "coordinates": [
          [
            1380,
            1145
          ],
          [
            1380,
            1240
          ],
          [
            1380,
            1335
          ],
          [
            1380,
            1430
          ],
          [
            1380,
            1525
          ],
          [
            1380,
            1620
          ],
          [
            1380,
            1715
          ],
          [
            1380,
            1810
          ],
          [
            1380,
            1905
          ],
          [
            1380,
            2000
          ],
          [
            1400,
            2200
          ]
        ]
      }
    },
    {
      "type": "Feature",
      "properties": {
        "id": "M-BANK-E",
        "name": "市集东岸路",
        "roadClass": "维护道",
        "width": 10,
        "description": "连接片区街巷与城市主干道。",
        "hierarchy": "collector",
        "layer": "roads"
      },
      "geometry": {
        "type": "LineString",
        "coordinates": [
          [
            1820,
            1145
          ],
          [
            1820,
            1240
          ],
          [
            1820,
            1335
          ],
          [
            1820,
            1430
          ],
          [
            1820,
            1525
          ],
          [
            1820,
            1620
          ],
          [
            1820,
            1715
          ],
          [
            1820,
            1810
          ],
          [
            1820,
            1905
          ],
          [
            1820,
            2000
          ],
          [
            1800,
            2200
          ]
        ]
      }
    },
    {
      "type": "Feature",
      "properties": {
        "id": "M-COL-E",
        "name": "市集东街",
        "roadClass": "维护道",
        "width": 10,
        "description": "连接片区街巷与城市主干道。",
        "hierarchy": "collector",
        "layer": "roads"
      },
      "geometry": {
        "type": "LineString",
        "coordinates": [
          [
            2080,
            1018
          ],
          [
            2080,
            1145
          ],
          [
            2080,
            1240
          ],
          [
            2080,
            1335
          ],
          [
            2080,
            1430
          ],
          [
            2080,
            1525
          ],
          [
            2080,
            1620
          ],
          [
            2080,
            1715
          ],
          [
            2080,
            1810
          ],
          [
            2080,
            1905
          ],
          [
            2080,
            2000
          ],
          [
            2080,
            2160
          ]
        ]
      }
    },
    {
      "type": "Feature",
      "properties": {
        "id": "S-COL-W",
        "name": "封存内环路",
        "roadClass": "维护道",
        "width": 10,
        "description": "连接片区街巷与城市主干道。",
        "hierarchy": "collector",
        "layer": "roads"
      },
      "geometry": {
        "type": "LineString",
        "coordinates": [
          [
            2080,
            1030
          ],
          [
            2110,
            1180
          ],
          [
            2110,
            1350
          ],
          [
            2110,
            1565
          ],
          [
            2110,
            1750
          ],
          [
            2110,
            1995
          ],
          [
            2080,
            2160
          ]
        ]
      }
    },
    {
      "type": "Feature",
      "properties": {
        "id": "S-COL-E",
        "name": "封存警戒街",
        "roadClass": "维护道",
        "width": 10,
        "description": "连接片区街巷与城市主干道。",
        "hierarchy": "collector",
        "layer": "roads"
      },
      "geometry": {
        "type": "LineString",
        "coordinates": [
          [
            2940,
            1000
          ],
          [
            2910,
            1180
          ],
          [
            2910,
            1350
          ],
          [
            2910,
            1565
          ],
          [
            2910,
            1750
          ],
          [
            2910,
            1995
          ],
          [
            2940,
            2120
          ],
          [
            2800,
            2240
          ]
        ]
      }
    },
    {
      "type": "Feature",
      "properties": {
        "id": "BR-M1",
        "name": "市集北桥",
        "roadClass": "桥梁",
        "width": 10,
        "description": "连接两岸市集街坊。",
        "hierarchy": "collector",
        "layer": "roads"
      },
      "geometry": {
        "type": "LineString",
        "coordinates": [
          [
            1380,
            1370
          ],
          [
            1820,
            1370
          ]
        ]
      }
    },
    {
      "type": "Feature",
      "properties": {
        "id": "BR-M2",
        "name": "市集南桥",
        "roadClass": "桥梁",
        "width": 10,
        "description": "连接两岸公共服务街坊。",
        "hierarchy": "collector",
        "layer": "roads"
      },
      "geometry": {
        "type": "LineString",
        "coordinates": [
          [
            1380,
            1760
          ],
          [
            1820,
            1760
          ]
        ]
      }
    },
    {
      "type": "Feature",
      "properties": {
        "id": "OUT-N-W",
        "name": "北门服务街西段",
        "roadClass": "维护道",
        "width": 10,
        "description": "客运、旅客服务、防灾与护障检修。",
        "hierarchy": "collector",
        "layer": "roads"
      },
      "geometry": {
        "type": "LineString",
        "coordinates": [
          [
            0,
            90
          ],
          [
            1395,
            90
          ]
        ]
      }
    },
    {
      "type": "Feature",
      "properties": {
        "id": "OUT-N-B",
        "name": "北门服务桥",
        "roadClass": "桥梁",
        "width": 10,
        "description": "北部服务街跨河桥。",
        "hierarchy": "collector",
        "layer": "roads"
      },
      "geometry": {
        "type": "LineString",
        "coordinates": [
          [
            1395,
            90
          ],
          [
            1805,
            90
          ]
        ]
      }
    },
    {
      "type": "Feature",
      "properties": {
        "id": "OUT-N-E",
        "name": "北门服务街东段",
        "roadClass": "维护道",
        "width": 10,
        "description": "公共仓储、换乘与生产服务。",
        "hierarchy": "collector",
        "layer": "roads"
      },
      "geometry": {
        "type": "LineString",
        "coordinates": [
          [
            1805,
            90
          ],
          [
            3200,
            90
          ]
        ]
      }
    },
    {
      "type": "Feature",
      "properties": {
        "id": "OUT-W",
        "name": "西部社区服务街",
        "roadClass": "维护道",
        "width": 10,
        "description": "消防、社区、河岸维护与雨后灯庭。",
        "hierarchy": "collector",
        "layer": "roads"
      },
      "geometry": {
        "type": "LineString",
        "coordinates": [
          [
            120,
            0
          ],
          [
            120,
            2340
          ]
        ]
      }
    },
    {
      "type": "Feature",
      "properties": {
        "id": "OUT-E",
        "name": "东部生产服务街",
        "roadClass": "维护道",
        "width": 10,
        "description": "检疫、货运、公共工程与生态观察。",
        "hierarchy": "collector",
        "layer": "roads"
      },
      "geometry": {
        "type": "LineString",
        "coordinates": [
          [
            3080,
            0
          ],
          [
            3080,
            2340
          ]
        ]
      }
    },
    {
      "type": "Feature",
      "properties": {
        "id": "OUT-S-W",
        "name": "南部设施街西段",
        "roadClass": "维护道",
        "width": 12,
        "description": "体育、对抗课程与城市后勤。",
        "hierarchy": "collector",
        "layer": "roads"
      },
      "geometry": {
        "type": "LineString",
        "coordinates": [
          [
            0,
            2340
          ],
          [
            1400,
            2340
          ]
        ]
      }
    },
    {
      "type": "Feature",
      "properties": {
        "id": "OUT-S-B",
        "name": "南部设施桥",
        "roadClass": "桥梁",
        "width": 12,
        "description": "南部设施街跨河桥。",
        "hierarchy": "collector",
        "layer": "roads"
      },
      "geometry": {
        "type": "LineString",
        "coordinates": [
          [
            1400,
            2340
          ],
          [
            1800,
            2340
          ]
        ]
      }
    },
    {
      "type": "Feature",
      "properties": {
        "id": "OUT-S-E",
        "name": "南部设施街东段",
        "roadClass": "维护道",
        "width": 12,
        "description": "战术训练、检疫与公共工程。",
        "hierarchy": "collector",
        "layer": "roads"
      },
      "geometry": {
        "type": "LineString",
        "coordinates": [
          [
            1800,
            2340
          ],
          [
            3200,
            2340
          ]
        ]
      }
    },
    {
      "type": "Feature",
      "properties": {
        "id": "TR-01-WN",
        "name": "驮轨巨蚓通勤环线西北段",
        "roadClass": "生物列车轨道",
        "width": 10,
        "description": "沿西侧与北侧服务带运行。",
        "routeId": "TR-01",
        "layer": "roads"
      },
      "geometry": {
        "type": "LineString",
        "coordinates": [
          [
            40,
            2280
          ],
          [
            40,
            190
          ],
          [
            1395,
            190
          ]
        ]
      }
    },
    {
      "type": "Feature",
      "properties": {
        "id": "TR-B01",
        "name": "驮轨巨蚓北河桥",
        "roadClass": "生物列车桥梁",
        "width": 10,
        "description": "通勤环线跨越北段水系。",
        "routeId": "TR-01",
        "layer": "roads"
      },
      "geometry": {
        "type": "LineString",
        "coordinates": [
          [
            1395,
            190
          ],
          [
            1805,
            190
          ]
        ]
      }
    },
    {
      "type": "Feature",
      "properties": {
        "id": "TR-01-ES",
        "name": "驮轨巨蚓通勤环线东南段",
        "roadClass": "生物列车轨道",
        "width": 10,
        "description": "沿东侧进入南部设施区。",
        "routeId": "TR-01",
        "layer": "roads"
      },
      "geometry": {
        "type": "LineString",
        "coordinates": [
          [
            1805,
            190
          ],
          [
            3160,
            190
          ],
          [
            3160,
            2280
          ],
          [
            1800,
            2280
          ]
        ]
      }
    },
    {
      "type": "Feature",
      "properties": {
        "id": "TR-B02",
        "name": "驮轨巨蚓南河桥",
        "roadClass": "生物列车桥梁",
        "width": 10,
        "description": "通勤环线跨越南段水系。",
        "routeId": "TR-01",
        "layer": "roads"
      },
      "geometry": {
        "type": "LineString",
        "coordinates": [
          [
            1800,
            2280
          ],
          [
            1400,
            2280
          ]
        ]
      }
    },
    {
      "type": "Feature",
      "properties": {
        "id": "TR-01-SW",
        "name": "驮轨巨蚓通勤环线西南段",
        "roadClass": "生物列车轨道",
        "width": 10,
        "description": "返回西侧生活带。",
        "routeId": "TR-01",
        "layer": "roads"
      },
      "geometry": {
        "type": "LineString",
        "coordinates": [
          [
            1400,
            2280
          ],
          [
            40,
            2280
          ]
        ]
      }
    },
    {
      "type": "Feature",
      "properties": {
        "id": "T-001",
        "name": "学院总图书馆",
        "zone": "教学区",
        "kind": "building",
        "description": "教学区沿街功能建筑。",
        "footprint": 2318.6968820737675,
        "frontageRoad": "T-LN-1-1",
        "shapeType": "切角阅览馆",
        "scaleClass": "地标建筑",
        "layer": "buildings"
      },
      "geometry": {
        "type": "Polygon",
        "coordinates": [
          [
            [
              324.995,
              339.818
            ],
            [
              355.138,
              339.818
            ],
            [
              362.138,
              346.818
            ],
            [
              362.138,
              387.565
            ],
            [
              355.138,
              394.565
            ],
            [
              324.995,
              394.565
            ],
            [
              317.995,
              387.565
            ],
            [
              317.995,
              346.818
            ],
            [
              324.995,
              339.818
            ]
          ]
        ]
      }
    },
    {
      "type": "Feature",
      "properties": {
        "id": "T-002",
        "name": "共同讲学楼",
        "zone": "教学区",
        "kind": "building",
        "description": "教学区沿街功能建筑。",
        "footprint": 1989.4080000000001,
        "frontageRoad": "T-LN-1-1",
        "scaleClass": "沿街常规建筑",
        "layer": "buildings"
      },
      "geometry": {
        "type": "Polygon",
        "coordinates": [
          [
            [
              370.503,
              338.482
            ],
            [
              407.789,
              334.156
            ],
            [
              413.897,
              386.803
            ],
            [
              376.611,
              391.129
            ],
            [
              370.503,
              338.482
            ]
          ]
        ]
      }
    },
    {
      "type": "Feature",
      "properties": {
        "id": "T-003",
        "name": "基础实操堂",
        "zone": "教学区",
        "kind": "building",
        "description": "教学区沿街功能建筑。",
        "footprint": 2415.6337968821463,
        "frontageRoad": "T-LN-1-1",
        "shapeType": "双端切角实操厅",
        "scaleClass": "地标建筑",
        "layer": "buildings"
      },
      "geometry": {
        "type": "Polygon",
        "coordinates": [
          [
            [
              430.097,
              328.504
            ],
            [
              458.57,
              328.504
            ],
            [
              465.57,
              335.504
            ],
            [
              465.57,
              380.685
            ],
            [
              458.57,
              387.685
            ],
            [
              430.097,
              387.685
            ],
            [
              423.097,
              380.685
            ],
            [
              423.097,
              335.504
            ],
            [
              430.097,
              328.504
            ]
          ]
        ]
      }
    },
    {
      "type": "Feature",
      "properties": {
        "id": "T-004",
        "name": "元素测量馆",
        "zone": "教学区",
        "kind": "building",
        "description": "教学区沿街功能建筑。",
        "footprint": 2214.6240000000003,
        "frontageRoad": "T-LN-1-1",
        "scaleClass": "沿街常规建筑",
        "layer": "buildings"
      },
      "geometry": {
        "type": "Polygon",
        "coordinates": [
          [
            [
              475.776,
              325.361
            ],
            [
              513.229,
              322.862
            ],
            [
              517.157,
              381.731
            ],
            [
              479.705,
              384.23
            ],
            [
              475.776,
              325.361
            ]
          ]
        ]
      }
    },
    {
      "type": "Feature",
      "properties": {
        "id": "T-005",
        "name": "地图与记录教室",
        "zone": "教学区",
        "kind": "building",
        "description": "教学区沿街功能建筑。",
        "footprint": 1764.192,
        "frontageRoad": "T-LN-1-1",
        "scaleClass": "沿街常规建筑",
        "layer": "buildings"
      },
      "geometry": {
        "type": "Polygon",
        "coordinates": [
          [
            [
              531.391,
              324.771
            ],
            [
              568.848,
              327.197
            ],
            [
              565.809,
              374.099
            ],
            [
              528.352,
              371.672
            ],
            [
              531.391,
              324.771
            ]
          ]
        ]
      }
    },
    {
      "type": "Feature",
      "properties": {
        "id": "T-006",
        "name": "公共实验楼",
        "zone": "教学区",
        "kind": "building",
        "description": "教学区沿街功能建筑。",
        "footprint": 1876.8000000000002,
        "frontageRoad": "T-LN-1-1",
        "scaleClass": "沿街常规建筑",
        "layer": "buildings"
      },
      "geometry": {
        "type": "Polygon",
        "coordinates": [
          [
            [
              584.265,
              330.31
            ],
            [
              621.652,
              333.651
            ],
            [
              617.202,
              383.452
            ],
            [
              579.815,
              380.111
            ],
            [
              584.265,
              330.31
            ]
          ]
        ]
      }
    },
    {
      "type": "Feature",
      "properties": {
        "id": "T-007",
        "name": "公共实验楼",
        "zone": "教学区",
        "kind": "building",
        "description": "教学区沿街功能建筑。",
        "footprint": 2366.3136385058024,
        "frontageRoad": "T-LN-1-1",
        "shapeType": "折角实验楼",
        "scaleClass": "地标建筑",
        "layer": "buildings"
      },
      "geometry": {
        "type": "Polygon",
        "coordinates": [
          [
            [
              638.217,
              335.871
            ],
            [
              667.517,
              335.871
            ],
            [
              674.517,
              342.871
            ],
            [
              674.517,
              385.783
            ],
            [
              667.517,
              392.783
            ],
            [
              638.217,
              392.783
            ],
            [
              631.217,
              385.783
            ],
            [
              631.217,
              342.871
            ],
            [
              638.217,
              335.871
            ]
          ]
        ]
      }
    },
    {
      "type": "Feature",
      "properties": {
        "id": "T-008",
        "name": "课程调度楼",
        "zone": "教学区",
        "kind": "building",
        "description": "教学区沿街功能建筑。",
        "footprint": 2102.016,
        "frontageRoad": "T-LN-1-1",
        "scaleClass": "沿街常规建筑",
        "layer": "buildings"
      },
      "geometry": {
        "type": "Polygon",
        "coordinates": [
          [
            [
              690.262,
              341.458
            ],
            [
              727.441,
              346.621
            ],
            [
              719.738,
              402.089
            ],
            [
              682.559,
              396.925
            ],
            [
              690.262,
              341.458
            ]
          ]
        ]
      }
    },
    {
      "type": "Feature",
      "properties": {
        "id": "T-009",
        "name": "研读与抄录馆",
        "zone": "教学区",
        "kind": "building",
        "description": "教学区沿街功能建筑。",
        "footprint": 2214.6240000000003,
        "frontageRoad": "T-LN-1-1",
        "scaleClass": "沿街常规建筑",
        "layer": "buildings"
      },
      "geometry": {
        "type": "Polygon",
        "coordinates": [
          [
            [
              743.383,
              347.073
            ],
            [
              780.425,
              353.143
            ],
            [
              770.884,
              411.366
            ],
            [
              733.842,
              405.296
            ],
            [
              743.383,
              347.073
            ]
          ]
        ]
      }
    },
    {
      "type": "Feature",
      "properties": {
        "id": "T-010",
        "name": "访学接待楼",
        "zone": "教学区",
        "kind": "building",
        "description": "教学区沿街功能建筑。",
        "footprint": 1764.192,
        "frontageRoad": "T-LN-1-1",
        "scaleClass": "沿街常规建筑",
        "layer": "buildings"
      },
      "geometry": {
        "type": "Polygon",
        "coordinates": [
          [
            [
              792.057,
              354.501
            ],
            [
              829.515,
              356.928
            ],
            [
              826.476,
              403.83
            ],
            [
              789.019,
              401.403
            ],
            [
              792.057,
              354.501
            ]
          ]
        ]
      }
    },
    {
      "type": "Feature",
      "properties": {
        "id": "T-011",
        "name": "教师研究楼",
        "zone": "教学区",
        "kind": "building",
        "description": "教学区沿街功能建筑。",
        "footprint": 1876.8000000000002,
        "frontageRoad": "T-LN-1-1",
        "scaleClass": "沿街常规建筑",
        "layer": "buildings"
      },
      "geometry": {
        "type": "Polygon",
        "coordinates": [
          [
            [
              841.093,
              359.24
            ],
            [
              878.554,
              356.873
            ],
            [
              881.707,
              406.773
            ],
            [
              844.246,
              409.141
            ],
            [
              841.093,
              359.24
            ]
          ]
        ]
      }
    },
    {
      "type": "Feature",
      "properties": {
        "id": "T-012",
        "name": "教学器材馆",
        "zone": "教学区",
        "kind": "building",
        "description": "教学区沿街功能建筑。",
        "footprint": 1989.4080000000001,
        "frontageRoad": "T-LN-1-1",
        "scaleClass": "沿街常规建筑",
        "layer": "buildings"
      },
      "geometry": {
        "type": "Polygon",
        "coordinates": [
          [
            [
              893.755,
              356.735
            ],
            [
              931.263,
              355.284
            ],
            [
              933.312,
              408.244
            ],
            [
              895.804,
              409.695
            ],
            [
              893.755,
              356.735
            ]
          ]
        ]
      }
    },
    {
      "type": "Feature",
      "properties": {
        "id": "T-013",
        "name": "学院总图书馆 2号",
        "zone": "教学区",
        "kind": "building",
        "description": "教学区沿街功能建筑。",
        "footprint": 2102.016,
        "frontageRoad": "T-LN-1-1",
        "scaleClass": "沿街常规建筑",
        "layer": "buildings"
      },
      "geometry": {
        "type": "Polygon",
        "coordinates": [
          [
            [
              946.502,
              354.242
            ],
            [
              984.034,
              353.708
            ],
            [
              984.832,
              409.702
            ],
            [
              947.299,
              410.237
            ],
            [
              946.502,
              354.242
            ]
          ]
        ]
      }
    },
    {
      "type": "Feature",
      "properties": {
        "id": "T-014",
        "name": "共同讲学楼 2号",
        "zone": "教学区",
        "kind": "building",
        "description": "教学区沿街功能建筑。",
        "footprint": 2214.6240000000003,
        "frontageRoad": "T-LN-1-1",
        "scaleClass": "沿街常规建筑",
        "layer": "buildings"
      },
      "geometry": {
        "type": "Polygon",
        "coordinates": [
          [
            [
              999.334,
              351.765
            ],
            [
              1036.868,
              352.148
            ],
            [
              1036.266,
              411.144
            ],
            [
              998.732,
              410.762
            ],
            [
              999.334,
              351.765
            ]
          ]
        ]
      }
    },
    {
      "type": "Feature",
      "properties": {
        "id": "T-015",
        "name": "基础实操堂 2号",
        "zone": "教学区",
        "kind": "building",
        "description": "教学区沿街功能建筑。",
        "footprint": 1764.192,
        "frontageRoad": "T-LN-1-1",
        "scaleClass": "沿街常规建筑",
        "layer": "buildings"
      },
      "geometry": {
        "type": "Polygon",
        "coordinates": [
          [
            [
              1049.183,
              351.668
            ],
            [
              1086.575,
              348.386
            ],
            [
              1090.684,
              395.206
            ],
            [
              1053.292,
              398.488
            ],
            [
              1049.183,
              351.668
            ]
          ]
        ]
      }
    },
    {
      "type": "Feature",
      "properties": {
        "id": "T-016",
        "name": "元素测量馆 2号",
        "zone": "教学区",
        "kind": "building",
        "description": "教学区沿街功能建筑。",
        "footprint": 1876.8000000000002,
        "frontageRoad": "T-LN-1-2",
        "scaleClass": "沿街常规建筑",
        "layer": "buildings"
      },
      "geometry": {
        "type": "Polygon",
        "coordinates": [
          [
            [
              324.356,
              457.123
            ],
            [
              361.634,
              461.52
            ],
            [
              355.777,
              511.175
            ],
            [
              318.5,
              506.779
            ],
            [
              324.356,
              457.123
            ]
          ]
        ]
      }
    },
    {
      "type": "Feature",
      "properties": {
        "id": "T-017",
        "name": "地图与记录教室 2号",
        "zone": "教学区",
        "kind": "building",
        "description": "教学区沿街功能建筑。",
        "footprint": 1989.4080000000001,
        "frontageRoad": "T-LN-1-2",
        "scaleClass": "沿街常规建筑",
        "layer": "buildings"
      },
      "geometry": {
        "type": "Polygon",
        "coordinates": [
          [
            [
              377.366,
              461.207
            ],
            [
              414.526,
              466.513
            ],
            [
              407.034,
              518.98
            ],
            [
              369.874,
              513.674
            ],
            [
              377.366,
              461.207
            ]
          ]
        ]
      }
    },
    {
      "type": "Feature",
      "properties": {
        "id": "T-018",
        "name": "公共实验楼 2号",
        "zone": "教学区",
        "kind": "building",
        "description": "教学区沿街功能建筑。",
        "footprint": 2102.016,
        "frontageRoad": "T-LN-1-2",
        "scaleClass": "沿街常规建筑",
        "layer": "buildings"
      },
      "geometry": {
        "type": "Polygon",
        "coordinates": [
          [
            [
              430.458,
              465.318
            ],
            [
              467.477,
              471.53
            ],
            [
              458.208,
              526.758
            ],
            [
              421.19,
              520.545
            ],
            [
              430.458,
              465.318
            ]
          ]
        ]
      }
    },
    {
      "type": "Feature",
      "properties": {
        "id": "T-019",
        "name": "师生事务楼 2号",
        "zone": "教学区",
        "kind": "building",
        "description": "教学区沿街功能建筑。",
        "footprint": 2214.6240000000003,
        "frontageRoad": "T-LN-1-2",
        "scaleClass": "沿街常规建筑",
        "layer": "buildings"
      },
      "geometry": {
        "type": "Polygon",
        "coordinates": [
          [
            [
              483.631,
              469.459
            ],
            [
              520.486,
              476.574
            ],
            [
              509.303,
              534.505
            ],
            [
              472.447,
              527.39
            ],
            [
              483.631,
              469.459
            ]
          ]
        ]
      }
    },
    {
      "type": "Feature",
      "properties": {
        "id": "T-020",
        "name": "课程调度楼 2号",
        "zone": "教学区",
        "kind": "building",
        "description": "教学区沿街功能建筑。",
        "footprint": 1764.192,
        "frontageRoad": "T-LN-1-2",
        "scaleClass": "沿街常规建筑",
        "layer": "buildings"
      },
      "geometry": {
        "type": "Polygon",
        "coordinates": [
          [
            [
              525.764,
              486.086
            ],
            [
              562.636,
              479.059
            ],
            [
              571.436,
              525.228
            ],
            [
              534.564,
              532.255
            ],
            [
              525.764,
              486.086
            ]
          ]
        ]
      }
    },
    {
      "type": "Feature",
      "properties": {
        "id": "T-021",
        "name": "研读与抄录馆 2号",
        "zone": "教学区",
        "kind": "building",
        "description": "教学区沿街功能建筑。",
        "footprint": 1876.8000000000002,
        "frontageRoad": "T-LN-1-2",
        "scaleClass": "沿街常规建筑",
        "layer": "buildings"
      },
      "geometry": {
        "type": "Polygon",
        "coordinates": [
          [
            [
              578.138,
              475.236
            ],
            [
              615.171,
              469.111
            ],
            [
              623.329,
              518.441
            ],
            [
              586.296,
              524.566
            ],
            [
              578.138,
              475.236
            ]
          ]
        ]
      }
    },
    {
      "type": "Feature",
      "properties": {
        "id": "T-022",
        "name": "访学接待楼 2号",
        "zone": "教学区",
        "kind": "building",
        "description": "教学区沿街功能建筑。",
        "footprint": 1989.4080000000001,
        "frontageRoad": "T-LN-1-2",
        "scaleClass": "沿街常规建筑",
        "layer": "buildings"
      },
      "geometry": {
        "type": "Polygon",
        "coordinates": [
          [
            [
              630.597,
              464.387
            ],
            [
              667.769,
              459.169
            ],
            [
              675.136,
              511.654
            ],
            [
              637.965,
              516.872
            ],
            [
              630.597,
              464.387
            ]
          ]
        ]
      }
    },
    {
      "type": "Feature",
      "properties": {
        "id": "T-023",
        "name": "教师研究楼 2号",
        "zone": "教学区",
        "kind": "building",
        "description": "教学区沿街功能建筑。",
        "footprint": 2102.016,
        "frontageRoad": "T-LN-1-2",
        "scaleClass": "沿街常规建筑",
        "layer": "buildings"
      },
      "geometry": {
        "type": "Polygon",
        "coordinates": [
          [
            [
              683.142,
              453.541
            ],
            [
              720.43,
              449.233
            ],
            [
              726.858,
              504.863
            ],
            [
              689.57,
              509.171
            ],
            [
              683.142,
              453.541
            ]
          ]
        ]
      }
    },
    {
      "type": "Feature",
      "properties": {
        "id": "T-024",
        "name": "教学器材馆 2号",
        "zone": "教学区",
        "kind": "building",
        "description": "教学区沿街功能建筑。",
        "footprint": 2214.6240000000003,
        "frontageRoad": "T-LN-1-2",
        "scaleClass": "沿街常规建筑",
        "layer": "buildings"
      },
      "geometry": {
        "type": "Polygon",
        "coordinates": [
          [
            [
              735.773,
              442.703
            ],
            [
              773.155,
              439.307
            ],
            [
              778.493,
              498.065
            ],
            [
              741.111,
              501.461
            ],
            [
              735.773,
              442.703
            ]
          ]
        ]
      }
    },
    {
      "type": "Feature",
      "properties": {
        "id": "T-025",
        "name": "学院总图书馆 3号",
        "zone": "教学区",
        "kind": "building",
        "description": "教学区沿街功能建筑。",
        "footprint": 1764.192,
        "frontageRoad": "T-LN-1-2",
        "scaleClass": "沿街常规建筑",
        "layer": "buildings"
      },
      "geometry": {
        "type": "Polygon",
        "coordinates": [
          [
            [
              786.431,
              449.495
            ],
            [
              823.303,
              442.467
            ],
            [
              832.103,
              488.636
            ],
            [
              795.23,
              495.664
            ],
            [
              786.431,
              449.495
            ]
          ]
        ]
      }
    },
    {
      "type": "Feature",
      "properties": {
        "id": "T-026",
        "name": "共同讲学楼 3号",
        "zone": "教学区",
        "kind": "building",
        "description": "教学区沿街功能建筑。",
        "footprint": 1876.8000000000002,
        "frontageRoad": "T-LN-1-2",
        "scaleClass": "沿街常规建筑",
        "layer": "buildings"
      },
      "geometry": {
        "type": "Polygon",
        "coordinates": [
          [
            [
              843.216,
              439.256
            ],
            [
              880.742,
              440.125
            ],
            [
              879.584,
              490.112
            ],
            [
              842.058,
              489.243
            ],
            [
              843.216,
              439.256
            ]
          ]
        ]
      }
    },
    {
      "type": "Feature",
      "properties": {
        "id": "T-027",
        "name": "基础实操堂 3号",
        "zone": "教学区",
        "kind": "building",
        "description": "教学区沿街功能建筑。",
        "footprint": 1989.4080000000001,
        "frontageRoad": "T-LN-1-2",
        "scaleClass": "沿街常规建筑",
        "layer": "buildings"
      },
      "geometry": {
        "type": "Polygon",
        "coordinates": [
          [
            [
              896.047,
              438.304
            ],
            [
              933.541,
              440.09
            ],
            [
              931.019,
              493.03
            ],
            [
              893.526,
              491.244
            ],
            [
              896.047,
              438.304
            ]
          ]
        ]
      }
    },
    {
      "type": "Feature",
      "properties": {
        "id": "T-028",
        "name": "元素测量馆 3号",
        "zone": "教学区",
        "kind": "building",
        "description": "教学区沿街功能建筑。",
        "footprint": 2102.016,
        "frontageRoad": "T-LN-1-2",
        "scaleClass": "沿街常规建筑",
        "layer": "buildings"
      },
      "geometry": {
        "type": "Polygon",
        "coordinates": [
          [
            [
              948.962,
              437.372
            ],
            [
              986.401,
              440.073
            ],
            [
              982.371,
              495.928
            ],
            [
              944.932,
              493.227
            ],
            [
              948.962,
              437.372
            ]
          ]
        ]
      }
    },
    {
      "type": "Feature",
      "properties": {
        "id": "T-029",
        "name": "地图与记录教室 3号",
        "zone": "教学区",
        "kind": "building",
        "description": "教学区沿街功能建筑。",
        "footprint": 2214.6240000000003,
        "frontageRoad": "T-LN-1-2",
        "scaleClass": "沿街常规建筑",
        "layer": "buildings"
      },
      "geometry": {
        "type": "Polygon",
        "coordinates": [
          [
            [
              1001.96,
              436.462
            ],
            [
              1039.322,
              440.077
            ],
            [
              1033.64,
              498.803
            ],
            [
              996.278,
              495.188
            ],
            [
              1001.96,
              436.462
            ]
          ]
        ]
      }
    },
    {
      "type": "Feature",
      "properties": {
        "id": "T-030",
        "name": "公共实验楼 3号",
        "zone": "教学区",
        "kind": "building",
        "description": "教学区沿街功能建筑。",
        "footprint": 1764.192,
        "frontageRoad": "T-LN-1-2",
        "scaleClass": "沿街常规建筑",
        "layer": "buildings"
      },
      "geometry": {
        "type": "Polygon",
        "coordinates": [
          [
            [
              1051.135,
              452.64
            ],
            [
              1088.671,
              452.592
            ],
            [
              1088.731,
              499.592
            ],
            [
              1051.195,
              499.64
            ],
            [
              1051.135,
              452.64
            ]
          ]
        ]
      }
    },
    {
      "type": "Feature",
      "properties": {
        "id": "T-031",
        "name": "师生事务楼 3号",
        "zone": "教学区",
        "kind": "building",
        "description": "教学区沿街功能建筑。",
        "footprint": 1876.8000000000002,
        "frontageRoad": "T-LN-1-3",
        "scaleClass": "沿街常规建筑",
        "layer": "buildings"
      },
      "geometry": {
        "type": "Polygon",
        "coordinates": [
          [
            [
              317.995,
              715.053
            ],
            [
              355.164,
              709.818
            ],
            [
              362.138,
              759.329
            ],
            [
              324.969,
              764.565
            ],
            [
              317.995,
              715.053
            ]
          ]
        ]
      }
    },
    {
      "type": "Feature",
      "properties": {
        "id": "T-032",
        "name": "课程调度楼 3号",
        "zone": "教学区",
        "kind": "building",
        "description": "教学区沿街功能建筑。",
        "footprint": 1989.4080000000001,
        "frontageRoad": "T-LN-1-3",
        "scaleClass": "沿街常规建筑",
        "layer": "buildings"
      },
      "geometry": {
        "type": "Polygon",
        "coordinates": [
          [
            [
              370.503,
              708.482
            ],
            [
              407.789,
              704.156
            ],
            [
              413.897,
              756.803
            ],
            [
              376.611,
              761.129
            ],
            [
              370.503,
              708.482
            ]
          ]
        ]
      }
    },
    {
      "type": "Feature",
      "properties": {
        "id": "T-033",
        "name": "研读与抄录馆 3号",
        "zone": "教学区",
        "kind": "building",
        "description": "教学区沿街功能建筑。",
        "footprint": 2102.016,
        "frontageRoad": "T-LN-1-3",
        "scaleClass": "沿街常规建筑",
        "layer": "buildings"
      },
      "geometry": {
        "type": "Polygon",
        "coordinates": [
          [
            [
              423.097,
              701.917
            ],
            [
              460.477,
              698.504
            ],
            [
              465.57,
              754.271
            ],
            [
              428.19,
              757.685
            ],
            [
              423.097,
              701.917
            ]
          ]
        ]
      }
    },
    {
      "type": "Feature",
      "properties": {
        "id": "T-034",
        "name": "访学接待楼 3号",
        "zone": "教学区",
        "kind": "building",
        "description": "教学区沿街功能建筑。",
        "footprint": 2214.6240000000003,
        "frontageRoad": "T-LN-1-3",
        "scaleClass": "沿街常规建筑",
        "layer": "buildings"
      },
      "geometry": {
        "type": "Polygon",
        "coordinates": [
          [
            [
              475.776,
              695.361
            ],
            [
              513.229,
              692.862
            ],
            [
              517.157,
              751.731
            ],
            [
              479.705,
              754.23
            ],
            [
              475.776,
              695.361
            ]
          ]
        ]
      }
    },
    {
      "type": "Feature",
      "properties": {
        "id": "T-035",
        "name": "教师研究楼 3号",
        "zone": "教学区",
        "kind": "building",
        "description": "教学区沿街功能建筑。",
        "footprint": 1764.192,
        "frontageRoad": "T-LN-1-3",
        "scaleClass": "沿街常规建筑",
        "layer": "buildings"
      },
      "geometry": {
        "type": "Polygon",
        "coordinates": [
          [
            [
              531.391,
              694.771
            ],
            [
              568.848,
              697.197
            ],
            [
              565.809,
              744.099
            ],
            [
              528.352,
              741.672
            ],
            [
              531.391,
              694.771
            ]
          ]
        ]
      }
    },
    {
      "type": "Feature",
      "properties": {
        "id": "T-036",
        "name": "教学器材馆 3号",
        "zone": "教学区",
        "kind": "building",
        "description": "教学区沿街功能建筑。",
        "footprint": 1876.8000000000002,
        "frontageRoad": "T-LN-1-3",
        "scaleClass": "沿街常规建筑",
        "layer": "buildings"
      },
      "geometry": {
        "type": "Polygon",
        "coordinates": [
          [
            [
              584.265,
              700.31
            ],
            [
              621.652,
              703.651
            ],
            [
              617.202,
              753.452
            ],
            [
              579.815,
              750.111
            ],
            [
              584.265,
              700.31
            ]
          ]
        ]
      }
    },
    {
      "type": "Feature",
      "properties": {
        "id": "T-037",
        "name": "学院总图书馆 4号",
        "zone": "教学区",
        "kind": "building",
        "description": "教学区沿街功能建筑。",
        "footprint": 1989.4080000000001,
        "frontageRoad": "T-LN-1-3",
        "scaleClass": "沿街常规建筑",
        "layer": "buildings"
      },
      "geometry": {
        "type": "Polygon",
        "coordinates": [
          [
            [
              637.223,
              705.871
            ],
            [
              674.517,
              710.125
            ],
            [
              668.511,
              762.783
            ],
            [
              631.217,
              758.53
            ],
            [
              637.223,
              705.871
            ]
          ]
        ]
      }
    },
    {
      "type": "Feature",
      "properties": {
        "id": "T-038",
        "name": "共同讲学楼 4号",
        "zone": "教学区",
        "kind": "building",
        "description": "教学区沿街功能建筑。",
        "footprint": 2102.016,
        "frontageRoad": "T-LN-1-3",
        "scaleClass": "沿街常规建筑",
        "layer": "buildings"
      },
      "geometry": {
        "type": "Polygon",
        "coordinates": [
          [
            [
              690.262,
              711.458
            ],
            [
              727.441,
              716.621
            ],
            [
              719.738,
              772.089
            ],
            [
              682.559,
              766.925
            ],
            [
              690.262,
              711.458
            ]
          ]
        ]
      }
    },
    {
      "type": "Feature",
      "properties": {
        "id": "T-039",
        "name": "基础实操堂 4号",
        "zone": "教学区",
        "kind": "building",
        "description": "教学区沿街功能建筑。",
        "footprint": 2214.6240000000003,
        "frontageRoad": "T-LN-1-3",
        "scaleClass": "沿街常规建筑",
        "layer": "buildings"
      },
      "geometry": {
        "type": "Polygon",
        "coordinates": [
          [
            [
              743.383,
              717.073
            ],
            [
              780.425,
              723.143
            ],
            [
              770.884,
              781.366
            ],
            [
              733.842,
              775.296
            ],
            [
              743.383,
              717.073
            ]
          ]
        ]
      }
    },
    {
      "type": "Feature",
      "properties": {
        "id": "T-040",
        "name": "元素测量馆 4号",
        "zone": "教学区",
        "kind": "building",
        "description": "教学区沿街功能建筑。",
        "footprint": 1764.192,
        "frontageRoad": "T-LN-1-3",
        "scaleClass": "沿街常规建筑",
        "layer": "buildings"
      },
      "geometry": {
        "type": "Polygon",
        "coordinates": [
          [
            [
              792.057,
              724.501
            ],
            [
              829.515,
              726.928
            ],
            [
              826.476,
              773.83
            ],
            [
              789.019,
              771.403
            ],
            [
              792.057,
              724.501
            ]
          ]
        ]
      }
    },
    {
      "type": "Feature",
      "properties": {
        "id": "T-041",
        "name": "地图与记录教室 4号",
        "zone": "教学区",
        "kind": "building",
        "description": "教学区沿街功能建筑。",
        "footprint": 1876.8000000000002,
        "frontageRoad": "T-LN-1-3",
        "scaleClass": "沿街常规建筑",
        "layer": "buildings"
      },
      "geometry": {
        "type": "Polygon",
        "coordinates": [
          [
            [
              841.093,
              729.24
            ],
            [
              878.554,
              726.873
            ],
            [
              881.707,
              776.773
            ],
            [
              844.246,
              779.141
            ],
            [
              841.093,
              729.24
            ]
          ]
        ]
      }
    },
    {
      "type": "Feature",
      "properties": {
        "id": "T-042",
        "name": "公共实验楼 4号",
        "zone": "教学区",
        "kind": "building",
        "description": "教学区沿街功能建筑。",
        "footprint": 1989.4080000000001,
        "frontageRoad": "T-LN-1-3",
        "scaleClass": "沿街常规建筑",
        "layer": "buildings"
      },
      "geometry": {
        "type": "Polygon",
        "coordinates": [
          [
            [
              893.755,
              726.735
            ],
            [
              931.263,
              725.284
            ],
            [
              933.312,
              778.244
            ],
            [
              895.804,
              779.695
            ],
            [
              893.755,
              726.735
            ]
          ]
        ]
      }
    },
    {
      "type": "Feature",
      "properties": {
        "id": "T-043",
        "name": "师生事务楼 4号",
        "zone": "教学区",
        "kind": "building",
        "description": "教学区沿街功能建筑。",
        "footprint": 2102.016,
        "frontageRoad": "T-LN-1-3",
        "scaleClass": "沿街常规建筑",
        "layer": "buildings"
      },
      "geometry": {
        "type": "Polygon",
        "coordinates": [
          [
            [
              946.502,
              724.242
            ],
            [
              984.034,
              723.708
            ],
            [
              984.832,
              779.702
            ],
            [
              947.299,
              780.237
            ],
            [
              946.502,
              724.242
            ]
          ]
        ]
      }
    },
    {
      "type": "Feature",
      "properties": {
        "id": "T-044",
        "name": "课程调度楼 4号",
        "zone": "教学区",
        "kind": "building",
        "description": "教学区沿街功能建筑。",
        "footprint": 2214.6240000000003,
        "frontageRoad": "T-LN-1-3",
        "scaleClass": "沿街常规建筑",
        "layer": "buildings"
      },
      "geometry": {
        "type": "Polygon",
        "coordinates": [
          [
            [
              999.334,
              721.765
            ],
            [
              1036.868,
              722.148
            ],
            [
              1036.266,
              781.144
            ],
            [
              998.732,
              780.762
            ],
            [
              999.334,
              721.765
            ]
          ]
        ]
      }
    },
    {
      "type": "Feature",
      "properties": {
        "id": "T-045",
        "name": "研读与抄录馆 4号",
        "zone": "教学区",
        "kind": "building",
        "description": "教学区沿街功能建筑。",
        "footprint": 1764.192,
        "frontageRoad": "T-LN-1-3",
        "scaleClass": "沿街常规建筑",
        "layer": "buildings"
      },
      "geometry": {
        "type": "Polygon",
        "coordinates": [
          [
            [
              1049.183,
              721.668
            ],
            [
              1086.575,
              718.386
            ],
            [
              1090.684,
              765.206
            ],
            [
              1053.292,
              768.488
            ],
            [
              1049.183,
              721.668
            ]
          ]
        ]
      }
    },
    {
      "type": "Feature",
      "properties": {
        "id": "T-046",
        "name": "访学接待楼 4号",
        "zone": "教学区",
        "kind": "building",
        "description": "教学区沿街功能建筑。",
        "footprint": 1876.8000000000002,
        "frontageRoad": "T-LN-1-4",
        "scaleClass": "沿街常规建筑",
        "layer": "buildings"
      },
      "geometry": {
        "type": "Polygon",
        "coordinates": [
          [
            [
              324.356,
              822.123
            ],
            [
              361.634,
              826.52
            ],
            [
              355.777,
              876.175
            ],
            [
              318.5,
              871.779
            ],
            [
              324.356,
              822.123
            ]
          ]
        ]
      }
    },
    {
      "type": "Feature",
      "properties": {
        "id": "T-047",
        "name": "教师研究楼 4号",
        "zone": "教学区",
        "kind": "building",
        "description": "教学区沿街功能建筑。",
        "footprint": 1989.4080000000001,
        "frontageRoad": "T-LN-1-4",
        "scaleClass": "沿街常规建筑",
        "layer": "buildings"
      },
      "geometry": {
        "type": "Polygon",
        "coordinates": [
          [
            [
              377.366,
              826.207
            ],
            [
              414.526,
              831.513
            ],
            [
              407.034,
              883.98
            ],
            [
              369.874,
              878.674
            ],
            [
              377.366,
              826.207
            ]
          ]
        ]
      }
    },
    {
      "type": "Feature",
      "properties": {
        "id": "T-048",
        "name": "教学器材馆 4号",
        "zone": "教学区",
        "kind": "building",
        "description": "教学区沿街功能建筑。",
        "footprint": 2102.016,
        "frontageRoad": "T-LN-1-4",
        "scaleClass": "沿街常规建筑",
        "layer": "buildings"
      },
      "geometry": {
        "type": "Polygon",
        "coordinates": [
          [
            [
              430.458,
              830.318
            ],
            [
              467.477,
              836.53
            ],
            [
              458.208,
              891.758
            ],
            [
              421.19,
              885.545
            ],
            [
              430.458,
              830.318
            ]
          ]
        ]
      }
    },
    {
      "type": "Feature",
      "properties": {
        "id": "T-049",
        "name": "学院总图书馆 5号",
        "zone": "教学区",
        "kind": "building",
        "description": "教学区沿街功能建筑。",
        "footprint": 2214.6240000000003,
        "frontageRoad": "T-LN-1-4",
        "scaleClass": "沿街常规建筑",
        "layer": "buildings"
      },
      "geometry": {
        "type": "Polygon",
        "coordinates": [
          [
            [
              483.631,
              834.459
            ],
            [
              520.486,
              841.574
            ],
            [
              509.303,
              899.505
            ],
            [
              472.447,
              892.39
            ],
            [
              483.631,
              834.459
            ]
          ]
        ]
      }
    },
    {
      "type": "Feature",
      "properties": {
        "id": "T-050",
        "name": "共同讲学楼 5号",
        "zone": "教学区",
        "kind": "building",
        "description": "教学区沿街功能建筑。",
        "footprint": 1764.192,
        "frontageRoad": "T-LN-1-4",
        "scaleClass": "沿街常规建筑",
        "layer": "buildings"
      },
      "geometry": {
        "type": "Polygon",
        "coordinates": [
          [
            [
              525.764,
              851.086
            ],
            [
              562.636,
              844.059
            ],
            [
              571.436,
              890.228
            ],
            [
              534.564,
              897.255
            ],
            [
              525.764,
              851.086
            ]
          ]
        ]
      }
    },
    {
      "type": "Feature",
      "properties": {
        "id": "T-051",
        "name": "基础实操堂 5号",
        "zone": "教学区",
        "kind": "building",
        "description": "教学区沿街功能建筑。",
        "footprint": 1876.8000000000002,
        "frontageRoad": "T-LN-1-4",
        "scaleClass": "沿街常规建筑",
        "layer": "buildings"
      },
      "geometry": {
        "type": "Polygon",
        "coordinates": [
          [
            [
              578.138,
              840.236
            ],
            [
              615.171,
              834.111
            ],
            [
              623.329,
              883.441
            ],
            [
              586.296,
              889.566
            ],
            [
              578.138,
              840.236
            ]
          ]
        ]
      }
    },
    {
      "type": "Feature",
      "properties": {
        "id": "T-052",
        "name": "元素测量馆 5号",
        "zone": "教学区",
        "kind": "building",
        "description": "教学区沿街功能建筑。",
        "footprint": 1989.4080000000001,
        "frontageRoad": "T-LN-1-4",
        "scaleClass": "沿街常规建筑",
        "layer": "buildings"
      },
      "geometry": {
        "type": "Polygon",
        "coordinates": [
          [
            [
              630.597,
              829.387
            ],
            [
              667.769,
              824.169
            ],
            [
              675.136,
              876.654
            ],
            [
              637.965,
              881.872
            ],
            [
              630.597,
              829.387
            ]
          ]
        ]
      }
    },
    {
      "type": "Feature",
      "properties": {
        "id": "T-053",
        "name": "地图与记录教室 5号",
        "zone": "教学区",
        "kind": "building",
        "description": "教学区沿街功能建筑。",
        "footprint": 2102.016,
        "frontageRoad": "T-LN-1-4",
        "scaleClass": "沿街常规建筑",
        "layer": "buildings"
      },
      "geometry": {
        "type": "Polygon",
        "coordinates": [
          [
            [
              683.142,
              818.541
            ],
            [
              720.43,
              814.233
            ],
            [
              726.858,
              869.863
            ],
            [
              689.57,
              874.171
            ],
            [
              683.142,
              818.541
            ]
          ]
        ]
      }
    },
    {
      "type": "Feature",
      "properties": {
        "id": "T-054",
        "name": "公共实验楼 5号",
        "zone": "教学区",
        "kind": "building",
        "description": "教学区沿街功能建筑。",
        "footprint": 2214.6240000000003,
        "frontageRoad": "T-LN-1-4",
        "scaleClass": "沿街常规建筑",
        "layer": "buildings"
      },
      "geometry": {
        "type": "Polygon",
        "coordinates": [
          [
            [
              735.773,
              807.703
            ],
            [
              773.155,
              804.307
            ],
            [
              778.493,
              863.065
            ],
            [
              741.111,
              866.461
            ],
            [
              735.773,
              807.703
            ]
          ]
        ]
      }
    },
    {
      "type": "Feature",
      "properties": {
        "id": "T-055",
        "name": "师生事务楼 5号",
        "zone": "教学区",
        "kind": "building",
        "description": "教学区沿街功能建筑。",
        "footprint": 1764.192,
        "frontageRoad": "T-LN-1-4",
        "scaleClass": "沿街常规建筑",
        "layer": "buildings"
      },
      "geometry": {
        "type": "Polygon",
        "coordinates": [
          [
            [
              786.431,
              814.495
            ],
            [
              823.303,
              807.467
            ],
            [
              832.103,
              853.636
            ],
            [
              795.23,
              860.664
            ],
            [
              786.431,
              814.495
            ]
          ]
        ]
      }
    },
    {
      "type": "Feature",
      "properties": {
        "id": "T-056",
        "name": "课程调度楼 5号",
        "zone": "教学区",
        "kind": "building",
        "description": "教学区沿街功能建筑。",
        "footprint": 1876.8000000000002,
        "frontageRoad": "T-LN-1-4",
        "scaleClass": "沿街常规建筑",
        "layer": "buildings"
      },
      "geometry": {
        "type": "Polygon",
        "coordinates": [
          [
            [
              843.216,
              804.256
            ],
            [
              880.742,
              805.125
            ],
            [
              879.584,
              855.112
            ],
            [
              842.058,
              854.243
            ],
            [
              843.216,
              804.256
            ]
          ]
        ]
      }
    },
    {
      "type": "Feature",
      "properties": {
        "id": "T-057",
        "name": "研读与抄录馆 5号",
        "zone": "教学区",
        "kind": "building",
        "description": "教学区沿街功能建筑。",
        "footprint": 1989.4080000000001,
        "frontageRoad": "T-LN-1-4",
        "scaleClass": "沿街常规建筑",
        "layer": "buildings"
      },
      "geometry": {
        "type": "Polygon",
        "coordinates": [
          [
            [
              896.047,
              803.304
            ],
            [
              933.541,
              805.09
            ],
            [
              931.019,
              858.03
            ],
            [
              893.526,
              856.244
            ],
            [
              896.047,
              803.304
            ]
          ]
        ]
      }
    },
    {
      "type": "Feature",
      "properties": {
        "id": "T-058",
        "name": "访学接待楼 5号",
        "zone": "教学区",
        "kind": "building",
        "description": "教学区沿街功能建筑。",
        "footprint": 2102.016,
        "frontageRoad": "T-LN-1-4",
        "scaleClass": "沿街常规建筑",
        "layer": "buildings"
      },
      "geometry": {
        "type": "Polygon",
        "coordinates": [
          [
            [
              948.962,
              802.372
            ],
            [
              986.401,
              805.073
            ],
            [
              982.371,
              860.928
            ],
            [
              944.932,
              858.227
            ],
            [
              948.962,
              802.372
            ]
          ]
        ]
      }
    },
    {
      "type": "Feature",
      "properties": {
        "id": "T-059",
        "name": "教师研究楼 5号",
        "zone": "教学区",
        "kind": "building",
        "description": "教学区沿街功能建筑。",
        "footprint": 2214.6240000000003,
        "frontageRoad": "T-LN-1-4",
        "scaleClass": "沿街常规建筑",
        "layer": "buildings"
      },
      "geometry": {
        "type": "Polygon",
        "coordinates": [
          [
            [
              1001.96,
              801.462
            ],
            [
              1039.322,
              805.077
            ],
            [
              1033.64,
              863.803
            ],
            [
              996.278,
              860.188
            ],
            [
              1001.96,
              801.462
            ]
          ]
        ]
      }
    },
    {
      "type": "Feature",
      "properties": {
        "id": "T-060",
        "name": "教学器材馆 5号",
        "zone": "教学区",
        "kind": "building",
        "description": "教学区沿街功能建筑。",
        "footprint": 1764.192,
        "frontageRoad": "T-LN-1-4",
        "scaleClass": "沿街常规建筑",
        "layer": "buildings"
      },
      "geometry": {
        "type": "Polygon",
        "coordinates": [
          [
            [
              1051.135,
              817.64
            ],
            [
              1088.671,
              817.592
            ],
            [
              1088.731,
              864.592
            ],
            [
              1051.195,
              864.64
            ],
            [
              1051.135,
              817.64
            ]
          ]
        ]
      }
    },
    {
      "type": "Feature",
      "properties": {
        "id": "C-001",
        "name": "城邦公共钟楼",
        "zone": "中庭区",
        "kind": "building",
        "description": "中庭区沿街功能建筑。",
        "footprint": 1071.8717482215143,
        "frontageRoad": "C-LN-1-1",
        "shapeType": "八角钟楼",
        "scaleClass": "地标建筑",
        "layer": "buildings"
      },
      "geometry": {
        "type": "Polygon",
        "coordinates": [
          [
            [
              1193.457,
              317.704
            ],
            [
              1208.943,
              317.704
            ],
            [
              1214.106,
              322.866
            ],
            [
              1214.106,
              356.134
            ],
            [
              1208.943,
              361.296
            ],
            [
              1193.457,
              361.296
            ],
            [
              1188.294,
              356.134
            ],
            [
              1188.294,
              322.866
            ],
            [
              1193.457,
              317.704
            ]
          ]
        ]
      }
    },
    {
      "type": "Feature",
      "properties": {
        "id": "C-002",
        "name": "学生公共屋",
        "zone": "中庭区",
        "kind": "building",
        "description": "中庭区沿街功能建筑。",
        "footprint": 1139.328,
        "frontageRoad": "C-LN-1-1",
        "scaleClass": "沿街常规建筑",
        "layer": "buildings"
      },
      "geometry": {
        "type": "Polygon",
        "coordinates": [
          [
            [
              1223.216,
              318
            ],
            [
              1247.984,
              318
            ],
            [
              1247.984,
              364
            ],
            [
              1223.216,
              364
            ],
            [
              1223.216,
              318
            ]
          ]
        ]
      }
    },
    {
      "type": "Feature",
      "properties": {
        "id": "C-003",
        "name": "市民议事厅",
        "zone": "中庭区",
        "kind": "building",
        "description": "中庭区沿街功能建筑。",
        "footprint": 1213.6319999999998,
        "frontageRoad": "C-LN-1-1",
        "scaleClass": "沿街常规建筑",
        "layer": "buildings"
      },
      "geometry": {
        "type": "Polygon",
        "coordinates": [
          [
            [
              1258.218,
              317.705
            ],
            [
              1282.979,
              318.31
            ],
            [
              1281.782,
              367.295
            ],
            [
              1257.021,
              366.69
            ],
            [
              1258.218,
              317.705
            ]
          ]
        ]
      }
    },
    {
      "type": "Feature",
      "properties": {
        "id": "C-004",
        "name": "公共食堂",
        "zone": "中庭区",
        "kind": "building",
        "description": "中庭区沿街功能建筑。",
        "footprint": 1287.936,
        "frontageRoad": "C-LN-1-1",
        "scaleClass": "沿街常规建筑",
        "layer": "buildings"
      },
      "geometry": {
        "type": "Polygon",
        "coordinates": [
          [
            [
              1293.301,
              317.426
            ],
            [
              1318.039,
              318.636
            ],
            [
              1315.499,
              370.574
            ],
            [
              1290.761,
              369.364
            ],
            [
              1293.301,
              317.426
            ]
          ]
        ]
      }
    },
    {
      "type": "Feature",
      "properties": {
        "id": "C-005",
        "name": "社团活动楼",
        "zone": "中庭区",
        "kind": "building",
        "description": "中庭区沿街功能建筑。",
        "footprint": 990.7199999999999,
        "frontageRoad": "C-LN-1-1",
        "scaleClass": "沿街常规建筑",
        "layer": "buildings"
      },
      "geometry": {
        "type": "Polygon",
        "coordinates": [
          [
            [
              1325.454,
              318.629
            ],
            [
              1350.192,
              317.419
            ],
            [
              1352.146,
              357.371
            ],
            [
              1327.408,
              358.581
            ],
            [
              1325.454,
              318.629
            ]
          ]
        ]
      }
    },
    {
      "type": "Feature",
      "properties": {
        "id": "C-006",
        "name": "中立审理庭",
        "zone": "中庭区",
        "kind": "building",
        "description": "中庭区沿街功能建筑。",
        "footprint": 1065.024,
        "frontageRoad": "C-LN-1-2",
        "scaleClass": "沿街常规建筑",
        "layer": "buildings"
      },
      "geometry": {
        "type": "Polygon",
        "coordinates": [
          [
            [
              1188.294,
              403.309
            ],
            [
              1213.055,
              402.704
            ],
            [
              1214.106,
              445.691
            ],
            [
              1189.345,
              446.296
            ],
            [
              1188.294,
              403.309
            ]
          ]
        ]
      }
    },
    {
      "type": "Feature",
      "properties": {
        "id": "C-007",
        "name": "邮政通信局",
        "zone": "中庭区",
        "kind": "building",
        "description": "中庭区沿街功能建筑。",
        "footprint": 1139.328,
        "frontageRoad": "C-LN-1-2",
        "scaleClass": "沿街常规建筑",
        "layer": "buildings"
      },
      "geometry": {
        "type": "Polygon",
        "coordinates": [
          [
            [
              1223.216,
              403
            ],
            [
              1247.984,
              403
            ],
            [
              1247.984,
              449
            ],
            [
              1223.216,
              449
            ],
            [
              1223.216,
              403
            ]
          ]
        ]
      }
    },
    {
      "type": "Feature",
      "properties": {
        "id": "C-008",
        "name": "公共浴场",
        "zone": "中庭区",
        "kind": "building",
        "description": "中庭区沿街功能建筑。",
        "footprint": 1213.6319999999998,
        "frontageRoad": "C-LN-1-2",
        "scaleClass": "沿街常规建筑",
        "layer": "buildings"
      },
      "geometry": {
        "type": "Polygon",
        "coordinates": [
          [
            [
              1258.218,
              402.705
            ],
            [
              1282.979,
              403.31
            ],
            [
              1281.782,
              452.295
            ],
            [
              1257.021,
              451.69
            ],
            [
              1258.218,
              402.705
            ]
          ]
        ]
      }
    },
    {
      "type": "Feature",
      "properties": {
        "id": "C-009",
        "name": "城市档案副馆",
        "zone": "中庭区",
        "kind": "building",
        "description": "中庭区沿街功能建筑。",
        "footprint": 1287.936,
        "frontageRoad": "C-LN-1-2",
        "scaleClass": "沿街常规建筑",
        "layer": "buildings"
      },
      "geometry": {
        "type": "Polygon",
        "coordinates": [
          [
            [
              1293.301,
              402.426
            ],
            [
              1318.039,
              403.636
            ],
            [
              1315.499,
              455.574
            ],
            [
              1290.761,
              454.364
            ],
            [
              1293.301,
              402.426
            ]
          ]
        ]
      }
    },
    {
      "type": "Feature",
      "properties": {
        "id": "C-010",
        "name": "访客服务厅",
        "zone": "中庭区",
        "kind": "building",
        "description": "中庭区沿街功能建筑。",
        "footprint": 990.7199999999999,
        "frontageRoad": "C-LN-1-2",
        "scaleClass": "沿街常规建筑",
        "layer": "buildings"
      },
      "geometry": {
        "type": "Polygon",
        "coordinates": [
          [
            [
              1325.454,
              403.629
            ],
            [
              1350.192,
              402.419
            ],
            [
              1352.146,
              442.371
            ],
            [
              1327.408,
              443.581
            ],
            [
              1325.454,
              403.629
            ]
          ]
        ]
      }
    },
    {
      "type": "Feature",
      "properties": {
        "id": "C-011",
        "name": "公共医疗站",
        "zone": "中庭区",
        "kind": "building",
        "description": "中庭区沿街功能建筑。",
        "footprint": 1065.024,
        "frontageRoad": "C-LN-1-3",
        "scaleClass": "沿街常规建筑",
        "layer": "buildings"
      },
      "geometry": {
        "type": "Polygon",
        "coordinates": [
          [
            [
              1188.294,
              488.309
            ],
            [
              1213.055,
              487.704
            ],
            [
              1214.106,
              530.691
            ],
            [
              1189.345,
              531.296
            ],
            [
              1188.294,
              488.309
            ]
          ]
        ]
      }
    },
    {
      "type": "Feature",
      "properties": {
        "id": "C-012",
        "name": "文化演出厅",
        "zone": "中庭区",
        "kind": "building",
        "description": "中庭区沿街功能建筑。",
        "footprint": 1090.251694079896,
        "frontageRoad": "C-LN-1-3",
        "shapeType": "切角公共剧场",
        "scaleClass": "地标建筑",
        "layer": "buildings"
      },
      "geometry": {
        "type": "Polygon",
        "coordinates": [
          [
            [
              1228.17,
              488
            ],
            [
              1243.03,
              488
            ],
            [
              1247.984,
              492.954
            ],
            [
              1247.984,
              529.046
            ],
            [
              1243.03,
              534
            ],
            [
              1228.17,
              534
            ],
            [
              1223.216,
              529.046
            ],
            [
              1223.216,
              492.954
            ],
            [
              1228.17,
              488
            ]
          ]
        ]
      }
    },
    {
      "type": "Feature",
      "properties": {
        "id": "C-013",
        "name": "学院行政厅 2号",
        "zone": "中庭区",
        "kind": "building",
        "description": "中庭区沿街功能建筑。",
        "footprint": 1213.6319999999998,
        "frontageRoad": "C-LN-1-3",
        "scaleClass": "沿街常规建筑",
        "layer": "buildings"
      },
      "geometry": {
        "type": "Polygon",
        "coordinates": [
          [
            [
              1258.218,
              487.705
            ],
            [
              1282.979,
              488.31
            ],
            [
              1281.782,
              537.295
            ],
            [
              1257.021,
              536.69
            ],
            [
              1258.218,
              487.705
            ]
          ]
        ]
      }
    },
    {
      "type": "Feature",
      "properties": {
        "id": "C-014",
        "name": "学生公共屋 2号",
        "zone": "中庭区",
        "kind": "building",
        "description": "中庭区沿街功能建筑。",
        "footprint": 1287.936,
        "frontageRoad": "C-LN-1-3",
        "scaleClass": "沿街常规建筑",
        "layer": "buildings"
      },
      "geometry": {
        "type": "Polygon",
        "coordinates": [
          [
            [
              1293.301,
              487.426
            ],
            [
              1318.039,
              488.636
            ],
            [
              1315.499,
              540.574
            ],
            [
              1290.761,
              539.364
            ],
            [
              1293.301,
              487.426
            ]
          ]
        ]
      }
    },
    {
      "type": "Feature",
      "properties": {
        "id": "C-015",
        "name": "市民议事厅 2号",
        "zone": "中庭区",
        "kind": "building",
        "description": "中庭区沿街功能建筑。",
        "footprint": 990.7199999999999,
        "frontageRoad": "C-LN-1-3",
        "scaleClass": "沿街常规建筑",
        "layer": "buildings"
      },
      "geometry": {
        "type": "Polygon",
        "coordinates": [
          [
            [
              1325.454,
              488.629
            ],
            [
              1350.192,
              487.419
            ],
            [
              1352.146,
              527.371
            ],
            [
              1327.408,
              528.581
            ],
            [
              1325.454,
              488.629
            ]
          ]
        ]
      }
    },
    {
      "type": "Feature",
      "properties": {
        "id": "C-016",
        "name": "公共食堂 2号",
        "zone": "中庭区",
        "kind": "building",
        "description": "中庭区沿街功能建筑。",
        "footprint": 1065.024,
        "frontageRoad": "C-LN-1-4",
        "scaleClass": "沿街常规建筑",
        "layer": "buildings"
      },
      "geometry": {
        "type": "Polygon",
        "coordinates": [
          [
            [
              1188.294,
              573.309
            ],
            [
              1213.055,
              572.704
            ],
            [
              1214.106,
              615.691
            ],
            [
              1189.345,
              616.296
            ],
            [
              1188.294,
              573.309
            ]
          ]
        ]
      }
    },
    {
      "type": "Feature",
      "properties": {
        "id": "C-017",
        "name": "社团活动楼 2号",
        "zone": "中庭区",
        "kind": "building",
        "description": "中庭区沿街功能建筑。",
        "footprint": 1139.328,
        "frontageRoad": "C-LN-1-4",
        "scaleClass": "沿街常规建筑",
        "layer": "buildings"
      },
      "geometry": {
        "type": "Polygon",
        "coordinates": [
          [
            [
              1223.216,
              573
            ],
            [
              1247.984,
              573
            ],
            [
              1247.984,
              619
            ],
            [
              1223.216,
              619
            ],
            [
              1223.216,
              573
            ]
          ]
        ]
      }
    },
    {
      "type": "Feature",
      "properties": {
        "id": "C-018",
        "name": "中立审理庭 2号",
        "zone": "中庭区",
        "kind": "building",
        "description": "中庭区沿街功能建筑。",
        "footprint": 1213.6319999999998,
        "frontageRoad": "C-LN-1-4",
        "scaleClass": "沿街常规建筑",
        "layer": "buildings"
      },
      "geometry": {
        "type": "Polygon",
        "coordinates": [
          [
            [
              1258.218,
              572.705
            ],
            [
              1282.979,
              573.31
            ],
            [
              1281.782,
              622.295
            ],
            [
              1257.021,
              621.69
            ],
            [
              1258.218,
              572.705
            ]
          ]
        ]
      }
    },
    {
      "type": "Feature",
      "properties": {
        "id": "C-019",
        "name": "邮政通信局 2号",
        "zone": "中庭区",
        "kind": "building",
        "description": "中庭区沿街功能建筑。",
        "footprint": 1287.936,
        "frontageRoad": "C-LN-1-4",
        "scaleClass": "沿街常规建筑",
        "layer": "buildings"
      },
      "geometry": {
        "type": "Polygon",
        "coordinates": [
          [
            [
              1293.301,
              572.426
            ],
            [
              1318.039,
              573.636
            ],
            [
              1315.499,
              625.574
            ],
            [
              1290.761,
              624.364
            ],
            [
              1293.301,
              572.426
            ]
          ]
        ]
      }
    },
    {
      "type": "Feature",
      "properties": {
        "id": "C-020",
        "name": "公共浴场 2号",
        "zone": "中庭区",
        "kind": "building",
        "description": "中庭区沿街功能建筑。",
        "footprint": 990.7199999999999,
        "frontageRoad": "C-LN-1-4",
        "scaleClass": "沿街常规建筑",
        "layer": "buildings"
      },
      "geometry": {
        "type": "Polygon",
        "coordinates": [
          [
            [
              1325.454,
              573.629
            ],
            [
              1350.192,
              572.419
            ],
            [
              1352.146,
              612.371
            ],
            [
              1327.408,
              613.581
            ],
            [
              1325.454,
              573.629
            ]
          ]
        ]
      }
    },
    {
      "type": "Feature",
      "properties": {
        "id": "C-021",
        "name": "城市档案副馆 2号",
        "zone": "中庭区",
        "kind": "building",
        "description": "中庭区沿街功能建筑。",
        "footprint": 1065.024,
        "frontageRoad": "C-LN-1-5",
        "scaleClass": "沿街常规建筑",
        "layer": "buildings"
      },
      "geometry": {
        "type": "Polygon",
        "coordinates": [
          [
            [
              1188.294,
              658.309
            ],
            [
              1213.055,
              657.704
            ],
            [
              1214.106,
              700.691
            ],
            [
              1189.345,
              701.296
            ],
            [
              1188.294,
              658.309
            ]
          ]
        ]
      }
    },
    {
      "type": "Feature",
      "properties": {
        "id": "C-022",
        "name": "访客服务厅 2号",
        "zone": "中庭区",
        "kind": "building",
        "description": "中庭区沿街功能建筑。",
        "footprint": 1139.328,
        "frontageRoad": "C-LN-1-5",
        "scaleClass": "沿街常规建筑",
        "layer": "buildings"
      },
      "geometry": {
        "type": "Polygon",
        "coordinates": [
          [
            [
              1223.216,
              658
            ],
            [
              1247.984,
              658
            ],
            [
              1247.984,
              704
            ],
            [
              1223.216,
              704
            ],
            [
              1223.216,
              658
            ]
          ]
        ]
      }
    },
    {
      "type": "Feature",
      "properties": {
        "id": "C-023",
        "name": "公共医疗站 2号",
        "zone": "中庭区",
        "kind": "building",
        "description": "中庭区沿街功能建筑。",
        "footprint": 1213.6319999999998,
        "frontageRoad": "C-LN-1-5",
        "scaleClass": "沿街常规建筑",
        "layer": "buildings"
      },
      "geometry": {
        "type": "Polygon",
        "coordinates": [
          [
            [
              1258.218,
              657.705
            ],
            [
              1282.979,
              658.31
            ],
            [
              1281.782,
              707.295
            ],
            [
              1257.021,
              706.69
            ],
            [
              1258.218,
              657.705
            ]
          ]
        ]
      }
    },
    {
      "type": "Feature",
      "properties": {
        "id": "C-024",
        "name": "文化演出厅 2号",
        "zone": "中庭区",
        "kind": "building",
        "description": "中庭区沿街功能建筑。",
        "footprint": 1287.936,
        "frontageRoad": "C-LN-1-5",
        "scaleClass": "沿街常规建筑",
        "layer": "buildings"
      },
      "geometry": {
        "type": "Polygon",
        "coordinates": [
          [
            [
              1293.301,
              657.426
            ],
            [
              1318.039,
              658.636
            ],
            [
              1315.499,
              710.574
            ],
            [
              1290.761,
              709.364
            ],
            [
              1293.301,
              657.426
            ]
          ]
        ]
      }
    },
    {
      "type": "Feature",
      "properties": {
        "id": "C-025",
        "name": "学院行政厅 3号",
        "zone": "中庭区",
        "kind": "building",
        "description": "中庭区沿街功能建筑。",
        "footprint": 990.7199999999999,
        "frontageRoad": "C-LN-1-5",
        "scaleClass": "沿街常规建筑",
        "layer": "buildings"
      },
      "geometry": {
        "type": "Polygon",
        "coordinates": [
          [
            [
              1325.454,
              658.629
            ],
            [
              1350.192,
              657.419
            ],
            [
              1352.146,
              697.371
            ],
            [
              1327.408,
              698.581
            ],
            [
              1325.454,
              658.629
            ]
          ]
        ]
      }
    },
    {
      "type": "Feature",
      "properties": {
        "id": "C-026",
        "name": "学生公共屋 3号",
        "zone": "中庭区",
        "kind": "building",
        "description": "中庭区沿街功能建筑。",
        "footprint": 1065.024,
        "frontageRoad": "C-LN-1-6",
        "scaleClass": "沿街常规建筑",
        "layer": "buildings"
      },
      "geometry": {
        "type": "Polygon",
        "coordinates": [
          [
            [
              1188.294,
              743.309
            ],
            [
              1213.055,
              742.704
            ],
            [
              1214.106,
              785.691
            ],
            [
              1189.345,
              786.296
            ],
            [
              1188.294,
              743.309
            ]
          ]
        ]
      }
    },
    {
      "type": "Feature",
      "properties": {
        "id": "C-027",
        "name": "市民议事厅 3号",
        "zone": "中庭区",
        "kind": "building",
        "description": "中庭区沿街功能建筑。",
        "footprint": 1139.328,
        "frontageRoad": "C-LN-1-6",
        "scaleClass": "沿街常规建筑",
        "layer": "buildings"
      },
      "geometry": {
        "type": "Polygon",
        "coordinates": [
          [
            [
              1223.216,
              743
            ],
            [
              1247.984,
              743
            ],
            [
              1247.984,
              789
            ],
            [
              1223.216,
              789
            ],
            [
              1223.216,
              743
            ]
          ]
        ]
      }
    },
    {
      "type": "Feature",
      "properties": {
        "id": "C-028",
        "name": "公共食堂 3号",
        "zone": "中庭区",
        "kind": "building",
        "description": "中庭区沿街功能建筑。",
        "footprint": 1213.6319999999998,
        "frontageRoad": "C-LN-1-6",
        "scaleClass": "沿街常规建筑",
        "layer": "buildings"
      },
      "geometry": {
        "type": "Polygon",
        "coordinates": [
          [
            [
              1258.218,
              742.705
            ],
            [
              1282.979,
              743.31
            ],
            [
              1281.782,
              792.295
            ],
            [
              1257.021,
              791.69
            ],
            [
              1258.218,
              742.705
            ]
          ]
        ]
      }
    },
    {
      "type": "Feature",
      "properties": {
        "id": "C-029",
        "name": "社团活动楼 3号",
        "zone": "中庭区",
        "kind": "building",
        "description": "中庭区沿街功能建筑。",
        "footprint": 1287.936,
        "frontageRoad": "C-LN-1-6",
        "scaleClass": "沿街常规建筑",
        "layer": "buildings"
      },
      "geometry": {
        "type": "Polygon",
        "coordinates": [
          [
            [
              1293.301,
              742.426
            ],
            [
              1318.039,
              743.636
            ],
            [
              1315.499,
              795.574
            ],
            [
              1290.761,
              794.364
            ],
            [
              1293.301,
              742.426
            ]
          ]
        ]
      }
    },
    {
      "type": "Feature",
      "properties": {
        "id": "C-030",
        "name": "中立审理庭 3号",
        "zone": "中庭区",
        "kind": "building",
        "description": "中庭区沿街功能建筑。",
        "footprint": 990.7199999999999,
        "frontageRoad": "C-LN-1-6",
        "scaleClass": "沿街常规建筑",
        "layer": "buildings"
      },
      "geometry": {
        "type": "Polygon",
        "coordinates": [
          [
            [
              1325.454,
              743.629
            ],
            [
              1350.192,
              742.419
            ],
            [
              1352.146,
              782.371
            ],
            [
              1327.408,
              783.581
            ],
            [
              1325.454,
              743.629
            ]
          ]
        ]
      }
    },
    {
      "type": "Feature",
      "properties": {
        "id": "C-031",
        "name": "邮政通信局 3号",
        "zone": "中庭区",
        "kind": "building",
        "description": "中庭区沿街功能建筑。",
        "footprint": 1331.28,
        "frontageRoad": "C-LN-1-7",
        "scaleClass": "沿街常规建筑",
        "layer": "buildings"
      },
      "geometry": {
        "type": "Polygon",
        "coordinates": [
          [
            [
              1189.499,
              828.385
            ],
            [
              1220.45,
              827.628
            ],
            [
              1221.501,
              870.615
            ],
            [
              1190.55,
              871.372
            ],
            [
              1189.499,
              828.385
            ]
          ]
        ]
      }
    },
    {
      "type": "Feature",
      "properties": {
        "id": "C-032",
        "name": "公共浴场 3号",
        "zone": "中庭区",
        "kind": "building",
        "description": "中庭区沿街功能建筑。",
        "footprint": 1424.1599999999999,
        "frontageRoad": "C-LN-1-7",
        "scaleClass": "沿街常规建筑",
        "layer": "buildings"
      },
      "geometry": {
        "type": "Polygon",
        "coordinates": [
          [
            [
              1233.02,
              828
            ],
            [
              1263.98,
              828
            ],
            [
              1263.98,
              874
            ],
            [
              1233.02,
              874
            ],
            [
              1233.02,
              828
            ]
          ]
        ]
      }
    },
    {
      "type": "Feature",
      "properties": {
        "id": "C-033",
        "name": "城市档案副馆 3号",
        "zone": "中庭区",
        "kind": "building",
        "description": "中庭区沿街功能建筑。",
        "footprint": 1517.04,
        "frontageRoad": "C-LN-1-7",
        "scaleClass": "沿街常规建筑",
        "layer": "buildings"
      },
      "geometry": {
        "type": "Polygon",
        "coordinates": [
          [
            [
              1276.623,
              827.629
            ],
            [
              1307.574,
              828.386
            ],
            [
              1306.377,
              877.371
            ],
            [
              1275.426,
              876.614
            ],
            [
              1276.623,
              827.629
            ]
          ]
        ]
      }
    },
    {
      "type": "Feature",
      "properties": {
        "id": "C-034",
        "name": "访客服务厅 3号",
        "zone": "中庭区",
        "kind": "building",
        "description": "中庭区沿街功能建筑。",
        "footprint": 1609.9199999999998,
        "frontageRoad": "C-LN-1-7",
        "scaleClass": "沿街常规建筑",
        "layer": "buildings"
      },
      "geometry": {
        "type": "Polygon",
        "coordinates": [
          [
            [
              1320.309,
              827.275
            ],
            [
              1351.232,
              828.787
            ],
            [
              1348.691,
              880.725
            ],
            [
              1317.768,
              879.213
            ],
            [
              1320.309,
              827.275
            ]
          ]
        ]
      }
    },
    {
      "type": "Feature",
      "properties": {
        "id": "C-035",
        "name": "公共医疗站 3号",
        "zone": "中庭区",
        "kind": "building",
        "description": "中庭区沿街功能建筑。",
        "footprint": 1238.3999999999999,
        "frontageRoad": "C-LN-1-8",
        "scaleClass": "沿街常规建筑",
        "layer": "buildings"
      },
      "geometry": {
        "type": "Polygon",
        "coordinates": [
          [
            [
              1189.061,
              913.78
            ],
            [
              1219.985,
              912.268
            ],
            [
              1221.939,
              952.22
            ],
            [
              1191.015,
              953.732
            ],
            [
              1189.061,
              913.78
            ]
          ]
        ]
      }
    },
    {
      "type": "Feature",
      "properties": {
        "id": "C-036",
        "name": "文化演出厅 3号",
        "zone": "中庭区",
        "kind": "building",
        "description": "中庭区沿街功能建筑。",
        "footprint": 1331.28,
        "frontageRoad": "C-LN-1-8",
        "scaleClass": "沿街常规建筑",
        "layer": "buildings"
      },
      "geometry": {
        "type": "Polygon",
        "coordinates": [
          [
            [
              1232.499,
              913.385
            ],
            [
              1263.45,
              912.628
            ],
            [
              1264.501,
              955.615
            ],
            [
              1233.55,
              956.372
            ],
            [
              1232.499,
              913.385
            ]
          ]
        ]
      }
    },
    {
      "type": "Feature",
      "properties": {
        "id": "C-037",
        "name": "学院行政厅 4号",
        "zone": "中庭区",
        "kind": "building",
        "description": "中庭区沿街功能建筑。",
        "footprint": 1424.1599999999999,
        "frontageRoad": "C-LN-1-8",
        "scaleClass": "沿街常规建筑",
        "layer": "buildings"
      },
      "geometry": {
        "type": "Polygon",
        "coordinates": [
          [
            [
              1276.02,
              913
            ],
            [
              1306.98,
              913
            ],
            [
              1306.98,
              959
            ],
            [
              1276.02,
              959
            ],
            [
              1276.02,
              913
            ]
          ]
        ]
      }
    },
    {
      "type": "Feature",
      "properties": {
        "id": "C-038",
        "name": "学生公共屋 4号",
        "zone": "中庭区",
        "kind": "building",
        "description": "中庭区沿街功能建筑。",
        "footprint": 1517.04,
        "frontageRoad": "C-LN-1-8",
        "scaleClass": "沿街常规建筑",
        "layer": "buildings"
      },
      "geometry": {
        "type": "Polygon",
        "coordinates": [
          [
            [
              1319.623,
              912.629
            ],
            [
              1350.574,
              913.386
            ],
            [
              1349.377,
              962.371
            ],
            [
              1318.426,
              961.614
            ],
            [
              1319.623,
              912.629
            ]
          ]
        ]
      }
    },
    {
      "type": "Feature",
      "properties": {
        "id": "C-039",
        "name": "市民议事厅 4号",
        "zone": "中庭区",
        "kind": "building",
        "description": "中庭区沿街功能建筑。",
        "footprint": 1755.36,
        "frontageRoad": "C-LN-2-1",
        "scaleClass": "沿街常规建筑",
        "layer": "buildings"
      },
      "geometry": {
        "type": "Polygon",
        "coordinates": [
          [
            [
              1852.566,
              317.095
            ],
            [
              1890.681,
              318.96
            ],
            [
              1888.434,
              364.905
            ],
            [
              1850.319,
              363.04
            ],
            [
              1852.566,
              317.095
            ]
          ]
        ]
      }
    },
    {
      "type": "Feature",
      "properties": {
        "id": "C-040",
        "name": "公共食堂 4号",
        "zone": "中庭区",
        "kind": "building",
        "description": "中庭区沿街功能建筑。",
        "footprint": 1862,
        "frontageRoad": "C-LN-2-1",
        "scaleClass": "沿街常规建筑",
        "layer": "buildings"
      },
      "geometry": {
        "type": "Polygon",
        "coordinates": [
          [
            [
              1903.326,
              318.957
            ],
            [
              1941.28,
              317.101
            ],
            [
              1943.674,
              366.043
            ],
            [
              1905.72,
              367.899
            ],
            [
              1903.326,
              318.957
            ]
          ]
        ]
      }
    },
    {
      "type": "Feature",
      "properties": {
        "id": "C-041",
        "name": "社团活动楼 4号",
        "zone": "中庭区",
        "kind": "building",
        "description": "中庭区沿街功能建筑。",
        "footprint": 1984.3199999999997,
        "frontageRoad": "C-LN-2-1",
        "scaleClass": "沿街常规建筑",
        "layer": "buildings"
      },
      "geometry": {
        "type": "Polygon",
        "coordinates": [
          [
            [
              1956.79,
              318.474
            ],
            [
              1994.939,
              317.542
            ],
            [
              1996.21,
              369.526
            ],
            [
              1958.061,
              370.458
            ],
            [
              1956.79,
              318.474
            ]
          ]
        ]
      }
    },
    {
      "type": "Feature",
      "properties": {
        "id": "C-042",
        "name": "中立审理庭 4号",
        "zone": "中庭区",
        "kind": "building",
        "description": "中庭区沿街功能建筑。",
        "footprint": 1526.3999999999999,
        "frontageRoad": "C-LN-2-1",
        "scaleClass": "沿街常规建筑",
        "layer": "buildings"
      },
      "geometry": {
        "type": "Polygon",
        "coordinates": [
          [
            [
              2010.42,
              318
            ],
            [
              2048.58,
              318
            ],
            [
              2048.58,
              358
            ],
            [
              2010.42,
              358
            ],
            [
              2010.42,
              318
            ]
          ]
        ]
      }
    },
    {
      "type": "Feature",
      "properties": {
        "id": "C-043",
        "name": "邮政通信局 4号",
        "zone": "中庭区",
        "kind": "building",
        "description": "中庭区沿街功能建筑。",
        "footprint": 1640.8799999999999,
        "frontageRoad": "C-LN-2-2",
        "scaleClass": "沿街常规建筑",
        "layer": "buildings"
      },
      "geometry": {
        "type": "Polygon",
        "coordinates": [
          [
            [
              1851.951,
              402.54
            ],
            [
              1890.1,
              403.473
            ],
            [
              1889.049,
              446.46
            ],
            [
              1850.9,
              445.527
            ],
            [
              1851.951,
              402.54
            ]
          ]
        ]
      }
    },
    {
      "type": "Feature",
      "properties": {
        "id": "C-044",
        "name": "公共浴场 4号",
        "zone": "中庭区",
        "kind": "building",
        "description": "中庭区沿街功能建筑。",
        "footprint": 1755.36,
        "frontageRoad": "C-LN-2-2",
        "scaleClass": "沿街常规建筑",
        "layer": "buildings"
      },
      "geometry": {
        "type": "Polygon",
        "coordinates": [
          [
            [
              1905.566,
              402.095
            ],
            [
              1943.681,
              403.96
            ],
            [
              1941.434,
              449.905
            ],
            [
              1903.319,
              448.04
            ],
            [
              1905.566,
              402.095
            ]
          ]
        ]
      }
    },
    {
      "type": "Feature",
      "properties": {
        "id": "C-045",
        "name": "城市档案副馆 4号",
        "zone": "中庭区",
        "kind": "building",
        "description": "中庭区沿街功能建筑。",
        "footprint": 1862,
        "frontageRoad": "C-LN-2-2",
        "scaleClass": "沿街常规建筑",
        "layer": "buildings"
      },
      "geometry": {
        "type": "Polygon",
        "coordinates": [
          [
            [
              1956.326,
              403.957
            ],
            [
              1994.28,
              402.101
            ],
            [
              1996.674,
              451.043
            ],
            [
              1958.72,
              452.899
            ],
            [
              1956.326,
              403.957
            ]
          ]
        ]
      }
    },
    {
      "type": "Feature",
      "properties": {
        "id": "C-046",
        "name": "访客服务厅 4号",
        "zone": "中庭区",
        "kind": "building",
        "description": "中庭区沿街功能建筑。",
        "footprint": 1984.3199999999997,
        "frontageRoad": "C-LN-2-2",
        "scaleClass": "沿街常规建筑",
        "layer": "buildings"
      },
      "geometry": {
        "type": "Polygon",
        "coordinates": [
          [
            [
              2009.79,
              403.474
            ],
            [
              2047.939,
              402.542
            ],
            [
              2049.21,
              454.526
            ],
            [
              2011.061,
              455.458
            ],
            [
              2009.79,
              403.474
            ]
          ]
        ]
      }
    },
    {
      "type": "Feature",
      "properties": {
        "id": "C-047",
        "name": "公共医疗站 4号",
        "zone": "中庭区",
        "kind": "building",
        "description": "中庭区沿街功能建筑。",
        "footprint": 1526.3999999999999,
        "frontageRoad": "C-LN-2-3",
        "scaleClass": "沿街常规建筑",
        "layer": "buildings"
      },
      "geometry": {
        "type": "Polygon",
        "coordinates": [
          [
            [
              1851.42,
              488
            ],
            [
              1889.58,
              488
            ],
            [
              1889.58,
              528
            ],
            [
              1851.42,
              528
            ],
            [
              1851.42,
              488
            ]
          ]
        ]
      }
    },
    {
      "type": "Feature",
      "properties": {
        "id": "C-048",
        "name": "文化演出厅 4号",
        "zone": "中庭区",
        "kind": "building",
        "description": "中庭区沿街功能建筑。",
        "footprint": 1640.8799999999999,
        "frontageRoad": "C-LN-2-3",
        "scaleClass": "沿街常规建筑",
        "layer": "buildings"
      },
      "geometry": {
        "type": "Polygon",
        "coordinates": [
          [
            [
              1904.951,
              487.54
            ],
            [
              1943.1,
              488.473
            ],
            [
              1942.049,
              531.46
            ],
            [
              1903.9,
              530.527
            ],
            [
              1904.951,
              487.54
            ]
          ]
        ]
      }
    },
    {
      "type": "Feature",
      "properties": {
        "id": "C-049",
        "name": "学院行政厅 5号",
        "zone": "中庭区",
        "kind": "building",
        "description": "中庭区沿街功能建筑。",
        "footprint": 1755.36,
        "frontageRoad": "C-LN-2-3",
        "scaleClass": "沿街常规建筑",
        "layer": "buildings"
      },
      "geometry": {
        "type": "Polygon",
        "coordinates": [
          [
            [
              1958.566,
              487.095
            ],
            [
              1996.681,
              488.96
            ],
            [
              1994.434,
              534.905
            ],
            [
              1956.319,
              533.04
            ],
            [
              1958.566,
              487.095
            ]
          ]
        ]
      }
    },
    {
      "type": "Feature",
      "properties": {
        "id": "C-050",
        "name": "学生公共屋 5号",
        "zone": "中庭区",
        "kind": "building",
        "description": "中庭区沿街功能建筑。",
        "footprint": 1862,
        "frontageRoad": "C-LN-2-3",
        "scaleClass": "沿街常规建筑",
        "layer": "buildings"
      },
      "geometry": {
        "type": "Polygon",
        "coordinates": [
          [
            [
              2009.326,
              488.957
            ],
            [
              2047.28,
              487.101
            ],
            [
              2049.674,
              536.043
            ],
            [
              2011.72,
              537.899
            ],
            [
              2009.326,
              488.957
            ]
          ]
        ]
      }
    },
    {
      "type": "Feature",
      "properties": {
        "id": "C-051",
        "name": "市民议事厅 5号",
        "zone": "中庭区",
        "kind": "building",
        "description": "中庭区沿街功能建筑。",
        "footprint": 1984.3199999999997,
        "frontageRoad": "C-LN-2-4",
        "scaleClass": "沿街常规建筑",
        "layer": "buildings"
      },
      "geometry": {
        "type": "Polygon",
        "coordinates": [
          [
            [
              1850.79,
              573.474
            ],
            [
              1888.939,
              572.542
            ],
            [
              1890.21,
              624.526
            ],
            [
              1852.061,
              625.458
            ],
            [
              1850.79,
              573.474
            ]
          ]
        ]
      }
    },
    {
      "type": "Feature",
      "properties": {
        "id": "C-052",
        "name": "公共食堂 5号",
        "zone": "中庭区",
        "kind": "building",
        "description": "中庭区沿街功能建筑。",
        "footprint": 1526.3999999999999,
        "frontageRoad": "C-LN-2-4",
        "scaleClass": "沿街常规建筑",
        "layer": "buildings"
      },
      "geometry": {
        "type": "Polygon",
        "coordinates": [
          [
            [
              1904.42,
              573
            ],
            [
              1942.58,
              573
            ],
            [
              1942.58,
              613
            ],
            [
              1904.42,
              613
            ],
            [
              1904.42,
              573
            ]
          ]
        ]
      }
    },
    {
      "type": "Feature",
      "properties": {
        "id": "C-053",
        "name": "社团活动楼 5号",
        "zone": "中庭区",
        "kind": "building",
        "description": "中庭区沿街功能建筑。",
        "footprint": 1640.8799999999999,
        "frontageRoad": "C-LN-2-4",
        "scaleClass": "沿街常规建筑",
        "layer": "buildings"
      },
      "geometry": {
        "type": "Polygon",
        "coordinates": [
          [
            [
              1957.951,
              572.54
            ],
            [
              1996.1,
              573.473
            ],
            [
              1995.049,
              616.46
            ],
            [
              1956.9,
              615.527
            ],
            [
              1957.951,
              572.54
            ]
          ]
        ]
      }
    },
    {
      "type": "Feature",
      "properties": {
        "id": "C-054",
        "name": "中立审理庭 5号",
        "zone": "中庭区",
        "kind": "building",
        "description": "中庭区沿街功能建筑。",
        "footprint": 1755.36,
        "frontageRoad": "C-LN-2-4",
        "scaleClass": "沿街常规建筑",
        "layer": "buildings"
      },
      "geometry": {
        "type": "Polygon",
        "coordinates": [
          [
            [
              2011.566,
              572.095
            ],
            [
              2049.681,
              573.96
            ],
            [
              2047.434,
              619.905
            ],
            [
              2009.319,
              618.04
            ],
            [
              2011.566,
              572.095
            ]
          ]
        ]
      }
    },
    {
      "type": "Feature",
      "properties": {
        "id": "C-055",
        "name": "邮政通信局 5号",
        "zone": "中庭区",
        "kind": "building",
        "description": "中庭区沿街功能建筑。",
        "footprint": 1862,
        "frontageRoad": "C-LN-2-5",
        "scaleClass": "沿街常规建筑",
        "layer": "buildings"
      },
      "geometry": {
        "type": "Polygon",
        "coordinates": [
          [
            [
              1850.326,
              658.957
            ],
            [
              1888.28,
              657.101
            ],
            [
              1890.674,
              706.043
            ],
            [
              1852.72,
              707.899
            ],
            [
              1850.326,
              658.957
            ]
          ]
        ]
      }
    },
    {
      "type": "Feature",
      "properties": {
        "id": "C-056",
        "name": "公共浴场 5号",
        "zone": "中庭区",
        "kind": "building",
        "description": "中庭区沿街功能建筑。",
        "footprint": 1984.3199999999997,
        "frontageRoad": "C-LN-2-5",
        "scaleClass": "沿街常规建筑",
        "layer": "buildings"
      },
      "geometry": {
        "type": "Polygon",
        "coordinates": [
          [
            [
              1903.79,
              658.474
            ],
            [
              1941.939,
              657.542
            ],
            [
              1943.21,
              709.526
            ],
            [
              1905.061,
              710.458
            ],
            [
              1903.79,
              658.474
            ]
          ]
        ]
      }
    },
    {
      "type": "Feature",
      "properties": {
        "id": "C-057",
        "name": "城市档案副馆 5号",
        "zone": "中庭区",
        "kind": "building",
        "description": "中庭区沿街功能建筑。",
        "footprint": 1526.3999999999999,
        "frontageRoad": "C-LN-2-5",
        "scaleClass": "沿街常规建筑",
        "layer": "buildings"
      },
      "geometry": {
        "type": "Polygon",
        "coordinates": [
          [
            [
              1957.42,
              658
            ],
            [
              1995.58,
              658
            ],
            [
              1995.58,
              698
            ],
            [
              1957.42,
              698
            ],
            [
              1957.42,
              658
            ]
          ]
        ]
      }
    },
    {
      "type": "Feature",
      "properties": {
        "id": "C-058",
        "name": "访客服务厅 5号",
        "zone": "中庭区",
        "kind": "building",
        "description": "中庭区沿街功能建筑。",
        "footprint": 1640.8799999999999,
        "frontageRoad": "C-LN-2-5",
        "scaleClass": "沿街常规建筑",
        "layer": "buildings"
      },
      "geometry": {
        "type": "Polygon",
        "coordinates": [
          [
            [
              2010.951,
              657.54
            ],
            [
              2049.1,
              658.473
            ],
            [
              2048.049,
              701.46
            ],
            [
              2009.9,
              700.527
            ],
            [
              2010.951,
              657.54
            ]
          ]
        ]
      }
    },
    {
      "type": "Feature",
      "properties": {
        "id": "C-059",
        "name": "公共医疗站 5号",
        "zone": "中庭区",
        "kind": "building",
        "description": "中庭区沿街功能建筑。",
        "footprint": 1755.36,
        "frontageRoad": "C-LN-2-6",
        "scaleClass": "沿街常规建筑",
        "layer": "buildings"
      },
      "geometry": {
        "type": "Polygon",
        "coordinates": [
          [
            [
              1852.566,
              742.095
            ],
            [
              1890.681,
              743.96
            ],
            [
              1888.434,
              789.905
            ],
            [
              1850.319,
              788.04
            ],
            [
              1852.566,
              742.095
            ]
          ]
        ]
      }
    },
    {
      "type": "Feature",
      "properties": {
        "id": "C-060",
        "name": "文化演出厅 5号",
        "zone": "中庭区",
        "kind": "building",
        "description": "中庭区沿街功能建筑。",
        "footprint": 1862,
        "frontageRoad": "C-LN-2-6",
        "scaleClass": "沿街常规建筑",
        "layer": "buildings"
      },
      "geometry": {
        "type": "Polygon",
        "coordinates": [
          [
            [
              1903.326,
              743.957
            ],
            [
              1941.28,
              742.101
            ],
            [
              1943.674,
              791.043
            ],
            [
              1905.72,
              792.899
            ],
            [
              1903.326,
              743.957
            ]
          ]
        ]
      }
    },
    {
      "type": "Feature",
      "properties": {
        "id": "C-061",
        "name": "学院行政厅 6号",
        "zone": "中庭区",
        "kind": "building",
        "description": "中庭区沿街功能建筑。",
        "footprint": 1984.3199999999997,
        "frontageRoad": "C-LN-2-6",
        "scaleClass": "沿街常规建筑",
        "layer": "buildings"
      },
      "geometry": {
        "type": "Polygon",
        "coordinates": [
          [
            [
              1956.79,
              743.474
            ],
            [
              1994.939,
              742.542
            ],
            [
              1996.21,
              794.526
            ],
            [
              1958.061,
              795.458
            ],
            [
              1956.79,
              743.474
            ]
          ]
        ]
      }
    },
    {
      "type": "Feature",
      "properties": {
        "id": "C-062",
        "name": "学生公共屋 6号",
        "zone": "中庭区",
        "kind": "building",
        "description": "中庭区沿街功能建筑。",
        "footprint": 1526.3999999999999,
        "frontageRoad": "C-LN-2-6",
        "scaleClass": "沿街常规建筑",
        "layer": "buildings"
      },
      "geometry": {
        "type": "Polygon",
        "coordinates": [
          [
            [
              2010.42,
              743
            ],
            [
              2048.58,
              743
            ],
            [
              2048.58,
              783
            ],
            [
              2010.42,
              783
            ],
            [
              2010.42,
              743
            ]
          ]
        ]
      }
    },
    {
      "type": "Feature",
      "properties": {
        "id": "C-063",
        "name": "市民议事厅 6号",
        "zone": "中庭区",
        "kind": "building",
        "description": "中庭区沿街功能建筑。",
        "footprint": 1640.8799999999999,
        "frontageRoad": "C-LN-2-7",
        "scaleClass": "沿街常规建筑",
        "layer": "buildings"
      },
      "geometry": {
        "type": "Polygon",
        "coordinates": [
          [
            [
              1851.951,
              827.54
            ],
            [
              1890.1,
              828.473
            ],
            [
              1889.049,
              871.46
            ],
            [
              1850.9,
              870.527
            ],
            [
              1851.951,
              827.54
            ]
          ]
        ]
      }
    },
    {
      "type": "Feature",
      "properties": {
        "id": "C-064",
        "name": "公共食堂 6号",
        "zone": "中庭区",
        "kind": "building",
        "description": "中庭区沿街功能建筑。",
        "footprint": 1755.36,
        "frontageRoad": "C-LN-2-7",
        "scaleClass": "沿街常规建筑",
        "layer": "buildings"
      },
      "geometry": {
        "type": "Polygon",
        "coordinates": [
          [
            [
              1905.566,
              827.095
            ],
            [
              1943.681,
              828.96
            ],
            [
              1941.434,
              874.905
            ],
            [
              1903.319,
              873.04
            ],
            [
              1905.566,
              827.095
            ]
          ]
        ]
      }
    },
    {
      "type": "Feature",
      "properties": {
        "id": "C-065",
        "name": "社团活动楼 6号",
        "zone": "中庭区",
        "kind": "building",
        "description": "中庭区沿街功能建筑。",
        "footprint": 1862,
        "frontageRoad": "C-LN-2-7",
        "scaleClass": "沿街常规建筑",
        "layer": "buildings"
      },
      "geometry": {
        "type": "Polygon",
        "coordinates": [
          [
            [
              1956.326,
              828.957
            ],
            [
              1994.28,
              827.101
            ],
            [
              1996.674,
              876.043
            ],
            [
              1958.72,
              877.899
            ],
            [
              1956.326,
              828.957
            ]
          ]
        ]
      }
    },
    {
      "type": "Feature",
      "properties": {
        "id": "C-066",
        "name": "中立审理庭 6号",
        "zone": "中庭区",
        "kind": "building",
        "description": "中庭区沿街功能建筑。",
        "footprint": 1984.3199999999997,
        "frontageRoad": "C-LN-2-7",
        "scaleClass": "沿街常规建筑",
        "layer": "buildings"
      },
      "geometry": {
        "type": "Polygon",
        "coordinates": [
          [
            [
              2009.79,
              828.474
            ],
            [
              2047.939,
              827.542
            ],
            [
              2049.21,
              879.526
            ],
            [
              2011.061,
              880.458
            ],
            [
              2009.79,
              828.474
            ]
          ]
        ]
      }
    },
    {
      "type": "Feature",
      "properties": {
        "id": "C-067",
        "name": "邮政通信局 6号",
        "zone": "中庭区",
        "kind": "building",
        "description": "中庭区沿街功能建筑。",
        "footprint": 1526.3999999999999,
        "frontageRoad": "C-LN-2-8",
        "scaleClass": "沿街常规建筑",
        "layer": "buildings"
      },
      "geometry": {
        "type": "Polygon",
        "coordinates": [
          [
            [
              1851.42,
              913
            ],
            [
              1889.58,
              913
            ],
            [
              1889.58,
              953
            ],
            [
              1851.42,
              953
            ],
            [
              1851.42,
              913
            ]
          ]
        ]
      }
    },
    {
      "type": "Feature",
      "properties": {
        "id": "C-068",
        "name": "公共浴场 6号",
        "zone": "中庭区",
        "kind": "building",
        "description": "中庭区沿街功能建筑。",
        "footprint": 1640.8799999999999,
        "frontageRoad": "C-LN-2-8",
        "scaleClass": "沿街常规建筑",
        "layer": "buildings"
      },
      "geometry": {
        "type": "Polygon",
        "coordinates": [
          [
            [
              1904.951,
              912.54
            ],
            [
              1943.1,
              913.473
            ],
            [
              1942.049,
              956.46
            ],
            [
              1903.9,
              955.527
            ],
            [
              1904.951,
              912.54
            ]
          ]
        ]
      }
    },
    {
      "type": "Feature",
      "properties": {
        "id": "C-069",
        "name": "城市档案副馆 6号",
        "zone": "中庭区",
        "kind": "building",
        "description": "中庭区沿街功能建筑。",
        "footprint": 1755.36,
        "frontageRoad": "C-LN-2-8",
        "scaleClass": "沿街常规建筑",
        "layer": "buildings"
      },
      "geometry": {
        "type": "Polygon",
        "coordinates": [
          [
            [
              1958.566,
              912.095
            ],
            [
              1996.681,
              913.96
            ],
            [
              1994.434,
              959.905
            ],
            [
              1956.319,
              958.04
            ],
            [
              1958.566,
              912.095
            ]
          ]
        ]
      }
    },
    {
      "type": "Feature",
      "properties": {
        "id": "C-070",
        "name": "访客服务厅 6号",
        "zone": "中庭区",
        "kind": "building",
        "description": "中庭区沿街功能建筑。",
        "footprint": 1862,
        "frontageRoad": "C-LN-2-8",
        "scaleClass": "沿街常规建筑",
        "layer": "buildings"
      },
      "geometry": {
        "type": "Polygon",
        "coordinates": [
          [
            [
              2009.326,
              913.957
            ],
            [
              2047.28,
              912.101
            ],
            [
              2049.674,
              961.043
            ],
            [
              2011.72,
              962.899
            ],
            [
              2009.326,
              913.957
            ]
          ]
        ]
      }
    },
    {
      "type": "Feature",
      "properties": {
        "id": "W-001",
        "name": "公共校准大厅",
        "zone": "工坊区",
        "kind": "building",
        "description": "工坊区沿街功能建筑。",
        "footprint": 2247.715284744103,
        "frontageRoad": "W-LN-1-1",
        "shapeType": "多边校准厅",
        "scaleClass": "地标建筑",
        "layer": "buildings"
      },
      "geometry": {
        "type": "Polygon",
        "coordinates": [
          [
            [
              2144.613,
              324.759
            ],
            [
              2173.521,
              324.759
            ],
            [
              2180.521,
              331.759
            ],
            [
              2180.521,
              372.428
            ],
            [
              2173.521,
              379.428
            ],
            [
              2144.613,
              379.428
            ],
            [
              2137.613,
              372.428
            ],
            [
              2137.613,
              331.759
            ],
            [
              2144.613,
              324.759
            ]
          ]
        ]
      }
    },
    {
      "type": "Feature",
      "properties": {
        "id": "W-002",
        "name": "材料机械工坊",
        "zone": "工坊区",
        "kind": "building",
        "description": "工坊区沿街功能建筑。",
        "footprint": 1913.0879999999997,
        "frontageRoad": "W-LN-1-1",
        "scaleClass": "沿街常规建筑",
        "layer": "buildings"
      },
      "geometry": {
        "type": "Polygon",
        "coordinates": [
          [
            [
              2188.114,
              323.406
            ],
            [
              2223.952,
              319.092
            ],
            [
              2230.286,
              371.712
            ],
            [
              2194.448,
              376.026
            ],
            [
              2188.114,
              323.406
            ]
          ]
        ]
      }
    },
    {
      "type": "Feature",
      "properties": {
        "id": "W-003",
        "name": "导具设计楼",
        "zone": "工坊区",
        "kind": "building",
        "description": "工坊区沿街功能建筑。",
        "footprint": 2021.3759999999997,
        "frontageRoad": "W-LN-1-1",
        "scaleClass": "沿街常规建筑",
        "layer": "buildings"
      },
      "geometry": {
        "type": "Polygon",
        "coordinates": [
          [
            [
              2238.701,
              316.87
            ],
            [
              2274.633,
              313.433
            ],
            [
              2279.965,
              369.179
            ],
            [
              2244.033,
              372.616
            ],
            [
              2238.701,
              316.87
            ]
          ]
        ]
      }
    },
    {
      "type": "Feature",
      "properties": {
        "id": "W-004",
        "name": "试储导能楼",
        "zone": "工坊区",
        "kind": "building",
        "description": "工坊区沿街功能建筑。",
        "footprint": 2369.8259616613504,
        "frontageRoad": "W-LN-1-1",
        "shapeType": "隔离切角试储楼",
        "scaleClass": "地标建筑",
        "layer": "buildings"
      },
      "geometry": {
        "type": "Polygon",
        "coordinates": [
          [
            [
              2296.374,
              307.785
            ],
            [
              2322.56,
              307.785
            ],
            [
              2329.56,
              314.785
            ],
            [
              2329.56,
              362.195
            ],
            [
              2322.56,
              369.195
            ],
            [
              2296.374,
              369.195
            ],
            [
              2289.374,
              362.195
            ],
            [
              2289.374,
              314.785
            ],
            [
              2296.374,
              307.785
            ]
          ]
        ]
      }
    },
    {
      "type": "Feature",
      "properties": {
        "id": "W-005",
        "name": "登记材料库",
        "zone": "工坊区",
        "kind": "building",
        "description": "工坊区沿街功能建筑。",
        "footprint": 1696.512,
        "frontageRoad": "W-LN-1-1",
        "scaleClass": "沿街常规建筑",
        "layer": "buildings"
      },
      "geometry": {
        "type": "Polygon",
        "coordinates": [
          [
            [
              2343.213,
              309.789
            ],
            [
              2379.223,
              312.275
            ],
            [
              2375.987,
              359.163
            ],
            [
              2339.977,
              356.677
            ],
            [
              2343.213,
              309.789
            ]
          ]
        ]
      }
    },
    {
      "type": "Feature",
      "properties": {
        "id": "W-006",
        "name": "绝缘耗材库",
        "zone": "工坊区",
        "kind": "building",
        "description": "工坊区沿街功能建筑。",
        "footprint": 1804.7999999999997,
        "frontageRoad": "W-LN-1-1",
        "scaleClass": "沿街常规建筑",
        "layer": "buildings"
      },
      "geometry": {
        "type": "Polygon",
        "coordinates": [
          [
            [
              2394.094,
              315.335
            ],
            [
              2430.033,
              318.7
            ],
            [
              2425.372,
              368.482
            ],
            [
              2389.434,
              365.117
            ],
            [
              2394.094,
              315.335
            ]
          ]
        ]
      }
    },
    {
      "type": "Feature",
      "properties": {
        "id": "W-007",
        "name": "安全洗消站",
        "zone": "工坊区",
        "kind": "building",
        "description": "工坊区沿街功能建筑。",
        "footprint": 1913.0879999999997,
        "frontageRoad": "W-LN-1-1",
        "scaleClass": "沿街常规建筑",
        "layer": "buildings"
      },
      "geometry": {
        "type": "Polygon",
        "coordinates": [
          [
            [
              2445.058,
              320.904
            ],
            [
              2480.904,
              325.145
            ],
            [
              2474.676,
              377.778
            ],
            [
              2438.83,
              373.536
            ],
            [
              2445.058,
              320.904
            ]
          ]
        ]
      }
    },
    {
      "type": "Feature",
      "properties": {
        "id": "W-008",
        "name": "工具发放屋",
        "zone": "工坊区",
        "kind": "building",
        "description": "工坊区沿街功能建筑。",
        "footprint": 2021.3759999999997,
        "frontageRoad": "W-LN-1-1",
        "scaleClass": "沿街常规建筑",
        "layer": "buildings"
      },
      "geometry": {
        "type": "Polygon",
        "coordinates": [
          [
            [
              2496.103,
              326.498
            ],
            [
              2531.835,
              331.614
            ],
            [
              2523.897,
              387.049
            ],
            [
              2488.165,
              381.932
            ],
            [
              2496.103,
              326.498
            ]
          ]
        ]
      }
    },
    {
      "type": "Feature",
      "properties": {
        "id": "W-009",
        "name": "器材检验楼",
        "zone": "工坊区",
        "kind": "building",
        "description": "工坊区沿街功能建筑。",
        "footprint": 2129.6639999999998,
        "frontageRoad": "W-LN-1-1",
        "scaleClass": "沿街常规建筑",
        "layer": "buildings"
      },
      "geometry": {
        "type": "Polygon",
        "coordinates": [
          [
            [
              2547.229,
              332.121
            ],
            [
              2582.825,
              338.108
            ],
            [
              2573.038,
              396.291
            ],
            [
              2537.442,
              390.303
            ],
            [
              2547.229,
              332.121
            ]
          ]
        ]
      }
    },
    {
      "type": "Feature",
      "properties": {
        "id": "W-010",
        "name": "城市供能维护所",
        "zone": "工坊区",
        "kind": "building",
        "description": "工坊区沿街功能建筑。",
        "footprint": 1839.775275597698,
        "frontageRoad": "W-LN-1-1",
        "shapeType": "折角机务楼",
        "scaleClass": "地标建筑",
        "layer": "buildings"
      },
      "geometry": {
        "type": "Polygon",
        "coordinates": [
          [
            [
              2597.643,
              339.451
            ],
            [
              2622.89,
              339.451
            ],
            [
              2629.89,
              346.451
            ],
            [
              2629.89,
              381.825
            ],
            [
              2622.89,
              388.825
            ],
            [
              2597.643,
              388.825
            ],
            [
              2590.643,
              381.825
            ],
            [
              2590.643,
              346.451
            ],
            [
              2597.643,
              339.451
            ]
          ]
        ]
      }
    },
    {
      "type": "Feature",
      "properties": {
        "id": "W-011",
        "name": "公共维修厂",
        "zone": "工坊区",
        "kind": "building",
        "description": "工坊区沿街功能建筑。",
        "footprint": 1804.7999999999997,
        "frontageRoad": "W-LN-1-1",
        "scaleClass": "沿街常规建筑",
        "layer": "buildings"
      },
      "geometry": {
        "type": "Polygon",
        "coordinates": [
          [
            [
              2640.777,
              344.237
            ],
            [
              2676.798,
              341.908
            ],
            [
              2680.023,
              391.804
            ],
            [
              2644.002,
              394.133
            ],
            [
              2640.777,
              344.237
            ]
          ]
        ]
      }
    },
    {
      "type": "Feature",
      "properties": {
        "id": "W-012",
        "name": "河桥机务所",
        "zone": "工坊区",
        "kind": "building",
        "description": "工坊区沿街功能建筑。",
        "footprint": 1913.0879999999997,
        "frontageRoad": "W-LN-1-1",
        "scaleClass": "沿街常规建筑",
        "layer": "buildings"
      },
      "geometry": {
        "type": "Polygon",
        "coordinates": [
          [
            [
              2691.437,
              341.753
            ],
            [
              2727.504,
              340.305
            ],
            [
              2729.63,
              393.263
            ],
            [
              2693.563,
              394.711
            ],
            [
              2691.437,
              341.753
            ]
          ]
        ]
      }
    },
    {
      "type": "Feature",
      "properties": {
        "id": "W-013",
        "name": "公共校准大厅 2号",
        "zone": "工坊区",
        "kind": "building",
        "description": "工坊区沿街功能建筑。",
        "footprint": 2021.3759999999997,
        "frontageRoad": "W-LN-1-1",
        "scaleClass": "沿街常规建筑",
        "layer": "buildings"
      },
      "geometry": {
        "type": "Polygon",
        "coordinates": [
          [
            [
              2742.182,
              339.282
            ],
            [
              2778.273,
              338.716
            ],
            [
              2779.152,
              394.709
            ],
            [
              2743.06,
              395.275
            ],
            [
              2742.182,
              339.282
            ]
          ]
        ]
      }
    },
    {
      "type": "Feature",
      "properties": {
        "id": "W-014",
        "name": "材料机械工坊 2号",
        "zone": "工坊区",
        "kind": "building",
        "description": "工坊区沿街功能建筑。",
        "footprint": 2129.6639999999998,
        "frontageRoad": "W-LN-1-1",
        "scaleClass": "沿街常规建筑",
        "layer": "buildings"
      },
      "geometry": {
        "type": "Polygon",
        "coordinates": [
          [
            [
              2793.011,
              336.826
            ],
            [
              2829.105,
              337.142
            ],
            [
              2828.589,
              396.139
            ],
            [
              2792.495,
              395.824
            ],
            [
              2793.011,
              336.826
            ]
          ]
        ]
      }
    },
    {
      "type": "Feature",
      "properties": {
        "id": "W-015",
        "name": "导具设计楼 2号",
        "zone": "工坊区",
        "kind": "building",
        "description": "工坊区沿街功能建筑。",
        "footprint": 1696.512,
        "frontageRoad": "W-LN-1-1",
        "scaleClass": "沿街常规建筑",
        "layer": "buildings"
      },
      "geometry": {
        "type": "Polygon",
        "coordinates": [
          [
            [
              2840.868,
              336.667
            ],
            [
              2876.821,
              333.459
            ],
            [
              2880.999,
              380.273
            ],
            [
              2845.045,
              383.481
            ],
            [
              2840.868,
              336.667
            ]
          ]
        ]
      }
    },
    {
      "type": "Feature",
      "properties": {
        "id": "W-016",
        "name": "试储导能楼 2号",
        "zone": "工坊区",
        "kind": "building",
        "description": "工坊区沿街功能建筑。",
        "footprint": 1804.7999999999997,
        "frontageRoad": "W-LN-1-2",
        "scaleClass": "沿街常规建筑",
        "layer": "buildings"
      },
      "geometry": {
        "type": "Polygon",
        "coordinates": [
          [
            [
              2144.213,
              427.249
            ],
            [
              2180.038,
              431.665
            ],
            [
              2173.921,
              481.289
            ],
            [
              2138.096,
              476.873
            ],
            [
              2144.213,
              427.249
            ]
          ]
        ]
      }
    },
    {
      "type": "Feature",
      "properties": {
        "id": "W-017",
        "name": "登记材料库 2号",
        "zone": "工坊区",
        "kind": "building",
        "description": "工坊区沿街功能建筑。",
        "footprint": 1913.0879999999997,
        "frontageRoad": "W-LN-1-2",
        "scaleClass": "沿街常规建筑",
        "layer": "buildings"
      },
      "geometry": {
        "type": "Polygon",
        "coordinates": [
          [
            [
              2195.23,
              431.337
            ],
            [
              2230.937,
              436.627
            ],
            [
              2223.17,
              489.055
            ],
            [
              2187.463,
              483.765
            ],
            [
              2195.23,
              431.337
            ]
          ]
        ]
      }
    },
    {
      "type": "Feature",
      "properties": {
        "id": "W-018",
        "name": "绝缘耗材库 2号",
        "zone": "工坊区",
        "kind": "building",
        "description": "工坊区沿街功能建筑。",
        "footprint": 2021.3759999999997,
        "frontageRoad": "W-LN-1-2",
        "scaleClass": "沿街常规建筑",
        "layer": "buildings"
      },
      "geometry": {
        "type": "Polygon",
        "coordinates": [
          [
            [
              2246.329,
              435.454
            ],
            [
              2281.895,
              441.615
            ],
            [
              2272.338,
              496.793
            ],
            [
              2236.771,
              490.632
            ],
            [
              2246.329,
              435.454
            ]
          ]
        ]
      }
    },
    {
      "type": "Feature",
      "properties": {
        "id": "W-019",
        "name": "安全洗消站 2号",
        "zone": "工坊区",
        "kind": "building",
        "description": "工坊区沿街功能建筑。",
        "footprint": 2129.6639999999998,
        "frontageRoad": "W-LN-1-2",
        "scaleClass": "沿街常规建筑",
        "layer": "buildings"
      },
      "geometry": {
        "type": "Polygon",
        "coordinates": [
          [
            [
              2297.508,
              439.601
            ],
            [
              2332.913,
              446.629
            ],
            [
              2321.426,
              504.5
            ],
            [
              2286.021,
              497.472
            ],
            [
              2297.508,
              439.601
            ]
          ]
        ]
      }
    },
    {
      "type": "Feature",
      "properties": {
        "id": "W-020",
        "name": "工具发放屋 2号",
        "zone": "工坊区",
        "kind": "building",
        "description": "工坊区沿街功能建筑。",
        "footprint": 1696.512,
        "frontageRoad": "W-LN-1-2",
        "scaleClass": "沿街常规建筑",
        "layer": "buildings"
      },
      "geometry": {
        "type": "Polygon",
        "coordinates": [
          [
            [
              2337.37,
              456.015
            ],
            [
              2372.792,
              449.075
            ],
            [
              2381.83,
              495.197
            ],
            [
              2346.408,
              502.138
            ],
            [
              2337.37,
              456.015
            ]
          ]
        ]
      }
    },
    {
      "type": "Feature",
      "properties": {
        "id": "W-021",
        "name": "器材检验楼 2号",
        "zone": "工坊区",
        "kind": "building",
        "description": "工坊区沿街功能建筑。",
        "footprint": 1804.7999999999997,
        "frontageRoad": "W-LN-1-2",
        "scaleClass": "沿街常规建筑",
        "layer": "buildings"
      },
      "geometry": {
        "type": "Polygon",
        "coordinates": [
          [
            [
              2387.736,
              445.198
            ],
            [
              2423.318,
              439.125
            ],
            [
              2431.73,
              488.412
            ],
            [
              2396.149,
              494.485
            ],
            [
              2387.736,
              445.198
            ]
          ]
        ]
      }
    },
    {
      "type": "Feature",
      "properties": {
        "id": "W-022",
        "name": "城市供能维护所 2号",
        "zone": "工坊区",
        "kind": "building",
        "description": "工坊区沿街功能建筑。",
        "footprint": 1913.0879999999997,
        "frontageRoad": "W-LN-1-2",
        "scaleClass": "沿街常规建筑",
        "layer": "buildings"
      },
      "geometry": {
        "type": "Polygon",
        "coordinates": [
          [
            [
              2438.188,
              434.381
            ],
            [
              2473.907,
              429.179
            ],
            [
              2481.545,
              481.626
            ],
            [
              2445.826,
              486.828
            ],
            [
              2438.188,
              434.381
            ]
          ]
        ]
      }
    },
    {
      "type": "Feature",
      "properties": {
        "id": "W-023",
        "name": "公共维修厂 2号",
        "zone": "工坊区",
        "kind": "building",
        "description": "工坊区沿街功能建筑。",
        "footprint": 2021.3759999999997,
        "frontageRoad": "W-LN-1-2",
        "scaleClass": "沿街常规建筑",
        "layer": "buildings"
      },
      "geometry": {
        "type": "Polygon",
        "coordinates": [
          [
            [
              2488.725,
              423.568
            ],
            [
              2524.561,
              419.24
            ],
            [
              2531.275,
              474.836
            ],
            [
              2495.439,
              479.164
            ],
            [
              2488.725,
              423.568
            ]
          ]
        ]
      }
    },
    {
      "type": "Feature",
      "properties": {
        "id": "W-024",
        "name": "河桥机务所 2号",
        "zone": "工坊区",
        "kind": "building",
        "description": "工坊区沿街功能建筑。",
        "footprint": 2129.6639999999998,
        "frontageRoad": "W-LN-1-2",
        "scaleClass": "沿街常规建筑",
        "layer": "buildings"
      },
      "geometry": {
        "type": "Polygon",
        "coordinates": [
          [
            [
              2539.348,
              412.761
            ],
            [
              2575.278,
              409.31
            ],
            [
              2580.919,
              468.04
            ],
            [
              2544.988,
              471.491
            ],
            [
              2539.348,
              412.761
            ]
          ]
        ]
      }
    },
    {
      "type": "Feature",
      "properties": {
        "id": "W-025",
        "name": "公共校准大厅 3号",
        "zone": "工坊区",
        "kind": "building",
        "description": "工坊区沿街功能建筑。",
        "footprint": 1696.512,
        "frontageRoad": "W-LN-1-2",
        "scaleClass": "沿街常规建筑",
        "layer": "buildings"
      },
      "geometry": {
        "type": "Polygon",
        "coordinates": [
          [
            [
              2588.037,
              419.508
            ],
            [
              2623.459,
              412.567
            ],
            [
              2632.497,
              458.69
            ],
            [
              2597.074,
              465.631
            ],
            [
              2588.037,
              419.508
            ]
          ]
        ]
      }
    },
    {
      "type": "Feature",
      "properties": {
        "id": "W-026",
        "name": "材料机械工坊 3号",
        "zone": "工坊区",
        "kind": "building",
        "description": "工坊区沿街功能建筑。",
        "footprint": 1804.7999999999997,
        "frontageRoad": "W-LN-1-2",
        "scaleClass": "沿街常规建筑",
        "layer": "buildings"
      },
      "geometry": {
        "type": "Polygon",
        "coordinates": [
          [
            [
              2642.981,
              409.225
            ],
            [
              2679.066,
              410.125
            ],
            [
              2677.819,
              460.109
            ],
            [
              2641.734,
              459.209
            ],
            [
              2642.981,
              409.225
            ]
          ]
        ]
      }
    },
    {
      "type": "Feature",
      "properties": {
        "id": "W-027",
        "name": "导具设计楼 3号",
        "zone": "工坊区",
        "kind": "building",
        "description": "工坊区沿街功能建筑。",
        "footprint": 1913.0879999999997,
        "frontageRoad": "W-LN-1-2",
        "scaleClass": "沿街常规建筑",
        "layer": "buildings"
      },
      "geometry": {
        "type": "Polygon",
        "coordinates": [
          [
            [
              2693.815,
              408.286
            ],
            [
              2729.867,
              410.067
            ],
            [
              2727.252,
              463.002
            ],
            [
              2691.2,
              461.221
            ],
            [
              2693.815,
              408.286
            ]
          ]
        ]
      }
    },
    {
      "type": "Feature",
      "properties": {
        "id": "W-028",
        "name": "试储导能楼 3号",
        "zone": "工坊区",
        "kind": "building",
        "description": "工坊区沿街功能建筑。",
        "footprint": 2021.3759999999997,
        "frontageRoad": "W-LN-1-2",
        "scaleClass": "沿街常规建筑",
        "layer": "buildings"
      },
      "geometry": {
        "type": "Polygon",
        "coordinates": [
          [
            [
              2744.732,
              407.367
            ],
            [
              2780.73,
              410.028
            ],
            [
              2776.601,
              465.876
            ],
            [
              2740.603,
              463.214
            ],
            [
              2744.732,
              407.367
            ]
          ]
        ]
      }
    },
    {
      "type": "Feature",
      "properties": {
        "id": "W-029",
        "name": "登记材料库 3号",
        "zone": "工坊区",
        "kind": "building",
        "description": "工坊区沿街功能建筑。",
        "footprint": 2129.6639999999998,
        "frontageRoad": "W-LN-1-2",
        "scaleClass": "沿街常规建筑",
        "layer": "buildings"
      },
      "geometry": {
        "type": "Polygon",
        "coordinates": [
          [
            [
              2795.732,
              406.47
            ],
            [
              2831.654,
              410.011
            ],
            [
              2825.868,
              468.726
            ],
            [
              2789.946,
              465.186
            ],
            [
              2795.732,
              406.47
            ]
          ]
        ]
      }
    },
    {
      "type": "Feature",
      "properties": {
        "id": "W-030",
        "name": "绝缘耗材库 3号",
        "zone": "工坊区",
        "kind": "building",
        "description": "工坊区沿街功能建筑。",
        "footprint": 1696.512,
        "frontageRoad": "W-LN-1-2",
        "scaleClass": "沿街常规建筑",
        "layer": "buildings"
      },
      "geometry": {
        "type": "Polygon",
        "coordinates": [
          [
            [
              2842.897,
              422.566
            ],
            [
              2878.993,
              422.585
            ],
            [
              2878.97,
              469.585
            ],
            [
              2842.874,
              469.566
            ],
            [
              2842.897,
              422.566
            ]
          ]
        ]
      }
    },
    {
      "type": "Feature",
      "properties": {
        "id": "W-031",
        "name": "安全洗消站 3号",
        "zone": "工坊区",
        "kind": "building",
        "description": "工坊区沿街功能建筑。",
        "footprint": 1804.7999999999997,
        "frontageRoad": "W-LN-1-3",
        "scaleClass": "沿街常规建筑",
        "layer": "buildings"
      },
      "geometry": {
        "type": "Polygon",
        "coordinates": [
          [
            [
              2137.613,
              734.947
            ],
            [
              2173.334,
              729.759
            ],
            [
              2180.521,
              779.24
            ],
            [
              2144.799,
              784.428
            ],
            [
              2137.613,
              734.947
            ]
          ]
        ]
      }
    },
    {
      "type": "Feature",
      "properties": {
        "id": "W-032",
        "name": "工具发放屋 3号",
        "zone": "工坊区",
        "kind": "building",
        "description": "工坊区沿街功能建筑。",
        "footprint": 1913.0879999999997,
        "frontageRoad": "W-LN-1-3",
        "scaleClass": "沿街常规建筑",
        "layer": "buildings"
      },
      "geometry": {
        "type": "Polygon",
        "coordinates": [
          [
            [
              2188.114,
              728.406
            ],
            [
              2223.952,
              724.092
            ],
            [
              2230.286,
              776.712
            ],
            [
              2194.448,
              781.026
            ],
            [
              2188.114,
              728.406
            ]
          ]
        ]
      }
    },
    {
      "type": "Feature",
      "properties": {
        "id": "W-033",
        "name": "器材检验楼 3号",
        "zone": "工坊区",
        "kind": "building",
        "description": "工坊区沿街功能建筑。",
        "footprint": 2021.3759999999997,
        "frontageRoad": "W-LN-1-3",
        "scaleClass": "沿街常规建筑",
        "layer": "buildings"
      },
      "geometry": {
        "type": "Polygon",
        "coordinates": [
          [
            [
              2238.701,
              721.87
            ],
            [
              2274.633,
              718.433
            ],
            [
              2279.965,
              774.179
            ],
            [
              2244.033,
              777.616
            ],
            [
              2238.701,
              721.87
            ]
          ]
        ]
      }
    },
    {
      "type": "Feature",
      "properties": {
        "id": "W-034",
        "name": "城市供能维护所 3号",
        "zone": "工坊区",
        "kind": "building",
        "description": "工坊区沿街功能建筑。",
        "footprint": 2129.6639999999998,
        "frontageRoad": "W-LN-1-3",
        "scaleClass": "沿街常规建筑",
        "layer": "buildings"
      },
      "geometry": {
        "type": "Polygon",
        "coordinates": [
          [
            [
              2289.374,
              715.343
            ],
            [
              2325.379,
              712.785
            ],
            [
              2329.56,
              771.637
            ],
            [
              2293.555,
              774.195
            ],
            [
              2289.374,
              715.343
            ]
          ]
        ]
      }
    },
    {
      "type": "Feature",
      "properties": {
        "id": "W-035",
        "name": "公共维修厂 3号",
        "zone": "工坊区",
        "kind": "building",
        "description": "工坊区沿街功能建筑。",
        "footprint": 1696.512,
        "frontageRoad": "W-LN-1-3",
        "scaleClass": "沿街常规建筑",
        "layer": "buildings"
      },
      "geometry": {
        "type": "Polygon",
        "coordinates": [
          [
            [
              2343.213,
              714.789
            ],
            [
              2379.223,
              717.275
            ],
            [
              2375.987,
              764.163
            ],
            [
              2339.977,
              761.677
            ],
            [
              2343.213,
              714.789
            ]
          ]
        ]
      }
    },
    {
      "type": "Feature",
      "properties": {
        "id": "W-036",
        "name": "河桥机务所 3号",
        "zone": "工坊区",
        "kind": "building",
        "description": "工坊区沿街功能建筑。",
        "footprint": 1804.7999999999997,
        "frontageRoad": "W-LN-1-3",
        "scaleClass": "沿街常规建筑",
        "layer": "buildings"
      },
      "geometry": {
        "type": "Polygon",
        "coordinates": [
          [
            [
              2394.094,
              720.335
            ],
            [
              2430.033,
              723.7
            ],
            [
              2425.372,
              773.482
            ],
            [
              2389.434,
              770.117
            ],
            [
              2394.094,
              720.335
            ]
          ]
        ]
      }
    },
    {
      "type": "Feature",
      "properties": {
        "id": "W-037",
        "name": "公共校准大厅 4号",
        "zone": "工坊区",
        "kind": "building",
        "description": "工坊区沿街功能建筑。",
        "footprint": 1913.0879999999997,
        "frontageRoad": "W-LN-1-3",
        "scaleClass": "沿街常规建筑",
        "layer": "buildings"
      },
      "geometry": {
        "type": "Polygon",
        "coordinates": [
          [
            [
              2445.058,
              725.904
            ],
            [
              2480.904,
              730.145
            ],
            [
              2474.676,
              782.778
            ],
            [
              2438.83,
              778.536
            ],
            [
              2445.058,
              725.904
            ]
          ]
        ]
      }
    },
    {
      "type": "Feature",
      "properties": {
        "id": "W-038",
        "name": "材料机械工坊 4号",
        "zone": "工坊区",
        "kind": "building",
        "description": "工坊区沿街功能建筑。",
        "footprint": 2021.3759999999997,
        "frontageRoad": "W-LN-1-3",
        "scaleClass": "沿街常规建筑",
        "layer": "buildings"
      },
      "geometry": {
        "type": "Polygon",
        "coordinates": [
          [
            [
              2496.103,
              731.498
            ],
            [
              2531.835,
              736.614
            ],
            [
              2523.897,
              792.049
            ],
            [
              2488.165,
              786.932
            ],
            [
              2496.103,
              731.498
            ]
          ]
        ]
      }
    },
    {
      "type": "Feature",
      "properties": {
        "id": "W-039",
        "name": "导具设计楼 4号",
        "zone": "工坊区",
        "kind": "building",
        "description": "工坊区沿街功能建筑。",
        "footprint": 2129.6639999999998,
        "frontageRoad": "W-LN-1-3",
        "scaleClass": "沿街常规建筑",
        "layer": "buildings"
      },
      "geometry": {
        "type": "Polygon",
        "coordinates": [
          [
            [
              2547.229,
              737.121
            ],
            [
              2582.825,
              743.108
            ],
            [
              2573.038,
              801.291
            ],
            [
              2537.442,
              795.303
            ],
            [
              2547.229,
              737.121
            ]
          ]
        ]
      }
    },
    {
      "type": "Feature",
      "properties": {
        "id": "W-040",
        "name": "试储导能楼 4号",
        "zone": "工坊区",
        "kind": "building",
        "description": "工坊区沿街功能建筑。",
        "footprint": 1696.512,
        "frontageRoad": "W-LN-1-3",
        "scaleClass": "沿街常规建筑",
        "layer": "buildings"
      },
      "geometry": {
        "type": "Polygon",
        "coordinates": [
          [
            [
              2593.88,
              744.451
            ],
            [
              2629.89,
              746.937
            ],
            [
              2626.654,
              793.825
            ],
            [
              2590.643,
              791.34
            ],
            [
              2593.88,
              744.451
            ]
          ]
        ]
      }
    },
    {
      "type": "Feature",
      "properties": {
        "id": "W-041",
        "name": "登记材料库 4号",
        "zone": "工坊区",
        "kind": "building",
        "description": "工坊区沿街功能建筑。",
        "footprint": 1804.7999999999997,
        "frontageRoad": "W-LN-1-3",
        "scaleClass": "沿街常规建筑",
        "layer": "buildings"
      },
      "geometry": {
        "type": "Polygon",
        "coordinates": [
          [
            [
              2640.777,
              749.237
            ],
            [
              2676.798,
              746.908
            ],
            [
              2680.023,
              796.804
            ],
            [
              2644.002,
              799.133
            ],
            [
              2640.777,
              749.237
            ]
          ]
        ]
      }
    },
    {
      "type": "Feature",
      "properties": {
        "id": "W-042",
        "name": "绝缘耗材库 4号",
        "zone": "工坊区",
        "kind": "building",
        "description": "工坊区沿街功能建筑。",
        "footprint": 1913.0879999999997,
        "frontageRoad": "W-LN-1-3",
        "scaleClass": "沿街常规建筑",
        "layer": "buildings"
      },
      "geometry": {
        "type": "Polygon",
        "coordinates": [
          [
            [
              2691.437,
              746.753
            ],
            [
              2727.504,
              745.305
            ],
            [
              2729.63,
              798.263
            ],
            [
              2693.563,
              799.711
            ],
            [
              2691.437,
              746.753
            ]
          ]
        ]
      }
    },
    {
      "type": "Feature",
      "properties": {
        "id": "W-043",
        "name": "安全洗消站 4号",
        "zone": "工坊区",
        "kind": "building",
        "description": "工坊区沿街功能建筑。",
        "footprint": 2021.3759999999997,
        "frontageRoad": "W-LN-1-3",
        "scaleClass": "沿街常规建筑",
        "layer": "buildings"
      },
      "geometry": {
        "type": "Polygon",
        "coordinates": [
          [
            [
              2742.182,
              744.282
            ],
            [
              2778.273,
              743.716
            ],
            [
              2779.152,
              799.709
            ],
            [
              2743.06,
              800.275
            ],
            [
              2742.182,
              744.282
            ]
          ]
        ]
      }
    },
    {
      "type": "Feature",
      "properties": {
        "id": "W-044",
        "name": "工具发放屋 4号",
        "zone": "工坊区",
        "kind": "building",
        "description": "工坊区沿街功能建筑。",
        "footprint": 2129.6639999999998,
        "frontageRoad": "W-LN-1-3",
        "scaleClass": "沿街常规建筑",
        "layer": "buildings"
      },
      "geometry": {
        "type": "Polygon",
        "coordinates": [
          [
            [
              2793.011,
              741.826
            ],
            [
              2829.105,
              742.142
            ],
            [
              2828.589,
              801.139
            ],
            [
              2792.495,
              800.824
            ],
            [
              2793.011,
              741.826
            ]
          ]
        ]
      }
    },
    {
      "type": "Feature",
      "properties": {
        "id": "W-045",
        "name": "器材检验楼 4号",
        "zone": "工坊区",
        "kind": "building",
        "description": "工坊区沿街功能建筑。",
        "footprint": 1696.512,
        "frontageRoad": "W-LN-1-3",
        "scaleClass": "沿街常规建筑",
        "layer": "buildings"
      },
      "geometry": {
        "type": "Polygon",
        "coordinates": [
          [
            [
              2840.868,
              741.667
            ],
            [
              2876.821,
              738.459
            ],
            [
              2880.999,
              785.273
            ],
            [
              2845.045,
              788.481
            ],
            [
              2840.868,
              741.667
            ]
          ]
        ]
      }
    },
    {
      "type": "Feature",
      "properties": {
        "id": "W-046",
        "name": "城市供能维护所 4号",
        "zone": "工坊区",
        "kind": "building",
        "description": "工坊区沿街功能建筑。",
        "footprint": 1804.7999999999997,
        "frontageRoad": "W-LN-1-4",
        "scaleClass": "沿街常规建筑",
        "layer": "buildings"
      },
      "geometry": {
        "type": "Polygon",
        "coordinates": [
          [
            [
              2144.213,
              837.249
            ],
            [
              2180.038,
              841.665
            ],
            [
              2173.921,
              891.289
            ],
            [
              2138.096,
              886.873
            ],
            [
              2144.213,
              837.249
            ]
          ]
        ]
      }
    },
    {
      "type": "Feature",
      "properties": {
        "id": "W-047",
        "name": "公共维修厂 4号",
        "zone": "工坊区",
        "kind": "building",
        "description": "工坊区沿街功能建筑。",
        "footprint": 1913.0879999999997,
        "frontageRoad": "W-LN-1-4",
        "scaleClass": "沿街常规建筑",
        "layer": "buildings"
      },
      "geometry": {
        "type": "Polygon",
        "coordinates": [
          [
            [
              2195.23,
              841.337
            ],
            [
              2230.937,
              846.627
            ],
            [
              2223.17,
              899.055
            ],
            [
              2187.463,
              893.765
            ],
            [
              2195.23,
              841.337
            ]
          ]
        ]
      }
    },
    {
      "type": "Feature",
      "properties": {
        "id": "W-048",
        "name": "河桥机务所 4号",
        "zone": "工坊区",
        "kind": "building",
        "description": "工坊区沿街功能建筑。",
        "footprint": 2021.3759999999997,
        "frontageRoad": "W-LN-1-4",
        "scaleClass": "沿街常规建筑",
        "layer": "buildings"
      },
      "geometry": {
        "type": "Polygon",
        "coordinates": [
          [
            [
              2246.329,
              845.454
            ],
            [
              2281.895,
              851.615
            ],
            [
              2272.338,
              906.793
            ],
            [
              2236.771,
              900.632
            ],
            [
              2246.329,
              845.454
            ]
          ]
        ]
      }
    },
    {
      "type": "Feature",
      "properties": {
        "id": "W-049",
        "name": "公共校准大厅 5号",
        "zone": "工坊区",
        "kind": "building",
        "description": "工坊区沿街功能建筑。",
        "footprint": 2129.6639999999998,
        "frontageRoad": "W-LN-1-4",
        "scaleClass": "沿街常规建筑",
        "layer": "buildings"
      },
      "geometry": {
        "type": "Polygon",
        "coordinates": [
          [
            [
              2297.508,
              849.601
            ],
            [
              2332.913,
              856.629
            ],
            [
              2321.426,
              914.5
            ],
            [
              2286.021,
              907.472
            ],
            [
              2297.508,
              849.601
            ]
          ]
        ]
      }
    },
    {
      "type": "Feature",
      "properties": {
        "id": "W-050",
        "name": "材料机械工坊 5号",
        "zone": "工坊区",
        "kind": "building",
        "description": "工坊区沿街功能建筑。",
        "footprint": 1696.512,
        "frontageRoad": "W-LN-1-4",
        "scaleClass": "沿街常规建筑",
        "layer": "buildings"
      },
      "geometry": {
        "type": "Polygon",
        "coordinates": [
          [
            [
              2337.37,
              866.015
            ],
            [
              2372.792,
              859.075
            ],
            [
              2381.83,
              905.197
            ],
            [
              2346.408,
              912.138
            ],
            [
              2337.37,
              866.015
            ]
          ]
        ]
      }
    },
    {
      "type": "Feature",
      "properties": {
        "id": "W-051",
        "name": "导具设计楼 5号",
        "zone": "工坊区",
        "kind": "building",
        "description": "工坊区沿街功能建筑。",
        "footprint": 1804.7999999999997,
        "frontageRoad": "W-LN-1-4",
        "scaleClass": "沿街常规建筑",
        "layer": "buildings"
      },
      "geometry": {
        "type": "Polygon",
        "coordinates": [
          [
            [
              2387.736,
              855.198
            ],
            [
              2423.318,
              849.125
            ],
            [
              2431.73,
              898.412
            ],
            [
              2396.149,
              904.485
            ],
            [
              2387.736,
              855.198
            ]
          ]
        ]
      }
    },
    {
      "type": "Feature",
      "properties": {
        "id": "W-052",
        "name": "试储导能楼 5号",
        "zone": "工坊区",
        "kind": "building",
        "description": "工坊区沿街功能建筑。",
        "footprint": 1913.0879999999997,
        "frontageRoad": "W-LN-1-4",
        "scaleClass": "沿街常规建筑",
        "layer": "buildings"
      },
      "geometry": {
        "type": "Polygon",
        "coordinates": [
          [
            [
              2438.188,
              844.381
            ],
            [
              2473.907,
              839.179
            ],
            [
              2481.545,
              891.626
            ],
            [
              2445.826,
              896.828
            ],
            [
              2438.188,
              844.381
            ]
          ]
        ]
      }
    },
    {
      "type": "Feature",
      "properties": {
        "id": "W-053",
        "name": "登记材料库 5号",
        "zone": "工坊区",
        "kind": "building",
        "description": "工坊区沿街功能建筑。",
        "footprint": 2021.3759999999997,
        "frontageRoad": "W-LN-1-4",
        "scaleClass": "沿街常规建筑",
        "layer": "buildings"
      },
      "geometry": {
        "type": "Polygon",
        "coordinates": [
          [
            [
              2488.725,
              833.568
            ],
            [
              2524.561,
              829.24
            ],
            [
              2531.275,
              884.836
            ],
            [
              2495.439,
              889.164
            ],
            [
              2488.725,
              833.568
            ]
          ]
        ]
      }
    },
    {
      "type": "Feature",
      "properties": {
        "id": "W-054",
        "name": "绝缘耗材库 5号",
        "zone": "工坊区",
        "kind": "building",
        "description": "工坊区沿街功能建筑。",
        "footprint": 2129.6639999999998,
        "frontageRoad": "W-LN-1-4",
        "scaleClass": "沿街常规建筑",
        "layer": "buildings"
      },
      "geometry": {
        "type": "Polygon",
        "coordinates": [
          [
            [
              2539.348,
              822.761
            ],
            [
              2575.278,
              819.31
            ],
            [
              2580.919,
              878.04
            ],
            [
              2544.988,
              881.491
            ],
            [
              2539.348,
              822.761
            ]
          ]
        ]
      }
    },
    {
      "type": "Feature",
      "properties": {
        "id": "W-055",
        "name": "安全洗消站 5号",
        "zone": "工坊区",
        "kind": "building",
        "description": "工坊区沿街功能建筑。",
        "footprint": 1696.512,
        "frontageRoad": "W-LN-1-4",
        "scaleClass": "沿街常规建筑",
        "layer": "buildings"
      },
      "geometry": {
        "type": "Polygon",
        "coordinates": [
          [
            [
              2588.037,
              829.508
            ],
            [
              2623.459,
              822.567
            ],
            [
              2632.497,
              868.69
            ],
            [
              2597.074,
              875.631
            ],
            [
              2588.037,
              829.508
            ]
          ]
        ]
      }
    },
    {
      "type": "Feature",
      "properties": {
        "id": "W-056",
        "name": "工具发放屋 5号",
        "zone": "工坊区",
        "kind": "building",
        "description": "工坊区沿街功能建筑。",
        "footprint": 1804.7999999999997,
        "frontageRoad": "W-LN-1-4",
        "scaleClass": "沿街常规建筑",
        "layer": "buildings"
      },
      "geometry": {
        "type": "Polygon",
        "coordinates": [
          [
            [
              2642.981,
              819.225
            ],
            [
              2679.066,
              820.125
            ],
            [
              2677.819,
              870.109
            ],
            [
              2641.734,
              869.209
            ],
            [
              2642.981,
              819.225
            ]
          ]
        ]
      }
    },
    {
      "type": "Feature",
      "properties": {
        "id": "W-057",
        "name": "器材检验楼 5号",
        "zone": "工坊区",
        "kind": "building",
        "description": "工坊区沿街功能建筑。",
        "footprint": 1913.0879999999997,
        "frontageRoad": "W-LN-1-4",
        "scaleClass": "沿街常规建筑",
        "layer": "buildings"
      },
      "geometry": {
        "type": "Polygon",
        "coordinates": [
          [
            [
              2693.815,
              818.286
            ],
            [
              2729.867,
              820.067
            ],
            [
              2727.252,
              873.002
            ],
            [
              2691.2,
              871.221
            ],
            [
              2693.815,
              818.286
            ]
          ]
        ]
      }
    },
    {
      "type": "Feature",
      "properties": {
        "id": "W-058",
        "name": "城市供能维护所 5号",
        "zone": "工坊区",
        "kind": "building",
        "description": "工坊区沿街功能建筑。",
        "footprint": 2021.3759999999997,
        "frontageRoad": "W-LN-1-4",
        "scaleClass": "沿街常规建筑",
        "layer": "buildings"
      },
      "geometry": {
        "type": "Polygon",
        "coordinates": [
          [
            [
              2744.732,
              817.367
            ],
            [
              2780.73,
              820.028
            ],
            [
              2776.601,
              875.876
            ],
            [
              2740.603,
              873.214
            ],
            [
              2744.732,
              817.367
            ]
          ]
        ]
      }
    },
    {
      "type": "Feature",
      "properties": {
        "id": "W-059",
        "name": "公共维修厂 5号",
        "zone": "工坊区",
        "kind": "building",
        "description": "工坊区沿街功能建筑。",
        "footprint": 2129.6639999999998,
        "frontageRoad": "W-LN-1-4",
        "scaleClass": "沿街常规建筑",
        "layer": "buildings"
      },
      "geometry": {
        "type": "Polygon",
        "coordinates": [
          [
            [
              2795.732,
              816.47
            ],
            [
              2831.654,
              820.011
            ],
            [
              2825.868,
              878.726
            ],
            [
              2789.946,
              875.186
            ],
            [
              2795.732,
              816.47
            ]
          ]
        ]
      }
    },
    {
      "type": "Feature",
      "properties": {
        "id": "W-060",
        "name": "河桥机务所 5号",
        "zone": "工坊区",
        "kind": "building",
        "description": "工坊区沿街功能建筑。",
        "footprint": 1696.512,
        "frontageRoad": "W-LN-1-4",
        "scaleClass": "沿街常规建筑",
        "layer": "buildings"
      },
      "geometry": {
        "type": "Polygon",
        "coordinates": [
          [
            [
              2842.897,
              832.566
            ],
            [
              2878.993,
              832.585
            ],
            [
              2878.97,
              879.585
            ],
            [
              2842.874,
              879.566
            ],
            [
              2842.897,
              832.566
            ]
          ]
        ]
      }
    },
    {
      "type": "Feature",
      "properties": {
        "id": "L-001",
        "name": "共同基础宿舍",
        "zone": "生活区",
        "kind": "building",
        "description": "生活区沿街功能建筑。",
        "footprint": 1876.8000000000002,
        "frontageRoad": "L-LN-1-1",
        "scaleClass": "沿街常规建筑",
        "layer": "buildings"
      },
      "geometry": {
        "type": "Polygon",
        "coordinates": [
          [
            [
              317.995,
              1175.053
            ],
            [
              355.164,
              1169.818
            ],
            [
              362.138,
              1219.329
            ],
            [
              324.969,
              1224.565
            ],
            [
              317.995,
              1175.053
            ]
          ]
        ]
      }
    },
    {
      "type": "Feature",
      "properties": {
        "id": "L-002",
        "name": "专业院系宿舍",
        "zone": "生活区",
        "kind": "building",
        "description": "生活区沿街功能建筑。",
        "footprint": 1989.4080000000001,
        "frontageRoad": "L-LN-1-1",
        "scaleClass": "沿街常规建筑",
        "layer": "buildings"
      },
      "geometry": {
        "type": "Polygon",
        "coordinates": [
          [
            [
              370.503,
              1168.482
            ],
            [
              407.789,
              1164.156
            ],
            [
              413.897,
              1216.803
            ],
            [
              376.611,
              1221.129
            ],
            [
              370.503,
              1168.482
            ]
          ]
        ]
      }
    },
    {
      "type": "Feature",
      "properties": {
        "id": "L-003",
        "name": "城市居民公寓",
        "zone": "生活区",
        "kind": "building",
        "description": "生活区沿街功能建筑。",
        "footprint": 2415.633796882059,
        "frontageRoad": "L-LN-1-1",
        "shapeType": "切角街坊公寓",
        "scaleClass": "地标建筑",
        "layer": "buildings"
      },
      "geometry": {
        "type": "Polygon",
        "coordinates": [
          [
            [
              430.097,
              1158.504
            ],
            [
              458.57,
              1158.504
            ],
            [
              465.57,
              1165.504
            ],
            [
              465.57,
              1210.685
            ],
            [
              458.57,
              1217.685
            ],
            [
              430.097,
              1217.685
            ],
            [
              423.097,
              1210.685
            ],
            [
              423.097,
              1165.504
            ],
            [
              430.097,
              1158.504
            ]
          ]
        ]
      }
    },
    {
      "type": "Feature",
      "properties": {
        "id": "L-004",
        "name": "社区餐厨楼",
        "zone": "生活区",
        "kind": "building",
        "description": "生活区沿街功能建筑。",
        "footprint": 2214.6240000000003,
        "frontageRoad": "L-LN-1-1",
        "scaleClass": "沿街常规建筑",
        "layer": "buildings"
      },
      "geometry": {
        "type": "Polygon",
        "coordinates": [
          [
            [
              475.776,
              1155.361
            ],
            [
              513.229,
              1152.862
            ],
            [
              517.157,
              1211.731
            ],
            [
              479.705,
              1214.23
            ],
            [
              475.776,
              1155.361
            ]
          ]
        ]
      }
    },
    {
      "type": "Feature",
      "properties": {
        "id": "L-005",
        "name": "学院医务院",
        "zone": "生活区",
        "kind": "building",
        "description": "生活区沿街功能建筑。",
        "footprint": 1899.6072900855215,
        "frontageRoad": "L-LN-1-1",
        "shapeType": "多边医务院",
        "scaleClass": "地标建筑",
        "layer": "buildings"
      },
      "geometry": {
        "type": "Polygon",
        "coordinates": [
          [
            [
              535.352,
              1154.771
            ],
            [
              561.848,
              1154.771
            ],
            [
              568.848,
              1161.771
            ],
            [
              568.848,
              1197.099
            ],
            [
              561.848,
              1204.099
            ],
            [
              535.352,
              1204.099
            ],
            [
              528.352,
              1197.099
            ],
            [
              528.352,
              1161.771
            ],
            [
              535.352,
              1154.771
            ]
          ]
        ]
      }
    },
    {
      "type": "Feature",
      "properties": {
        "id": "L-006",
        "name": "洗衣浴室",
        "zone": "生活区",
        "kind": "building",
        "description": "生活区沿街功能建筑。",
        "footprint": 1876.8000000000002,
        "frontageRoad": "L-LN-1-1",
        "scaleClass": "沿街常规建筑",
        "layer": "buildings"
      },
      "geometry": {
        "type": "Polygon",
        "coordinates": [
          [
            [
              584.265,
              1160.31
            ],
            [
              621.652,
              1163.651
            ],
            [
              617.202,
              1213.452
            ],
            [
              579.815,
              1210.111
            ],
            [
              584.265,
              1160.31
            ]
          ]
        ]
      }
    },
    {
      "type": "Feature",
      "properties": {
        "id": "L-007",
        "name": "工读服务屋",
        "zone": "生活区",
        "kind": "building",
        "description": "生活区沿街功能建筑。",
        "footprint": 1989.4080000000001,
        "frontageRoad": "L-LN-1-1",
        "scaleClass": "沿街常规建筑",
        "layer": "buildings"
      },
      "geometry": {
        "type": "Polygon",
        "coordinates": [
          [
            [
              637.223,
              1165.871
            ],
            [
              674.517,
              1170.125
            ],
            [
              668.511,
              1222.783
            ],
            [
              631.217,
              1218.53
            ],
            [
              637.223,
              1165.871
            ]
          ]
        ]
      }
    },
    {
      "type": "Feature",
      "properties": {
        "id": "L-008",
        "name": "夜间公共屋",
        "zone": "生活区",
        "kind": "building",
        "description": "生活区沿街功能建筑。",
        "footprint": 2102.016,
        "frontageRoad": "L-LN-1-1",
        "scaleClass": "沿街常规建筑",
        "layer": "buildings"
      },
      "geometry": {
        "type": "Polygon",
        "coordinates": [
          [
            [
              690.262,
              1171.458
            ],
            [
              727.441,
              1176.621
            ],
            [
              719.738,
              1232.089
            ],
            [
              682.559,
              1226.925
            ],
            [
              690.262,
              1171.458
            ]
          ]
        ]
      }
    },
    {
      "type": "Feature",
      "properties": {
        "id": "L-009",
        "name": "社区诊疗所",
        "zone": "生活区",
        "kind": "building",
        "description": "生活区沿街功能建筑。",
        "footprint": 2214.6240000000003,
        "frontageRoad": "L-LN-1-1",
        "scaleClass": "沿街常规建筑",
        "layer": "buildings"
      },
      "geometry": {
        "type": "Polygon",
        "coordinates": [
          [
            [
              743.383,
              1177.073
            ],
            [
              780.425,
              1183.143
            ],
            [
              770.884,
              1241.366
            ],
            [
              733.842,
              1235.296
            ],
            [
              743.383,
              1177.073
            ]
          ]
        ]
      }
    },
    {
      "type": "Feature",
      "properties": {
        "id": "L-010",
        "name": "家庭服务屋",
        "zone": "生活区",
        "kind": "building",
        "description": "生活区沿街功能建筑。",
        "footprint": 1764.192,
        "frontageRoad": "L-LN-1-1",
        "scaleClass": "沿街常规建筑",
        "layer": "buildings"
      },
      "geometry": {
        "type": "Polygon",
        "coordinates": [
          [
            [
              792.057,
              1184.501
            ],
            [
              829.515,
              1186.928
            ],
            [
              826.476,
              1233.83
            ],
            [
              789.019,
              1231.403
            ],
            [
              792.057,
              1184.501
            ]
          ]
        ]
      }
    },
    {
      "type": "Feature",
      "properties": {
        "id": "L-011",
        "name": "公共储物楼",
        "zone": "生活区",
        "kind": "building",
        "description": "生活区沿街功能建筑。",
        "footprint": 1876.8000000000002,
        "frontageRoad": "L-LN-1-1",
        "scaleClass": "沿街常规建筑",
        "layer": "buildings"
      },
      "geometry": {
        "type": "Polygon",
        "coordinates": [
          [
            [
              841.093,
              1189.24
            ],
            [
              878.554,
              1186.873
            ],
            [
              881.707,
              1236.773
            ],
            [
              844.246,
              1239.141
            ],
            [
              841.093,
              1189.24
            ]
          ]
        ]
      }
    },
    {
      "type": "Feature",
      "properties": {
        "id": "L-012",
        "name": "社区修补所",
        "zone": "生活区",
        "kind": "building",
        "description": "生活区沿街功能建筑。",
        "footprint": 1989.4080000000001,
        "frontageRoad": "L-LN-1-1",
        "scaleClass": "沿街常规建筑",
        "layer": "buildings"
      },
      "geometry": {
        "type": "Polygon",
        "coordinates": [
          [
            [
              893.755,
              1186.735
            ],
            [
              931.263,
              1185.284
            ],
            [
              933.312,
              1238.244
            ],
            [
              895.804,
              1239.695
            ],
            [
              893.755,
              1186.735
            ]
          ]
        ]
      }
    },
    {
      "type": "Feature",
      "properties": {
        "id": "L-013",
        "name": "共同基础宿舍 2号",
        "zone": "生活区",
        "kind": "building",
        "description": "生活区沿街功能建筑。",
        "footprint": 2102.016,
        "frontageRoad": "L-LN-1-1",
        "scaleClass": "沿街常规建筑",
        "layer": "buildings"
      },
      "geometry": {
        "type": "Polygon",
        "coordinates": [
          [
            [
              946.502,
              1184.242
            ],
            [
              984.034,
              1183.708
            ],
            [
              984.832,
              1239.702
            ],
            [
              947.299,
              1240.237
            ],
            [
              946.502,
              1184.242
            ]
          ]
        ]
      }
    },
    {
      "type": "Feature",
      "properties": {
        "id": "L-014",
        "name": "专业院系宿舍 2号",
        "zone": "生活区",
        "kind": "building",
        "description": "生活区沿街功能建筑。",
        "footprint": 2214.6240000000003,
        "frontageRoad": "L-LN-1-1",
        "scaleClass": "沿街常规建筑",
        "layer": "buildings"
      },
      "geometry": {
        "type": "Polygon",
        "coordinates": [
          [
            [
              999.334,
              1181.765
            ],
            [
              1036.868,
              1182.148
            ],
            [
              1036.266,
              1241.144
            ],
            [
              998.732,
              1240.762
            ],
            [
              999.334,
              1181.765
            ]
          ]
        ]
      }
    },
    {
      "type": "Feature",
      "properties": {
        "id": "L-015",
        "name": "城市居民公寓 2号",
        "zone": "生活区",
        "kind": "building",
        "description": "生活区沿街功能建筑。",
        "footprint": 1764.192,
        "frontageRoad": "L-LN-1-1",
        "scaleClass": "沿街常规建筑",
        "layer": "buildings"
      },
      "geometry": {
        "type": "Polygon",
        "coordinates": [
          [
            [
              1049.183,
              1181.668
            ],
            [
              1086.575,
              1178.386
            ],
            [
              1090.684,
              1225.206
            ],
            [
              1053.292,
              1228.488
            ],
            [
              1049.183,
              1181.668
            ]
          ]
        ]
      }
    },
    {
      "type": "Feature",
      "properties": {
        "id": "L-016",
        "name": "社区餐厨楼 2号",
        "zone": "生活区",
        "kind": "building",
        "description": "生活区沿街功能建筑。",
        "footprint": 1876.8000000000002,
        "frontageRoad": "L-LN-1-2",
        "scaleClass": "沿街常规建筑",
        "layer": "buildings"
      },
      "geometry": {
        "type": "Polygon",
        "coordinates": [
          [
            [
              324.356,
              1327.123
            ],
            [
              361.634,
              1331.52
            ],
            [
              355.777,
              1381.175
            ],
            [
              318.5,
              1376.779
            ],
            [
              324.356,
              1327.123
            ]
          ]
        ]
      }
    },
    {
      "type": "Feature",
      "properties": {
        "id": "L-017",
        "name": "学院医务院 2号",
        "zone": "生活区",
        "kind": "building",
        "description": "生活区沿街功能建筑。",
        "footprint": 1989.4080000000001,
        "frontageRoad": "L-LN-1-2",
        "scaleClass": "沿街常规建筑",
        "layer": "buildings"
      },
      "geometry": {
        "type": "Polygon",
        "coordinates": [
          [
            [
              377.366,
              1331.207
            ],
            [
              414.526,
              1336.513
            ],
            [
              407.034,
              1388.98
            ],
            [
              369.874,
              1383.674
            ],
            [
              377.366,
              1331.207
            ]
          ]
        ]
      }
    },
    {
      "type": "Feature",
      "properties": {
        "id": "L-018",
        "name": "洗衣浴室 2号",
        "zone": "生活区",
        "kind": "building",
        "description": "生活区沿街功能建筑。",
        "footprint": 2102.016,
        "frontageRoad": "L-LN-1-2",
        "scaleClass": "沿街常规建筑",
        "layer": "buildings"
      },
      "geometry": {
        "type": "Polygon",
        "coordinates": [
          [
            [
              430.458,
              1335.318
            ],
            [
              467.477,
              1341.53
            ],
            [
              458.208,
              1396.758
            ],
            [
              421.19,
              1390.545
            ],
            [
              430.458,
              1335.318
            ]
          ]
        ]
      }
    },
    {
      "type": "Feature",
      "properties": {
        "id": "L-019",
        "name": "工读服务屋 2号",
        "zone": "生活区",
        "kind": "building",
        "description": "生活区沿街功能建筑。",
        "footprint": 2214.6240000000003,
        "frontageRoad": "L-LN-1-2",
        "scaleClass": "沿街常规建筑",
        "layer": "buildings"
      },
      "geometry": {
        "type": "Polygon",
        "coordinates": [
          [
            [
              483.631,
              1339.459
            ],
            [
              520.486,
              1346.574
            ],
            [
              509.303,
              1404.505
            ],
            [
              472.447,
              1397.39
            ],
            [
              483.631,
              1339.459
            ]
          ]
        ]
      }
    },
    {
      "type": "Feature",
      "properties": {
        "id": "L-020",
        "name": "夜间公共屋 2号",
        "zone": "生活区",
        "kind": "building",
        "description": "生活区沿街功能建筑。",
        "footprint": 1764.192,
        "frontageRoad": "L-LN-1-2",
        "scaleClass": "沿街常规建筑",
        "layer": "buildings"
      },
      "geometry": {
        "type": "Polygon",
        "coordinates": [
          [
            [
              525.764,
              1356.086
            ],
            [
              562.636,
              1349.059
            ],
            [
              571.436,
              1395.228
            ],
            [
              534.564,
              1402.255
            ],
            [
              525.764,
              1356.086
            ]
          ]
        ]
      }
    },
    {
      "type": "Feature",
      "properties": {
        "id": "L-021",
        "name": "社区诊疗所 2号",
        "zone": "生活区",
        "kind": "building",
        "description": "生活区沿街功能建筑。",
        "footprint": 1876.8000000000002,
        "frontageRoad": "L-LN-1-2",
        "scaleClass": "沿街常规建筑",
        "layer": "buildings"
      },
      "geometry": {
        "type": "Polygon",
        "coordinates": [
          [
            [
              578.138,
              1345.236
            ],
            [
              615.171,
              1339.111
            ],
            [
              623.329,
              1388.441
            ],
            [
              586.296,
              1394.566
            ],
            [
              578.138,
              1345.236
            ]
          ]
        ]
      }
    },
    {
      "type": "Feature",
      "properties": {
        "id": "L-022",
        "name": "家庭服务屋 2号",
        "zone": "生活区",
        "kind": "building",
        "description": "生活区沿街功能建筑。",
        "footprint": 1989.4080000000001,
        "frontageRoad": "L-LN-1-2",
        "scaleClass": "沿街常规建筑",
        "layer": "buildings"
      },
      "geometry": {
        "type": "Polygon",
        "coordinates": [
          [
            [
              630.597,
              1334.387
            ],
            [
              667.769,
              1329.169
            ],
            [
              675.136,
              1381.654
            ],
            [
              637.965,
              1386.872
            ],
            [
              630.597,
              1334.387
            ]
          ]
        ]
      }
    },
    {
      "type": "Feature",
      "properties": {
        "id": "L-023",
        "name": "公共储物楼 2号",
        "zone": "生活区",
        "kind": "building",
        "description": "生活区沿街功能建筑。",
        "footprint": 2102.016,
        "frontageRoad": "L-LN-1-2",
        "scaleClass": "沿街常规建筑",
        "layer": "buildings"
      },
      "geometry": {
        "type": "Polygon",
        "coordinates": [
          [
            [
              683.142,
              1323.541
            ],
            [
              720.43,
              1319.233
            ],
            [
              726.858,
              1374.863
            ],
            [
              689.57,
              1379.171
            ],
            [
              683.142,
              1323.541
            ]
          ]
        ]
      }
    },
    {
      "type": "Feature",
      "properties": {
        "id": "L-024",
        "name": "社区修补所 2号",
        "zone": "生活区",
        "kind": "building",
        "description": "生活区沿街功能建筑。",
        "footprint": 2214.6240000000003,
        "frontageRoad": "L-LN-1-2",
        "scaleClass": "沿街常规建筑",
        "layer": "buildings"
      },
      "geometry": {
        "type": "Polygon",
        "coordinates": [
          [
            [
              735.773,
              1312.703
            ],
            [
              773.155,
              1309.307
            ],
            [
              778.493,
              1368.065
            ],
            [
              741.111,
              1371.461
            ],
            [
              735.773,
              1312.703
            ]
          ]
        ]
      }
    },
    {
      "type": "Feature",
      "properties": {
        "id": "L-025",
        "name": "共同基础宿舍 3号",
        "zone": "生活区",
        "kind": "building",
        "description": "生活区沿街功能建筑。",
        "footprint": 1764.192,
        "frontageRoad": "L-LN-1-2",
        "scaleClass": "沿街常规建筑",
        "layer": "buildings"
      },
      "geometry": {
        "type": "Polygon",
        "coordinates": [
          [
            [
              786.431,
              1319.495
            ],
            [
              823.303,
              1312.467
            ],
            [
              832.103,
              1358.636
            ],
            [
              795.23,
              1365.664
            ],
            [
              786.431,
              1319.495
            ]
          ]
        ]
      }
    },
    {
      "type": "Feature",
      "properties": {
        "id": "L-026",
        "name": "专业院系宿舍 3号",
        "zone": "生活区",
        "kind": "building",
        "description": "生活区沿街功能建筑。",
        "footprint": 1876.8000000000002,
        "frontageRoad": "L-LN-1-2",
        "scaleClass": "沿街常规建筑",
        "layer": "buildings"
      },
      "geometry": {
        "type": "Polygon",
        "coordinates": [
          [
            [
              843.216,
              1309.256
            ],
            [
              880.742,
              1310.125
            ],
            [
              879.584,
              1360.112
            ],
            [
              842.058,
              1359.243
            ],
            [
              843.216,
              1309.256
            ]
          ]
        ]
      }
    },
    {
      "type": "Feature",
      "properties": {
        "id": "L-027",
        "name": "城市居民公寓 3号",
        "zone": "生活区",
        "kind": "building",
        "description": "生活区沿街功能建筑。",
        "footprint": 1989.4080000000001,
        "frontageRoad": "L-LN-1-2",
        "scaleClass": "沿街常规建筑",
        "layer": "buildings"
      },
      "geometry": {
        "type": "Polygon",
        "coordinates": [
          [
            [
              896.047,
              1308.304
            ],
            [
              933.541,
              1310.09
            ],
            [
              931.019,
              1363.03
            ],
            [
              893.526,
              1361.244
            ],
            [
              896.047,
              1308.304
            ]
          ]
        ]
      }
    },
    {
      "type": "Feature",
      "properties": {
        "id": "L-028",
        "name": "社区餐厨楼 3号",
        "zone": "生活区",
        "kind": "building",
        "description": "生活区沿街功能建筑。",
        "footprint": 2102.016,
        "frontageRoad": "L-LN-1-2",
        "scaleClass": "沿街常规建筑",
        "layer": "buildings"
      },
      "geometry": {
        "type": "Polygon",
        "coordinates": [
          [
            [
              948.962,
              1307.372
            ],
            [
              986.401,
              1310.073
            ],
            [
              982.371,
              1365.928
            ],
            [
              944.932,
              1363.227
            ],
            [
              948.962,
              1307.372
            ]
          ]
        ]
      }
    },
    {
      "type": "Feature",
      "properties": {
        "id": "L-029",
        "name": "学院医务院 3号",
        "zone": "生活区",
        "kind": "building",
        "description": "生活区沿街功能建筑。",
        "footprint": 2214.6240000000003,
        "frontageRoad": "L-LN-1-2",
        "scaleClass": "沿街常规建筑",
        "layer": "buildings"
      },
      "geometry": {
        "type": "Polygon",
        "coordinates": [
          [
            [
              1001.96,
              1306.462
            ],
            [
              1039.322,
              1310.077
            ],
            [
              1033.64,
              1368.803
            ],
            [
              996.278,
              1365.188
            ],
            [
              1001.96,
              1306.462
            ]
          ]
        ]
      }
    },
    {
      "type": "Feature",
      "properties": {
        "id": "L-030",
        "name": "洗衣浴室 3号",
        "zone": "生活区",
        "kind": "building",
        "description": "生活区沿街功能建筑。",
        "footprint": 1764.192,
        "frontageRoad": "L-LN-1-2",
        "scaleClass": "沿街常规建筑",
        "layer": "buildings"
      },
      "geometry": {
        "type": "Polygon",
        "coordinates": [
          [
            [
              1051.135,
              1322.64
            ],
            [
              1088.671,
              1322.592
            ],
            [
              1088.731,
              1369.592
            ],
            [
              1051.195,
              1369.64
            ],
            [
              1051.135,
              1322.64
            ]
          ]
        ]
      }
    },
    {
      "type": "Feature",
      "properties": {
        "id": "L-031",
        "name": "工读服务屋 3号",
        "zone": "生活区",
        "kind": "building",
        "description": "生活区沿街功能建筑。",
        "footprint": 1876.8000000000002,
        "frontageRoad": "L-LN-1-3",
        "scaleClass": "沿街常规建筑",
        "layer": "buildings"
      },
      "geometry": {
        "type": "Polygon",
        "coordinates": [
          [
            [
              317.995,
              1595.053
            ],
            [
              355.164,
              1589.818
            ],
            [
              362.138,
              1639.329
            ],
            [
              324.969,
              1644.565
            ],
            [
              317.995,
              1595.053
            ]
          ]
        ]
      }
    },
    {
      "type": "Feature",
      "properties": {
        "id": "L-032",
        "name": "夜间公共屋 3号",
        "zone": "生活区",
        "kind": "building",
        "description": "生活区沿街功能建筑。",
        "footprint": 1989.4080000000001,
        "frontageRoad": "L-LN-1-3",
        "scaleClass": "沿街常规建筑",
        "layer": "buildings"
      },
      "geometry": {
        "type": "Polygon",
        "coordinates": [
          [
            [
              370.503,
              1588.482
            ],
            [
              407.789,
              1584.156
            ],
            [
              413.897,
              1636.803
            ],
            [
              376.611,
              1641.129
            ],
            [
              370.503,
              1588.482
            ]
          ]
        ]
      }
    },
    {
      "type": "Feature",
      "properties": {
        "id": "L-033",
        "name": "社区诊疗所 3号",
        "zone": "生活区",
        "kind": "building",
        "description": "生活区沿街功能建筑。",
        "footprint": 2102.016,
        "frontageRoad": "L-LN-1-3",
        "scaleClass": "沿街常规建筑",
        "layer": "buildings"
      },
      "geometry": {
        "type": "Polygon",
        "coordinates": [
          [
            [
              423.097,
              1581.917
            ],
            [
              460.477,
              1578.504
            ],
            [
              465.57,
              1634.271
            ],
            [
              428.19,
              1637.685
            ],
            [
              423.097,
              1581.917
            ]
          ]
        ]
      }
    },
    {
      "type": "Feature",
      "properties": {
        "id": "L-034",
        "name": "家庭服务屋 3号",
        "zone": "生活区",
        "kind": "building",
        "description": "生活区沿街功能建筑。",
        "footprint": 2214.6240000000003,
        "frontageRoad": "L-LN-1-3",
        "scaleClass": "沿街常规建筑",
        "layer": "buildings"
      },
      "geometry": {
        "type": "Polygon",
        "coordinates": [
          [
            [
              475.776,
              1575.361
            ],
            [
              513.229,
              1572.862
            ],
            [
              517.157,
              1631.731
            ],
            [
              479.705,
              1634.23
            ],
            [
              475.776,
              1575.361
            ]
          ]
        ]
      }
    },
    {
      "type": "Feature",
      "properties": {
        "id": "L-035",
        "name": "公共储物楼 3号",
        "zone": "生活区",
        "kind": "building",
        "description": "生活区沿街功能建筑。",
        "footprint": 1764.192,
        "frontageRoad": "L-LN-1-3",
        "scaleClass": "沿街常规建筑",
        "layer": "buildings"
      },
      "geometry": {
        "type": "Polygon",
        "coordinates": [
          [
            [
              531.391,
              1574.771
            ],
            [
              568.848,
              1577.197
            ],
            [
              565.809,
              1624.099
            ],
            [
              528.352,
              1621.672
            ],
            [
              531.391,
              1574.771
            ]
          ]
        ]
      }
    },
    {
      "type": "Feature",
      "properties": {
        "id": "L-036",
        "name": "社区修补所 3号",
        "zone": "生活区",
        "kind": "building",
        "description": "生活区沿街功能建筑。",
        "footprint": 1876.8000000000002,
        "frontageRoad": "L-LN-1-3",
        "scaleClass": "沿街常规建筑",
        "layer": "buildings"
      },
      "geometry": {
        "type": "Polygon",
        "coordinates": [
          [
            [
              584.265,
              1580.31
            ],
            [
              621.652,
              1583.651
            ],
            [
              617.202,
              1633.452
            ],
            [
              579.815,
              1630.111
            ],
            [
              584.265,
              1580.31
            ]
          ]
        ]
      }
    },
    {
      "type": "Feature",
      "properties": {
        "id": "L-037",
        "name": "共同基础宿舍 4号",
        "zone": "生活区",
        "kind": "building",
        "description": "生活区沿街功能建筑。",
        "footprint": 1989.4080000000001,
        "frontageRoad": "L-LN-1-3",
        "scaleClass": "沿街常规建筑",
        "layer": "buildings"
      },
      "geometry": {
        "type": "Polygon",
        "coordinates": [
          [
            [
              637.223,
              1585.871
            ],
            [
              674.517,
              1590.125
            ],
            [
              668.511,
              1642.783
            ],
            [
              631.217,
              1638.53
            ],
            [
              637.223,
              1585.871
            ]
          ]
        ]
      }
    },
    {
      "type": "Feature",
      "properties": {
        "id": "L-038",
        "name": "专业院系宿舍 4号",
        "zone": "生活区",
        "kind": "building",
        "description": "生活区沿街功能建筑。",
        "footprint": 2102.016,
        "frontageRoad": "L-LN-1-3",
        "scaleClass": "沿街常规建筑",
        "layer": "buildings"
      },
      "geometry": {
        "type": "Polygon",
        "coordinates": [
          [
            [
              690.262,
              1591.458
            ],
            [
              727.441,
              1596.621
            ],
            [
              719.738,
              1652.089
            ],
            [
              682.559,
              1646.925
            ],
            [
              690.262,
              1591.458
            ]
          ]
        ]
      }
    },
    {
      "type": "Feature",
      "properties": {
        "id": "L-039",
        "name": "城市居民公寓 4号",
        "zone": "生活区",
        "kind": "building",
        "description": "生活区沿街功能建筑。",
        "footprint": 2214.6240000000003,
        "frontageRoad": "L-LN-1-3",
        "scaleClass": "沿街常规建筑",
        "layer": "buildings"
      },
      "geometry": {
        "type": "Polygon",
        "coordinates": [
          [
            [
              743.383,
              1597.073
            ],
            [
              780.425,
              1603.143
            ],
            [
              770.884,
              1661.366
            ],
            [
              733.842,
              1655.296
            ],
            [
              743.383,
              1597.073
            ]
          ]
        ]
      }
    },
    {
      "type": "Feature",
      "properties": {
        "id": "L-040",
        "name": "社区餐厨楼 4号",
        "zone": "生活区",
        "kind": "building",
        "description": "生活区沿街功能建筑。",
        "footprint": 1764.192,
        "frontageRoad": "L-LN-1-3",
        "scaleClass": "沿街常规建筑",
        "layer": "buildings"
      },
      "geometry": {
        "type": "Polygon",
        "coordinates": [
          [
            [
              792.057,
              1604.501
            ],
            [
              829.515,
              1606.928
            ],
            [
              826.476,
              1653.83
            ],
            [
              789.019,
              1651.403
            ],
            [
              792.057,
              1604.501
            ]
          ]
        ]
      }
    },
    {
      "type": "Feature",
      "properties": {
        "id": "L-041",
        "name": "学院医务院 4号",
        "zone": "生活区",
        "kind": "building",
        "description": "生活区沿街功能建筑。",
        "footprint": 1876.8000000000002,
        "frontageRoad": "L-LN-1-3",
        "scaleClass": "沿街常规建筑",
        "layer": "buildings"
      },
      "geometry": {
        "type": "Polygon",
        "coordinates": [
          [
            [
              841.093,
              1609.24
            ],
            [
              878.554,
              1606.873
            ],
            [
              881.707,
              1656.773
            ],
            [
              844.246,
              1659.141
            ],
            [
              841.093,
              1609.24
            ]
          ]
        ]
      }
    },
    {
      "type": "Feature",
      "properties": {
        "id": "L-042",
        "name": "洗衣浴室 4号",
        "zone": "生活区",
        "kind": "building",
        "description": "生活区沿街功能建筑。",
        "footprint": 1989.4080000000001,
        "frontageRoad": "L-LN-1-3",
        "scaleClass": "沿街常规建筑",
        "layer": "buildings"
      },
      "geometry": {
        "type": "Polygon",
        "coordinates": [
          [
            [
              893.755,
              1606.735
            ],
            [
              931.263,
              1605.284
            ],
            [
              933.312,
              1658.244
            ],
            [
              895.804,
              1659.695
            ],
            [
              893.755,
              1606.735
            ]
          ]
        ]
      }
    },
    {
      "type": "Feature",
      "properties": {
        "id": "L-043",
        "name": "工读服务屋 4号",
        "zone": "生活区",
        "kind": "building",
        "description": "生活区沿街功能建筑。",
        "footprint": 2102.016,
        "frontageRoad": "L-LN-1-3",
        "scaleClass": "沿街常规建筑",
        "layer": "buildings"
      },
      "geometry": {
        "type": "Polygon",
        "coordinates": [
          [
            [
              946.502,
              1604.242
            ],
            [
              984.034,
              1603.708
            ],
            [
              984.832,
              1659.702
            ],
            [
              947.299,
              1660.237
            ],
            [
              946.502,
              1604.242
            ]
          ]
        ]
      }
    },
    {
      "type": "Feature",
      "properties": {
        "id": "L-044",
        "name": "夜间公共屋 4号",
        "zone": "生活区",
        "kind": "building",
        "description": "生活区沿街功能建筑。",
        "footprint": 2214.6240000000003,
        "frontageRoad": "L-LN-1-3",
        "scaleClass": "沿街常规建筑",
        "layer": "buildings"
      },
      "geometry": {
        "type": "Polygon",
        "coordinates": [
          [
            [
              999.334,
              1601.765
            ],
            [
              1036.868,
              1602.148
            ],
            [
              1036.266,
              1661.144
            ],
            [
              998.732,
              1660.762
            ],
            [
              999.334,
              1601.765
            ]
          ]
        ]
      }
    },
    {
      "type": "Feature",
      "properties": {
        "id": "L-045",
        "name": "社区诊疗所 4号",
        "zone": "生活区",
        "kind": "building",
        "description": "生活区沿街功能建筑。",
        "footprint": 1764.192,
        "frontageRoad": "L-LN-1-3",
        "scaleClass": "沿街常规建筑",
        "layer": "buildings"
      },
      "geometry": {
        "type": "Polygon",
        "coordinates": [
          [
            [
              1049.183,
              1601.668
            ],
            [
              1086.575,
              1598.386
            ],
            [
              1090.684,
              1645.206
            ],
            [
              1053.292,
              1648.488
            ],
            [
              1049.183,
              1601.668
            ]
          ]
        ]
      }
    },
    {
      "type": "Feature",
      "properties": {
        "id": "L-046",
        "name": "家庭服务屋 4号",
        "zone": "生活区",
        "kind": "building",
        "description": "生活区沿街功能建筑。",
        "footprint": 1876.8000000000002,
        "frontageRoad": "L-LN-1-4",
        "scaleClass": "沿街常规建筑",
        "layer": "buildings"
      },
      "geometry": {
        "type": "Polygon",
        "coordinates": [
          [
            [
              324.356,
              1747.123
            ],
            [
              361.634,
              1751.52
            ],
            [
              355.777,
              1801.175
            ],
            [
              318.5,
              1796.779
            ],
            [
              324.356,
              1747.123
            ]
          ]
        ]
      }
    },
    {
      "type": "Feature",
      "properties": {
        "id": "L-047",
        "name": "公共储物楼 4号",
        "zone": "生活区",
        "kind": "building",
        "description": "生活区沿街功能建筑。",
        "footprint": 1989.4080000000001,
        "frontageRoad": "L-LN-1-4",
        "scaleClass": "沿街常规建筑",
        "layer": "buildings"
      },
      "geometry": {
        "type": "Polygon",
        "coordinates": [
          [
            [
              377.366,
              1751.207
            ],
            [
              414.526,
              1756.513
            ],
            [
              407.034,
              1808.98
            ],
            [
              369.874,
              1803.674
            ],
            [
              377.366,
              1751.207
            ]
          ]
        ]
      }
    },
    {
      "type": "Feature",
      "properties": {
        "id": "L-048",
        "name": "社区修补所 4号",
        "zone": "生活区",
        "kind": "building",
        "description": "生活区沿街功能建筑。",
        "footprint": 2102.016,
        "frontageRoad": "L-LN-1-4",
        "scaleClass": "沿街常规建筑",
        "layer": "buildings"
      },
      "geometry": {
        "type": "Polygon",
        "coordinates": [
          [
            [
              430.458,
              1755.318
            ],
            [
              467.477,
              1761.53
            ],
            [
              458.208,
              1816.758
            ],
            [
              421.19,
              1810.545
            ],
            [
              430.458,
              1755.318
            ]
          ]
        ]
      }
    },
    {
      "type": "Feature",
      "properties": {
        "id": "L-049",
        "name": "共同基础宿舍 5号",
        "zone": "生活区",
        "kind": "building",
        "description": "生活区沿街功能建筑。",
        "footprint": 2214.6240000000003,
        "frontageRoad": "L-LN-1-4",
        "scaleClass": "沿街常规建筑",
        "layer": "buildings"
      },
      "geometry": {
        "type": "Polygon",
        "coordinates": [
          [
            [
              483.631,
              1759.459
            ],
            [
              520.486,
              1766.574
            ],
            [
              509.303,
              1824.505
            ],
            [
              472.447,
              1817.39
            ],
            [
              483.631,
              1759.459
            ]
          ]
        ]
      }
    },
    {
      "type": "Feature",
      "properties": {
        "id": "L-050",
        "name": "专业院系宿舍 5号",
        "zone": "生活区",
        "kind": "building",
        "description": "生活区沿街功能建筑。",
        "footprint": 1764.192,
        "frontageRoad": "L-LN-1-4",
        "scaleClass": "沿街常规建筑",
        "layer": "buildings"
      },
      "geometry": {
        "type": "Polygon",
        "coordinates": [
          [
            [
              525.764,
              1776.086
            ],
            [
              562.636,
              1769.059
            ],
            [
              571.436,
              1815.228
            ],
            [
              534.564,
              1822.255
            ],
            [
              525.764,
              1776.086
            ]
          ]
        ]
      }
    },
    {
      "type": "Feature",
      "properties": {
        "id": "L-051",
        "name": "城市居民公寓 5号",
        "zone": "生活区",
        "kind": "building",
        "description": "生活区沿街功能建筑。",
        "footprint": 1876.8000000000002,
        "frontageRoad": "L-LN-1-4",
        "scaleClass": "沿街常规建筑",
        "layer": "buildings"
      },
      "geometry": {
        "type": "Polygon",
        "coordinates": [
          [
            [
              578.138,
              1765.236
            ],
            [
              615.171,
              1759.111
            ],
            [
              623.329,
              1808.441
            ],
            [
              586.296,
              1814.566
            ],
            [
              578.138,
              1765.236
            ]
          ]
        ]
      }
    },
    {
      "type": "Feature",
      "properties": {
        "id": "L-052",
        "name": "社区餐厨楼 5号",
        "zone": "生活区",
        "kind": "building",
        "description": "生活区沿街功能建筑。",
        "footprint": 1989.4080000000001,
        "frontageRoad": "L-LN-1-4",
        "scaleClass": "沿街常规建筑",
        "layer": "buildings"
      },
      "geometry": {
        "type": "Polygon",
        "coordinates": [
          [
            [
              630.597,
              1754.387
            ],
            [
              667.769,
              1749.169
            ],
            [
              675.136,
              1801.654
            ],
            [
              637.965,
              1806.872
            ],
            [
              630.597,
              1754.387
            ]
          ]
        ]
      }
    },
    {
      "type": "Feature",
      "properties": {
        "id": "L-053",
        "name": "学院医务院 5号",
        "zone": "生活区",
        "kind": "building",
        "description": "生活区沿街功能建筑。",
        "footprint": 2102.016,
        "frontageRoad": "L-LN-1-4",
        "scaleClass": "沿街常规建筑",
        "layer": "buildings"
      },
      "geometry": {
        "type": "Polygon",
        "coordinates": [
          [
            [
              683.142,
              1743.541
            ],
            [
              720.43,
              1739.233
            ],
            [
              726.858,
              1794.863
            ],
            [
              689.57,
              1799.171
            ],
            [
              683.142,
              1743.541
            ]
          ]
        ]
      }
    },
    {
      "type": "Feature",
      "properties": {
        "id": "L-054",
        "name": "洗衣浴室 5号",
        "zone": "生活区",
        "kind": "building",
        "description": "生活区沿街功能建筑。",
        "footprint": 2214.6240000000003,
        "frontageRoad": "L-LN-1-4",
        "scaleClass": "沿街常规建筑",
        "layer": "buildings"
      },
      "geometry": {
        "type": "Polygon",
        "coordinates": [
          [
            [
              735.773,
              1732.703
            ],
            [
              773.155,
              1729.307
            ],
            [
              778.493,
              1788.065
            ],
            [
              741.111,
              1791.461
            ],
            [
              735.773,
              1732.703
            ]
          ]
        ]
      }
    },
    {
      "type": "Feature",
      "properties": {
        "id": "L-055",
        "name": "工读服务屋 5号",
        "zone": "生活区",
        "kind": "building",
        "description": "生活区沿街功能建筑。",
        "footprint": 1764.192,
        "frontageRoad": "L-LN-1-4",
        "scaleClass": "沿街常规建筑",
        "layer": "buildings"
      },
      "geometry": {
        "type": "Polygon",
        "coordinates": [
          [
            [
              786.431,
              1739.495
            ],
            [
              823.303,
              1732.467
            ],
            [
              832.103,
              1778.636
            ],
            [
              795.23,
              1785.664
            ],
            [
              786.431,
              1739.495
            ]
          ]
        ]
      }
    },
    {
      "type": "Feature",
      "properties": {
        "id": "L-056",
        "name": "夜间公共屋 5号",
        "zone": "生活区",
        "kind": "building",
        "description": "生活区沿街功能建筑。",
        "footprint": 1876.8000000000002,
        "frontageRoad": "L-LN-1-4",
        "scaleClass": "沿街常规建筑",
        "layer": "buildings"
      },
      "geometry": {
        "type": "Polygon",
        "coordinates": [
          [
            [
              843.216,
              1729.256
            ],
            [
              880.742,
              1730.125
            ],
            [
              879.584,
              1780.112
            ],
            [
              842.058,
              1779.243
            ],
            [
              843.216,
              1729.256
            ]
          ]
        ]
      }
    },
    {
      "type": "Feature",
      "properties": {
        "id": "L-057",
        "name": "社区诊疗所 5号",
        "zone": "生活区",
        "kind": "building",
        "description": "生活区沿街功能建筑。",
        "footprint": 1989.4080000000001,
        "frontageRoad": "L-LN-1-4",
        "scaleClass": "沿街常规建筑",
        "layer": "buildings"
      },
      "geometry": {
        "type": "Polygon",
        "coordinates": [
          [
            [
              896.047,
              1728.304
            ],
            [
              933.541,
              1730.09
            ],
            [
              931.019,
              1783.03
            ],
            [
              893.526,
              1781.244
            ],
            [
              896.047,
              1728.304
            ]
          ]
        ]
      }
    },
    {
      "type": "Feature",
      "properties": {
        "id": "L-058",
        "name": "家庭服务屋 5号",
        "zone": "生活区",
        "kind": "building",
        "description": "生活区沿街功能建筑。",
        "footprint": 2102.016,
        "frontageRoad": "L-LN-1-4",
        "scaleClass": "沿街常规建筑",
        "layer": "buildings"
      },
      "geometry": {
        "type": "Polygon",
        "coordinates": [
          [
            [
              948.962,
              1727.372
            ],
            [
              986.401,
              1730.073
            ],
            [
              982.371,
              1785.928
            ],
            [
              944.932,
              1783.227
            ],
            [
              948.962,
              1727.372
            ]
          ]
        ]
      }
    },
    {
      "type": "Feature",
      "properties": {
        "id": "L-059",
        "name": "公共储物楼 5号",
        "zone": "生活区",
        "kind": "building",
        "description": "生活区沿街功能建筑。",
        "footprint": 2214.6240000000003,
        "frontageRoad": "L-LN-1-4",
        "scaleClass": "沿街常规建筑",
        "layer": "buildings"
      },
      "geometry": {
        "type": "Polygon",
        "coordinates": [
          [
            [
              1001.96,
              1726.462
            ],
            [
              1039.322,
              1730.077
            ],
            [
              1033.64,
              1788.803
            ],
            [
              996.278,
              1785.188
            ],
            [
              1001.96,
              1726.462
            ]
          ]
        ]
      }
    },
    {
      "type": "Feature",
      "properties": {
        "id": "L-060",
        "name": "社区修补所 5号",
        "zone": "生活区",
        "kind": "building",
        "description": "生活区沿街功能建筑。",
        "footprint": 1764.192,
        "frontageRoad": "L-LN-1-4",
        "scaleClass": "沿街常规建筑",
        "layer": "buildings"
      },
      "geometry": {
        "type": "Polygon",
        "coordinates": [
          [
            [
              1051.135,
              1742.64
            ],
            [
              1088.671,
              1742.592
            ],
            [
              1088.731,
              1789.592
            ],
            [
              1051.195,
              1789.64
            ],
            [
              1051.135,
              1742.64
            ]
          ]
        ]
      }
    },
    {
      "type": "Feature",
      "properties": {
        "id": "L-061",
        "name": "共同基础宿舍 6号",
        "zone": "生活区",
        "kind": "building",
        "description": "生活区沿街功能建筑。",
        "footprint": 1876.8000000000002,
        "frontageRoad": "L-LN-1-5",
        "scaleClass": "沿街常规建筑",
        "layer": "buildings"
      },
      "geometry": {
        "type": "Polygon",
        "coordinates": [
          [
            [
              317.995,
              2015.053
            ],
            [
              355.164,
              2009.818
            ],
            [
              362.138,
              2059.329
            ],
            [
              324.969,
              2064.565
            ],
            [
              317.995,
              2015.053
            ]
          ]
        ]
      }
    },
    {
      "type": "Feature",
      "properties": {
        "id": "L-062",
        "name": "专业院系宿舍 6号",
        "zone": "生活区",
        "kind": "building",
        "description": "生活区沿街功能建筑。",
        "footprint": 1989.4080000000001,
        "frontageRoad": "L-LN-1-5",
        "scaleClass": "沿街常规建筑",
        "layer": "buildings"
      },
      "geometry": {
        "type": "Polygon",
        "coordinates": [
          [
            [
              370.503,
              2008.482
            ],
            [
              407.789,
              2004.156
            ],
            [
              413.897,
              2056.803
            ],
            [
              376.611,
              2061.129
            ],
            [
              370.503,
              2008.482
            ]
          ]
        ]
      }
    },
    {
      "type": "Feature",
      "properties": {
        "id": "L-063",
        "name": "城市居民公寓 6号",
        "zone": "生活区",
        "kind": "building",
        "description": "生活区沿街功能建筑。",
        "footprint": 2102.016,
        "frontageRoad": "L-LN-1-5",
        "scaleClass": "沿街常规建筑",
        "layer": "buildings"
      },
      "geometry": {
        "type": "Polygon",
        "coordinates": [
          [
            [
              423.097,
              2001.917
            ],
            [
              460.477,
              1998.504
            ],
            [
              465.57,
              2054.271
            ],
            [
              428.19,
              2057.685
            ],
            [
              423.097,
              2001.917
            ]
          ]
        ]
      }
    },
    {
      "type": "Feature",
      "properties": {
        "id": "L-064",
        "name": "社区餐厨楼 6号",
        "zone": "生活区",
        "kind": "building",
        "description": "生活区沿街功能建筑。",
        "footprint": 2214.6240000000003,
        "frontageRoad": "L-LN-1-5",
        "scaleClass": "沿街常规建筑",
        "layer": "buildings"
      },
      "geometry": {
        "type": "Polygon",
        "coordinates": [
          [
            [
              475.776,
              1995.361
            ],
            [
              513.229,
              1992.862
            ],
            [
              517.157,
              2051.731
            ],
            [
              479.705,
              2054.23
            ],
            [
              475.776,
              1995.361
            ]
          ]
        ]
      }
    },
    {
      "type": "Feature",
      "properties": {
        "id": "L-065",
        "name": "学院医务院 6号",
        "zone": "生活区",
        "kind": "building",
        "description": "生活区沿街功能建筑。",
        "footprint": 1764.192,
        "frontageRoad": "L-LN-1-5",
        "scaleClass": "沿街常规建筑",
        "layer": "buildings"
      },
      "geometry": {
        "type": "Polygon",
        "coordinates": [
          [
            [
              531.391,
              1994.771
            ],
            [
              568.848,
              1997.197
            ],
            [
              565.809,
              2044.099
            ],
            [
              528.352,
              2041.672
            ],
            [
              531.391,
              1994.771
            ]
          ]
        ]
      }
    },
    {
      "type": "Feature",
      "properties": {
        "id": "L-066",
        "name": "洗衣浴室 6号",
        "zone": "生活区",
        "kind": "building",
        "description": "生活区沿街功能建筑。",
        "footprint": 1876.8000000000002,
        "frontageRoad": "L-LN-1-5",
        "scaleClass": "沿街常规建筑",
        "layer": "buildings"
      },
      "geometry": {
        "type": "Polygon",
        "coordinates": [
          [
            [
              584.265,
              2000.31
            ],
            [
              621.652,
              2003.651
            ],
            [
              617.202,
              2053.452
            ],
            [
              579.815,
              2050.111
            ],
            [
              584.265,
              2000.31
            ]
          ]
        ]
      }
    },
    {
      "type": "Feature",
      "properties": {
        "id": "L-067",
        "name": "工读服务屋 6号",
        "zone": "生活区",
        "kind": "building",
        "description": "生活区沿街功能建筑。",
        "footprint": 1989.4080000000001,
        "frontageRoad": "L-LN-1-5",
        "scaleClass": "沿街常规建筑",
        "layer": "buildings"
      },
      "geometry": {
        "type": "Polygon",
        "coordinates": [
          [
            [
              637.223,
              2005.871
            ],
            [
              674.517,
              2010.125
            ],
            [
              668.511,
              2062.783
            ],
            [
              631.217,
              2058.53
            ],
            [
              637.223,
              2005.871
            ]
          ]
        ]
      }
    },
    {
      "type": "Feature",
      "properties": {
        "id": "L-068",
        "name": "夜间公共屋 6号",
        "zone": "生活区",
        "kind": "building",
        "description": "生活区沿街功能建筑。",
        "footprint": 2102.016,
        "frontageRoad": "L-LN-1-5",
        "scaleClass": "沿街常规建筑",
        "layer": "buildings"
      },
      "geometry": {
        "type": "Polygon",
        "coordinates": [
          [
            [
              690.262,
              2011.458
            ],
            [
              727.441,
              2016.621
            ],
            [
              719.738,
              2072.089
            ],
            [
              682.559,
              2066.925
            ],
            [
              690.262,
              2011.458
            ]
          ]
        ]
      }
    },
    {
      "type": "Feature",
      "properties": {
        "id": "L-069",
        "name": "社区诊疗所 6号",
        "zone": "生活区",
        "kind": "building",
        "description": "生活区沿街功能建筑。",
        "footprint": 2214.6240000000003,
        "frontageRoad": "L-LN-1-5",
        "scaleClass": "沿街常规建筑",
        "layer": "buildings"
      },
      "geometry": {
        "type": "Polygon",
        "coordinates": [
          [
            [
              743.383,
              2017.073
            ],
            [
              780.425,
              2023.143
            ],
            [
              770.884,
              2081.366
            ],
            [
              733.842,
              2075.296
            ],
            [
              743.383,
              2017.073
            ]
          ]
        ]
      }
    },
    {
      "type": "Feature",
      "properties": {
        "id": "L-070",
        "name": "家庭服务屋 6号",
        "zone": "生活区",
        "kind": "building",
        "description": "生活区沿街功能建筑。",
        "footprint": 1764.192,
        "frontageRoad": "L-LN-1-5",
        "scaleClass": "沿街常规建筑",
        "layer": "buildings"
      },
      "geometry": {
        "type": "Polygon",
        "coordinates": [
          [
            [
              792.057,
              2024.501
            ],
            [
              829.515,
              2026.928
            ],
            [
              826.476,
              2073.83
            ],
            [
              789.019,
              2071.403
            ],
            [
              792.057,
              2024.501
            ]
          ]
        ]
      }
    },
    {
      "type": "Feature",
      "properties": {
        "id": "L-071",
        "name": "公共储物楼 6号",
        "zone": "生活区",
        "kind": "building",
        "description": "生活区沿街功能建筑。",
        "footprint": 1876.8000000000002,
        "frontageRoad": "L-LN-1-5",
        "scaleClass": "沿街常规建筑",
        "layer": "buildings"
      },
      "geometry": {
        "type": "Polygon",
        "coordinates": [
          [
            [
              841.093,
              2029.24
            ],
            [
              878.554,
              2026.873
            ],
            [
              881.707,
              2076.773
            ],
            [
              844.246,
              2079.141
            ],
            [
              841.093,
              2029.24
            ]
          ]
        ]
      }
    },
    {
      "type": "Feature",
      "properties": {
        "id": "L-072",
        "name": "社区修补所 6号",
        "zone": "生活区",
        "kind": "building",
        "description": "生活区沿街功能建筑。",
        "footprint": 1989.4080000000001,
        "frontageRoad": "L-LN-1-5",
        "scaleClass": "沿街常规建筑",
        "layer": "buildings"
      },
      "geometry": {
        "type": "Polygon",
        "coordinates": [
          [
            [
              893.755,
              2026.735
            ],
            [
              931.263,
              2025.284
            ],
            [
              933.312,
              2078.244
            ],
            [
              895.804,
              2079.695
            ],
            [
              893.755,
              2026.735
            ]
          ]
        ]
      }
    },
    {
      "type": "Feature",
      "properties": {
        "id": "L-073",
        "name": "共同基础宿舍 7号",
        "zone": "生活区",
        "kind": "building",
        "description": "生活区沿街功能建筑。",
        "footprint": 2102.016,
        "frontageRoad": "L-LN-1-5",
        "scaleClass": "沿街常规建筑",
        "layer": "buildings"
      },
      "geometry": {
        "type": "Polygon",
        "coordinates": [
          [
            [
              946.502,
              2024.242
            ],
            [
              984.034,
              2023.708
            ],
            [
              984.832,
              2079.702
            ],
            [
              947.299,
              2080.237
            ],
            [
              946.502,
              2024.242
            ]
          ]
        ]
      }
    },
    {
      "type": "Feature",
      "properties": {
        "id": "L-074",
        "name": "专业院系宿舍 7号",
        "zone": "生活区",
        "kind": "building",
        "description": "生活区沿街功能建筑。",
        "footprint": 2214.6240000000003,
        "frontageRoad": "L-LN-1-5",
        "scaleClass": "沿街常规建筑",
        "layer": "buildings"
      },
      "geometry": {
        "type": "Polygon",
        "coordinates": [
          [
            [
              999.334,
              2021.765
            ],
            [
              1036.868,
              2022.148
            ],
            [
              1036.266,
              2081.144
            ],
            [
              998.732,
              2080.762
            ],
            [
              999.334,
              2021.765
            ]
          ]
        ]
      }
    },
    {
      "type": "Feature",
      "properties": {
        "id": "L-075",
        "name": "城市居民公寓 7号",
        "zone": "生活区",
        "kind": "building",
        "description": "生活区沿街功能建筑。",
        "footprint": 1764.192,
        "frontageRoad": "L-LN-1-5",
        "scaleClass": "沿街常规建筑",
        "layer": "buildings"
      },
      "geometry": {
        "type": "Polygon",
        "coordinates": [
          [
            [
              1049.183,
              2021.668
            ],
            [
              1086.575,
              2018.386
            ],
            [
              1090.684,
              2065.206
            ],
            [
              1053.292,
              2068.488
            ],
            [
              1049.183,
              2021.668
            ]
          ]
        ]
      }
    },
    {
      "type": "Feature",
      "properties": {
        "id": "M-001",
        "name": "覆顶市集厅",
        "zone": "市集区",
        "kind": "building",
        "description": "市集区沿街功能建筑。",
        "footprint": 1071.8717482213397,
        "frontageRoad": "M-LN-1-1",
        "shapeType": "多边覆顶市集",
        "scaleClass": "地标建筑",
        "layer": "buildings"
      },
      "geometry": {
        "type": "Polygon",
        "coordinates": [
          [
            [
              1193.457,
              1162.704
            ],
            [
              1208.943,
              1162.704
            ],
            [
              1214.106,
              1167.866
            ],
            [
              1214.106,
              1201.134
            ],
            [
              1208.943,
              1206.296
            ],
            [
              1193.457,
              1206.296
            ],
            [
              1188.294,
              1201.134
            ],
            [
              1188.294,
              1167.866
            ],
            [
              1193.457,
              1162.704
            ]
          ]
        ]
      }
    },
    {
      "type": "Feature",
      "properties": {
        "id": "M-002",
        "name": "常用品商铺",
        "zone": "市集区",
        "kind": "building",
        "description": "市集区沿街功能建筑。",
        "footprint": 1139.328,
        "frontageRoad": "M-LN-1-1",
        "scaleClass": "沿街常规建筑",
        "layer": "buildings"
      },
      "geometry": {
        "type": "Polygon",
        "coordinates": [
          [
            [
              1223.216,
              1163
            ],
            [
              1247.984,
              1163
            ],
            [
              1247.984,
              1209
            ],
            [
              1223.216,
              1209
            ],
            [
              1223.216,
              1163
            ]
          ]
        ]
      }
    },
    {
      "type": "Feature",
      "properties": {
        "id": "M-003",
        "name": "食材熟食馆",
        "zone": "市集区",
        "kind": "building",
        "description": "市集区沿街功能建筑。",
        "footprint": 1213.6319999999998,
        "frontageRoad": "M-LN-1-1",
        "scaleClass": "沿街常规建筑",
        "layer": "buildings"
      },
      "geometry": {
        "type": "Polygon",
        "coordinates": [
          [
            [
              1258.218,
              1162.705
            ],
            [
              1282.979,
              1163.31
            ],
            [
              1281.782,
              1212.295
            ],
            [
              1257.021,
              1211.69
            ],
            [
              1258.218,
              1162.705
            ]
          ]
        ]
      }
    },
    {
      "type": "Feature",
      "properties": {
        "id": "M-004",
        "name": "货币契约所",
        "zone": "市集区",
        "kind": "building",
        "description": "市集区沿街功能建筑。",
        "footprint": 1287.936,
        "frontageRoad": "M-LN-1-1",
        "scaleClass": "沿街常规建筑",
        "layer": "buildings"
      },
      "geometry": {
        "type": "Polygon",
        "coordinates": [
          [
            [
              1293.301,
              1162.426
            ],
            [
              1318.039,
              1163.636
            ],
            [
              1315.499,
              1215.574
            ],
            [
              1290.761,
              1214.364
            ],
            [
              1293.301,
              1162.426
            ]
          ]
        ]
      }
    },
    {
      "type": "Feature",
      "properties": {
        "id": "M-005",
        "name": "转运车队屋",
        "zone": "市集区",
        "kind": "building",
        "description": "市集区沿街功能建筑。",
        "footprint": 990.7199999999999,
        "frontageRoad": "M-LN-1-1",
        "scaleClass": "沿街常规建筑",
        "layer": "buildings"
      },
      "geometry": {
        "type": "Polygon",
        "coordinates": [
          [
            [
              1325.454,
              1163.629
            ],
            [
              1350.192,
              1162.419
            ],
            [
              1352.146,
              1202.371
            ],
            [
              1327.408,
              1203.581
            ],
            [
              1325.454,
              1163.629
            ]
          ]
        ]
      }
    },
    {
      "type": "Feature",
      "properties": {
        "id": "M-006",
        "name": "公共货栈",
        "zone": "市集区",
        "kind": "building",
        "description": "市集区沿街功能建筑。",
        "footprint": 1065.024,
        "frontageRoad": "M-LN-1-2",
        "scaleClass": "沿街常规建筑",
        "layer": "buildings"
      },
      "geometry": {
        "type": "Polygon",
        "coordinates": [
          [
            [
              1188.294,
              1258.309
            ],
            [
              1213.055,
              1257.704
            ],
            [
              1214.106,
              1300.691
            ],
            [
              1189.345,
              1301.296
            ],
            [
              1188.294,
              1258.309
            ]
          ]
        ]
      }
    },
    {
      "type": "Feature",
      "properties": {
        "id": "M-007",
        "name": "度量巡查所",
        "zone": "市集区",
        "kind": "building",
        "description": "市集区沿街功能建筑。",
        "footprint": 1139.328,
        "frontageRoad": "M-LN-1-2",
        "scaleClass": "沿街常规建筑",
        "layer": "buildings"
      },
      "geometry": {
        "type": "Polygon",
        "coordinates": [
          [
            [
              1223.216,
              1258
            ],
            [
              1247.984,
              1258
            ],
            [
              1247.984,
              1304
            ],
            [
              1223.216,
              1304
            ],
            [
              1223.216,
              1258
            ]
          ]
        ]
      }
    },
    {
      "type": "Feature",
      "properties": {
        "id": "M-008",
        "name": "访客客舍",
        "zone": "市集区",
        "kind": "building",
        "description": "市集区沿街功能建筑。",
        "footprint": 1213.6319999999998,
        "frontageRoad": "M-LN-1-2",
        "scaleClass": "沿街常规建筑",
        "layer": "buildings"
      },
      "geometry": {
        "type": "Polygon",
        "coordinates": [
          [
            [
              1258.218,
              1257.705
            ],
            [
              1282.979,
              1258.31
            ],
            [
              1281.782,
              1307.295
            ],
            [
              1257.021,
              1306.69
            ],
            [
              1258.218,
              1257.705
            ]
          ]
        ]
      }
    },
    {
      "type": "Feature",
      "properties": {
        "id": "M-009",
        "name": "学生用品合营社",
        "zone": "市集区",
        "kind": "building",
        "description": "市集区沿街功能建筑。",
        "footprint": 1287.936,
        "frontageRoad": "M-LN-1-2",
        "scaleClass": "沿街常规建筑",
        "layer": "buildings"
      },
      "geometry": {
        "type": "Polygon",
        "coordinates": [
          [
            [
              1293.301,
              1257.426
            ],
            [
              1318.039,
              1258.636
            ],
            [
              1315.499,
              1310.574
            ],
            [
              1290.761,
              1309.364
            ],
            [
              1293.301,
              1257.426
            ]
          ]
        ]
      }
    },
    {
      "type": "Feature",
      "properties": {
        "id": "M-010",
        "name": "旅店浴室",
        "zone": "市集区",
        "kind": "building",
        "description": "市集区沿街功能建筑。",
        "footprint": 990.7199999999999,
        "frontageRoad": "M-LN-1-2",
        "scaleClass": "沿街常规建筑",
        "layer": "buildings"
      },
      "geometry": {
        "type": "Polygon",
        "coordinates": [
          [
            [
              1325.454,
              1258.629
            ],
            [
              1350.192,
              1257.419
            ],
            [
              1352.146,
              1297.371
            ],
            [
              1327.408,
              1298.581
            ],
            [
              1325.454,
              1258.629
            ]
          ]
        ]
      }
    },
    {
      "type": "Feature",
      "properties": {
        "id": "M-011",
        "name": "消防护障站",
        "zone": "市集区",
        "kind": "building",
        "description": "市集区沿街功能建筑。",
        "footprint": 1071.8717482213397,
        "frontageRoad": "M-LN-1-3",
        "shapeType": "折角消防护障站",
        "scaleClass": "地标建筑",
        "layer": "buildings"
      },
      "geometry": {
        "type": "Polygon",
        "coordinates": [
          [
            [
              1193.457,
              1352.704
            ],
            [
              1208.943,
              1352.704
            ],
            [
              1214.106,
              1357.866
            ],
            [
              1214.106,
              1391.134
            ],
            [
              1208.943,
              1396.296
            ],
            [
              1193.457,
              1396.296
            ],
            [
              1188.294,
              1391.134
            ],
            [
              1188.294,
              1357.866
            ],
            [
              1193.457,
              1352.704
            ]
          ]
        ]
      }
    },
    {
      "type": "Feature",
      "properties": {
        "id": "M-012",
        "name": "公共粮仓",
        "zone": "市集区",
        "kind": "building",
        "description": "市集区沿街功能建筑。",
        "footprint": 1139.328,
        "frontageRoad": "M-LN-1-3",
        "scaleClass": "沿街常规建筑",
        "layer": "buildings"
      },
      "geometry": {
        "type": "Polygon",
        "coordinates": [
          [
            [
              1223.216,
              1353
            ],
            [
              1247.984,
              1353
            ],
            [
              1247.984,
              1399
            ],
            [
              1223.216,
              1399
            ],
            [
              1223.216,
              1353
            ]
          ]
        ]
      }
    },
    {
      "type": "Feature",
      "properties": {
        "id": "M-013",
        "name": "客运票务所",
        "zone": "市集区",
        "kind": "building",
        "description": "市集区沿街功能建筑。",
        "footprint": 1213.6319999999998,
        "frontageRoad": "M-LN-1-3",
        "scaleClass": "沿街常规建筑",
        "layer": "buildings"
      },
      "geometry": {
        "type": "Polygon",
        "coordinates": [
          [
            [
              1258.218,
              1352.705
            ],
            [
              1282.979,
              1353.31
            ],
            [
              1281.782,
              1402.295
            ],
            [
              1257.021,
              1401.69
            ],
            [
              1258.218,
              1352.705
            ]
          ]
        ]
      }
    },
    {
      "type": "Feature",
      "properties": {
        "id": "M-014",
        "name": "邮驿分发站",
        "zone": "市集区",
        "kind": "building",
        "description": "市集区沿街功能建筑。",
        "footprint": 1287.936,
        "frontageRoad": "M-LN-1-3",
        "scaleClass": "沿街常规建筑",
        "layer": "buildings"
      },
      "geometry": {
        "type": "Polygon",
        "coordinates": [
          [
            [
              1293.301,
              1352.426
            ],
            [
              1318.039,
              1353.636
            ],
            [
              1315.499,
              1405.574
            ],
            [
              1290.761,
              1404.364
            ],
            [
              1293.301,
              1352.426
            ]
          ]
        ]
      }
    },
    {
      "type": "Feature",
      "properties": {
        "id": "M-015",
        "name": "水务维护所",
        "zone": "市集区",
        "kind": "building",
        "description": "市集区沿街功能建筑。",
        "footprint": 990.7199999999999,
        "frontageRoad": "M-LN-1-3",
        "scaleClass": "沿街常规建筑",
        "layer": "buildings"
      },
      "geometry": {
        "type": "Polygon",
        "coordinates": [
          [
            [
              1325.454,
              1353.629
            ],
            [
              1350.192,
              1352.419
            ],
            [
              1352.146,
              1392.371
            ],
            [
              1327.408,
              1393.581
            ],
            [
              1325.454,
              1353.629
            ]
          ]
        ]
      }
    },
    {
      "type": "Feature",
      "properties": {
        "id": "M-016",
        "name": "覆顶市集厅 2号",
        "zone": "市集区",
        "kind": "building",
        "description": "市集区沿街功能建筑。",
        "footprint": 1065.024,
        "frontageRoad": "M-LN-1-4",
        "scaleClass": "沿街常规建筑",
        "layer": "buildings"
      },
      "geometry": {
        "type": "Polygon",
        "coordinates": [
          [
            [
              1188.294,
              1448.309
            ],
            [
              1213.055,
              1447.704
            ],
            [
              1214.106,
              1490.691
            ],
            [
              1189.345,
              1491.296
            ],
            [
              1188.294,
              1448.309
            ]
          ]
        ]
      }
    },
    {
      "type": "Feature",
      "properties": {
        "id": "M-017",
        "name": "常用品商铺 2号",
        "zone": "市集区",
        "kind": "building",
        "description": "市集区沿街功能建筑。",
        "footprint": 1139.328,
        "frontageRoad": "M-LN-1-4",
        "scaleClass": "沿街常规建筑",
        "layer": "buildings"
      },
      "geometry": {
        "type": "Polygon",
        "coordinates": [
          [
            [
              1223.216,
              1448
            ],
            [
              1247.984,
              1448
            ],
            [
              1247.984,
              1494
            ],
            [
              1223.216,
              1494
            ],
            [
              1223.216,
              1448
            ]
          ]
        ]
      }
    },
    {
      "type": "Feature",
      "properties": {
        "id": "M-018",
        "name": "食材熟食馆 2号",
        "zone": "市集区",
        "kind": "building",
        "description": "市集区沿街功能建筑。",
        "footprint": 1213.6319999999998,
        "frontageRoad": "M-LN-1-4",
        "scaleClass": "沿街常规建筑",
        "layer": "buildings"
      },
      "geometry": {
        "type": "Polygon",
        "coordinates": [
          [
            [
              1258.218,
              1447.705
            ],
            [
              1282.979,
              1448.31
            ],
            [
              1281.782,
              1497.295
            ],
            [
              1257.021,
              1496.69
            ],
            [
              1258.218,
              1447.705
            ]
          ]
        ]
      }
    },
    {
      "type": "Feature",
      "properties": {
        "id": "M-019",
        "name": "货币契约所 2号",
        "zone": "市集区",
        "kind": "building",
        "description": "市集区沿街功能建筑。",
        "footprint": 1287.936,
        "frontageRoad": "M-LN-1-4",
        "scaleClass": "沿街常规建筑",
        "layer": "buildings"
      },
      "geometry": {
        "type": "Polygon",
        "coordinates": [
          [
            [
              1293.301,
              1447.426
            ],
            [
              1318.039,
              1448.636
            ],
            [
              1315.499,
              1500.574
            ],
            [
              1290.761,
              1499.364
            ],
            [
              1293.301,
              1447.426
            ]
          ]
        ]
      }
    },
    {
      "type": "Feature",
      "properties": {
        "id": "M-020",
        "name": "转运车队屋 2号",
        "zone": "市集区",
        "kind": "building",
        "description": "市集区沿街功能建筑。",
        "footprint": 990.7199999999999,
        "frontageRoad": "M-LN-1-4",
        "scaleClass": "沿街常规建筑",
        "layer": "buildings"
      },
      "geometry": {
        "type": "Polygon",
        "coordinates": [
          [
            [
              1325.454,
              1448.629
            ],
            [
              1350.192,
              1447.419
            ],
            [
              1352.146,
              1487.371
            ],
            [
              1327.408,
              1488.581
            ],
            [
              1325.454,
              1448.629
            ]
          ]
        ]
      }
    },
    {
      "type": "Feature",
      "properties": {
        "id": "M-021",
        "name": "公共货栈 2号",
        "zone": "市集区",
        "kind": "building",
        "description": "市集区沿街功能建筑。",
        "footprint": 1065.024,
        "frontageRoad": "M-LN-1-5",
        "scaleClass": "沿街常规建筑",
        "layer": "buildings"
      },
      "geometry": {
        "type": "Polygon",
        "coordinates": [
          [
            [
              1188.294,
              1543.309
            ],
            [
              1213.055,
              1542.704
            ],
            [
              1214.106,
              1585.691
            ],
            [
              1189.345,
              1586.296
            ],
            [
              1188.294,
              1543.309
            ]
          ]
        ]
      }
    },
    {
      "type": "Feature",
      "properties": {
        "id": "M-022",
        "name": "度量巡查所 2号",
        "zone": "市集区",
        "kind": "building",
        "description": "市集区沿街功能建筑。",
        "footprint": 1139.328,
        "frontageRoad": "M-LN-1-5",
        "scaleClass": "沿街常规建筑",
        "layer": "buildings"
      },
      "geometry": {
        "type": "Polygon",
        "coordinates": [
          [
            [
              1223.216,
              1543
            ],
            [
              1247.984,
              1543
            ],
            [
              1247.984,
              1589
            ],
            [
              1223.216,
              1589
            ],
            [
              1223.216,
              1543
            ]
          ]
        ]
      }
    },
    {
      "type": "Feature",
      "properties": {
        "id": "M-023",
        "name": "访客客舍 2号",
        "zone": "市集区",
        "kind": "building",
        "description": "市集区沿街功能建筑。",
        "footprint": 1213.6319999999998,
        "frontageRoad": "M-LN-1-5",
        "scaleClass": "沿街常规建筑",
        "layer": "buildings"
      },
      "geometry": {
        "type": "Polygon",
        "coordinates": [
          [
            [
              1258.218,
              1542.705
            ],
            [
              1282.979,
              1543.31
            ],
            [
              1281.782,
              1592.295
            ],
            [
              1257.021,
              1591.69
            ],
            [
              1258.218,
              1542.705
            ]
          ]
        ]
      }
    },
    {
      "type": "Feature",
      "properties": {
        "id": "M-024",
        "name": "学生用品合营社 2号",
        "zone": "市集区",
        "kind": "building",
        "description": "市集区沿街功能建筑。",
        "footprint": 1287.936,
        "frontageRoad": "M-LN-1-5",
        "scaleClass": "沿街常规建筑",
        "layer": "buildings"
      },
      "geometry": {
        "type": "Polygon",
        "coordinates": [
          [
            [
              1293.301,
              1542.426
            ],
            [
              1318.039,
              1543.636
            ],
            [
              1315.499,
              1595.574
            ],
            [
              1290.761,
              1594.364
            ],
            [
              1293.301,
              1542.426
            ]
          ]
        ]
      }
    },
    {
      "type": "Feature",
      "properties": {
        "id": "M-025",
        "name": "旅店浴室 2号",
        "zone": "市集区",
        "kind": "building",
        "description": "市集区沿街功能建筑。",
        "footprint": 990.7199999999999,
        "frontageRoad": "M-LN-1-5",
        "scaleClass": "沿街常规建筑",
        "layer": "buildings"
      },
      "geometry": {
        "type": "Polygon",
        "coordinates": [
          [
            [
              1325.454,
              1543.629
            ],
            [
              1350.192,
              1542.419
            ],
            [
              1352.146,
              1582.371
            ],
            [
              1327.408,
              1583.581
            ],
            [
              1325.454,
              1543.629
            ]
          ]
        ]
      }
    },
    {
      "type": "Feature",
      "properties": {
        "id": "M-026",
        "name": "消防护障站 2号",
        "zone": "市集区",
        "kind": "building",
        "description": "市集区沿街功能建筑。",
        "footprint": 1331.28,
        "frontageRoad": "M-LN-1-6",
        "scaleClass": "沿街常规建筑",
        "layer": "buildings"
      },
      "geometry": {
        "type": "Polygon",
        "coordinates": [
          [
            [
              1189.499,
              1638.385
            ],
            [
              1220.45,
              1637.628
            ],
            [
              1221.501,
              1680.615
            ],
            [
              1190.55,
              1681.372
            ],
            [
              1189.499,
              1638.385
            ]
          ]
        ]
      }
    },
    {
      "type": "Feature",
      "properties": {
        "id": "M-027",
        "name": "公共粮仓 2号",
        "zone": "市集区",
        "kind": "building",
        "description": "市集区沿街功能建筑。",
        "footprint": 1424.1599999999999,
        "frontageRoad": "M-LN-1-6",
        "scaleClass": "沿街常规建筑",
        "layer": "buildings"
      },
      "geometry": {
        "type": "Polygon",
        "coordinates": [
          [
            [
              1233.02,
              1638
            ],
            [
              1263.98,
              1638
            ],
            [
              1263.98,
              1684
            ],
            [
              1233.02,
              1684
            ],
            [
              1233.02,
              1638
            ]
          ]
        ]
      }
    },
    {
      "type": "Feature",
      "properties": {
        "id": "M-028",
        "name": "客运票务所 2号",
        "zone": "市集区",
        "kind": "building",
        "description": "市集区沿街功能建筑。",
        "footprint": 1517.04,
        "frontageRoad": "M-LN-1-6",
        "scaleClass": "沿街常规建筑",
        "layer": "buildings"
      },
      "geometry": {
        "type": "Polygon",
        "coordinates": [
          [
            [
              1276.623,
              1637.629
            ],
            [
              1307.574,
              1638.386
            ],
            [
              1306.377,
              1687.371
            ],
            [
              1275.426,
              1686.614
            ],
            [
              1276.623,
              1637.629
            ]
          ]
        ]
      }
    },
    {
      "type": "Feature",
      "properties": {
        "id": "M-029",
        "name": "邮驿分发站 2号",
        "zone": "市集区",
        "kind": "building",
        "description": "市集区沿街功能建筑。",
        "footprint": 1609.9199999999998,
        "frontageRoad": "M-LN-1-6",
        "scaleClass": "沿街常规建筑",
        "layer": "buildings"
      },
      "geometry": {
        "type": "Polygon",
        "coordinates": [
          [
            [
              1320.309,
              1637.275
            ],
            [
              1351.232,
              1638.787
            ],
            [
              1348.691,
              1690.725
            ],
            [
              1317.768,
              1689.213
            ],
            [
              1320.309,
              1637.275
            ]
          ]
        ]
      }
    },
    {
      "type": "Feature",
      "properties": {
        "id": "M-030",
        "name": "水务维护所 2号",
        "zone": "市集区",
        "kind": "building",
        "description": "市集区沿街功能建筑。",
        "footprint": 1238.3999999999999,
        "frontageRoad": "M-LN-1-7",
        "scaleClass": "沿街常规建筑",
        "layer": "buildings"
      },
      "geometry": {
        "type": "Polygon",
        "coordinates": [
          [
            [
              1189.061,
              1733.78
            ],
            [
              1219.985,
              1732.268
            ],
            [
              1221.939,
              1772.22
            ],
            [
              1191.015,
              1773.732
            ],
            [
              1189.061,
              1733.78
            ]
          ]
        ]
      }
    },
    {
      "type": "Feature",
      "properties": {
        "id": "M-031",
        "name": "覆顶市集厅 3号",
        "zone": "市集区",
        "kind": "building",
        "description": "市集区沿街功能建筑。",
        "footprint": 1331.28,
        "frontageRoad": "M-LN-1-7",
        "scaleClass": "沿街常规建筑",
        "layer": "buildings"
      },
      "geometry": {
        "type": "Polygon",
        "coordinates": [
          [
            [
              1232.499,
              1733.385
            ],
            [
              1263.45,
              1732.628
            ],
            [
              1264.501,
              1775.615
            ],
            [
              1233.55,
              1776.372
            ],
            [
              1232.499,
              1733.385
            ]
          ]
        ]
      }
    },
    {
      "type": "Feature",
      "properties": {
        "id": "M-032",
        "name": "常用品商铺 3号",
        "zone": "市集区",
        "kind": "building",
        "description": "市集区沿街功能建筑。",
        "footprint": 1424.1599999999999,
        "frontageRoad": "M-LN-1-7",
        "scaleClass": "沿街常规建筑",
        "layer": "buildings"
      },
      "geometry": {
        "type": "Polygon",
        "coordinates": [
          [
            [
              1276.02,
              1733
            ],
            [
              1306.98,
              1733
            ],
            [
              1306.98,
              1779
            ],
            [
              1276.02,
              1779
            ],
            [
              1276.02,
              1733
            ]
          ]
        ]
      }
    },
    {
      "type": "Feature",
      "properties": {
        "id": "M-033",
        "name": "食材熟食馆 3号",
        "zone": "市集区",
        "kind": "building",
        "description": "市集区沿街功能建筑。",
        "footprint": 1517.04,
        "frontageRoad": "M-LN-1-7",
        "scaleClass": "沿街常规建筑",
        "layer": "buildings"
      },
      "geometry": {
        "type": "Polygon",
        "coordinates": [
          [
            [
              1319.623,
              1732.629
            ],
            [
              1350.574,
              1733.386
            ],
            [
              1349.377,
              1782.371
            ],
            [
              1318.426,
              1781.614
            ],
            [
              1319.623,
              1732.629
            ]
          ]
        ]
      }
    },
    {
      "type": "Feature",
      "properties": {
        "id": "M-034",
        "name": "货币契约所 3号",
        "zone": "市集区",
        "kind": "building",
        "description": "市集区沿街功能建筑。",
        "footprint": 1609.9199999999998,
        "frontageRoad": "M-LN-1-8",
        "scaleClass": "沿街常规建筑",
        "layer": "buildings"
      },
      "geometry": {
        "type": "Polygon",
        "coordinates": [
          [
            [
              1191.309,
              1827.275
            ],
            [
              1222.232,
              1828.787
            ],
            [
              1219.691,
              1880.725
            ],
            [
              1188.768,
              1879.213
            ],
            [
              1191.309,
              1827.275
            ]
          ]
        ]
      }
    },
    {
      "type": "Feature",
      "properties": {
        "id": "M-035",
        "name": "转运车队屋 3号",
        "zone": "市集区",
        "kind": "building",
        "description": "市集区沿街功能建筑。",
        "footprint": 1238.3999999999999,
        "frontageRoad": "M-LN-1-8",
        "scaleClass": "沿街常规建筑",
        "layer": "buildings"
      },
      "geometry": {
        "type": "Polygon",
        "coordinates": [
          [
            [
              1232.061,
              1828.78
            ],
            [
              1262.985,
              1827.268
            ],
            [
              1264.939,
              1867.22
            ],
            [
              1234.015,
              1868.732
            ],
            [
              1232.061,
              1828.78
            ]
          ]
        ]
      }
    },
    {
      "type": "Feature",
      "properties": {
        "id": "M-036",
        "name": "公共货栈 3号",
        "zone": "市集区",
        "kind": "building",
        "description": "市集区沿街功能建筑。",
        "footprint": 1331.28,
        "frontageRoad": "M-LN-1-8",
        "scaleClass": "沿街常规建筑",
        "layer": "buildings"
      },
      "geometry": {
        "type": "Polygon",
        "coordinates": [
          [
            [
              1275.499,
              1828.385
            ],
            [
              1306.45,
              1827.628
            ],
            [
              1307.501,
              1870.615
            ],
            [
              1276.55,
              1871.372
            ],
            [
              1275.499,
              1828.385
            ]
          ]
        ]
      }
    },
    {
      "type": "Feature",
      "properties": {
        "id": "M-037",
        "name": "度量巡查所 3号",
        "zone": "市集区",
        "kind": "building",
        "description": "市集区沿街功能建筑。",
        "footprint": 1424.1599999999999,
        "frontageRoad": "M-LN-1-8",
        "scaleClass": "沿街常规建筑",
        "layer": "buildings"
      },
      "geometry": {
        "type": "Polygon",
        "coordinates": [
          [
            [
              1319.02,
              1828
            ],
            [
              1349.98,
              1828
            ],
            [
              1349.98,
              1874
            ],
            [
              1319.02,
              1874
            ],
            [
              1319.02,
              1828
            ]
          ]
        ]
      }
    },
    {
      "type": "Feature",
      "properties": {
        "id": "M-038",
        "name": "访客客舍 3号",
        "zone": "市集区",
        "kind": "building",
        "description": "市集区沿街功能建筑。",
        "footprint": 1517.04,
        "frontageRoad": "M-LN-1-9",
        "scaleClass": "沿街常规建筑",
        "layer": "buildings"
      },
      "geometry": {
        "type": "Polygon",
        "coordinates": [
          [
            [
              1190.623,
              1922.629
            ],
            [
              1221.574,
              1923.386
            ],
            [
              1220.377,
              1972.371
            ],
            [
              1189.426,
              1971.614
            ],
            [
              1190.623,
              1922.629
            ]
          ]
        ]
      }
    },
    {
      "type": "Feature",
      "properties": {
        "id": "M-039",
        "name": "学生用品合营社 3号",
        "zone": "市集区",
        "kind": "building",
        "description": "市集区沿街功能建筑。",
        "footprint": 1609.9199999999998,
        "frontageRoad": "M-LN-1-9",
        "scaleClass": "沿街常规建筑",
        "layer": "buildings"
      },
      "geometry": {
        "type": "Polygon",
        "coordinates": [
          [
            [
              1234.309,
              1922.275
            ],
            [
              1265.232,
              1923.787
            ],
            [
              1262.691,
              1975.725
            ],
            [
              1231.768,
              1974.213
            ],
            [
              1234.309,
              1922.275
            ]
          ]
        ]
      }
    },
    {
      "type": "Feature",
      "properties": {
        "id": "M-040",
        "name": "旅店浴室 3号",
        "zone": "市集区",
        "kind": "building",
        "description": "市集区沿街功能建筑。",
        "footprint": 1238.3999999999999,
        "frontageRoad": "M-LN-1-9",
        "scaleClass": "沿街常规建筑",
        "layer": "buildings"
      },
      "geometry": {
        "type": "Polygon",
        "coordinates": [
          [
            [
              1275.061,
              1923.78
            ],
            [
              1305.985,
              1922.268
            ],
            [
              1307.939,
              1962.22
            ],
            [
              1277.015,
              1963.732
            ],
            [
              1275.061,
              1923.78
            ]
          ]
        ]
      }
    },
    {
      "type": "Feature",
      "properties": {
        "id": "M-041",
        "name": "消防护障站 3号",
        "zone": "市集区",
        "kind": "building",
        "description": "市集区沿街功能建筑。",
        "footprint": 1331.28,
        "frontageRoad": "M-LN-1-9",
        "scaleClass": "沿街常规建筑",
        "layer": "buildings"
      },
      "geometry": {
        "type": "Polygon",
        "coordinates": [
          [
            [
              1318.499,
              1923.385
            ],
            [
              1349.45,
              1922.628
            ],
            [
              1350.501,
              1965.615
            ],
            [
              1319.55,
              1966.372
            ],
            [
              1318.499,
              1923.385
            ]
          ]
        ]
      }
    },
    {
      "type": "Feature",
      "properties": {
        "id": "M-042",
        "name": "公共粮仓 3号",
        "zone": "市集区",
        "kind": "building",
        "description": "市集区沿街功能建筑。",
        "footprint": 1424.1599999999999,
        "frontageRoad": "M-LN-1-10",
        "scaleClass": "沿街常规建筑",
        "layer": "buildings"
      },
      "geometry": {
        "type": "Polygon",
        "coordinates": [
          [
            [
              1190.02,
              2018
            ],
            [
              1220.98,
              2018
            ],
            [
              1220.98,
              2064
            ],
            [
              1190.02,
              2064
            ],
            [
              1190.02,
              2018
            ]
          ]
        ]
      }
    },
    {
      "type": "Feature",
      "properties": {
        "id": "M-043",
        "name": "客运票务所 3号",
        "zone": "市集区",
        "kind": "building",
        "description": "市集区沿街功能建筑。",
        "footprint": 1517.04,
        "frontageRoad": "M-LN-1-10",
        "scaleClass": "沿街常规建筑",
        "layer": "buildings"
      },
      "geometry": {
        "type": "Polygon",
        "coordinates": [
          [
            [
              1233.623,
              2017.629
            ],
            [
              1264.574,
              2018.386
            ],
            [
              1263.377,
              2067.371
            ],
            [
              1232.426,
              2066.614
            ],
            [
              1233.623,
              2017.629
            ]
          ]
        ]
      }
    },
    {
      "type": "Feature",
      "properties": {
        "id": "M-044",
        "name": "邮驿分发站 3号",
        "zone": "市集区",
        "kind": "building",
        "description": "市集区沿街功能建筑。",
        "footprint": 1609.9199999999998,
        "frontageRoad": "M-LN-1-10",
        "scaleClass": "沿街常规建筑",
        "layer": "buildings"
      },
      "geometry": {
        "type": "Polygon",
        "coordinates": [
          [
            [
              1277.309,
              2017.275
            ],
            [
              1308.232,
              2018.787
            ],
            [
              1305.691,
              2070.725
            ],
            [
              1274.768,
              2069.213
            ],
            [
              1277.309,
              2017.275
            ]
          ]
        ]
      }
    },
    {
      "type": "Feature",
      "properties": {
        "id": "M-045",
        "name": "水务维护所 3号",
        "zone": "市集区",
        "kind": "building",
        "description": "市集区沿街功能建筑。",
        "footprint": 1238.3999999999999,
        "frontageRoad": "M-LN-1-10",
        "scaleClass": "沿街常规建筑",
        "layer": "buildings"
      },
      "geometry": {
        "type": "Polygon",
        "coordinates": [
          [
            [
              1318.061,
              2018.78
            ],
            [
              1348.985,
              2017.268
            ],
            [
              1350.939,
              2057.22
            ],
            [
              1320.015,
              2058.732
            ],
            [
              1318.061,
              2018.78
            ]
          ]
        ]
      }
    },
    {
      "type": "Feature",
      "properties": {
        "id": "M-046",
        "name": "覆顶市集厅 4号",
        "zone": "市集区",
        "kind": "building",
        "description": "市集区沿街功能建筑。",
        "footprint": 1984.3199999999997,
        "frontageRoad": "M-LN-2-1",
        "scaleClass": "沿街常规建筑",
        "layer": "buildings"
      },
      "geometry": {
        "type": "Polygon",
        "coordinates": [
          [
            [
              1850.79,
              1163.474
            ],
            [
              1888.939,
              1162.542
            ],
            [
              1890.21,
              1214.526
            ],
            [
              1852.061,
              1215.458
            ],
            [
              1850.79,
              1163.474
            ]
          ]
        ]
      }
    },
    {
      "type": "Feature",
      "properties": {
        "id": "M-047",
        "name": "常用品商铺 4号",
        "zone": "市集区",
        "kind": "building",
        "description": "市集区沿街功能建筑。",
        "footprint": 1526.3999999999999,
        "frontageRoad": "M-LN-2-1",
        "scaleClass": "沿街常规建筑",
        "layer": "buildings"
      },
      "geometry": {
        "type": "Polygon",
        "coordinates": [
          [
            [
              1904.42,
              1163
            ],
            [
              1942.58,
              1163
            ],
            [
              1942.58,
              1203
            ],
            [
              1904.42,
              1203
            ],
            [
              1904.42,
              1163
            ]
          ]
        ]
      }
    },
    {
      "type": "Feature",
      "properties": {
        "id": "M-048",
        "name": "食材熟食馆 4号",
        "zone": "市集区",
        "kind": "building",
        "description": "市集区沿街功能建筑。",
        "footprint": 1640.8799999999999,
        "frontageRoad": "M-LN-2-1",
        "scaleClass": "沿街常规建筑",
        "layer": "buildings"
      },
      "geometry": {
        "type": "Polygon",
        "coordinates": [
          [
            [
              1957.951,
              1162.54
            ],
            [
              1996.1,
              1163.473
            ],
            [
              1995.049,
              1206.46
            ],
            [
              1956.9,
              1205.527
            ],
            [
              1957.951,
              1162.54
            ]
          ]
        ]
      }
    },
    {
      "type": "Feature",
      "properties": {
        "id": "M-049",
        "name": "货币契约所 4号",
        "zone": "市集区",
        "kind": "building",
        "description": "市集区沿街功能建筑。",
        "footprint": 1755.36,
        "frontageRoad": "M-LN-2-1",
        "scaleClass": "沿街常规建筑",
        "layer": "buildings"
      },
      "geometry": {
        "type": "Polygon",
        "coordinates": [
          [
            [
              2011.566,
              1162.095
            ],
            [
              2049.681,
              1163.96
            ],
            [
              2047.434,
              1209.905
            ],
            [
              2009.319,
              1208.04
            ],
            [
              2011.566,
              1162.095
            ]
          ]
        ]
      }
    },
    {
      "type": "Feature",
      "properties": {
        "id": "M-050",
        "name": "转运车队屋 4号",
        "zone": "市集区",
        "kind": "building",
        "description": "市集区沿街功能建筑。",
        "footprint": 1862,
        "frontageRoad": "M-LN-2-2",
        "scaleClass": "沿街常规建筑",
        "layer": "buildings"
      },
      "geometry": {
        "type": "Polygon",
        "coordinates": [
          [
            [
              1850.326,
              1258.957
            ],
            [
              1888.28,
              1257.101
            ],
            [
              1890.674,
              1306.043
            ],
            [
              1852.72,
              1307.899
            ],
            [
              1850.326,
              1258.957
            ]
          ]
        ]
      }
    },
    {
      "type": "Feature",
      "properties": {
        "id": "M-051",
        "name": "公共货栈 4号",
        "zone": "市集区",
        "kind": "building",
        "description": "市集区沿街功能建筑。",
        "footprint": 1984.3199999999997,
        "frontageRoad": "M-LN-2-2",
        "scaleClass": "沿街常规建筑",
        "layer": "buildings"
      },
      "geometry": {
        "type": "Polygon",
        "coordinates": [
          [
            [
              1903.79,
              1258.474
            ],
            [
              1941.939,
              1257.542
            ],
            [
              1943.21,
              1309.526
            ],
            [
              1905.061,
              1310.458
            ],
            [
              1903.79,
              1258.474
            ]
          ]
        ]
      }
    },
    {
      "type": "Feature",
      "properties": {
        "id": "M-052",
        "name": "度量巡查所 4号",
        "zone": "市集区",
        "kind": "building",
        "description": "市集区沿街功能建筑。",
        "footprint": 1526.3999999999999,
        "frontageRoad": "M-LN-2-2",
        "scaleClass": "沿街常规建筑",
        "layer": "buildings"
      },
      "geometry": {
        "type": "Polygon",
        "coordinates": [
          [
            [
              1957.42,
              1258
            ],
            [
              1995.58,
              1258
            ],
            [
              1995.58,
              1298
            ],
            [
              1957.42,
              1298
            ],
            [
              1957.42,
              1258
            ]
          ]
        ]
      }
    },
    {
      "type": "Feature",
      "properties": {
        "id": "M-053",
        "name": "访客客舍 4号",
        "zone": "市集区",
        "kind": "building",
        "description": "市集区沿街功能建筑。",
        "footprint": 1640.8799999999999,
        "frontageRoad": "M-LN-2-2",
        "scaleClass": "沿街常规建筑",
        "layer": "buildings"
      },
      "geometry": {
        "type": "Polygon",
        "coordinates": [
          [
            [
              2010.951,
              1257.54
            ],
            [
              2049.1,
              1258.473
            ],
            [
              2048.049,
              1301.46
            ],
            [
              2009.9,
              1300.527
            ],
            [
              2010.951,
              1257.54
            ]
          ]
        ]
      }
    },
    {
      "type": "Feature",
      "properties": {
        "id": "M-054",
        "name": "学生用品合营社 4号",
        "zone": "市集区",
        "kind": "building",
        "description": "市集区沿街功能建筑。",
        "footprint": 1755.36,
        "frontageRoad": "M-LN-2-3",
        "scaleClass": "沿街常规建筑",
        "layer": "buildings"
      },
      "geometry": {
        "type": "Polygon",
        "coordinates": [
          [
            [
              1852.566,
              1352.095
            ],
            [
              1890.681,
              1353.96
            ],
            [
              1888.434,
              1399.905
            ],
            [
              1850.319,
              1398.04
            ],
            [
              1852.566,
              1352.095
            ]
          ]
        ]
      }
    },
    {
      "type": "Feature",
      "properties": {
        "id": "M-055",
        "name": "旅店浴室 4号",
        "zone": "市集区",
        "kind": "building",
        "description": "市集区沿街功能建筑。",
        "footprint": 1862,
        "frontageRoad": "M-LN-2-3",
        "scaleClass": "沿街常规建筑",
        "layer": "buildings"
      },
      "geometry": {
        "type": "Polygon",
        "coordinates": [
          [
            [
              1903.326,
              1353.957
            ],
            [
              1941.28,
              1352.101
            ],
            [
              1943.674,
              1401.043
            ],
            [
              1905.72,
              1402.899
            ],
            [
              1903.326,
              1353.957
            ]
          ]
        ]
      }
    },
    {
      "type": "Feature",
      "properties": {
        "id": "M-056",
        "name": "消防护障站 4号",
        "zone": "市集区",
        "kind": "building",
        "description": "市集区沿街功能建筑。",
        "footprint": 1984.3199999999997,
        "frontageRoad": "M-LN-2-3",
        "scaleClass": "沿街常规建筑",
        "layer": "buildings"
      },
      "geometry": {
        "type": "Polygon",
        "coordinates": [
          [
            [
              1956.79,
              1353.474
            ],
            [
              1994.939,
              1352.542
            ],
            [
              1996.21,
              1404.526
            ],
            [
              1958.061,
              1405.458
            ],
            [
              1956.79,
              1353.474
            ]
          ]
        ]
      }
    },
    {
      "type": "Feature",
      "properties": {
        "id": "M-057",
        "name": "公共粮仓 4号",
        "zone": "市集区",
        "kind": "building",
        "description": "市集区沿街功能建筑。",
        "footprint": 1526.3999999999999,
        "frontageRoad": "M-LN-2-3",
        "scaleClass": "沿街常规建筑",
        "layer": "buildings"
      },
      "geometry": {
        "type": "Polygon",
        "coordinates": [
          [
            [
              2010.42,
              1353
            ],
            [
              2048.58,
              1353
            ],
            [
              2048.58,
              1393
            ],
            [
              2010.42,
              1393
            ],
            [
              2010.42,
              1353
            ]
          ]
        ]
      }
    },
    {
      "type": "Feature",
      "properties": {
        "id": "M-058",
        "name": "客运票务所 4号",
        "zone": "市集区",
        "kind": "building",
        "description": "市集区沿街功能建筑。",
        "footprint": 1640.8799999999999,
        "frontageRoad": "M-LN-2-4",
        "scaleClass": "沿街常规建筑",
        "layer": "buildings"
      },
      "geometry": {
        "type": "Polygon",
        "coordinates": [
          [
            [
              1851.951,
              1447.54
            ],
            [
              1890.1,
              1448.473
            ],
            [
              1889.049,
              1491.46
            ],
            [
              1850.9,
              1490.527
            ],
            [
              1851.951,
              1447.54
            ]
          ]
        ]
      }
    },
    {
      "type": "Feature",
      "properties": {
        "id": "M-059",
        "name": "邮驿分发站 4号",
        "zone": "市集区",
        "kind": "building",
        "description": "市集区沿街功能建筑。",
        "footprint": 1755.36,
        "frontageRoad": "M-LN-2-4",
        "scaleClass": "沿街常规建筑",
        "layer": "buildings"
      },
      "geometry": {
        "type": "Polygon",
        "coordinates": [
          [
            [
              1905.566,
              1447.095
            ],
            [
              1943.681,
              1448.96
            ],
            [
              1941.434,
              1494.905
            ],
            [
              1903.319,
              1493.04
            ],
            [
              1905.566,
              1447.095
            ]
          ]
        ]
      }
    },
    {
      "type": "Feature",
      "properties": {
        "id": "M-060",
        "name": "水务维护所 4号",
        "zone": "市集区",
        "kind": "building",
        "description": "市集区沿街功能建筑。",
        "footprint": 1862,
        "frontageRoad": "M-LN-2-4",
        "scaleClass": "沿街常规建筑",
        "layer": "buildings"
      },
      "geometry": {
        "type": "Polygon",
        "coordinates": [
          [
            [
              1956.326,
              1448.957
            ],
            [
              1994.28,
              1447.101
            ],
            [
              1996.674,
              1496.043
            ],
            [
              1958.72,
              1497.899
            ],
            [
              1956.326,
              1448.957
            ]
          ]
        ]
      }
    },
    {
      "type": "Feature",
      "properties": {
        "id": "M-061",
        "name": "覆顶市集厅 5号",
        "zone": "市集区",
        "kind": "building",
        "description": "市集区沿街功能建筑。",
        "footprint": 1984.3199999999997,
        "frontageRoad": "M-LN-2-4",
        "scaleClass": "沿街常规建筑",
        "layer": "buildings"
      },
      "geometry": {
        "type": "Polygon",
        "coordinates": [
          [
            [
              2009.79,
              1448.474
            ],
            [
              2047.939,
              1447.542
            ],
            [
              2049.21,
              1499.526
            ],
            [
              2011.061,
              1500.458
            ],
            [
              2009.79,
              1448.474
            ]
          ]
        ]
      }
    },
    {
      "type": "Feature",
      "properties": {
        "id": "M-062",
        "name": "常用品商铺 5号",
        "zone": "市集区",
        "kind": "building",
        "description": "市集区沿街功能建筑。",
        "footprint": 1526.3999999999999,
        "frontageRoad": "M-LN-2-5",
        "scaleClass": "沿街常规建筑",
        "layer": "buildings"
      },
      "geometry": {
        "type": "Polygon",
        "coordinates": [
          [
            [
              1851.42,
              1543
            ],
            [
              1889.58,
              1543
            ],
            [
              1889.58,
              1583
            ],
            [
              1851.42,
              1583
            ],
            [
              1851.42,
              1543
            ]
          ]
        ]
      }
    },
    {
      "type": "Feature",
      "properties": {
        "id": "M-063",
        "name": "食材熟食馆 5号",
        "zone": "市集区",
        "kind": "building",
        "description": "市集区沿街功能建筑。",
        "footprint": 1640.8799999999999,
        "frontageRoad": "M-LN-2-5",
        "scaleClass": "沿街常规建筑",
        "layer": "buildings"
      },
      "geometry": {
        "type": "Polygon",
        "coordinates": [
          [
            [
              1904.951,
              1542.54
            ],
            [
              1943.1,
              1543.473
            ],
            [
              1942.049,
              1586.46
            ],
            [
              1903.9,
              1585.527
            ],
            [
              1904.951,
              1542.54
            ]
          ]
        ]
      }
    },
    {
      "type": "Feature",
      "properties": {
        "id": "M-064",
        "name": "货币契约所 5号",
        "zone": "市集区",
        "kind": "building",
        "description": "市集区沿街功能建筑。",
        "footprint": 1755.36,
        "frontageRoad": "M-LN-2-5",
        "scaleClass": "沿街常规建筑",
        "layer": "buildings"
      },
      "geometry": {
        "type": "Polygon",
        "coordinates": [
          [
            [
              1958.566,
              1542.095
            ],
            [
              1996.681,
              1543.96
            ],
            [
              1994.434,
              1589.905
            ],
            [
              1956.319,
              1588.04
            ],
            [
              1958.566,
              1542.095
            ]
          ]
        ]
      }
    },
    {
      "type": "Feature",
      "properties": {
        "id": "M-065",
        "name": "转运车队屋 5号",
        "zone": "市集区",
        "kind": "building",
        "description": "市集区沿街功能建筑。",
        "footprint": 1862,
        "frontageRoad": "M-LN-2-5",
        "scaleClass": "沿街常规建筑",
        "layer": "buildings"
      },
      "geometry": {
        "type": "Polygon",
        "coordinates": [
          [
            [
              2009.326,
              1543.957
            ],
            [
              2047.28,
              1542.101
            ],
            [
              2049.674,
              1591.043
            ],
            [
              2011.72,
              1592.899
            ],
            [
              2009.326,
              1543.957
            ]
          ]
        ]
      }
    },
    {
      "type": "Feature",
      "properties": {
        "id": "M-066",
        "name": "公共货栈 5号",
        "zone": "市集区",
        "kind": "building",
        "description": "市集区沿街功能建筑。",
        "footprint": 1984.3199999999997,
        "frontageRoad": "M-LN-2-6",
        "scaleClass": "沿街常规建筑",
        "layer": "buildings"
      },
      "geometry": {
        "type": "Polygon",
        "coordinates": [
          [
            [
              1850.79,
              1638.474
            ],
            [
              1888.939,
              1637.542
            ],
            [
              1890.21,
              1689.526
            ],
            [
              1852.061,
              1690.458
            ],
            [
              1850.79,
              1638.474
            ]
          ]
        ]
      }
    },
    {
      "type": "Feature",
      "properties": {
        "id": "M-067",
        "name": "度量巡查所 5号",
        "zone": "市集区",
        "kind": "building",
        "description": "市集区沿街功能建筑。",
        "footprint": 1526.3999999999999,
        "frontageRoad": "M-LN-2-6",
        "scaleClass": "沿街常规建筑",
        "layer": "buildings"
      },
      "geometry": {
        "type": "Polygon",
        "coordinates": [
          [
            [
              1904.42,
              1638
            ],
            [
              1942.58,
              1638
            ],
            [
              1942.58,
              1678
            ],
            [
              1904.42,
              1678
            ],
            [
              1904.42,
              1638
            ]
          ]
        ]
      }
    },
    {
      "type": "Feature",
      "properties": {
        "id": "M-068",
        "name": "访客客舍 5号",
        "zone": "市集区",
        "kind": "building",
        "description": "市集区沿街功能建筑。",
        "footprint": 1640.8799999999999,
        "frontageRoad": "M-LN-2-6",
        "scaleClass": "沿街常规建筑",
        "layer": "buildings"
      },
      "geometry": {
        "type": "Polygon",
        "coordinates": [
          [
            [
              1957.951,
              1637.54
            ],
            [
              1996.1,
              1638.473
            ],
            [
              1995.049,
              1681.46
            ],
            [
              1956.9,
              1680.527
            ],
            [
              1957.951,
              1637.54
            ]
          ]
        ]
      }
    },
    {
      "type": "Feature",
      "properties": {
        "id": "M-069",
        "name": "学生用品合营社 5号",
        "zone": "市集区",
        "kind": "building",
        "description": "市集区沿街功能建筑。",
        "footprint": 1755.36,
        "frontageRoad": "M-LN-2-6",
        "scaleClass": "沿街常规建筑",
        "layer": "buildings"
      },
      "geometry": {
        "type": "Polygon",
        "coordinates": [
          [
            [
              2011.566,
              1637.095
            ],
            [
              2049.681,
              1638.96
            ],
            [
              2047.434,
              1684.905
            ],
            [
              2009.319,
              1683.04
            ],
            [
              2011.566,
              1637.095
            ]
          ]
        ]
      }
    },
    {
      "type": "Feature",
      "properties": {
        "id": "M-070",
        "name": "旅店浴室 5号",
        "zone": "市集区",
        "kind": "building",
        "description": "市集区沿街功能建筑。",
        "footprint": 1862,
        "frontageRoad": "M-LN-2-7",
        "scaleClass": "沿街常规建筑",
        "layer": "buildings"
      },
      "geometry": {
        "type": "Polygon",
        "coordinates": [
          [
            [
              1850.326,
              1733.957
            ],
            [
              1888.28,
              1732.101
            ],
            [
              1890.674,
              1781.043
            ],
            [
              1852.72,
              1782.899
            ],
            [
              1850.326,
              1733.957
            ]
          ]
        ]
      }
    },
    {
      "type": "Feature",
      "properties": {
        "id": "M-071",
        "name": "消防护障站 5号",
        "zone": "市集区",
        "kind": "building",
        "description": "市集区沿街功能建筑。",
        "footprint": 1984.3199999999997,
        "frontageRoad": "M-LN-2-7",
        "scaleClass": "沿街常规建筑",
        "layer": "buildings"
      },
      "geometry": {
        "type": "Polygon",
        "coordinates": [
          [
            [
              1903.79,
              1733.474
            ],
            [
              1941.939,
              1732.542
            ],
            [
              1943.21,
              1784.526
            ],
            [
              1905.061,
              1785.458
            ],
            [
              1903.79,
              1733.474
            ]
          ]
        ]
      }
    },
    {
      "type": "Feature",
      "properties": {
        "id": "M-072",
        "name": "公共粮仓 5号",
        "zone": "市集区",
        "kind": "building",
        "description": "市集区沿街功能建筑。",
        "footprint": 1526.3999999999999,
        "frontageRoad": "M-LN-2-7",
        "scaleClass": "沿街常规建筑",
        "layer": "buildings"
      },
      "geometry": {
        "type": "Polygon",
        "coordinates": [
          [
            [
              1957.42,
              1733
            ],
            [
              1995.58,
              1733
            ],
            [
              1995.58,
              1773
            ],
            [
              1957.42,
              1773
            ],
            [
              1957.42,
              1733
            ]
          ]
        ]
      }
    },
    {
      "type": "Feature",
      "properties": {
        "id": "M-073",
        "name": "客运票务所 5号",
        "zone": "市集区",
        "kind": "building",
        "description": "市集区沿街功能建筑。",
        "footprint": 1640.8799999999999,
        "frontageRoad": "M-LN-2-7",
        "scaleClass": "沿街常规建筑",
        "layer": "buildings"
      },
      "geometry": {
        "type": "Polygon",
        "coordinates": [
          [
            [
              2010.951,
              1732.54
            ],
            [
              2049.1,
              1733.473
            ],
            [
              2048.049,
              1776.46
            ],
            [
              2009.9,
              1775.527
            ],
            [
              2010.951,
              1732.54
            ]
          ]
        ]
      }
    },
    {
      "type": "Feature",
      "properties": {
        "id": "M-074",
        "name": "邮驿分发站 5号",
        "zone": "市集区",
        "kind": "building",
        "description": "市集区沿街功能建筑。",
        "footprint": 1755.36,
        "frontageRoad": "M-LN-2-8",
        "scaleClass": "沿街常规建筑",
        "layer": "buildings"
      },
      "geometry": {
        "type": "Polygon",
        "coordinates": [
          [
            [
              1852.566,
              1827.095
            ],
            [
              1890.681,
              1828.96
            ],
            [
              1888.434,
              1874.905
            ],
            [
              1850.319,
              1873.04
            ],
            [
              1852.566,
              1827.095
            ]
          ]
        ]
      }
    },
    {
      "type": "Feature",
      "properties": {
        "id": "M-075",
        "name": "水务维护所 5号",
        "zone": "市集区",
        "kind": "building",
        "description": "市集区沿街功能建筑。",
        "footprint": 1862,
        "frontageRoad": "M-LN-2-8",
        "scaleClass": "沿街常规建筑",
        "layer": "buildings"
      },
      "geometry": {
        "type": "Polygon",
        "coordinates": [
          [
            [
              1903.326,
              1828.957
            ],
            [
              1941.28,
              1827.101
            ],
            [
              1943.674,
              1876.043
            ],
            [
              1905.72,
              1877.899
            ],
            [
              1903.326,
              1828.957
            ]
          ]
        ]
      }
    },
    {
      "type": "Feature",
      "properties": {
        "id": "M-076",
        "name": "覆顶市集厅 6号",
        "zone": "市集区",
        "kind": "building",
        "description": "市集区沿街功能建筑。",
        "footprint": 1984.3199999999997,
        "frontageRoad": "M-LN-2-8",
        "scaleClass": "沿街常规建筑",
        "layer": "buildings"
      },
      "geometry": {
        "type": "Polygon",
        "coordinates": [
          [
            [
              1956.79,
              1828.474
            ],
            [
              1994.939,
              1827.542
            ],
            [
              1996.21,
              1879.526
            ],
            [
              1958.061,
              1880.458
            ],
            [
              1956.79,
              1828.474
            ]
          ]
        ]
      }
    },
    {
      "type": "Feature",
      "properties": {
        "id": "M-077",
        "name": "常用品商铺 6号",
        "zone": "市集区",
        "kind": "building",
        "description": "市集区沿街功能建筑。",
        "footprint": 1526.3999999999999,
        "frontageRoad": "M-LN-2-8",
        "scaleClass": "沿街常规建筑",
        "layer": "buildings"
      },
      "geometry": {
        "type": "Polygon",
        "coordinates": [
          [
            [
              2010.42,
              1828
            ],
            [
              2048.58,
              1828
            ],
            [
              2048.58,
              1868
            ],
            [
              2010.42,
              1868
            ],
            [
              2010.42,
              1828
            ]
          ]
        ]
      }
    },
    {
      "type": "Feature",
      "properties": {
        "id": "M-078",
        "name": "食材熟食馆 6号",
        "zone": "市集区",
        "kind": "building",
        "description": "市集区沿街功能建筑。",
        "footprint": 1640.8799999999999,
        "frontageRoad": "M-LN-2-9",
        "scaleClass": "沿街常规建筑",
        "layer": "buildings"
      },
      "geometry": {
        "type": "Polygon",
        "coordinates": [
          [
            [
              1851.951,
              1922.54
            ],
            [
              1890.1,
              1923.473
            ],
            [
              1889.049,
              1966.46
            ],
            [
              1850.9,
              1965.527
            ],
            [
              1851.951,
              1922.54
            ]
          ]
        ]
      }
    },
    {
      "type": "Feature",
      "properties": {
        "id": "M-079",
        "name": "货币契约所 6号",
        "zone": "市集区",
        "kind": "building",
        "description": "市集区沿街功能建筑。",
        "footprint": 1755.36,
        "frontageRoad": "M-LN-2-9",
        "scaleClass": "沿街常规建筑",
        "layer": "buildings"
      },
      "geometry": {
        "type": "Polygon",
        "coordinates": [
          [
            [
              1905.566,
              1922.095
            ],
            [
              1943.681,
              1923.96
            ],
            [
              1941.434,
              1969.905
            ],
            [
              1903.319,
              1968.04
            ],
            [
              1905.566,
              1922.095
            ]
          ]
        ]
      }
    },
    {
      "type": "Feature",
      "properties": {
        "id": "M-080",
        "name": "转运车队屋 6号",
        "zone": "市集区",
        "kind": "building",
        "description": "市集区沿街功能建筑。",
        "footprint": 1862,
        "frontageRoad": "M-LN-2-9",
        "scaleClass": "沿街常规建筑",
        "layer": "buildings"
      },
      "geometry": {
        "type": "Polygon",
        "coordinates": [
          [
            [
              1956.326,
              1923.957
            ],
            [
              1994.28,
              1922.101
            ],
            [
              1996.674,
              1971.043
            ],
            [
              1958.72,
              1972.899
            ],
            [
              1956.326,
              1923.957
            ]
          ]
        ]
      }
    },
    {
      "type": "Feature",
      "properties": {
        "id": "M-081",
        "name": "公共货栈 6号",
        "zone": "市集区",
        "kind": "building",
        "description": "市集区沿街功能建筑。",
        "footprint": 1984.3199999999997,
        "frontageRoad": "M-LN-2-9",
        "scaleClass": "沿街常规建筑",
        "layer": "buildings"
      },
      "geometry": {
        "type": "Polygon",
        "coordinates": [
          [
            [
              2009.79,
              1923.474
            ],
            [
              2047.939,
              1922.542
            ],
            [
              2049.21,
              1974.526
            ],
            [
              2011.061,
              1975.458
            ],
            [
              2009.79,
              1923.474
            ]
          ]
        ]
      }
    },
    {
      "type": "Feature",
      "properties": {
        "id": "M-082",
        "name": "度量巡查所 6号",
        "zone": "市集区",
        "kind": "building",
        "description": "市集区沿街功能建筑。",
        "footprint": 1526.3999999999999,
        "frontageRoad": "M-LN-2-10",
        "scaleClass": "沿街常规建筑",
        "layer": "buildings"
      },
      "geometry": {
        "type": "Polygon",
        "coordinates": [
          [
            [
              1851.42,
              2018
            ],
            [
              1889.58,
              2018
            ],
            [
              1889.58,
              2058
            ],
            [
              1851.42,
              2058
            ],
            [
              1851.42,
              2018
            ]
          ]
        ]
      }
    },
    {
      "type": "Feature",
      "properties": {
        "id": "M-083",
        "name": "访客客舍 6号",
        "zone": "市集区",
        "kind": "building",
        "description": "市集区沿街功能建筑。",
        "footprint": 1640.8799999999999,
        "frontageRoad": "M-LN-2-10",
        "scaleClass": "沿街常规建筑",
        "layer": "buildings"
      },
      "geometry": {
        "type": "Polygon",
        "coordinates": [
          [
            [
              1904.951,
              2017.54
            ],
            [
              1943.1,
              2018.473
            ],
            [
              1942.049,
              2061.46
            ],
            [
              1903.9,
              2060.527
            ],
            [
              1904.951,
              2017.54
            ]
          ]
        ]
      }
    },
    {
      "type": "Feature",
      "properties": {
        "id": "M-084",
        "name": "学生用品合营社 6号",
        "zone": "市集区",
        "kind": "building",
        "description": "市集区沿街功能建筑。",
        "footprint": 1755.36,
        "frontageRoad": "M-LN-2-10",
        "scaleClass": "沿街常规建筑",
        "layer": "buildings"
      },
      "geometry": {
        "type": "Polygon",
        "coordinates": [
          [
            [
              1958.566,
              2017.095
            ],
            [
              1996.681,
              2018.96
            ],
            [
              1994.434,
              2064.905
            ],
            [
              1956.319,
              2063.04
            ],
            [
              1958.566,
              2017.095
            ]
          ]
        ]
      }
    },
    {
      "type": "Feature",
      "properties": {
        "id": "M-085",
        "name": "旅店浴室 6号",
        "zone": "市集区",
        "kind": "building",
        "description": "市集区沿街功能建筑。",
        "footprint": 1862,
        "frontageRoad": "M-LN-2-10",
        "scaleClass": "沿街常规建筑",
        "layer": "buildings"
      },
      "geometry": {
        "type": "Polygon",
        "coordinates": [
          [
            [
              2009.326,
              2018.957
            ],
            [
              2047.28,
              2017.101
            ],
            [
              2049.674,
              2066.043
            ],
            [
              2011.72,
              2067.899
            ],
            [
              2009.326,
              2018.957
            ]
          ]
        ]
      }
    },
    {
      "type": "Feature",
      "properties": {
        "id": "S-001",
        "name": "封存许可总厅",
        "zone": "封存区",
        "kind": "building",
        "description": "封存区沿街功能建筑。",
        "footprint": 2404.0498581884895,
        "frontageRoad": "S-LN-1-1",
        "shapeType": "切角许可厅",
        "scaleClass": "地标建筑",
        "layer": "buildings"
      },
      "geometry": {
        "type": "Polygon",
        "coordinates": [
          [
            [
              2145.128,
              1189.359
            ],
            [
              2176.587,
              1189.359
            ],
            [
              2183.587,
              1196.359
            ],
            [
              2183.587,
              1237.398
            ],
            [
              2176.587,
              1244.398
            ],
            [
              2145.128,
              1244.398
            ],
            [
              2138.128,
              1237.398
            ],
            [
              2138.128,
              1196.359
            ],
            [
              2145.128,
              1189.359
            ]
          ]
        ]
      }
    },
    {
      "type": "Feature",
      "properties": {
        "id": "S-002",
        "name": "封存登记楼",
        "zone": "封存区",
        "kind": "building",
        "description": "封存区沿街功能建筑。",
        "footprint": 2049.7371428571428,
        "frontageRoad": "S-LN-1-1",
        "scaleClass": "沿街常规建筑",
        "layer": "buildings"
      },
      "geometry": {
        "type": "Polygon",
        "coordinates": [
          [
            [
              2192.206,
              1187.914
            ],
            [
              2230.603,
              1183.292
            ],
            [
              2236.937,
              1235.912
            ],
            [
              2198.54,
              1240.534
            ],
            [
              2192.206,
              1187.914
            ]
          ]
        ]
      }
    },
    {
      "type": "Feature",
      "properties": {
        "id": "S-003",
        "name": "受控档案库",
        "zone": "封存区",
        "kind": "building",
        "description": "封存区沿街功能建筑。",
        "footprint": 2165.76,
        "frontageRoad": "S-LN-1-1",
        "scaleClass": "沿街常规建筑",
        "layer": "buildings"
      },
      "geometry": {
        "type": "Polygon",
        "coordinates": [
          [
            [
              2246.37,
              1180.915
            ],
            [
              2284.869,
              1177.233
            ],
            [
              2290.201,
              1232.979
            ],
            [
              2251.702,
              1236.661
            ],
            [
              2246.37,
              1180.915
            ]
          ]
        ]
      }
    },
    {
      "type": "Feature",
      "properties": {
        "id": "S-004",
        "name": "遗物保管库",
        "zone": "封存区",
        "kind": "building",
        "description": "封存区沿街功能建筑。",
        "footprint": 2281.782857142857,
        "frontageRoad": "S-LN-1-1",
        "scaleClass": "沿街常规建筑",
        "layer": "buildings"
      },
      "geometry": {
        "type": "Polygon",
        "coordinates": [
          [
            [
              2300.621,
              1173.926
            ],
            [
              2339.198,
              1171.185
            ],
            [
              2343.379,
              1230.037
            ],
            [
              2304.802,
              1232.778
            ],
            [
              2300.621,
              1173.926
            ]
          ]
        ]
      }
    },
    {
      "type": "Feature",
      "properties": {
        "id": "S-005",
        "name": "观察复核厅",
        "zone": "封存区",
        "kind": "building",
        "description": "封存区沿街功能建筑。",
        "footprint": 1786,
        "frontageRoad": "S-LN-1-1",
        "scaleClass": "沿街常规建筑",
        "layer": "buildings"
      },
      "geometry": {
        "type": "Polygon",
        "coordinates": [
          [
            [
              2358.378,
              1176.63
            ],
            [
              2396.287,
              1179.247
            ],
            [
              2393.051,
              1226.135
            ],
            [
              2355.141,
              1223.519
            ],
            [
              2358.378,
              1176.63
            ]
          ]
        ]
      }
    },
    {
      "type": "Feature",
      "properties": {
        "id": "S-006",
        "name": "隔离塔",
        "zone": "封存区",
        "kind": "building",
        "description": "封存区沿街功能建筑。",
        "footprint": 2206.553634236101,
        "frontageRoad": "S-LN-1-1",
        "shapeType": "八角隔离塔",
        "scaleClass": "地标建筑",
        "layer": "buildings"
      },
      "geometry": {
        "type": "Polygon",
        "coordinates": [
          [
            [
              2414.845,
              1182.545
            ],
            [
              2444.012,
              1182.545
            ],
            [
              2451.012,
              1189.545
            ],
            [
              2451.012,
              1228.933
            ],
            [
              2444.012,
              1235.933
            ],
            [
              2414.845,
              1235.933
            ],
            [
              2407.845,
              1228.933
            ],
            [
              2407.845,
              1189.545
            ],
            [
              2414.845,
              1182.545
            ]
          ]
        ]
      }
    },
    {
      "type": "Feature",
      "properties": {
        "id": "S-007",
        "name": "核心维护楼",
        "zone": "封存区",
        "kind": "building",
        "description": "封存区沿街功能建筑。",
        "footprint": 2049.7371428571428,
        "frontageRoad": "S-LN-1-1",
        "scaleClass": "沿街常规建筑",
        "layer": "buildings"
      },
      "geometry": {
        "type": "Polygon",
        "coordinates": [
          [
            [
              2467.054,
              1188.506
            ],
            [
              2505.46,
              1193.051
            ],
            [
              2499.232,
              1245.684
            ],
            [
              2460.826,
              1241.139
            ],
            [
              2467.054,
              1188.506
            ]
          ]
        ]
      }
    },
    {
      "type": "Feature",
      "properties": {
        "id": "S-008",
        "name": "安全值守屋",
        "zone": "封存区",
        "kind": "building",
        "description": "封存区沿街功能建筑。",
        "footprint": 2165.76,
        "frontageRoad": "S-LN-1-1",
        "scaleClass": "沿街常规建筑",
        "layer": "buildings"
      },
      "geometry": {
        "type": "Polygon",
        "coordinates": [
          [
            [
              2521.684,
              1194.493
            ],
            [
              2559.968,
              1199.975
            ],
            [
              2552.03,
              1255.41
            ],
            [
              2513.746,
              1249.928
            ],
            [
              2521.684,
              1194.493
            ]
          ]
        ]
      }
    },
    {
      "type": "Feature",
      "properties": {
        "id": "S-009",
        "name": "受控处置工坊",
        "zone": "封存区",
        "kind": "building",
        "description": "封存区沿街功能建筑。",
        "footprint": 2997.9021073889453,
        "frontageRoad": "S-LN-1-1",
        "shapeType": "折角处置工坊",
        "scaleClass": "地标建筑",
        "layer": "buildings"
      },
      "geometry": {
        "type": "Polygon",
        "coordinates": [
          [
            [
              2573.609,
              1200.509
            ],
            [
              2607.534,
              1200.509
            ],
            [
              2614.534,
              1207.509
            ],
            [
              2614.534,
              1258.107
            ],
            [
              2607.534,
              1265.107
            ],
            [
              2573.609,
              1265.107
            ],
            [
              2566.609,
              1258.107
            ],
            [
              2566.609,
              1207.509
            ],
            [
              2573.609,
              1200.509
            ]
          ]
        ]
      }
    },
    {
      "type": "Feature",
      "properties": {
        "id": "S-010",
        "name": "许可审查厅",
        "zone": "封存区",
        "kind": "building",
        "description": "封存区沿街功能建筑。",
        "footprint": 1786,
        "frontageRoad": "S-LN-1-1",
        "scaleClass": "沿街常规建筑",
        "layer": "buildings"
      },
      "geometry": {
        "type": "Polygon",
        "coordinates": [
          [
            [
              2623.272,
              1210.449
            ],
            [
              2661.122,
              1207.072
            ],
            [
              2665.299,
              1253.886
            ],
            [
              2627.45,
              1257.263
            ],
            [
              2623.272,
              1210.449
            ]
          ]
        ]
      }
    },
    {
      "type": "Feature",
      "properties": {
        "id": "S-011",
        "name": "撤离器材库",
        "zone": "封存区",
        "kind": "building",
        "description": "封存区沿街功能建筑。",
        "footprint": 1933.7142857142858,
        "frontageRoad": "S-LN-1-1",
        "scaleClass": "沿街常规建筑",
        "layer": "buildings"
      },
      "geometry": {
        "type": "Polygon",
        "coordinates": [
          [
            [
              2677.09,
              1207.811
            ],
            [
              2715.684,
              1205.316
            ],
            [
              2718.91,
              1255.212
            ],
            [
              2680.316,
              1257.707
            ],
            [
              2677.09,
              1207.811
            ]
          ]
        ]
      }
    },
    {
      "type": "Feature",
      "properties": {
        "id": "S-012",
        "name": "护障备用机房",
        "zone": "封存区",
        "kind": "building",
        "description": "封存区沿街功能建筑。",
        "footprint": 2049.7371428571428,
        "frontageRoad": "S-LN-1-1",
        "scaleClass": "沿街常规建筑",
        "layer": "buildings"
      },
      "geometry": {
        "type": "Polygon",
        "coordinates": [
          [
            [
              2731.33,
              1205.152
            ],
            [
              2769.973,
              1203.6
            ],
            [
              2772.099,
              1256.558
            ],
            [
              2733.456,
              1258.109
            ],
            [
              2731.33,
              1205.152
            ]
          ]
        ]
      }
    },
    {
      "type": "Feature",
      "properties": {
        "id": "S-013",
        "name": "封存检查门厅 2号",
        "zone": "封存区",
        "kind": "building",
        "description": "封存区沿街功能建筑。",
        "footprint": 2165.76,
        "frontageRoad": "S-LN-1-1",
        "scaleClass": "沿街常规建筑",
        "layer": "buildings"
      },
      "geometry": {
        "type": "Polygon",
        "coordinates": [
          [
            [
              2785.654,
              1202.505
            ],
            [
              2824.324,
              1201.898
            ],
            [
              2825.203,
              1257.891
            ],
            [
              2786.533,
              1258.498
            ],
            [
              2785.654,
              1202.505
            ]
          ]
        ]
      }
    },
    {
      "type": "Feature",
      "properties": {
        "id": "S-014",
        "name": "封存登记楼 2号",
        "zone": "封存区",
        "kind": "building",
        "description": "封存区沿街功能建筑。",
        "footprint": 2281.782857142857,
        "frontageRoad": "S-LN-1-1",
        "scaleClass": "沿街常规建筑",
        "layer": "buildings"
      },
      "geometry": {
        "type": "Polygon",
        "coordinates": [
          [
            [
              2840.064,
              1199.874
            ],
            [
              2878.737,
              1200.212
            ],
            [
              2878.221,
              1259.21
            ],
            [
              2839.549,
              1258.872
            ],
            [
              2840.064,
              1199.874
            ]
          ]
        ]
      }
    },
    {
      "type": "Feature",
      "properties": {
        "id": "S-015",
        "name": "受控档案库 2号",
        "zone": "封存区",
        "kind": "building",
        "description": "封存区沿街功能建筑。",
        "footprint": 1786,
        "frontageRoad": "S-LN-1-2",
        "scaleClass": "沿街常规建筑",
        "layer": "buildings"
      },
      "geometry": {
        "type": "Polygon",
        "coordinates": [
          [
            [
              2144.253,
              1290.785
            ],
            [
              2182.07,
              1294.511
            ],
            [
              2177.461,
              1341.284
            ],
            [
              2139.644,
              1337.558
            ],
            [
              2144.253,
              1290.785
            ]
          ]
        ]
      }
    },
    {
      "type": "Feature",
      "properties": {
        "id": "S-016",
        "name": "遗物保管库 2号",
        "zone": "封存区",
        "kind": "building",
        "description": "封存区沿街功能建筑。",
        "footprint": 1933.7142857142858,
        "frontageRoad": "S-LN-1-2",
        "scaleClass": "沿街常规建筑",
        "layer": "buildings"
      },
      "geometry": {
        "type": "Polygon",
        "coordinates": [
          [
            [
              2198.438,
              1295.314
            ],
            [
              2236.822,
              1300.045
            ],
            [
              2230.705,
              1349.67
            ],
            [
              2192.321,
              1344.939
            ],
            [
              2198.438,
              1295.314
            ]
          ]
        ]
      }
    },
    {
      "type": "Feature",
      "properties": {
        "id": "S-017",
        "name": "观察复核厅 2号",
        "zone": "封存区",
        "kind": "building",
        "description": "封存区沿街功能建筑。",
        "footprint": 2049.7371428571428,
        "frontageRoad": "S-LN-1-2",
        "scaleClass": "沿街常规建筑",
        "layer": "buildings"
      },
      "geometry": {
        "type": "Polygon",
        "coordinates": [
          [
            [
              2253.041,
              1299.902
            ],
            [
              2291.298,
              1305.57
            ],
            [
              2283.531,
              1357.997
            ],
            [
              2245.274,
              1352.33
            ],
            [
              2253.041,
              1299.902
            ]
          ]
        ]
      }
    },
    {
      "type": "Feature",
      "properties": {
        "id": "S-018",
        "name": "隔离塔 2号",
        "zone": "封存区",
        "kind": "building",
        "description": "封存区沿街功能建筑。",
        "footprint": 2165.76,
        "frontageRoad": "S-LN-1-2",
        "scaleClass": "沿街常规建筑",
        "layer": "buildings"
      },
      "geometry": {
        "type": "Polygon",
        "coordinates": [
          [
            [
              2307.725,
              1304.518
            ],
            [
              2345.832,
              1311.119
            ],
            [
              2336.275,
              1366.297
            ],
            [
              2298.168,
              1359.696
            ],
            [
              2307.725,
              1304.518
            ]
          ]
        ]
      }
    },
    {
      "type": "Feature",
      "properties": {
        "id": "S-019",
        "name": "核心维护楼 2号",
        "zone": "封存区",
        "kind": "building",
        "description": "封存区沿街功能建筑。",
        "footprint": 2281.782857142857,
        "frontageRoad": "S-LN-1-2",
        "scaleClass": "沿街常规建筑",
        "layer": "buildings"
      },
      "geometry": {
        "type": "Polygon",
        "coordinates": [
          [
            [
              2353.645,
              1299.743
            ],
            [
              2392.142,
              1296.046
            ],
            [
              2397.783,
              1354.776
            ],
            [
              2359.286,
              1358.473
            ],
            [
              2353.645,
              1299.743
            ]
          ]
        ]
      }
    },
    {
      "type": "Feature",
      "properties": {
        "id": "S-020",
        "name": "安全值守屋 2号",
        "zone": "封存区",
        "kind": "building",
        "description": "封存区沿街功能建筑。",
        "footprint": 1786,
        "frontageRoad": "S-LN-1-2",
        "scaleClass": "沿街常规建筑",
        "layer": "buildings"
      },
      "geometry": {
        "type": "Polygon",
        "coordinates": [
          [
            [
              2406.264,
              1306.029
            ],
            [
              2443.555,
              1298.722
            ],
            [
              2452.593,
              1344.845
            ],
            [
              2415.302,
              1352.151
            ],
            [
              2406.264,
              1306.029
            ]
          ]
        ]
      }
    },
    {
      "type": "Feature",
      "properties": {
        "id": "S-021",
        "name": "受控处置工坊 2号",
        "zone": "封存区",
        "kind": "building",
        "description": "封存区沿街功能建筑。",
        "footprint": 1933.7142857142858,
        "frontageRoad": "S-LN-1-2",
        "scaleClass": "沿街常规建筑",
        "layer": "buildings"
      },
      "geometry": {
        "type": "Polygon",
        "coordinates": [
          [
            [
              2459.875,
              1294.724
            ],
            [
              2497.998,
              1288.216
            ],
            [
              2506.411,
              1337.504
            ],
            [
              2468.288,
              1344.011
            ],
            [
              2459.875,
              1294.724
            ]
          ]
        ]
      }
    },
    {
      "type": "Feature",
      "properties": {
        "id": "S-022",
        "name": "许可审查厅 2号",
        "zone": "封存区",
        "kind": "building",
        "description": "封存区沿街功能建筑。",
        "footprint": 2049.7371428571428,
        "frontageRoad": "S-LN-1-2",
        "scaleClass": "沿街常规建筑",
        "layer": "buildings"
      },
      "geometry": {
        "type": "Polygon",
        "coordinates": [
          [
            [
              2513.903,
              1283.354
            ],
            [
              2552.173,
              1277.78
            ],
            [
              2559.812,
              1330.227
            ],
            [
              2521.541,
              1335.801
            ],
            [
              2513.903,
              1283.354
            ]
          ]
        ]
      }
    },
    {
      "type": "Feature",
      "properties": {
        "id": "S-023",
        "name": "撤离器材库 2号",
        "zone": "封存区",
        "kind": "building",
        "description": "封存区沿街功能建筑。",
        "footprint": 2165.76,
        "frontageRoad": "S-LN-1-2",
        "scaleClass": "沿街常规建筑",
        "layer": "buildings"
      },
      "geometry": {
        "type": "Polygon",
        "coordinates": [
          [
            [
              2568.017,
              1271.988
            ],
            [
              2606.412,
              1267.351
            ],
            [
              2613.126,
              1322.947
            ],
            [
              2574.731,
              1327.584
            ],
            [
              2568.017,
              1271.988
            ]
          ]
        ]
      }
    },
    {
      "type": "Feature",
      "properties": {
        "id": "S-024",
        "name": "护障备用机房 2号",
        "zone": "封存区",
        "kind": "building",
        "description": "封存区沿街功能建筑。",
        "footprint": 2281.782857142857,
        "frontageRoad": "S-LN-1-2",
        "scaleClass": "沿街常规建筑",
        "layer": "buildings"
      },
      "geometry": {
        "type": "Polygon",
        "coordinates": [
          [
            [
              2627.935,
              1258.116
            ],
            [
              2666.423,
              1261.909
            ],
            [
              2660.636,
              1320.625
            ],
            [
              2622.148,
              1316.832
            ],
            [
              2627.935,
              1258.116
            ]
          ]
        ]
      }
    },
    {
      "type": "Feature",
      "properties": {
        "id": "S-025",
        "name": "封存检查门厅 3号",
        "zone": "封存区",
        "kind": "building",
        "description": "封存区沿街功能建筑。",
        "footprint": 1786,
        "frontageRoad": "S-LN-1-2",
        "scaleClass": "沿街常规建筑",
        "layer": "buildings"
      },
      "geometry": {
        "type": "Polygon",
        "coordinates": [
          [
            [
              2679.012,
              1274.515
            ],
            [
              2717.012,
              1274.534
            ],
            [
              2716.988,
              1321.534
            ],
            [
              2678.988,
              1321.515
            ],
            [
              2679.012,
              1274.515
            ]
          ]
        ]
      }
    },
    {
      "type": "Feature",
      "properties": {
        "id": "S-026",
        "name": "封存登记楼 3号",
        "zone": "封存区",
        "kind": "building",
        "description": "封存区沿街功能建筑。",
        "footprint": 1933.7142857142858,
        "frontageRoad": "S-LN-1-2",
        "scaleClass": "沿街常规建筑",
        "layer": "buildings"
      },
      "geometry": {
        "type": "Polygon",
        "coordinates": [
          [
            [
              2733.007,
              1273.704
            ],
            [
              2771.669,
              1274.669
            ],
            [
              2770.422,
              1324.653
            ],
            [
              2731.76,
              1323.689
            ],
            [
              2733.007,
              1273.704
            ]
          ]
        ]
      }
    },
    {
      "type": "Feature",
      "properties": {
        "id": "S-027",
        "name": "受控档案库 3号",
        "zone": "封存区",
        "kind": "building",
        "description": "封存区沿街功能建筑。",
        "footprint": 2049.7371428571428,
        "frontageRoad": "S-LN-1-2",
        "scaleClass": "沿街常规建筑",
        "layer": "buildings"
      },
      "geometry": {
        "type": "Polygon",
        "coordinates": [
          [
            [
              2787.423,
              1272.911
            ],
            [
              2826.05,
              1274.82
            ],
            [
              2823.434,
              1327.755
            ],
            [
              2784.807,
              1325.846
            ],
            [
              2787.423,
              1272.911
            ]
          ]
        ]
      }
    },
    {
      "type": "Feature",
      "properties": {
        "id": "S-028",
        "name": "遗物保管库 3号",
        "zone": "封存区",
        "kind": "building",
        "description": "封存区沿街功能建筑。",
        "footprint": 2165.76,
        "frontageRoad": "S-LN-1-2",
        "scaleClass": "沿街常规建筑",
        "layer": "buildings"
      },
      "geometry": {
        "type": "Polygon",
        "coordinates": [
          [
            [
              2841.923,
              1272.137
            ],
            [
              2880.492,
              1274.989
            ],
            [
              2876.363,
              1330.837
            ],
            [
              2837.794,
              1327.985
            ],
            [
              2841.923,
              1272.137
            ]
          ]
        ]
      }
    },
    {
      "type": "Feature",
      "properties": {
        "id": "S-029",
        "name": "观察复核厅 3号",
        "zone": "封存区",
        "kind": "building",
        "description": "封存区沿街功能建筑。",
        "footprint": 2281.782857142857,
        "frontageRoad": "S-LN-1-3",
        "scaleClass": "沿街常规建筑",
        "layer": "buildings"
      },
      "geometry": {
        "type": "Polygon",
        "coordinates": [
          [
            [
              2139.478,
              1578.323
            ],
            [
              2178.055,
              1575.582
            ],
            [
              2182.236,
              1634.434
            ],
            [
              2143.659,
              1637.174
            ],
            [
              2139.478,
              1578.323
            ]
          ]
        ]
      }
    },
    {
      "type": "Feature",
      "properties": {
        "id": "S-030",
        "name": "隔离塔 3号",
        "zone": "封存区",
        "kind": "building",
        "description": "封存区沿街功能建筑。",
        "footprint": 1786,
        "frontageRoad": "S-LN-1-3",
        "scaleClass": "沿街常规建筑",
        "layer": "buildings"
      },
      "geometry": {
        "type": "Polygon",
        "coordinates": [
          [
            [
              2191.896,
              1573.936
            ],
            [
              2229.357,
              1567.557
            ],
            [
              2237.247,
              1613.89
            ],
            [
              2199.786,
              1620.269
            ],
            [
              2191.896,
              1573.936
            ]
          ]
        ]
      }
    },
    {
      "type": "Feature",
      "properties": {
        "id": "S-031",
        "name": "核心维护楼 3号",
        "zone": "封存区",
        "kind": "building",
        "description": "封存区沿街功能建筑。",
        "footprint": 1933.7142857142858,
        "frontageRoad": "S-LN-1-3",
        "scaleClass": "沿街常规建筑",
        "layer": "buildings"
      },
      "geometry": {
        "type": "Polygon",
        "coordinates": [
          [
            [
              2245.556,
              1566.986
            ],
            [
              2283.829,
              1561.427
            ],
            [
              2291.015,
              1610.908
            ],
            [
              2252.743,
              1616.467
            ],
            [
              2245.556,
              1566.986
            ]
          ]
        ]
      }
    },
    {
      "type": "Feature",
      "properties": {
        "id": "S-032",
        "name": "安全值守屋 3号",
        "zone": "封存区",
        "kind": "building",
        "description": "封存区沿街功能建筑。",
        "footprint": 2049.7371428571428,
        "frontageRoad": "S-LN-1-3",
        "scaleClass": "沿街常规建筑",
        "layer": "buildings"
      },
      "geometry": {
        "type": "Polygon",
        "coordinates": [
          [
            [
              2299.634,
              1559.982
            ],
            [
              2338.032,
              1555.36
            ],
            [
              2344.366,
              1607.981
            ],
            [
              2305.968,
              1612.603
            ],
            [
              2299.634,
              1559.982
            ]
          ]
        ]
      }
    },
    {
      "type": "Feature",
      "properties": {
        "id": "S-033",
        "name": "受控处置工坊 3号",
        "zone": "封存区",
        "kind": "building",
        "description": "封存区沿街功能建筑。",
        "footprint": 2165.76,
        "frontageRoad": "S-LN-1-3",
        "scaleClass": "沿街常规建筑",
        "layer": "buildings"
      },
      "geometry": {
        "type": "Polygon",
        "coordinates": [
          [
            [
              2360.541,
              1560.425
            ],
            [
              2398.825,
              1565.906
            ],
            [
              2390.887,
              1621.341
            ],
            [
              2352.604,
              1615.859
            ],
            [
              2360.541,
              1560.425
            ]
          ]
        ]
      }
    },
    {
      "type": "Feature",
      "properties": {
        "id": "S-034",
        "name": "许可审查厅 3号",
        "zone": "封存区",
        "kind": "building",
        "description": "封存区沿街功能建筑。",
        "footprint": 2281.782857142857,
        "frontageRoad": "S-LN-1-3",
        "scaleClass": "沿街常规建筑",
        "layer": "buildings"
      },
      "geometry": {
        "type": "Polygon",
        "coordinates": [
          [
            [
              2415.253,
              1566.44
            ],
            [
              2453.391,
              1572.855
            ],
            [
              2443.604,
              1631.038
            ],
            [
              2405.466,
              1624.623
            ],
            [
              2415.253,
              1566.44
            ]
          ]
        ]
      }
    },
    {
      "type": "Feature",
      "properties": {
        "id": "S-035",
        "name": "撤离器材库 3号",
        "zone": "封存区",
        "kind": "building",
        "description": "封存区沿街功能建筑。",
        "footprint": 1786,
        "frontageRoad": "S-LN-1-3",
        "scaleClass": "沿街常规建筑",
        "layer": "buildings"
      },
      "geometry": {
        "type": "Polygon",
        "coordinates": [
          [
            [
              2465.806,
              1574.343
            ],
            [
              2503.716,
              1576.959
            ],
            [
              2500.48,
              1623.848
            ],
            [
              2462.57,
              1621.231
            ],
            [
              2465.806,
              1574.343
            ]
          ]
        ]
      }
    },
    {
      "type": "Feature",
      "properties": {
        "id": "S-036",
        "name": "护障备用机房 3号",
        "zone": "封存区",
        "kind": "building",
        "description": "封存区沿街功能建筑。",
        "footprint": 1933.7142857142858,
        "frontageRoad": "S-LN-1-3",
        "scaleClass": "沿街常规建筑",
        "layer": "buildings"
      },
      "geometry": {
        "type": "Polygon",
        "coordinates": [
          [
            [
              2519.935,
              1580.258
            ],
            [
              2558.44,
              1583.863
            ],
            [
              2553.78,
              1633.645
            ],
            [
              2515.274,
              1630.04
            ],
            [
              2519.935,
              1580.258
            ]
          ]
        ]
      }
    },
    {
      "type": "Feature",
      "properties": {
        "id": "S-037",
        "name": "封存检查门厅 4号",
        "zone": "封存区",
        "kind": "building",
        "description": "封存区沿街功能建筑。",
        "footprint": 2049.7371428571428,
        "frontageRoad": "S-LN-1-3",
        "scaleClass": "沿街常规建筑",
        "layer": "buildings"
      },
      "geometry": {
        "type": "Polygon",
        "coordinates": [
          [
            [
              2574.482,
              1586.219
            ],
            [
              2612.889,
              1590.764
            ],
            [
              2606.66,
              1643.396
            ],
            [
              2568.254,
              1638.852
            ],
            [
              2574.482,
              1586.219
            ]
          ]
        ]
      }
    },
    {
      "type": "Feature",
      "properties": {
        "id": "S-038",
        "name": "封存登记楼 4号",
        "zone": "封存区",
        "kind": "building",
        "description": "封存区沿街功能建筑。",
        "footprint": 2165.76,
        "frontageRoad": "S-LN-1-3",
        "scaleClass": "沿街常规建筑",
        "layer": "buildings"
      },
      "geometry": {
        "type": "Polygon",
        "coordinates": [
          [
            [
              2624.512,
              1593.974
            ],
            [
              2663.181,
              1593.368
            ],
            [
              2664.06,
              1649.361
            ],
            [
              2625.39,
              1649.968
            ],
            [
              2624.512,
              1593.974
            ]
          ]
        ]
      }
    },
    {
      "type": "Feature",
      "properties": {
        "id": "S-039",
        "name": "受控档案库 4号",
        "zone": "封存区",
        "kind": "building",
        "description": "封存区沿街功能建筑。",
        "footprint": 2281.782857142857,
        "frontageRoad": "S-LN-1-3",
        "scaleClass": "沿街常规建筑",
        "layer": "buildings"
      },
      "geometry": {
        "type": "Polygon",
        "coordinates": [
          [
            [
              2678.922,
              1591.343
            ],
            [
              2717.594,
              1591.681
            ],
            [
              2717.078,
              1650.679
            ],
            [
              2678.406,
              1650.341
            ],
            [
              2678.922,
              1591.343
            ]
          ]
        ]
      }
    },
    {
      "type": "Feature",
      "properties": {
        "id": "S-040",
        "name": "遗物保管库 4号",
        "zone": "封存区",
        "kind": "building",
        "description": "封存区沿街功能建筑。",
        "footprint": 1786,
        "frontageRoad": "S-LN-1-3",
        "scaleClass": "沿街常规建筑",
        "layer": "buildings"
      },
      "geometry": {
        "type": "Polygon",
        "coordinates": [
          [
            [
              2730.701,
              1591.136
            ],
            [
              2768.55,
              1587.759
            ],
            [
              2772.728,
              1634.573
            ],
            [
              2734.878,
              1637.95
            ],
            [
              2730.701,
              1591.136
            ]
          ]
        ]
      }
    },
    {
      "type": "Feature",
      "properties": {
        "id": "S-041",
        "name": "观察复核厅 4号",
        "zone": "封存区",
        "kind": "building",
        "description": "封存区沿街功能建筑。",
        "footprint": 1933.7142857142858,
        "frontageRoad": "S-LN-1-3",
        "scaleClass": "沿街常规建筑",
        "layer": "buildings"
      },
      "geometry": {
        "type": "Polygon",
        "coordinates": [
          [
            [
              2784.519,
              1588.498
            ],
            [
              2823.113,
              1586.003
            ],
            [
              2826.338,
              1635.899
            ],
            [
              2787.745,
              1638.394
            ],
            [
              2784.519,
              1588.498
            ]
          ]
        ]
      }
    },
    {
      "type": "Feature",
      "properties": {
        "id": "S-042",
        "name": "隔离塔 4号",
        "zone": "封存区",
        "kind": "building",
        "description": "封存区沿街功能建筑。",
        "footprint": 2049.7371428571428,
        "frontageRoad": "S-LN-1-3",
        "scaleClass": "沿街常规建筑",
        "layer": "buildings"
      },
      "geometry": {
        "type": "Polygon",
        "coordinates": [
          [
            [
              2838.758,
              1585.839
            ],
            [
              2877.401,
              1584.287
            ],
            [
              2879.527,
              1637.245
            ],
            [
              2840.884,
              1638.796
            ],
            [
              2838.758,
              1585.839
            ]
          ]
        ]
      }
    },
    {
      "type": "Feature",
      "properties": {
        "id": "S-043",
        "name": "核心维护楼 4号",
        "zone": "封存区",
        "kind": "building",
        "description": "封存区沿街功能建筑。",
        "footprint": 2165.76,
        "frontageRoad": "S-LN-1-4",
        "scaleClass": "沿街常规建筑",
        "layer": "buildings"
      },
      "geometry": {
        "type": "Polygon",
        "coordinates": [
          [
            [
              2146.583,
              1680.645
            ],
            [
              2184.689,
              1687.246
            ],
            [
              2175.132,
              1742.424
            ],
            [
              2137.025,
              1735.823
            ],
            [
              2146.583,
              1680.645
            ]
          ]
        ]
      }
    },
    {
      "type": "Feature",
      "properties": {
        "id": "S-044",
        "name": "安全值守屋 4号",
        "zone": "封存区",
        "kind": "building",
        "description": "封存区沿街功能建筑。",
        "footprint": 2281.782857142857,
        "frontageRoad": "S-LN-1-4",
        "scaleClass": "沿街常规建筑",
        "layer": "buildings"
      },
      "geometry": {
        "type": "Polygon",
        "coordinates": [
          [
            [
              2201.348,
              1685.292
            ],
            [
              2239.282,
              1692.821
            ],
            [
              2227.795,
              1750.692
            ],
            [
              2189.861,
              1743.163
            ],
            [
              2201.348,
              1685.292
            ]
          ]
        ]
      }
    },
    {
      "type": "Feature",
      "properties": {
        "id": "S-045",
        "name": "受控处置工坊 4号",
        "zone": "封存区",
        "kind": "building",
        "description": "封存区沿街功能建筑。",
        "footprint": 1786,
        "frontageRoad": "S-LN-1-4",
        "scaleClass": "沿街常规建筑",
        "layer": "buildings"
      },
      "geometry": {
        "type": "Polygon",
        "coordinates": [
          [
            [
              2251.681,
              1706.7
            ],
            [
              2289.498,
              1710.426
            ],
            [
              2284.89,
              1757.199
            ],
            [
              2247.073,
              1753.474
            ],
            [
              2251.681,
              1706.7
            ]
          ]
        ]
      }
    },
    {
      "type": "Feature",
      "properties": {
        "id": "S-046",
        "name": "许可审查厅 4号",
        "zone": "封存区",
        "kind": "building",
        "description": "封存区沿街功能建筑。",
        "footprint": 1933.7142857142858,
        "frontageRoad": "S-LN-1-4",
        "scaleClass": "沿街常规建筑",
        "layer": "buildings"
      },
      "geometry": {
        "type": "Polygon",
        "coordinates": [
          [
            [
              2305.867,
              1711.23
            ],
            [
              2344.25,
              1715.961
            ],
            [
              2338.133,
              1765.585
            ],
            [
              2299.75,
              1760.854
            ],
            [
              2305.867,
              1711.23
            ]
          ]
        ]
      }
    },
    {
      "type": "Feature",
      "properties": {
        "id": "S-047",
        "name": "撤离器材库 4号",
        "zone": "封存区",
        "kind": "building",
        "description": "封存区沿街功能建筑。",
        "footprint": 2049.7371428571428,
        "frontageRoad": "S-LN-1-4",
        "scaleClass": "沿街常规建筑",
        "layer": "buildings"
      },
      "geometry": {
        "type": "Polygon",
        "coordinates": [
          [
            [
              2352.76,
              1706.823
            ],
            [
              2391.03,
              1701.249
            ],
            [
              2398.669,
              1753.696
            ],
            [
              2360.398,
              1759.27
            ],
            [
              2352.76,
              1706.823
            ]
          ]
        ]
      }
    },
    {
      "type": "Feature",
      "properties": {
        "id": "S-048",
        "name": "护障备用机房 4号",
        "zone": "封存区",
        "kind": "building",
        "description": "封存区沿街功能建筑。",
        "footprint": 2165.76,
        "frontageRoad": "S-LN-1-4",
        "scaleClass": "沿街常规建筑",
        "layer": "buildings"
      },
      "geometry": {
        "type": "Polygon",
        "coordinates": [
          [
            [
              2406.874,
              1695.457
            ],
            [
              2445.269,
              1690.82
            ],
            [
              2451.983,
              1746.416
            ],
            [
              2413.588,
              1751.053
            ],
            [
              2406.874,
              1695.457
            ]
          ]
        ]
      }
    },
    {
      "type": "Feature",
      "properties": {
        "id": "S-049",
        "name": "封存检查门厅 5号",
        "zone": "封存区",
        "kind": "building",
        "description": "封存区沿街功能建筑。",
        "footprint": 2281.782857142857,
        "frontageRoad": "S-LN-1-4",
        "scaleClass": "沿街常规建筑",
        "layer": "buildings"
      },
      "geometry": {
        "type": "Polygon",
        "coordinates": [
          [
            [
              2461.074,
              1684.097
            ],
            [
              2499.571,
              1680.4
            ],
            [
              2505.212,
              1739.13
            ],
            [
              2466.715,
              1742.827
            ],
            [
              2461.074,
              1684.097
            ]
          ]
        ]
      }
    },
    {
      "type": "Feature",
      "properties": {
        "id": "S-050",
        "name": "封存登记楼 5号",
        "zone": "封存区",
        "kind": "building",
        "description": "封存区沿街功能建筑。",
        "footprint": 1786,
        "frontageRoad": "S-LN-1-4",
        "scaleClass": "沿街常规建筑",
        "layer": "buildings"
      },
      "geometry": {
        "type": "Polygon",
        "coordinates": [
          [
            [
              2513.693,
              1690.383
            ],
            [
              2550.984,
              1683.076
            ],
            [
              2560.021,
              1729.199
            ],
            [
              2522.73,
              1736.505
            ],
            [
              2513.693,
              1690.383
            ]
          ]
        ]
      }
    },
    {
      "type": "Feature",
      "properties": {
        "id": "S-051",
        "name": "受控档案库 5号",
        "zone": "封存区",
        "kind": "building",
        "description": "封存区沿街功能建筑。",
        "footprint": 1933.7142857142858,
        "frontageRoad": "S-LN-1-4",
        "scaleClass": "沿街常规建筑",
        "layer": "buildings"
      },
      "geometry": {
        "type": "Polygon",
        "coordinates": [
          [
            [
              2567.304,
              1679.078
            ],
            [
              2605.427,
              1672.57
            ],
            [
              2613.839,
              1721.858
            ],
            [
              2575.716,
              1728.365
            ],
            [
              2567.304,
              1679.078
            ]
          ]
        ]
      }
    },
    {
      "type": "Feature",
      "properties": {
        "id": "S-052",
        "name": "遗物保管库 5号",
        "zone": "封存区",
        "kind": "building",
        "description": "封存区沿街功能建筑。",
        "footprint": 2049.7371428571428,
        "frontageRoad": "S-LN-1-4",
        "scaleClass": "沿街常规建筑",
        "layer": "buildings"
      },
      "geometry": {
        "type": "Polygon",
        "coordinates": [
          [
            [
              2626.28,
              1664.949
            ],
            [
              2664.907,
              1666.857
            ],
            [
              2662.291,
              1719.793
            ],
            [
              2623.664,
              1717.884
            ],
            [
              2626.28,
              1664.949
            ]
          ]
        ]
      }
    },
    {
      "type": "Feature",
      "properties": {
        "id": "S-053",
        "name": "观察复核厅 5号",
        "zone": "封存区",
        "kind": "building",
        "description": "封存区沿街功能建筑。",
        "footprint": 2165.76,
        "frontageRoad": "S-LN-1-4",
        "scaleClass": "沿街常规建筑",
        "layer": "buildings"
      },
      "geometry": {
        "type": "Polygon",
        "coordinates": [
          [
            [
              2680.78,
              1664.175
            ],
            [
              2719.349,
              1667.027
            ],
            [
              2715.22,
              1722.874
            ],
            [
              2676.651,
              1720.023
            ],
            [
              2680.78,
              1664.175
            ]
          ]
        ]
      }
    },
    {
      "type": "Feature",
      "properties": {
        "id": "S-054",
        "name": "隔离塔 5号",
        "zone": "封存区",
        "kind": "building",
        "description": "封存区沿街功能建筑。",
        "footprint": 2281.782857142857,
        "frontageRoad": "S-LN-1-4",
        "scaleClass": "沿街常规建筑",
        "layer": "buildings"
      },
      "geometry": {
        "type": "Polygon",
        "coordinates": [
          [
            [
              2735.364,
              1663.424
            ],
            [
              2773.852,
              1667.218
            ],
            [
              2768.065,
              1725.933
            ],
            [
              2729.577,
              1722.14
            ],
            [
              2735.364,
              1663.424
            ]
          ]
        ]
      }
    },
    {
      "type": "Feature",
      "properties": {
        "id": "S-055",
        "name": "核心维护楼 5号",
        "zone": "封存区",
        "kind": "building",
        "description": "封存区沿街功能建筑。",
        "footprint": 1786,
        "frontageRoad": "S-LN-1-4",
        "scaleClass": "沿街常规建筑",
        "layer": "buildings"
      },
      "geometry": {
        "type": "Polygon",
        "coordinates": [
          [
            [
              2786.44,
              1679.823
            ],
            [
              2824.44,
              1679.842
            ],
            [
              2824.417,
              1726.842
            ],
            [
              2786.417,
              1726.823
            ],
            [
              2786.44,
              1679.823
            ]
          ]
        ]
      }
    },
    {
      "type": "Feature",
      "properties": {
        "id": "S-056",
        "name": "安全值守屋 5号",
        "zone": "封存区",
        "kind": "building",
        "description": "封存区沿街功能建筑。",
        "footprint": 1933.7142857142858,
        "frontageRoad": "S-LN-1-4",
        "scaleClass": "沿街常规建筑",
        "layer": "buildings"
      },
      "geometry": {
        "type": "Polygon",
        "coordinates": [
          [
            [
              2840.435,
              1679.013
            ],
            [
              2879.097,
              1679.977
            ],
            [
              2877.851,
              1729.961
            ],
            [
              2839.188,
              1728.997
            ],
            [
              2840.435,
              1679.013
            ]
          ]
        ]
      }
    },
    {
      "type": "Feature",
      "properties": {
        "id": "S-057",
        "name": "受控处置工坊 5号",
        "zone": "封存区",
        "kind": "building",
        "description": "封存区沿街功能建筑。",
        "footprint": 2049.7371428571428,
        "frontageRoad": "S-LN-1-5",
        "scaleClass": "沿街常规建筑",
        "layer": "buildings"
      },
      "geometry": {
        "type": "Polygon",
        "coordinates": [
          [
            [
              2138.492,
              2009.379
            ],
            [
              2176.889,
              2004.757
            ],
            [
              2183.223,
              2057.377
            ],
            [
              2144.826,
              2061.999
            ],
            [
              2138.492,
              2009.379
            ]
          ]
        ]
      }
    },
    {
      "type": "Feature",
      "properties": {
        "id": "S-058",
        "name": "许可审查厅 5号",
        "zone": "封存区",
        "kind": "building",
        "description": "封存区沿街功能建筑。",
        "footprint": 2165.76,
        "frontageRoad": "S-LN-1-5",
        "scaleClass": "沿街常规建筑",
        "layer": "buildings"
      },
      "geometry": {
        "type": "Polygon",
        "coordinates": [
          [
            [
              2192.656,
              2002.381
            ],
            [
              2231.155,
              1998.699
            ],
            [
              2236.487,
              2054.444
            ],
            [
              2197.988,
              2058.127
            ],
            [
              2192.656,
              2002.381
            ]
          ]
        ]
      }
    },
    {
      "type": "Feature",
      "properties": {
        "id": "S-059",
        "name": "撤离器材库 5号",
        "zone": "封存区",
        "kind": "building",
        "description": "封存区沿街功能建筑。",
        "footprint": 2281.782857142857,
        "frontageRoad": "S-LN-1-5",
        "scaleClass": "沿街常规建筑",
        "layer": "buildings"
      },
      "geometry": {
        "type": "Polygon",
        "coordinates": [
          [
            [
              2246.907,
              1995.392
            ],
            [
              2285.484,
              1992.651
            ],
            [
              2289.665,
              2051.503
            ],
            [
              2251.088,
              2054.243
            ],
            [
              2246.907,
              1995.392
            ]
          ]
        ]
      }
    },
    {
      "type": "Feature",
      "properties": {
        "id": "S-060",
        "name": "护障备用机房 5号",
        "zone": "封存区",
        "kind": "building",
        "description": "封存区沿街功能建筑。",
        "footprint": 1786,
        "frontageRoad": "S-LN-1-5",
        "scaleClass": "沿街常规建筑",
        "layer": "buildings"
      },
      "geometry": {
        "type": "Polygon",
        "coordinates": [
          [
            [
              2299.325,
              1991.004
            ],
            [
              2336.786,
              1984.626
            ],
            [
              2344.675,
              2030.959
            ],
            [
              2307.214,
              2037.337
            ],
            [
              2299.325,
              1991.004
            ]
          ]
        ]
      }
    },
    {
      "type": "Feature",
      "properties": {
        "id": "S-061",
        "name": "封存检查门厅 6号",
        "zone": "封存区",
        "kind": "building",
        "description": "封存区沿街功能建筑。",
        "footprint": 1933.7142857142858,
        "frontageRoad": "S-LN-1-5",
        "scaleClass": "沿街常规建筑",
        "layer": "buildings"
      },
      "geometry": {
        "type": "Polygon",
        "coordinates": [
          [
            [
              2358.792,
              1991.189
            ],
            [
              2397.298,
              1994.794
            ],
            [
              2392.637,
              2044.577
            ],
            [
              2354.131,
              2040.971
            ],
            [
              2358.792,
              1991.189
            ]
          ]
        ]
      }
    },
    {
      "type": "Feature",
      "properties": {
        "id": "S-062",
        "name": "封存登记楼 6号",
        "zone": "封存区",
        "kind": "building",
        "description": "封存区沿街功能建筑。",
        "footprint": 2049.7371428571428,
        "frontageRoad": "S-LN-1-5",
        "scaleClass": "沿街常规建筑",
        "layer": "buildings"
      },
      "geometry": {
        "type": "Polygon",
        "coordinates": [
          [
            [
              2413.34,
              1997.15
            ],
            [
              2451.746,
              2001.695
            ],
            [
              2445.518,
              2054.328
            ],
            [
              2407.111,
              2049.783
            ],
            [
              2413.34,
              1997.15
            ]
          ]
        ]
      }
    },
    {
      "type": "Feature",
      "properties": {
        "id": "S-063",
        "name": "受控档案库 6号",
        "zone": "封存区",
        "kind": "building",
        "description": "封存区沿街功能建筑。",
        "footprint": 2165.76,
        "frontageRoad": "S-LN-1-5",
        "scaleClass": "沿街常规建筑",
        "layer": "buildings"
      },
      "geometry": {
        "type": "Polygon",
        "coordinates": [
          [
            [
              2467.97,
              2003.137
            ],
            [
              2506.254,
              2008.619
            ],
            [
              2498.316,
              2064.053
            ],
            [
              2460.032,
              2058.572
            ],
            [
              2467.97,
              2003.137
            ]
          ]
        ]
      }
    },
    {
      "type": "Feature",
      "properties": {
        "id": "S-064",
        "name": "遗物保管库 6号",
        "zone": "封存区",
        "kind": "building",
        "description": "封存区沿街功能建筑。",
        "footprint": 2281.782857142857,
        "frontageRoad": "S-LN-1-5",
        "scaleClass": "沿街常规建筑",
        "layer": "buildings"
      },
      "geometry": {
        "type": "Polygon",
        "coordinates": [
          [
            [
              2522.682,
              2009.152
            ],
            [
              2560.82,
              2015.568
            ],
            [
              2551.033,
              2073.75
            ],
            [
              2512.894,
              2067.335
            ],
            [
              2522.682,
              2009.152
            ]
          ]
        ]
      }
    },
    {
      "type": "Feature",
      "properties": {
        "id": "S-065",
        "name": "观察复核厅 6号",
        "zone": "封存区",
        "kind": "building",
        "description": "封存区沿街功能建筑。",
        "footprint": 1786,
        "frontageRoad": "S-LN-1-5",
        "scaleClass": "沿街常规建筑",
        "layer": "buildings"
      },
      "geometry": {
        "type": "Polygon",
        "coordinates": [
          [
            [
              2573.235,
              2017.055
            ],
            [
              2611.145,
              2019.672
            ],
            [
              2607.908,
              2066.56
            ],
            [
              2569.998,
              2063.943
            ],
            [
              2573.235,
              2017.055
            ]
          ]
        ]
      }
    },
    {
      "type": "Feature",
      "properties": {
        "id": "S-066",
        "name": "隔离塔 6号",
        "zone": "封存区",
        "kind": "building",
        "description": "封存区沿街功能建筑。",
        "footprint": 1933.7142857142858,
        "frontageRoad": "S-LN-1-5",
        "scaleClass": "沿街常规建筑",
        "layer": "buildings"
      },
      "geometry": {
        "type": "Polygon",
        "coordinates": [
          [
            [
              2623.376,
              2024.967
            ],
            [
              2661.97,
              2022.472
            ],
            [
              2665.195,
              2072.368
            ],
            [
              2626.602,
              2074.863
            ],
            [
              2623.376,
              2024.967
            ]
          ]
        ]
      }
    },
    {
      "type": "Feature",
      "properties": {
        "id": "S-067",
        "name": "核心维护楼 6号",
        "zone": "封存区",
        "kind": "building",
        "description": "封存区沿街功能建筑。",
        "footprint": 2049.7371428571428,
        "frontageRoad": "S-LN-1-5",
        "scaleClass": "沿街常规建筑",
        "layer": "buildings"
      },
      "geometry": {
        "type": "Polygon",
        "coordinates": [
          [
            [
              2677.615,
              2022.308
            ],
            [
              2716.259,
              2020.757
            ],
            [
              2718.385,
              2073.714
            ],
            [
              2679.741,
              2075.266
            ],
            [
              2677.615,
              2022.308
            ]
          ]
        ]
      }
    },
    {
      "type": "Feature",
      "properties": {
        "id": "S-068",
        "name": "安全值守屋 6号",
        "zone": "封存区",
        "kind": "building",
        "description": "封存区沿街功能建筑。",
        "footprint": 2165.76,
        "frontageRoad": "S-LN-1-5",
        "scaleClass": "沿街常规建筑",
        "layer": "buildings"
      },
      "geometry": {
        "type": "Polygon",
        "coordinates": [
          [
            [
              2731.94,
              2019.662
            ],
            [
              2770.61,
              2019.055
            ],
            [
              2771.488,
              2075.048
            ],
            [
              2732.819,
              2075.655
            ],
            [
              2731.94,
              2019.662
            ]
          ]
        ]
      }
    },
    {
      "type": "Feature",
      "properties": {
        "id": "S-069",
        "name": "受控处置工坊 6号",
        "zone": "封存区",
        "kind": "building",
        "description": "封存区沿街功能建筑。",
        "footprint": 2281.782857142857,
        "frontageRoad": "S-LN-1-5",
        "scaleClass": "沿街常规建筑",
        "layer": "buildings"
      },
      "geometry": {
        "type": "Polygon",
        "coordinates": [
          [
            [
              2786.35,
              2017.03
            ],
            [
              2825.023,
              2017.368
            ],
            [
              2824.507,
              2076.366
            ],
            [
              2785.834,
              2076.028
            ],
            [
              2786.35,
              2017.03
            ]
          ]
        ]
      }
    },
    {
      "type": "Feature",
      "properties": {
        "id": "S-070",
        "name": "许可审查厅 6号",
        "zone": "封存区",
        "kind": "building",
        "description": "封存区沿街功能建筑。",
        "footprint": 1786,
        "frontageRoad": "S-LN-1-5",
        "scaleClass": "沿街常规建筑",
        "layer": "buildings"
      },
      "geometry": {
        "type": "Polygon",
        "coordinates": [
          [
            [
              2838.129,
              2016.823
            ],
            [
              2875.979,
              2013.446
            ],
            [
              2880.156,
              2060.26
            ],
            [
              2842.307,
              2063.637
            ],
            [
              2838.129,
              2016.823
            ]
          ]
        ]
      }
    },
    {
      "type": "Feature",
      "properties": {
        "id": "O-001",
        "name": "北门客运站",
        "zone": "郊野／外环",
        "kind": "building",
        "description": "学院与城邦共同使用的外围配套。",
        "footprint": 1428,
        "frontageRoad": "OUT-N-W",
        "scaleClass": "外围主服务建筑",
        "layer": "buildings"
      },
      "geometry": {
        "type": "Polygon",
        "coordinates": [
          [
            [
              297.889,
              46
            ],
            [
              339.889,
              46
            ],
            [
              339.889,
              80
            ],
            [
              297.889,
              80
            ],
            [
              297.889,
              46
            ]
          ]
        ]
      }
    },
    {
      "type": "Feature",
      "properties": {
        "id": "O-002",
        "name": "旅客临时安置屋",
        "zone": "郊野／外环",
        "kind": "building",
        "description": "学院与城邦共同使用的外围配套。",
        "footprint": 1786,
        "frontageRoad": "OUT-N-W",
        "scaleClass": "外围主服务建筑",
        "layer": "buildings"
      },
      "geometry": {
        "type": "Polygon",
        "coordinates": [
          [
            [
              413.167,
              42
            ],
            [
              460.167,
              42
            ],
            [
              460.167,
              80
            ],
            [
              413.167,
              80
            ],
            [
              413.167,
              42
            ]
          ]
        ]
      }
    },
    {
      "type": "Feature",
      "properties": {
        "id": "O-003",
        "name": "城市防灾仓",
        "zone": "郊野／外环",
        "kind": "building",
        "description": "学院与城邦共同使用的外围配套。",
        "footprint": 2184,
        "frontageRoad": "OUT-N-W",
        "scaleClass": "外围主服务建筑",
        "layer": "buildings"
      },
      "geometry": {
        "type": "Polygon",
        "coordinates": [
          [
            [
              528.444,
              38
            ],
            [
              580.444,
              38
            ],
            [
              580.444,
              80
            ],
            [
              528.444,
              80
            ],
            [
              528.444,
              38
            ]
          ]
        ]
      }
    },
    {
      "type": "Feature",
      "properties": {
        "id": "O-004",
        "name": "护障巡检站",
        "zone": "郊野／外环",
        "kind": "building",
        "description": "学院与城邦共同使用的外围配套。",
        "footprint": 1938,
        "frontageRoad": "OUT-N-W",
        "scaleClass": "外围主服务建筑",
        "layer": "buildings"
      },
      "geometry": {
        "type": "Polygon",
        "coordinates": [
          [
            [
              643.722,
              46
            ],
            [
              700.722,
              46
            ],
            [
              700.722,
              80
            ],
            [
              643.722,
              80
            ],
            [
              643.722,
              46
            ]
          ]
        ]
      }
    },
    {
      "type": "Feature",
      "properties": {
        "id": "O-005",
        "name": "社区消防站",
        "zone": "郊野／外环",
        "kind": "building",
        "description": "学院与城邦共同使用的外围配套。",
        "footprint": 1596,
        "frontageRoad": "OUT-N-W",
        "scaleClass": "外围主服务建筑",
        "layer": "buildings"
      },
      "geometry": {
        "type": "Polygon",
        "coordinates": [
          [
            [
              769,
              42
            ],
            [
              811,
              42
            ],
            [
              811,
              80
            ],
            [
              769,
              80
            ],
            [
              769,
              42
            ]
          ]
        ]
      }
    },
    {
      "type": "Feature",
      "properties": {
        "id": "O-006",
        "name": "雨后灯庭值守屋",
        "zone": "郊野／外环",
        "kind": "building",
        "description": "学院与城邦共同使用的外围配套。",
        "footprint": 1974,
        "frontageRoad": "OUT-N-W",
        "scaleClass": "外围主服务建筑",
        "layer": "buildings"
      },
      "geometry": {
        "type": "Polygon",
        "coordinates": [
          [
            [
              884.278,
              38
            ],
            [
              931.278,
              38
            ],
            [
              931.278,
              80
            ],
            [
              884.278,
              80
            ],
            [
              884.278,
              38
            ]
          ]
        ]
      }
    },
    {
      "type": "Feature",
      "properties": {
        "id": "O-007",
        "name": "河岸维护所",
        "zone": "郊野／外环",
        "kind": "building",
        "description": "学院与城邦共同使用的外围配套。",
        "footprint": 1768,
        "frontageRoad": "OUT-N-W",
        "scaleClass": "外围主服务建筑",
        "layer": "buildings"
      },
      "geometry": {
        "type": "Polygon",
        "coordinates": [
          [
            [
              999.556,
              46
            ],
            [
              1051.556,
              46
            ],
            [
              1051.556,
              80
            ],
            [
              999.556,
              80
            ],
            [
              999.556,
              46
            ]
          ]
        ]
      }
    },
    {
      "type": "Feature",
      "properties": {
        "id": "O-008",
        "name": "公共清洁站",
        "zone": "郊野／外环",
        "kind": "building",
        "description": "学院与城邦共同使用的外围配套。",
        "footprint": 2166,
        "frontageRoad": "OUT-N-W",
        "scaleClass": "外围主服务建筑",
        "layer": "buildings"
      },
      "geometry": {
        "type": "Polygon",
        "coordinates": [
          [
            [
              1114.833,
              42
            ],
            [
              1171.833,
              42
            ],
            [
              1171.833,
              80
            ],
            [
              1114.833,
              80
            ],
            [
              1114.833,
              42
            ]
          ]
        ]
      }
    },
    {
      "type": "Feature",
      "properties": {
        "id": "O-009",
        "name": "东门检疫站",
        "zone": "郊野／外环",
        "kind": "building",
        "description": "学院与城邦共同使用的外围配套。",
        "footprint": 1764,
        "frontageRoad": "OUT-N-W",
        "scaleClass": "外围主服务建筑",
        "layer": "buildings"
      },
      "geometry": {
        "type": "Polygon",
        "coordinates": [
          [
            [
              1240.111,
              38
            ],
            [
              1282.111,
              38
            ],
            [
              1282.111,
              80
            ],
            [
              1240.111,
              80
            ],
            [
              1240.111,
              38
            ]
          ]
        ]
      }
    },
    {
      "type": "Feature",
      "properties": {
        "id": "O-010",
        "name": "城市货运调度场",
        "zone": "郊野／外环",
        "kind": "building",
        "description": "学院与城邦共同使用的外围配套。",
        "footprint": 1428,
        "frontageRoad": "OUT-N-E",
        "scaleClass": "外围主服务建筑",
        "layer": "buildings"
      },
      "geometry": {
        "type": "Polygon",
        "coordinates": [
          [
            [
              1917.889,
              46
            ],
            [
              1959.889,
              46
            ],
            [
              1959.889,
              80
            ],
            [
              1917.889,
              80
            ],
            [
              1917.889,
              46
            ]
          ]
        ]
      }
    },
    {
      "type": "Feature",
      "properties": {
        "id": "O-011",
        "name": "公共工程仓库",
        "zone": "郊野／外环",
        "kind": "building",
        "description": "学院与城邦共同使用的外围配套。",
        "footprint": 1786,
        "frontageRoad": "OUT-N-E",
        "scaleClass": "外围常规建筑",
        "layer": "buildings"
      },
      "geometry": {
        "type": "Polygon",
        "coordinates": [
          [
            [
              2033.167,
              42
            ],
            [
              2080.167,
              42
            ],
            [
              2080.167,
              80
            ],
            [
              2033.167,
              80
            ],
            [
              2033.167,
              42
            ]
          ]
        ]
      }
    },
    {
      "type": "Feature",
      "properties": {
        "id": "O-012",
        "name": "魔法生物管理舍",
        "zone": "郊野／外环",
        "kind": "building",
        "description": "学院与城邦共同使用的外围配套。",
        "footprint": 2184,
        "frontageRoad": "OUT-N-E",
        "scaleClass": "外围常规建筑",
        "layer": "buildings"
      },
      "geometry": {
        "type": "Polygon",
        "coordinates": [
          [
            [
              2148.444,
              38
            ],
            [
              2200.444,
              38
            ],
            [
              2200.444,
              80
            ],
            [
              2148.444,
              80
            ],
            [
              2148.444,
              38
            ]
          ]
        ]
      }
    },
    {
      "type": "Feature",
      "properties": {
        "id": "O-013",
        "name": "环境温室",
        "zone": "郊野／外环",
        "kind": "building",
        "description": "学院与城邦共同使用的外围配套。",
        "footprint": 1938,
        "frontageRoad": "OUT-N-E",
        "scaleClass": "外围常规建筑",
        "layer": "buildings"
      },
      "geometry": {
        "type": "Polygon",
        "coordinates": [
          [
            [
              2263.722,
              46
            ],
            [
              2320.722,
              46
            ],
            [
              2320.722,
              80
            ],
            [
              2263.722,
              80
            ],
            [
              2263.722,
              46
            ]
          ]
        ]
      }
    },
    {
      "type": "Feature",
      "properties": {
        "id": "O-014",
        "name": "生态观察站",
        "zone": "郊野／外环",
        "kind": "building",
        "description": "学院与城邦共同使用的外围配套。",
        "footprint": 1596,
        "frontageRoad": "OUT-N-E",
        "scaleClass": "外围常规建筑",
        "layer": "buildings"
      },
      "geometry": {
        "type": "Polygon",
        "coordinates": [
          [
            [
              2389,
              42
            ],
            [
              2431,
              42
            ],
            [
              2431,
              80
            ],
            [
              2389,
              80
            ],
            [
              2389,
              42
            ]
          ]
        ]
      }
    },
    {
      "type": "Feature",
      "properties": {
        "id": "O-015",
        "name": "体育场看台与更衣楼",
        "zone": "郊野／外环",
        "kind": "building",
        "description": "学院与城邦共同使用的外围配套。",
        "footprint": 1974,
        "frontageRoad": "OUT-N-E",
        "scaleClass": "外围常规建筑",
        "layer": "buildings"
      },
      "geometry": {
        "type": "Polygon",
        "coordinates": [
          [
            [
              2504.278,
              38
            ],
            [
              2551.278,
              38
            ],
            [
              2551.278,
              80
            ],
            [
              2504.278,
              80
            ],
            [
              2504.278,
              38
            ]
          ]
        ]
      }
    },
    {
      "type": "Feature",
      "properties": {
        "id": "O-016",
        "name": "体育器材浴室",
        "zone": "郊野／外环",
        "kind": "building",
        "description": "学院与城邦共同使用的外围配套。",
        "footprint": 1768,
        "frontageRoad": "OUT-N-E",
        "scaleClass": "外围常规建筑",
        "layer": "buildings"
      },
      "geometry": {
        "type": "Polygon",
        "coordinates": [
          [
            [
              2619.556,
              46
            ],
            [
              2671.556,
              46
            ],
            [
              2671.556,
              80
            ],
            [
              2619.556,
              80
            ],
            [
              2619.556,
              46
            ]
          ]
        ]
      }
    },
    {
      "type": "Feature",
      "properties": {
        "id": "O-017",
        "name": "护障对抗场控制厅",
        "zone": "郊野／外环",
        "kind": "building",
        "description": "学院与城邦共同使用的外围配套。",
        "footprint": 2166,
        "frontageRoad": "OUT-N-E",
        "scaleClass": "外围常规建筑",
        "layer": "buildings"
      },
      "geometry": {
        "type": "Polygon",
        "coordinates": [
          [
            [
              2734.833,
              42
            ],
            [
              2791.833,
              42
            ],
            [
              2791.833,
              80
            ],
            [
              2734.833,
              80
            ],
            [
              2734.833,
              42
            ]
          ]
        ]
      }
    },
    {
      "type": "Feature",
      "properties": {
        "id": "O-018",
        "name": "对抗场医务与裁判屋",
        "zone": "郊野／外环",
        "kind": "building",
        "description": "学院与城邦共同使用的外围配套。",
        "footprint": 1764,
        "frontageRoad": "OUT-N-E",
        "scaleClass": "外围常规建筑",
        "layer": "buildings"
      },
      "geometry": {
        "type": "Polygon",
        "coordinates": [
          [
            [
              2860.111,
              38
            ],
            [
              2902.111,
              38
            ],
            [
              2902.111,
              80
            ],
            [
              2860.111,
              80
            ],
            [
              2860.111,
              38
            ]
          ]
        ]
      }
    },
    {
      "type": "Feature",
      "properties": {
        "id": "O-019",
        "name": "小队战术场器材屋",
        "zone": "郊野／外环",
        "kind": "building",
        "description": "学院与城邦共同使用的外围配套。",
        "footprint": 1428,
        "frontageRoad": "OUT-S-W",
        "scaleClass": "外围常规建筑",
        "layer": "buildings"
      },
      "geometry": {
        "type": "Polygon",
        "coordinates": [
          [
            [
              288.444,
              2350
            ],
            [
              330.444,
              2350
            ],
            [
              330.444,
              2384
            ],
            [
              288.444,
              2384
            ],
            [
              288.444,
              2350
            ]
          ]
        ]
      }
    },
    {
      "type": "Feature",
      "properties": {
        "id": "O-020",
        "name": "场地护障机房",
        "zone": "郊野／外环",
        "kind": "building",
        "description": "学院与城邦共同使用的外围配套。",
        "footprint": 1786,
        "frontageRoad": "OUT-S-W",
        "scaleClass": "外围常规建筑",
        "layer": "buildings"
      },
      "geometry": {
        "type": "Polygon",
        "coordinates": [
          [
            [
              404.833,
              2350
            ],
            [
              451.833,
              2350
            ],
            [
              451.833,
              2388
            ],
            [
              404.833,
              2388
            ],
            [
              404.833,
              2350
            ]
          ]
        ]
      }
    },
    {
      "type": "Feature",
      "properties": {
        "id": "O-021",
        "name": "北门客运站 2号",
        "zone": "郊野／外环",
        "kind": "building",
        "description": "学院与城邦共同使用的外围配套。",
        "footprint": 2184,
        "frontageRoad": "OUT-S-W",
        "scaleClass": "外围常规建筑",
        "layer": "buildings"
      },
      "geometry": {
        "type": "Polygon",
        "coordinates": [
          [
            [
              521.222,
              2350
            ],
            [
              573.222,
              2350
            ],
            [
              573.222,
              2392
            ],
            [
              521.222,
              2392
            ],
            [
              521.222,
              2350
            ]
          ]
        ]
      }
    },
    {
      "type": "Feature",
      "properties": {
        "id": "O-022",
        "name": "旅客临时安置屋 2号",
        "zone": "郊野／外环",
        "kind": "building",
        "description": "学院与城邦共同使用的外围配套。",
        "footprint": 1938,
        "frontageRoad": "OUT-S-W",
        "scaleClass": "外围常规建筑",
        "layer": "buildings"
      },
      "geometry": {
        "type": "Polygon",
        "coordinates": [
          [
            [
              637.611,
              2350
            ],
            [
              694.611,
              2350
            ],
            [
              694.611,
              2384
            ],
            [
              637.611,
              2384
            ],
            [
              637.611,
              2350
            ]
          ]
        ]
      }
    },
    {
      "type": "Feature",
      "properties": {
        "id": "O-023",
        "name": "城市防灾仓 2号",
        "zone": "郊野／外环",
        "kind": "building",
        "description": "学院与城邦共同使用的外围配套。",
        "footprint": 1596,
        "frontageRoad": "OUT-S-W",
        "scaleClass": "外围常规建筑",
        "layer": "buildings"
      },
      "geometry": {
        "type": "Polygon",
        "coordinates": [
          [
            [
              764,
              2350
            ],
            [
              806,
              2350
            ],
            [
              806,
              2388
            ],
            [
              764,
              2388
            ],
            [
              764,
              2350
            ]
          ]
        ]
      }
    },
    {
      "type": "Feature",
      "properties": {
        "id": "O-024",
        "name": "护障巡检站 2号",
        "zone": "郊野／外环",
        "kind": "building",
        "description": "学院与城邦共同使用的外围配套。",
        "footprint": 1974,
        "frontageRoad": "OUT-S-W",
        "scaleClass": "外围常规建筑",
        "layer": "buildings"
      },
      "geometry": {
        "type": "Polygon",
        "coordinates": [
          [
            [
              880.389,
              2350
            ],
            [
              927.389,
              2350
            ],
            [
              927.389,
              2392
            ],
            [
              880.389,
              2392
            ],
            [
              880.389,
              2350
            ]
          ]
        ]
      }
    },
    {
      "type": "Feature",
      "properties": {
        "id": "O-025",
        "name": "社区消防站 2号",
        "zone": "郊野／外环",
        "kind": "building",
        "description": "学院与城邦共同使用的外围配套。",
        "footprint": 1768,
        "frontageRoad": "OUT-S-W",
        "scaleClass": "外围常规建筑",
        "layer": "buildings"
      },
      "geometry": {
        "type": "Polygon",
        "coordinates": [
          [
            [
              996.778,
              2350
            ],
            [
              1048.778,
              2350
            ],
            [
              1048.778,
              2384
            ],
            [
              996.778,
              2384
            ],
            [
              996.778,
              2350
            ]
          ]
        ]
      }
    },
    {
      "type": "Feature",
      "properties": {
        "id": "O-026",
        "name": "雨后灯庭值守屋 2号",
        "zone": "郊野／外环",
        "kind": "building",
        "description": "学院与城邦共同使用的外围配套。",
        "footprint": 2166,
        "frontageRoad": "OUT-S-W",
        "scaleClass": "外围常规建筑",
        "layer": "buildings"
      },
      "geometry": {
        "type": "Polygon",
        "coordinates": [
          [
            [
              1113.167,
              2350
            ],
            [
              1170.167,
              2350
            ],
            [
              1170.167,
              2388
            ],
            [
              1113.167,
              2388
            ],
            [
              1113.167,
              2350
            ]
          ]
        ]
      }
    },
    {
      "type": "Feature",
      "properties": {
        "id": "O-027",
        "name": "河岸维护所 2号",
        "zone": "郊野／外环",
        "kind": "building",
        "description": "学院与城邦共同使用的外围配套。",
        "footprint": 1764,
        "frontageRoad": "OUT-S-W",
        "scaleClass": "外围常规建筑",
        "layer": "buildings"
      },
      "geometry": {
        "type": "Polygon",
        "coordinates": [
          [
            [
              1239.556,
              2350
            ],
            [
              1281.556,
              2350
            ],
            [
              1281.556,
              2392
            ],
            [
              1239.556,
              2392
            ],
            [
              1239.556,
              2350
            ]
          ]
        ]
      }
    },
    {
      "type": "Feature",
      "properties": {
        "id": "O-028",
        "name": "公共清洁站 2号",
        "zone": "郊野／外环",
        "kind": "building",
        "description": "学院与城邦共同使用的外围配套。",
        "footprint": 1428,
        "frontageRoad": "OUT-S-E",
        "scaleClass": "外围常规建筑",
        "layer": "buildings"
      },
      "geometry": {
        "type": "Polygon",
        "coordinates": [
          [
            [
              1917.889,
              2350
            ],
            [
              1959.889,
              2350
            ],
            [
              1959.889,
              2384
            ],
            [
              1917.889,
              2384
            ],
            [
              1917.889,
              2350
            ]
          ]
        ]
      }
    },
    {
      "type": "Feature",
      "properties": {
        "id": "O-029",
        "name": "东门检疫站 2号",
        "zone": "郊野／外环",
        "kind": "building",
        "description": "学院与城邦共同使用的外围配套。",
        "footprint": 1786,
        "frontageRoad": "OUT-S-E",
        "scaleClass": "外围常规建筑",
        "layer": "buildings"
      },
      "geometry": {
        "type": "Polygon",
        "coordinates": [
          [
            [
              2033.167,
              2350
            ],
            [
              2080.167,
              2350
            ],
            [
              2080.167,
              2388
            ],
            [
              2033.167,
              2388
            ],
            [
              2033.167,
              2350
            ]
          ]
        ]
      }
    },
    {
      "type": "Feature",
      "properties": {
        "id": "O-030",
        "name": "城市货运调度场 2号",
        "zone": "郊野／外环",
        "kind": "building",
        "description": "学院与城邦共同使用的外围配套。",
        "footprint": 2184,
        "frontageRoad": "OUT-S-E",
        "scaleClass": "外围常规建筑",
        "layer": "buildings"
      },
      "geometry": {
        "type": "Polygon",
        "coordinates": [
          [
            [
              2148.444,
              2350
            ],
            [
              2200.444,
              2350
            ],
            [
              2200.444,
              2392
            ],
            [
              2148.444,
              2392
            ],
            [
              2148.444,
              2350
            ]
          ]
        ]
      }
    },
    {
      "type": "Feature",
      "properties": {
        "id": "O-031",
        "name": "公共工程仓库 2号",
        "zone": "郊野／外环",
        "kind": "building",
        "description": "学院与城邦共同使用的外围配套。",
        "footprint": 1938,
        "frontageRoad": "OUT-S-E",
        "scaleClass": "外围常规建筑",
        "layer": "buildings"
      },
      "geometry": {
        "type": "Polygon",
        "coordinates": [
          [
            [
              2263.722,
              2350
            ],
            [
              2320.722,
              2350
            ],
            [
              2320.722,
              2384
            ],
            [
              2263.722,
              2384
            ],
            [
              2263.722,
              2350
            ]
          ]
        ]
      }
    },
    {
      "type": "Feature",
      "properties": {
        "id": "O-032",
        "name": "魔法生物管理舍 2号",
        "zone": "郊野／外环",
        "kind": "building",
        "description": "学院与城邦共同使用的外围配套。",
        "footprint": 1596,
        "frontageRoad": "OUT-S-E",
        "scaleClass": "外围常规建筑",
        "layer": "buildings"
      },
      "geometry": {
        "type": "Polygon",
        "coordinates": [
          [
            [
              2389,
              2350
            ],
            [
              2431,
              2350
            ],
            [
              2431,
              2388
            ],
            [
              2389,
              2388
            ],
            [
              2389,
              2350
            ]
          ]
        ]
      }
    },
    {
      "type": "Feature",
      "properties": {
        "id": "O-033",
        "name": "环境温室 2号",
        "zone": "郊野／外环",
        "kind": "building",
        "description": "学院与城邦共同使用的外围配套。",
        "footprint": 1974,
        "frontageRoad": "OUT-S-E",
        "scaleClass": "外围常规建筑",
        "layer": "buildings"
      },
      "geometry": {
        "type": "Polygon",
        "coordinates": [
          [
            [
              2504.278,
              2350
            ],
            [
              2551.278,
              2350
            ],
            [
              2551.278,
              2392
            ],
            [
              2504.278,
              2392
            ],
            [
              2504.278,
              2350
            ]
          ]
        ]
      }
    },
    {
      "type": "Feature",
      "properties": {
        "id": "O-034",
        "name": "生态观察站 2号",
        "zone": "郊野／外环",
        "kind": "building",
        "description": "学院与城邦共同使用的外围配套。",
        "footprint": 1768,
        "frontageRoad": "OUT-S-E",
        "scaleClass": "外围常规建筑",
        "layer": "buildings"
      },
      "geometry": {
        "type": "Polygon",
        "coordinates": [
          [
            [
              2619.556,
              2350
            ],
            [
              2671.556,
              2350
            ],
            [
              2671.556,
              2384
            ],
            [
              2619.556,
              2384
            ],
            [
              2619.556,
              2350
            ]
          ]
        ]
      }
    },
    {
      "type": "Feature",
      "properties": {
        "id": "O-035",
        "name": "体育场看台与更衣楼 2号",
        "zone": "郊野／外环",
        "kind": "building",
        "description": "学院与城邦共同使用的外围配套。",
        "footprint": 2166,
        "frontageRoad": "OUT-S-E",
        "scaleClass": "外围常规建筑",
        "layer": "buildings"
      },
      "geometry": {
        "type": "Polygon",
        "coordinates": [
          [
            [
              2734.833,
              2350
            ],
            [
              2791.833,
              2350
            ],
            [
              2791.833,
              2388
            ],
            [
              2734.833,
              2388
            ],
            [
              2734.833,
              2350
            ]
          ]
        ]
      }
    },
    {
      "type": "Feature",
      "properties": {
        "id": "O-036",
        "name": "体育器材浴室 2号",
        "zone": "郊野／外环",
        "kind": "building",
        "description": "学院与城邦共同使用的外围配套。",
        "footprint": 1764,
        "frontageRoad": "OUT-S-E",
        "scaleClass": "外围常规建筑",
        "layer": "buildings"
      },
      "geometry": {
        "type": "Polygon",
        "coordinates": [
          [
            [
              2860.111,
              2350
            ],
            [
              2902.111,
              2350
            ],
            [
              2902.111,
              2392
            ],
            [
              2860.111,
              2392
            ],
            [
              2860.111,
              2350
            ]
          ]
        ]
      }
    },
    {
      "type": "Feature",
      "properties": {
        "id": "O-037",
        "name": "护障对抗场控制厅 2号",
        "zone": "郊野／外环",
        "kind": "building",
        "description": "学院与城邦共同使用的外围配套。",
        "footprint": 1596,
        "frontageRoad": "OUT-W",
        "scaleClass": "外围常规建筑",
        "layer": "buildings"
      },
      "geometry": {
        "type": "Polygon",
        "coordinates": [
          [
            [
              133,
              250
            ],
            [
              175,
              250
            ],
            [
              175,
              288
            ],
            [
              133,
              288
            ],
            [
              133,
              250
            ]
          ]
        ]
      }
    },
    {
      "type": "Feature",
      "properties": {
        "id": "O-038",
        "name": "对抗场医务与裁判屋 2号",
        "zone": "郊野／外环",
        "kind": "building",
        "description": "学院与城邦共同使用的外围配套。",
        "footprint": 1927,
        "frontageRoad": "OUT-W",
        "scaleClass": "外围常规建筑",
        "layer": "buildings"
      },
      "geometry": {
        "type": "Polygon",
        "coordinates": [
          [
            [
              133,
              390
            ],
            [
              180,
              390
            ],
            [
              180,
              431
            ],
            [
              133,
              431
            ],
            [
              133,
              390
            ]
          ]
        ]
      }
    },
    {
      "type": "Feature",
      "properties": {
        "id": "O-039",
        "name": "小队战术场器材屋 2号",
        "zone": "郊野／外环",
        "kind": "building",
        "description": "学院与城邦共同使用的外围配套。",
        "footprint": 2288,
        "frontageRoad": "OUT-W",
        "scaleClass": "外围常规建筑",
        "layer": "buildings"
      },
      "geometry": {
        "type": "Polygon",
        "coordinates": [
          [
            [
              133,
              530
            ],
            [
              185,
              530
            ],
            [
              185,
              574
            ],
            [
              133,
              574
            ],
            [
              133,
              530
            ]
          ]
        ]
      }
    },
    {
      "type": "Feature",
      "properties": {
        "id": "O-040",
        "name": "场地护障机房 2号",
        "zone": "郊野／外环",
        "kind": "building",
        "description": "学院与城邦共同使用的外围配套。",
        "footprint": 1974,
        "frontageRoad": "OUT-W",
        "scaleClass": "外围常规建筑",
        "layer": "buildings"
      },
      "geometry": {
        "type": "Polygon",
        "coordinates": [
          [
            [
              133,
              670
            ],
            [
              175,
              670
            ],
            [
              175,
              717
            ],
            [
              133,
              717
            ],
            [
              133,
              670
            ]
          ]
        ]
      }
    },
    {
      "type": "Feature",
      "properties": {
        "id": "O-041",
        "name": "北门客运站 3号",
        "zone": "郊野／外环",
        "kind": "building",
        "description": "学院与城邦共同使用的外围配套。",
        "footprint": 1786,
        "frontageRoad": "OUT-W",
        "scaleClass": "外围常规建筑",
        "layer": "buildings"
      },
      "geometry": {
        "type": "Polygon",
        "coordinates": [
          [
            [
              133,
              810
            ],
            [
              180,
              810
            ],
            [
              180,
              848
            ],
            [
              133,
              848
            ],
            [
              133,
              810
            ]
          ]
        ]
      }
    },
    {
      "type": "Feature",
      "properties": {
        "id": "O-042",
        "name": "旅客临时安置屋 3号",
        "zone": "郊野／外环",
        "kind": "building",
        "description": "学院与城邦共同使用的外围配套。",
        "footprint": 2132,
        "frontageRoad": "OUT-W",
        "scaleClass": "外围常规建筑",
        "layer": "buildings"
      },
      "geometry": {
        "type": "Polygon",
        "coordinates": [
          [
            [
              133,
              1130
            ],
            [
              185,
              1130
            ],
            [
              185,
              1171
            ],
            [
              133,
              1171
            ],
            [
              133,
              1130
            ]
          ]
        ]
      }
    },
    {
      "type": "Feature",
      "properties": {
        "id": "O-043",
        "name": "城市防灾仓 3号",
        "zone": "郊野／外环",
        "kind": "building",
        "description": "学院与城邦共同使用的外围配套。",
        "footprint": 1848,
        "frontageRoad": "OUT-W",
        "scaleClass": "外围常规建筑",
        "layer": "buildings"
      },
      "geometry": {
        "type": "Polygon",
        "coordinates": [
          [
            [
              133,
              1270
            ],
            [
              175,
              1270
            ],
            [
              175,
              1314
            ],
            [
              133,
              1314
            ],
            [
              133,
              1270
            ]
          ]
        ]
      }
    },
    {
      "type": "Feature",
      "properties": {
        "id": "O-044",
        "name": "护障巡检站 3号",
        "zone": "郊野／外环",
        "kind": "building",
        "description": "学院与城邦共同使用的外围配套。",
        "footprint": 2209,
        "frontageRoad": "OUT-W",
        "scaleClass": "外围常规建筑",
        "layer": "buildings"
      },
      "geometry": {
        "type": "Polygon",
        "coordinates": [
          [
            [
              133,
              1410
            ],
            [
              180,
              1410
            ],
            [
              180,
              1457
            ],
            [
              133,
              1457
            ],
            [
              133,
              1410
            ]
          ]
        ]
      }
    },
    {
      "type": "Feature",
      "properties": {
        "id": "O-045",
        "name": "社区消防站 3号",
        "zone": "郊野／外环",
        "kind": "building",
        "description": "学院与城邦共同使用的外围配套。",
        "footprint": 1976,
        "frontageRoad": "OUT-W",
        "scaleClass": "外围常规建筑",
        "layer": "buildings"
      },
      "geometry": {
        "type": "Polygon",
        "coordinates": [
          [
            [
              133,
              1550
            ],
            [
              185,
              1550
            ],
            [
              185,
              1588
            ],
            [
              133,
              1588
            ],
            [
              133,
              1550
            ]
          ]
        ]
      }
    },
    {
      "type": "Feature",
      "properties": {
        "id": "O-046",
        "name": "雨后灯庭值守屋 3号",
        "zone": "郊野／外环",
        "kind": "building",
        "description": "学院与城邦共同使用的外围配套。",
        "footprint": 1722,
        "frontageRoad": "OUT-W",
        "scaleClass": "外围常规建筑",
        "layer": "buildings"
      },
      "geometry": {
        "type": "Polygon",
        "coordinates": [
          [
            [
              133,
              1690
            ],
            [
              175,
              1690
            ],
            [
              175,
              1731
            ],
            [
              133,
              1731
            ],
            [
              133,
              1690
            ]
          ]
        ]
      }
    },
    {
      "type": "Feature",
      "properties": {
        "id": "O-047",
        "name": "河岸维护所 3号",
        "zone": "郊野／外环",
        "kind": "building",
        "description": "学院与城邦共同使用的外围配套。",
        "footprint": 2068,
        "frontageRoad": "OUT-W",
        "scaleClass": "外围常规建筑",
        "layer": "buildings"
      },
      "geometry": {
        "type": "Polygon",
        "coordinates": [
          [
            [
              133,
              1830
            ],
            [
              180,
              1830
            ],
            [
              180,
              1874
            ],
            [
              133,
              1874
            ],
            [
              133,
              1830
            ]
          ]
        ]
      }
    },
    {
      "type": "Feature",
      "properties": {
        "id": "O-048",
        "name": "公共清洁站 3号",
        "zone": "郊野／外环",
        "kind": "building",
        "description": "学院与城邦共同使用的外围配套。",
        "footprint": 2444,
        "frontageRoad": "OUT-W",
        "scaleClass": "外围常规建筑",
        "layer": "buildings"
      },
      "geometry": {
        "type": "Polygon",
        "coordinates": [
          [
            [
              133,
              1970
            ],
            [
              185,
              1970
            ],
            [
              185,
              2017
            ],
            [
              133,
              2017
            ],
            [
              133,
              1970
            ]
          ]
        ]
      }
    },
    {
      "type": "Feature",
      "properties": {
        "id": "O-049",
        "name": "东门检疫站 3号",
        "zone": "郊野／外环",
        "kind": "building",
        "description": "学院与城邦共同使用的外围配套。",
        "footprint": 1596,
        "frontageRoad": "OUT-E",
        "scaleClass": "外围常规建筑",
        "layer": "buildings"
      },
      "geometry": {
        "type": "Polygon",
        "coordinates": [
          [
            [
              3030,
              250
            ],
            [
              3072,
              250
            ],
            [
              3072,
              288
            ],
            [
              3030,
              288
            ],
            [
              3030,
              250
            ]
          ]
        ]
      }
    },
    {
      "type": "Feature",
      "properties": {
        "id": "O-050",
        "name": "城市货运调度场 3号",
        "zone": "郊野／外环",
        "kind": "building",
        "description": "学院与城邦共同使用的外围配套。",
        "footprint": 1927,
        "frontageRoad": "OUT-E",
        "scaleClass": "外围常规建筑",
        "layer": "buildings"
      },
      "geometry": {
        "type": "Polygon",
        "coordinates": [
          [
            [
              3025,
              390
            ],
            [
              3072,
              390
            ],
            [
              3072,
              431
            ],
            [
              3025,
              431
            ],
            [
              3025,
              390
            ]
          ]
        ]
      }
    },
    {
      "type": "Feature",
      "properties": {
        "id": "O-051",
        "name": "公共工程仓库 3号",
        "zone": "郊野／外环",
        "kind": "building",
        "description": "学院与城邦共同使用的外围配套。",
        "footprint": 2288,
        "frontageRoad": "OUT-E",
        "scaleClass": "外围常规建筑",
        "layer": "buildings"
      },
      "geometry": {
        "type": "Polygon",
        "coordinates": [
          [
            [
              3020,
              530
            ],
            [
              3072,
              530
            ],
            [
              3072,
              574
            ],
            [
              3020,
              574
            ],
            [
              3020,
              530
            ]
          ]
        ]
      }
    },
    {
      "type": "Feature",
      "properties": {
        "id": "O-052",
        "name": "魔法生物管理舍 3号",
        "zone": "郊野／外环",
        "kind": "building",
        "description": "学院与城邦共同使用的外围配套。",
        "footprint": 1974,
        "frontageRoad": "OUT-E",
        "scaleClass": "外围常规建筑",
        "layer": "buildings"
      },
      "geometry": {
        "type": "Polygon",
        "coordinates": [
          [
            [
              3030,
              670
            ],
            [
              3072,
              670
            ],
            [
              3072,
              717
            ],
            [
              3030,
              717
            ],
            [
              3030,
              670
            ]
          ]
        ]
      }
    },
    {
      "type": "Feature",
      "properties": {
        "id": "O-053",
        "name": "环境温室 3号",
        "zone": "郊野／外环",
        "kind": "building",
        "description": "学院与城邦共同使用的外围配套。",
        "footprint": 1786,
        "frontageRoad": "OUT-E",
        "scaleClass": "外围常规建筑",
        "layer": "buildings"
      },
      "geometry": {
        "type": "Polygon",
        "coordinates": [
          [
            [
              3025,
              810
            ],
            [
              3072,
              810
            ],
            [
              3072,
              848
            ],
            [
              3025,
              848
            ],
            [
              3025,
              810
            ]
          ]
        ]
      }
    },
    {
      "type": "Feature",
      "properties": {
        "id": "O-054",
        "name": "生态观察站 3号",
        "zone": "郊野／外环",
        "kind": "building",
        "description": "学院与城邦共同使用的外围配套。",
        "footprint": 2132,
        "frontageRoad": "OUT-E",
        "scaleClass": "外围常规建筑",
        "layer": "buildings"
      },
      "geometry": {
        "type": "Polygon",
        "coordinates": [
          [
            [
              3020,
              1130
            ],
            [
              3072,
              1130
            ],
            [
              3072,
              1171
            ],
            [
              3020,
              1171
            ],
            [
              3020,
              1130
            ]
          ]
        ]
      }
    },
    {
      "type": "Feature",
      "properties": {
        "id": "O-055",
        "name": "体育场看台与更衣楼 3号",
        "zone": "郊野／外环",
        "kind": "building",
        "description": "学院与城邦共同使用的外围配套。",
        "footprint": 1848,
        "frontageRoad": "OUT-E",
        "scaleClass": "外围常规建筑",
        "layer": "buildings"
      },
      "geometry": {
        "type": "Polygon",
        "coordinates": [
          [
            [
              3030,
              1270
            ],
            [
              3072,
              1270
            ],
            [
              3072,
              1314
            ],
            [
              3030,
              1314
            ],
            [
              3030,
              1270
            ]
          ]
        ]
      }
    },
    {
      "type": "Feature",
      "properties": {
        "id": "O-056",
        "name": "体育器材浴室 3号",
        "zone": "郊野／外环",
        "kind": "building",
        "description": "学院与城邦共同使用的外围配套。",
        "footprint": 2209,
        "frontageRoad": "OUT-E",
        "scaleClass": "外围常规建筑",
        "layer": "buildings"
      },
      "geometry": {
        "type": "Polygon",
        "coordinates": [
          [
            [
              3025,
              1410
            ],
            [
              3072,
              1410
            ],
            [
              3072,
              1457
            ],
            [
              3025,
              1457
            ],
            [
              3025,
              1410
            ]
          ]
        ]
      }
    },
    {
      "type": "Feature",
      "properties": {
        "id": "O-057",
        "name": "护障对抗场控制厅 3号",
        "zone": "郊野／外环",
        "kind": "building",
        "description": "学院与城邦共同使用的外围配套。",
        "footprint": 1976,
        "frontageRoad": "OUT-E",
        "scaleClass": "外围常规建筑",
        "layer": "buildings"
      },
      "geometry": {
        "type": "Polygon",
        "coordinates": [
          [
            [
              3020,
              1550
            ],
            [
              3072,
              1550
            ],
            [
              3072,
              1588
            ],
            [
              3020,
              1588
            ],
            [
              3020,
              1550
            ]
          ]
        ]
      }
    },
    {
      "type": "Feature",
      "properties": {
        "id": "O-058",
        "name": "对抗场医务与裁判屋 3号",
        "zone": "郊野／外环",
        "kind": "building",
        "description": "学院与城邦共同使用的外围配套。",
        "footprint": 1722,
        "frontageRoad": "OUT-E",
        "scaleClass": "外围常规建筑",
        "layer": "buildings"
      },
      "geometry": {
        "type": "Polygon",
        "coordinates": [
          [
            [
              3030,
              1690
            ],
            [
              3072,
              1690
            ],
            [
              3072,
              1731
            ],
            [
              3030,
              1731
            ],
            [
              3030,
              1690
            ]
          ]
        ]
      }
    },
    {
      "type": "Feature",
      "properties": {
        "id": "O-059",
        "name": "小队战术场器材屋 3号",
        "zone": "郊野／外环",
        "kind": "building",
        "description": "学院与城邦共同使用的外围配套。",
        "footprint": 2068,
        "frontageRoad": "OUT-E",
        "scaleClass": "外围常规建筑",
        "layer": "buildings"
      },
      "geometry": {
        "type": "Polygon",
        "coordinates": [
          [
            [
              3025,
              1830
            ],
            [
              3072,
              1830
            ],
            [
              3072,
              1874
            ],
            [
              3025,
              1874
            ],
            [
              3025,
              1830
            ]
          ]
        ]
      }
    },
    {
      "type": "Feature",
      "properties": {
        "id": "O-060",
        "name": "场地护障机房 3号",
        "zone": "郊野／外环",
        "kind": "building",
        "description": "学院与城邦共同使用的外围配套。",
        "footprint": 741.844963581755,
        "frontageRoad": "OUT-E",
        "scaleClass": "外围常规建筑",
        "layer": "buildings"
      },
      "geometry": {
        "type": "Polygon",
        "coordinates": [
          [
            [
              3056.216,
              1970
            ],
            [
              3072,
              1970
            ],
            [
              3072,
              2017
            ],
            [
              3056.216,
              2017
            ],
            [
              3056.216,
              1970
            ]
          ]
        ]
      }
    },
    {
      "type": "Feature",
      "properties": {
        "id": "POI-NG",
        "name": "城邦北门",
        "kind": "城市入口",
        "description": "北侧主要入口。",
        "layer": "points"
      },
      "geometry": {
        "type": "Point",
        "coordinates": [
          450,
          0
        ]
      }
    },
    {
      "type": "Feature",
      "properties": {
        "id": "POI-WG",
        "name": "城邦西门",
        "kind": "城市入口",
        "description": "生活与教学方向入口。",
        "layer": "points"
      },
      "geometry": {
        "type": "Point",
        "coordinates": [
          0,
          1000
        ]
      }
    },
    {
      "type": "Feature",
      "properties": {
        "id": "POI-EG",
        "name": "城邦东门",
        "kind": "城市入口",
        "description": "工坊、货运与封存方向入口。",
        "layer": "points"
      },
      "geometry": {
        "type": "Point",
        "coordinates": [
          3200,
          1000
        ]
      }
    },
    {
      "type": "Feature",
      "properties": {
        "id": "POI-SG",
        "name": "城邦南门",
        "kind": "城市入口",
        "description": "课程与城市后勤入口。",
        "layer": "points"
      },
      "geometry": {
        "type": "Point",
        "coordinates": [
          2600,
          2800
        ]
      }
    },
    {
      "type": "Feature",
      "properties": {
        "id": "POI-01",
        "name": "学院总图书馆",
        "kind": "学院服务",
        "description": "公共藏书、研读与受控资料申请。",
        "layer": "points"
      },
      "geometry": {
        "type": "Point",
        "coordinates": [
          370,
          335
        ]
      }
    },
    {
      "type": "Feature",
      "properties": {
        "id": "POI-02",
        "name": "城邦公共钟楼",
        "kind": "城市服务",
        "description": "报时、班次、集会与方向识别。",
        "layer": "points"
      },
      "geometry": {
        "type": "Point",
        "coordinates": [
          1260,
          342
        ]
      }
    },
    {
      "type": "Feature",
      "properties": {
        "id": "POI-03",
        "name": "封存许可总厅",
        "kind": "受控服务",
        "description": "受控档案与遗物许可入口。",
        "layer": "points"
      },
      "geometry": {
        "type": "Point",
        "coordinates": [
          2180,
          1170
        ]
      }
    },
    {
      "type": "Feature",
      "properties": {
        "id": "POI-04",
        "name": "雨后灯庭",
        "kind": "学院课程",
        "description": "旧校区环境课程场地。",
        "layer": "points"
      },
      "geometry": {
        "type": "Point",
        "coordinates": [
          130,
          770
        ]
      }
    },
    {
      "type": "Feature",
      "properties": {
        "id": "POI-08",
        "name": "学院体育场",
        "kind": "体育",
        "description": "体育课程、赛事与公共锻炼。",
        "layer": "points"
      },
      "geometry": {
        "type": "Point",
        "coordinates": [
          1100,
          2560
        ]
      }
    },
    {
      "type": "Feature",
      "properties": {
        "id": "POI-09",
        "name": "护障对抗场",
        "kind": "战斗课程",
        "description": "非致命对抗与裁判训练。",
        "layer": "points"
      },
      "geometry": {
        "type": "Point",
        "coordinates": [
          480,
          2560
        ]
      }
    },
    {
      "type": "Feature",
      "properties": {
        "id": "POI-10",
        "name": "小队战术训练场",
        "kind": "战斗课程",
        "description": "小队协作、路线与撤离训练。",
        "layer": "points"
      },
      "geometry": {
        "type": "Point",
        "coordinates": [
          2090,
          2560
        ]
      }
    },
    {
      "type": "Feature",
      "properties": {
        "id": "POI-11",
        "name": "城市货运与公共工程场",
        "kind": "城市服务",
        "description": "货运、工程与灾时集结。",
        "layer": "points"
      },
      "geometry": {
        "type": "Point",
        "coordinates": [
          2730,
          2560
        ]
      }
    },
    {
      "type": "Feature",
      "properties": {
        "id": "TR-S01",
        "name": "西门通勤站",
        "kind": "通勤站",
        "description": "服务西门与生活区。",
        "layer": "points"
      },
      "geometry": {
        "type": "Point",
        "coordinates": [
          40,
          1000
        ]
      }
    },
    {
      "type": "Feature",
      "properties": {
        "id": "TR-S02",
        "name": "北门通勤站",
        "kind": "通勤站",
        "description": "服务教学区和北门。",
        "layer": "points"
      },
      "geometry": {
        "type": "Point",
        "coordinates": [
          450,
          190
        ]
      }
    },
    {
      "type": "Feature",
      "properties": {
        "id": "TR-S03",
        "name": "东门通勤站",
        "kind": "通勤站",
        "description": "服务工坊、封存和货运。",
        "layer": "points"
      },
      "geometry": {
        "type": "Point",
        "coordinates": [
          3160,
          1000
        ]
      }
    },
    {
      "type": "Feature",
      "properties": {
        "id": "TR-S04",
        "name": "南部课程站",
        "kind": "通勤站",
        "description": "服务体育与对抗课程。",
        "layer": "points"
      },
      "geometry": {
        "type": "Point",
        "coordinates": [
          1100,
          2280
        ]
      }
    },
    {
      "type": "Feature",
      "properties": {
        "id": "TR-S05",
        "name": "南部城市服务站",
        "kind": "通勤站",
        "description": "服务战术场和公共工程。",
        "layer": "points"
      },
      "geometry": {
        "type": "Point",
        "coordinates": [
          2500,
          2280
        ]
      }
    }
  ]
}
