{
  "type": "FeatureCollection",
  "metadata": {
    "title": "OCC 学院城邦全域地图 v0.12",
    "coordinateSystem": "学院本地平面坐标：西北角为 (0,0)，x 向东、y 向南，单位 m。",
    "source": "Tools/AcademyMapPrototype/src/data.js",
    "generatedBy": "npm run export:geojson",
    "scope": "地图精修中的矢量母版交换格式；不包含 Unity 战斗格图。"
  },
  "features": [
    {
      "type": "Feature",
      "properties": {
        "id": "Z-OUTER-N",
        "name": "北部城市服务带",
        "zone": "郊野／外环",
        "kind": "zone",
        "footprint": 800000,
        "description": "城邦北门、客运换乘、公共仓储和护障检修带。",
        "openSpacePurpose": "北门前庭、换乘退界、城市仓储回转、护障检修和防灾集结。",
        "layer": "zones"
      },
      "geometry": {
        "type": "Polygon",
        "coordinates": [
          [
            [
              0,
              0
            ],
            [
              3200,
              0
            ],
            [
              3200,
              250
            ],
            [
              0,
              250
            ],
            [
              0,
              0
            ]
          ]
        ]
      }
    },
    {
      "type": "Feature",
      "properties": {
        "id": "Z-OUTER-W",
        "name": "西部生活服务带",
        "zone": "郊野／外环",
        "kind": "zone",
        "footprint": 504000,
        "description": "雨后灯庭、社区服务、城市消防和河岸维护带。",
        "openSpacePurpose": "雨后灯庭、消防退界、河岸巡护、社区花园和城市服务预留。",
        "layer": "zones"
      },
      "geometry": {
        "type": "Polygon",
        "coordinates": [
          [
            [
              0,
              250
            ],
            [
              300,
              250
            ],
            [
              300,
              1930
            ],
            [
              0,
              1930
            ],
            [
              0,
              250
            ]
          ]
        ]
      }
    },
    {
      "type": "Feature",
      "properties": {
        "id": "Z-OUTER-E",
        "name": "东部生产服务带",
        "zone": "郊野／外环",
        "kind": "zone",
        "footprint": 504000,
        "description": "货运换乘、检疫、城市维修和生态观察带。",
        "openSpacePurpose": "货运回转、检疫缓冲、城市维修、生态恢复和服务门退界。",
        "layer": "zones"
      },
      "geometry": {
        "type": "Polygon",
        "coordinates": [
          [
            [
              2900,
              250
            ],
            [
              3200,
              250
            ],
            [
              3200,
              1930
            ],
            [
              2900,
              1930
            ],
            [
              2900,
              250
            ]
          ]
        ]
      }
    },
    {
      "type": "Feature",
      "properties": {
        "id": "Z-OUTER-S",
        "name": "南部课程与城市外环",
        "zone": "郊野／外环",
        "kind": "zone",
        "footprint": 2784000,
        "description": "体育、战斗课程、城市后勤、生态恢复和城门服务带。",
        "openSpacePurpose": "体育与战斗课程、城市后勤、城门集散、生态恢复和远期扩建。",
        "layer": "zones"
      },
      "geometry": {
        "type": "Polygon",
        "coordinates": [
          [
            [
              0,
              1930
            ],
            [
              3200,
              1930
            ],
            [
              3200,
              2800
            ],
            [
              0,
              2800
            ],
            [
              0,
              1930
            ]
          ]
        ]
      }
    },
    {
      "type": "Feature",
      "properties": {
        "id": "Z-TEACH",
        "name": "教学区",
        "zone": "教学区",
        "kind": "zone",
        "footprint": 483840,
        "description": "讲堂、图书馆、公共实验、师生事务与学院接待。",
        "openSpacePurpose": "教学楼间前庭、消防退界、课间集合、研读花园和教学扩建。",
        "layer": "zones"
      },
      "geometry": {
        "type": "Polygon",
        "coordinates": [
          [
            [
              300,
              250
            ],
            [
              972,
              250
            ],
            [
              972,
              970
            ],
            [
              300,
              970
            ],
            [
              300,
              250
            ]
          ]
        ]
      }
    },
    {
      "type": "Feature",
      "properties": {
        "id": "Z-CENTRE",
        "name": "学院中庭与市政核心",
        "zone": "中庭区",
        "kind": "zone",
        "footprint": 904320,
        "description": "学院治理、公共文化、城市行政、集会与中央河湖两岸。",
        "openSpacePurpose": "中央河湖、两岸公共广场、学院与市政协作、节庆和公共文化活动。",
        "layer": "zones"
      },
      "geometry": {
        "type": "Polygon",
        "coordinates": [
          [
            [
              972,
              250
            ],
            [
              2228,
              250
            ],
            [
              2228,
              970
            ],
            [
              972,
              970
            ],
            [
              972,
              250
            ]
          ]
        ]
      }
    },
    {
      "type": "Feature",
      "properties": {
        "id": "Z-WORK",
        "name": "工坊区",
        "zone": "工坊区",
        "kind": "zone",
        "footprint": 483840,
        "description": "校准、制作、材料、能源维护与城市生产服务。",
        "openSpacePurpose": "器材回转、防火间距、洗消、安全隔离和城市生产服务扩建。",
        "layer": "zones"
      },
      "geometry": {
        "type": "Polygon",
        "coordinates": [
          [
            [
              2228,
              250
            ],
            [
              2900,
              250
            ],
            [
              2900,
              970
            ],
            [
              2228,
              970
            ],
            [
              2228,
              250
            ]
          ]
        ]
      }
    },
    {
      "type": "Feature",
      "properties": {
        "id": "Z-LIVING",
        "name": "生活区",
        "zone": "生活区",
        "kind": "zone",
        "footprint": 645120,
        "description": "宿舍、居民住房、医务、餐厨、清洁与社区服务。",
        "openSpacePurpose": "宿舍与居民街坊庭院、晾晒、社区种植、照明和生活服务扩建。",
        "layer": "zones"
      },
      "geometry": {
        "type": "Polygon",
        "coordinates": [
          [
            [
              300,
              970
            ],
            [
              972,
              970
            ],
            [
              972,
              1930
            ],
            [
              300,
              1930
            ],
            [
              300,
              970
            ]
          ]
        ]
      }
    },
    {
      "type": "Feature",
      "properties": {
        "id": "Z-MARKET",
        "name": "市集与城市服务区",
        "zone": "市集区",
        "kind": "zone",
        "footprint": 1205760,
        "description": "交易、旅舍、邮驿、货运、金融、消防和公共服务。",
        "openSpacePurpose": "步行商业街、排队、装卸、临时摊位、访客服务和防灾通道。",
        "layer": "zones"
      },
      "geometry": {
        "type": "Polygon",
        "coordinates": [
          [
            [
              972,
              970
            ],
            [
              2228,
              970
            ],
            [
              2228,
              1930
            ],
            [
              972,
              1930
            ],
            [
              972,
              970
            ]
          ]
        ]
      }
    },
    {
      "type": "Feature",
      "properties": {
        "id": "Z-SEALED",
        "name": "封存区",
        "zone": "封存区",
        "kind": "zone",
        "footprint": 645120,
        "description": "档案、遗物、隔离、许可、值守与安全维护。",
        "openSpacePurpose": "许可检查、警戒退界、撤离集结、观察缓冲和不得建造区。",
        "layer": "zones"
      },
      "geometry": {
        "type": "Polygon",
        "coordinates": [
          [
            [
              2228,
              970
            ],
            [
              2900,
              970
            ],
            [
              2900,
              1930
            ],
            [
              2228,
              1930
            ],
            [
              2228,
              970
            ]
          ]
        ]
      }
    },
    {
      "type": "Feature",
      "properties": {
        "id": "G-WATER-01",
        "name": "学院内河与中央湖连续水系",
        "zone": "中庭区／市集区／郊野外环",
        "kind": "water",
        "description": "北部来水在学院与城市中央扩成公共湖段，再向南汇入外环水系；全程保持单一连续水体。",
        "waterSystem": "academy-city-main",
        "layer": "terrain"
      },
      "geometry": {
        "type": "Polygon",
        "coordinates": [
          [
            [
              1510,
              0
            ],
            [
              1500,
              250
            ],
            [
              1520,
              490
            ],
            [
              1490,
              730
            ],
            [
              1460,
              900
            ],
            [
              1435,
              1040
            ],
            [
              1445,
              1210
            ],
            [
              1470,
              1370
            ],
            [
              1500,
              1450
            ],
            [
              1490,
              1690
            ],
            [
              1465,
              1930
            ],
            [
              1490,
              2170
            ],
            [
              1475,
              2280
            ],
            [
              1500,
              2800
            ],
            [
              1700,
              2800
            ],
            [
              1725,
              2280
            ],
            [
              1710,
              2170
            ],
            [
              1735,
              1930
            ],
            [
              1710,
              1690
            ],
            [
              1700,
              1450
            ],
            [
              1730,
              1370
            ],
            [
              1755,
              1210
            ],
            [
              1765,
              1040
            ],
            [
              1740,
              900
            ],
            [
              1710,
              730
            ],
            [
              1680,
              490
            ],
            [
              1700,
              250
            ],
            [
              1690,
              0
            ],
            [
              1510,
              0
            ]
          ]
        ]
      }
    },
    {
      "type": "Feature",
      "properties": {
        "id": "G-T01",
        "name": "教学迎宾前庭",
        "zone": "教学区",
        "kind": "courtyard",
        "footprint": 48000,
        "description": "学院西侧教学楼群共同使用的迎宾、集合与公开演示前庭。",
        "layer": "terrain"
      },
      "geometry": {
        "type": "Polygon",
        "coordinates": [
          [
            [
              330,
              810
            ],
            [
              930,
              810
            ],
            [
              930,
              890
            ],
            [
              330,
              890
            ],
            [
              330,
              810
            ]
          ]
        ]
      }
    },
    {
      "type": "Feature",
      "properties": {
        "id": "G-C01",
        "name": "西岸公共议事坪",
        "zone": "中庭区",
        "kind": "paved",
        "footprint": 26400,
        "description": "学院与城邦公共议事、公告和节庆活动场地。",
        "layer": "terrain"
      },
      "geometry": {
        "type": "Polygon",
        "coordinates": [
          [
            [
              1030,
              810
            ],
            [
              1360,
              810
            ],
            [
              1360,
              890
            ],
            [
              1030,
              890
            ],
            [
              1030,
              810
            ]
          ]
        ]
      }
    },
    {
      "type": "Feature",
      "properties": {
        "id": "G-C02",
        "name": "东岸文化草坪",
        "zone": "中庭区",
        "kind": "green",
        "footprint": 26400,
        "description": "公共演出、学生社团和湖岸休息场地。",
        "layer": "terrain"
      },
      "geometry": {
        "type": "Polygon",
        "coordinates": [
          [
            [
              1840,
              810
            ],
            [
              2170,
              810
            ],
            [
              2170,
              890
            ],
            [
              1840,
              890
            ],
            [
              1840,
              810
            ]
          ]
        ]
      }
    },
    {
      "type": "Feature",
      "properties": {
        "id": "G-W01",
        "name": "工坊安全回转院",
        "zone": "工坊区",
        "kind": "paved",
        "footprint": 47200,
        "description": "器材回转、洗消、消防和大件交接场地。",
        "layer": "terrain"
      },
      "geometry": {
        "type": "Polygon",
        "coordinates": [
          [
            [
              2260,
              810
            ],
            [
              2850,
              810
            ],
            [
              2850,
              890
            ],
            [
              2260,
              890
            ],
            [
              2260,
              810
            ]
          ]
        ]
      }
    },
    {
      "type": "Feature",
      "properties": {
        "id": "G-L01",
        "name": "生活区社区花园",
        "zone": "生活区",
        "kind": "green",
        "footprint": 47200,
        "description": "学生与居民共同使用的晾晒、种植和邻里活动场地。",
        "layer": "terrain"
      },
      "geometry": {
        "type": "Polygon",
        "coordinates": [
          [
            [
              330,
              1770
            ],
            [
              920,
              1770
            ],
            [
              920,
              1850
            ],
            [
              330,
              1850
            ],
            [
              330,
              1770
            ]
          ]
        ]
      }
    },
    {
      "type": "Feature",
      "properties": {
        "id": "G-M01",
        "name": "市集公共装卸坪",
        "zone": "市集区",
        "kind": "paved",
        "footprint": 26400,
        "description": "市集装卸、临时摊位和防灾疏散场地。",
        "layer": "terrain"
      },
      "geometry": {
        "type": "Polygon",
        "coordinates": [
          [
            [
              1030,
              1770
            ],
            [
              1360,
              1770
            ],
            [
              1360,
              1850
            ],
            [
              1030,
              1850
            ],
            [
              1030,
              1770
            ]
          ]
        ]
      }
    },
    {
      "type": "Feature",
      "properties": {
        "id": "G-M02",
        "name": "城市节庆广场",
        "zone": "市集区",
        "kind": "courtyard",
        "footprint": 26400,
        "description": "公开集市、节庆、招募和城邦告示场地。",
        "layer": "terrain"
      },
      "geometry": {
        "type": "Polygon",
        "coordinates": [
          [
            [
              1840,
              1770
            ],
            [
              2170,
              1770
            ],
            [
              2170,
              1850
            ],
            [
              1840,
              1850
            ],
            [
              1840,
              1770
            ]
          ]
        ]
      }
    },
    {
      "type": "Feature",
      "properties": {
        "id": "G-S01",
        "name": "封存撤离缓冲坪",
        "zone": "封存区",
        "kind": "restricted",
        "footprint": 47200,
        "description": "封存区警戒、撤离集结和安全复核空间。",
        "layer": "terrain"
      },
      "geometry": {
        "type": "Polygon",
        "coordinates": [
          [
            [
              2260,
              1770
            ],
            [
              2850,
              1770
            ],
            [
              2850,
              1850
            ],
            [
              2260,
              1850
            ],
            [
              2260,
              1770
            ]
          ]
        ]
      }
    },
    {
      "type": "Feature",
      "properties": {
        "id": "G-RAIN",
        "name": "雨后灯庭",
        "zone": "郊野／外环",
        "kind": "courtyard",
        "footprint": 14400,
        "description": "保留旧校区石基、浅水沟和灯藤课程空间。",
        "layer": "terrain"
      },
      "geometry": {
        "type": "Polygon",
        "coordinates": [
          [
            [
              110,
              850
            ],
            [
              270,
              850
            ],
            [
              270,
              940
            ],
            [
              110,
              940
            ],
            [
              110,
              850
            ]
          ]
        ]
      }
    },
    {
      "type": "Feature",
      "properties": {
        "id": "G-SPORT",
        "name": "学院体育场",
        "zone": "郊野／外环",
        "kind": "sports",
        "description": "体育课程、学院赛事、公共锻炼与毕业季集会场地。",
        "layer": "terrain"
      },
      "geometry": {
        "type": "Polygon",
        "coordinates": [
          [
            [
              900,
              2380
            ],
            [
              1370,
              2380
            ],
            [
              1410,
              2420
            ],
            [
              1410,
              2660
            ],
            [
              1370,
              2700
            ],
            [
              900,
              2700
            ],
            [
              860,
              2660
            ],
            [
              860,
              2420
            ],
            [
              900,
              2380
            ]
          ]
        ]
      }
    },
    {
      "type": "Feature",
      "properties": {
        "id": "G-COMBAT",
        "name": "护障对抗场",
        "zone": "郊野／外环",
        "kind": "combat",
        "description": "在可中止护障内进行非致命课程对抗、裁判考核和安全演练。",
        "layer": "terrain"
      },
      "geometry": {
        "type": "Polygon",
        "coordinates": [
          [
            [
              330,
              2390
            ],
            [
              760,
              2390
            ],
            [
              800,
              2430
            ],
            [
              800,
              2640
            ],
            [
              760,
              2680
            ],
            [
              330,
              2680
            ],
            [
              290,
              2640
            ],
            [
              290,
              2430
            ],
            [
              330,
              2390
            ]
          ]
        ]
      }
    },
    {
      "type": "Feature",
      "properties": {
        "id": "G-TACTICAL",
        "name": "小队战术训练场",
        "zone": "郊野／外环",
        "kind": "training",
        "description": "用于掩体、路线、协作、撤离和任务分工训练的可重构场地。",
        "layer": "terrain"
      },
      "geometry": {
        "type": "Polygon",
        "coordinates": [
          [
            [
              1840,
              2390
            ],
            [
              2300,
              2390
            ],
            [
              2300,
              2690
            ],
            [
              2140,
              2690
            ],
            [
              2070,
              2640
            ],
            [
              2000,
              2690
            ],
            [
              1840,
              2690
            ],
            [
              1840,
              2390
            ]
          ]
        ]
      }
    },
    {
      "type": "Feature",
      "properties": {
        "id": "G-LOGISTICS",
        "name": "城市货运与公共工程场",
        "zone": "郊野／外环",
        "kind": "paved",
        "footprint": 135000,
        "description": "南门货运、公共工程材料、城市清洁回收和灾时物资集结场。",
        "layer": "terrain"
      },
      "geometry": {
        "type": "Polygon",
        "coordinates": [
          [
            [
              2410,
              2390
            ],
            [
              2860,
              2390
            ],
            [
              2860,
              2690
            ],
            [
              2410,
              2690
            ],
            [
              2410,
              2390
            ]
          ]
        ]
      }
    },
    {
      "type": "Feature",
      "properties": {
        "id": "G-NORTH",
        "name": "北门换乘与防灾广场",
        "zone": "郊野／外环",
        "kind": "paved",
        "footprint": 59500,
        "description": "北门客运换乘、访客集合和灾时疏散空间。",
        "layer": "terrain"
      },
      "geometry": {
        "type": "Polygon",
        "coordinates": [
          [
            [
              500,
              10
            ],
            [
              1350,
              10
            ],
            [
              1350,
              80
            ],
            [
              500,
              80
            ],
            [
              500,
              10
            ]
          ]
        ]
      }
    },
    {
      "type": "Feature",
      "properties": {
        "id": "H-00-W",
        "name": "北门大道西段",
        "roadClass": "主步道",
        "width": 14,
        "description": "连接西岸街坊与中央河湖桥头。",
        "layer": "roads"
      },
      "geometry": {
        "type": "LineString",
        "coordinates": [
          [
            300,
            250
          ],
          [
            1400,
            250
          ]
        ]
      }
    },
    {
      "type": "Feature",
      "properties": {
        "id": "H-00-B",
        "name": "北门大道河桥",
        "roadClass": "桥梁",
        "width": 14,
        "description": "跨越学院内河与中央湖面的公共桥梁。",
        "layer": "roads"
      },
      "geometry": {
        "type": "LineString",
        "coordinates": [
          [
            1400,
            250
          ],
          [
            1800,
            250
          ]
        ]
      }
    },
    {
      "type": "Feature",
      "properties": {
        "id": "H-00-E",
        "name": "北门大道东段",
        "roadClass": "主步道",
        "width": 14,
        "description": "连接东岸街坊、工坊与封存服务。",
        "layer": "roads"
      },
      "geometry": {
        "type": "LineString",
        "coordinates": [
          [
            1800,
            250
          ],
          [
            2900,
            250
          ]
        ]
      }
    },
    {
      "type": "Feature",
      "properties": {
        "id": "H-01-W",
        "name": "学术北街西段",
        "roadClass": "支路",
        "width": 8,
        "description": "连接西岸街坊与中央河湖桥头。",
        "layer": "roads"
      },
      "geometry": {
        "type": "LineString",
        "coordinates": [
          [
            300,
            490
          ],
          [
            1400,
            490
          ]
        ]
      }
    },
    {
      "type": "Feature",
      "properties": {
        "id": "H-01-B",
        "name": "学术北街河桥",
        "roadClass": "桥梁",
        "width": 8,
        "description": "跨越学院内河与中央湖面的公共桥梁。",
        "layer": "roads"
      },
      "geometry": {
        "type": "LineString",
        "coordinates": [
          [
            1400,
            490
          ],
          [
            1800,
            490
          ]
        ]
      }
    },
    {
      "type": "Feature",
      "properties": {
        "id": "H-01-E",
        "name": "学术北街东段",
        "roadClass": "支路",
        "width": 8,
        "description": "连接东岸街坊、工坊与封存服务。",
        "layer": "roads"
      },
      "geometry": {
        "type": "LineString",
        "coordinates": [
          [
            1800,
            490
          ],
          [
            2900,
            490
          ]
        ]
      }
    },
    {
      "type": "Feature",
      "properties": {
        "id": "H-02-W",
        "name": "学院前街西段",
        "roadClass": "支路",
        "width": 8,
        "description": "连接西岸街坊与中央河湖桥头。",
        "layer": "roads"
      },
      "geometry": {
        "type": "LineString",
        "coordinates": [
          [
            300,
            730
          ],
          [
            1400,
            730
          ]
        ]
      }
    },
    {
      "type": "Feature",
      "properties": {
        "id": "H-02-B",
        "name": "学院前街河桥",
        "roadClass": "桥梁",
        "width": 8,
        "description": "跨越学院内河与中央湖面的公共桥梁。",
        "layer": "roads"
      },
      "geometry": {
        "type": "LineString",
        "coordinates": [
          [
            1400,
            730
          ],
          [
            1800,
            730
          ]
        ]
      }
    },
    {
      "type": "Feature",
      "properties": {
        "id": "H-02-E",
        "name": "学院前街东段",
        "roadClass": "支路",
        "width": 8,
        "description": "连接东岸街坊、工坊与封存服务。",
        "layer": "roads"
      },
      "geometry": {
        "type": "LineString",
        "coordinates": [
          [
            1800,
            730
          ],
          [
            2900,
            730
          ]
        ]
      }
    },
    {
      "type": "Feature",
      "properties": {
        "id": "H-03-W",
        "name": "中轴大道西段",
        "roadClass": "主步道",
        "width": 14,
        "description": "连接西岸街坊与中央河湖桥头。",
        "layer": "roads"
      },
      "geometry": {
        "type": "LineString",
        "coordinates": [
          [
            0,
            970
          ],
          [
            1400,
            970
          ]
        ]
      }
    },
    {
      "type": "Feature",
      "properties": {
        "id": "H-03-B",
        "name": "中轴大道河桥",
        "roadClass": "桥梁",
        "width": 14,
        "description": "跨越学院内河与中央湖面的公共桥梁。",
        "layer": "roads"
      },
      "geometry": {
        "type": "LineString",
        "coordinates": [
          [
            1400,
            970
          ],
          [
            1800,
            970
          ]
        ]
      }
    },
    {
      "type": "Feature",
      "properties": {
        "id": "H-03-E",
        "name": "中轴大道东段",
        "roadClass": "主步道",
        "width": 14,
        "description": "连接东岸街坊、工坊与封存服务。",
        "layer": "roads"
      },
      "geometry": {
        "type": "LineString",
        "coordinates": [
          [
            1800,
            970
          ],
          [
            3200,
            970
          ]
        ]
      }
    },
    {
      "type": "Feature",
      "properties": {
        "id": "H-04-W",
        "name": "生活北街西段",
        "roadClass": "支路",
        "width": 8,
        "description": "连接西岸街坊与中央河湖桥头。",
        "layer": "roads"
      },
      "geometry": {
        "type": "LineString",
        "coordinates": [
          [
            300,
            1210
          ],
          [
            1400,
            1210
          ]
        ]
      }
    },
    {
      "type": "Feature",
      "properties": {
        "id": "H-04-B",
        "name": "生活北街河桥",
        "roadClass": "桥梁",
        "width": 8,
        "description": "跨越学院内河与中央湖面的公共桥梁。",
        "layer": "roads"
      },
      "geometry": {
        "type": "LineString",
        "coordinates": [
          [
            1400,
            1210
          ],
          [
            1800,
            1210
          ]
        ]
      }
    },
    {
      "type": "Feature",
      "properties": {
        "id": "H-04-E",
        "name": "生活北街东段",
        "roadClass": "支路",
        "width": 8,
        "description": "连接东岸街坊、工坊与封存服务。",
        "layer": "roads"
      },
      "geometry": {
        "type": "LineString",
        "coordinates": [
          [
            1800,
            1210
          ],
          [
            2900,
            1210
          ]
        ]
      }
    },
    {
      "type": "Feature",
      "properties": {
        "id": "H-05-W",
        "name": "市政中街西段",
        "roadClass": "支路",
        "width": 8,
        "description": "连接西岸街坊与中央河湖桥头。",
        "layer": "roads"
      },
      "geometry": {
        "type": "LineString",
        "coordinates": [
          [
            300,
            1450
          ],
          [
            1400,
            1450
          ]
        ]
      }
    },
    {
      "type": "Feature",
      "properties": {
        "id": "H-05-B",
        "name": "市政中街河桥",
        "roadClass": "桥梁",
        "width": 8,
        "description": "跨越学院内河与中央湖面的公共桥梁。",
        "layer": "roads"
      },
      "geometry": {
        "type": "LineString",
        "coordinates": [
          [
            1400,
            1450
          ],
          [
            1800,
            1450
          ]
        ]
      }
    },
    {
      "type": "Feature",
      "properties": {
        "id": "H-05-E",
        "name": "市政中街东段",
        "roadClass": "支路",
        "width": 8,
        "description": "连接东岸街坊、工坊与封存服务。",
        "layer": "roads"
      },
      "geometry": {
        "type": "LineString",
        "coordinates": [
          [
            1800,
            1450
          ],
          [
            2900,
            1450
          ]
        ]
      }
    },
    {
      "type": "Feature",
      "properties": {
        "id": "H-06-W",
        "name": "生活南街西段",
        "roadClass": "支路",
        "width": 8,
        "description": "连接西岸街坊与中央河湖桥头。",
        "layer": "roads"
      },
      "geometry": {
        "type": "LineString",
        "coordinates": [
          [
            300,
            1690
          ],
          [
            1400,
            1690
          ]
        ]
      }
    },
    {
      "type": "Feature",
      "properties": {
        "id": "H-06-B",
        "name": "生活南街河桥",
        "roadClass": "桥梁",
        "width": 8,
        "description": "跨越学院内河与中央湖面的公共桥梁。",
        "layer": "roads"
      },
      "geometry": {
        "type": "LineString",
        "coordinates": [
          [
            1400,
            1690
          ],
          [
            1800,
            1690
          ]
        ]
      }
    },
    {
      "type": "Feature",
      "properties": {
        "id": "H-06-E",
        "name": "生活南街东段",
        "roadClass": "支路",
        "width": 8,
        "description": "连接东岸街坊、工坊与封存服务。",
        "layer": "roads"
      },
      "geometry": {
        "type": "LineString",
        "coordinates": [
          [
            1800,
            1690
          ],
          [
            2900,
            1690
          ]
        ]
      }
    },
    {
      "type": "Feature",
      "properties": {
        "id": "H-07-W",
        "name": "外环内街西段",
        "roadClass": "主步道",
        "width": 14,
        "description": "连接西岸街坊与中央河湖桥头。",
        "layer": "roads"
      },
      "geometry": {
        "type": "LineString",
        "coordinates": [
          [
            0,
            1930
          ],
          [
            1400,
            1930
          ]
        ]
      }
    },
    {
      "type": "Feature",
      "properties": {
        "id": "H-07-B",
        "name": "外环内街河桥",
        "roadClass": "桥梁",
        "width": 14,
        "description": "跨越学院内河与中央湖面的公共桥梁。",
        "layer": "roads"
      },
      "geometry": {
        "type": "LineString",
        "coordinates": [
          [
            1400,
            1930
          ],
          [
            1800,
            1930
          ]
        ]
      }
    },
    {
      "type": "Feature",
      "properties": {
        "id": "H-07-E",
        "name": "外环内街东段",
        "roadClass": "主步道",
        "width": 14,
        "description": "连接东岸街坊、工坊与封存服务。",
        "layer": "roads"
      },
      "geometry": {
        "type": "LineString",
        "coordinates": [
          [
            1800,
            1930
          ],
          [
            3200,
            1930
          ]
        ]
      }
    },
    {
      "type": "Feature",
      "properties": {
        "id": "H-08-W",
        "name": "南部服务街西段",
        "roadClass": "主步道",
        "width": 14,
        "description": "连接西岸街坊与中央河湖桥头。",
        "layer": "roads"
      },
      "geometry": {
        "type": "LineString",
        "coordinates": [
          [
            300,
            2170
          ],
          [
            1400,
            2170
          ]
        ]
      }
    },
    {
      "type": "Feature",
      "properties": {
        "id": "H-08-B",
        "name": "南部服务街河桥",
        "roadClass": "桥梁",
        "width": 14,
        "description": "跨越学院内河与中央湖面的公共桥梁。",
        "layer": "roads"
      },
      "geometry": {
        "type": "LineString",
        "coordinates": [
          [
            1400,
            2170
          ],
          [
            1800,
            2170
          ]
        ]
      }
    },
    {
      "type": "Feature",
      "properties": {
        "id": "H-08-E",
        "name": "南部服务街东段",
        "roadClass": "主步道",
        "width": 14,
        "description": "连接东岸街坊、工坊与封存服务。",
        "layer": "roads"
      },
      "geometry": {
        "type": "LineString",
        "coordinates": [
          [
            1800,
            2170
          ],
          [
            2900,
            2170
          ]
        ]
      }
    },
    {
      "type": "Feature",
      "properties": {
        "id": "V-00",
        "name": "西岸纵向干道 1",
        "roadClass": "维护道",
        "width": 12,
        "description": "连接学院、城市生活街坊与南部外环服务街。",
        "layer": "roads"
      },
      "geometry": {
        "type": "LineString",
        "coordinates": [
          [
            300,
            250
          ],
          [
            300,
            2170
          ]
        ]
      }
    },
    {
      "type": "Feature",
      "properties": {
        "id": "V-01",
        "name": "西岸街坊纵路 2",
        "roadClass": "支路",
        "width": 8,
        "description": "连接学院、城市生活街坊与南部外环服务街。",
        "layer": "roads"
      },
      "geometry": {
        "type": "LineString",
        "coordinates": [
          [
            524,
            250
          ],
          [
            524,
            2170
          ]
        ]
      }
    },
    {
      "type": "Feature",
      "properties": {
        "id": "V-02",
        "name": "西岸街坊纵路 3",
        "roadClass": "支路",
        "width": 8,
        "description": "连接学院、城市生活街坊与南部外环服务街。",
        "layer": "roads"
      },
      "geometry": {
        "type": "LineString",
        "coordinates": [
          [
            748,
            250
          ],
          [
            748,
            2170
          ]
        ]
      }
    },
    {
      "type": "Feature",
      "properties": {
        "id": "V-03",
        "name": "西岸纵向干道 4",
        "roadClass": "维护道",
        "width": 12,
        "description": "连接学院、城市生活街坊与南部外环服务街。",
        "layer": "roads"
      },
      "geometry": {
        "type": "LineString",
        "coordinates": [
          [
            972,
            250
          ],
          [
            972,
            2170
          ]
        ]
      }
    },
    {
      "type": "Feature",
      "properties": {
        "id": "V-04",
        "name": "西岸街坊纵路 5",
        "roadClass": "支路",
        "width": 8,
        "description": "连接学院、城市生活街坊与南部外环服务街。",
        "layer": "roads"
      },
      "geometry": {
        "type": "LineString",
        "coordinates": [
          [
            1196,
            250
          ],
          [
            1196,
            2170
          ]
        ]
      }
    },
    {
      "type": "Feature",
      "properties": {
        "id": "V-05",
        "name": "西岸街坊纵路 6",
        "roadClass": "支路",
        "width": 8,
        "description": "连接学院、城市生活街坊与南部外环服务街。",
        "layer": "roads"
      },
      "geometry": {
        "type": "LineString",
        "coordinates": [
          [
            1420,
            250
          ],
          [
            1420,
            2170
          ]
        ]
      }
    },
    {
      "type": "Feature",
      "properties": {
        "id": "V-06",
        "name": "东岸街坊纵路 7",
        "roadClass": "支路",
        "width": 8,
        "description": "连接学院、城市生活街坊与南部外环服务街。",
        "layer": "roads"
      },
      "geometry": {
        "type": "LineString",
        "coordinates": [
          [
            1780,
            250
          ],
          [
            1780,
            2170
          ]
        ]
      }
    },
    {
      "type": "Feature",
      "properties": {
        "id": "V-07",
        "name": "东岸街坊纵路 8",
        "roadClass": "支路",
        "width": 8,
        "description": "连接学院、城市生活街坊与南部外环服务街。",
        "layer": "roads"
      },
      "geometry": {
        "type": "LineString",
        "coordinates": [
          [
            2004,
            250
          ],
          [
            2004,
            2170
          ]
        ]
      }
    },
    {
      "type": "Feature",
      "properties": {
        "id": "V-08",
        "name": "东岸纵向干道 9",
        "roadClass": "维护道",
        "width": 12,
        "description": "连接学院、城市生活街坊与南部外环服务街。",
        "layer": "roads"
      },
      "geometry": {
        "type": "LineString",
        "coordinates": [
          [
            2228,
            250
          ],
          [
            2228,
            2170
          ]
        ]
      }
    },
    {
      "type": "Feature",
      "properties": {
        "id": "V-09",
        "name": "东岸街坊纵路 10",
        "roadClass": "支路",
        "width": 8,
        "description": "连接学院、城市生活街坊与南部外环服务街。",
        "layer": "roads"
      },
      "geometry": {
        "type": "LineString",
        "coordinates": [
          [
            2452,
            250
          ],
          [
            2452,
            2170
          ]
        ]
      }
    },
    {
      "type": "Feature",
      "properties": {
        "id": "V-10",
        "name": "东岸街坊纵路 11",
        "roadClass": "支路",
        "width": 8,
        "description": "连接学院、城市生活街坊与南部外环服务街。",
        "layer": "roads"
      },
      "geometry": {
        "type": "LineString",
        "coordinates": [
          [
            2676,
            250
          ],
          [
            2676,
            2170
          ]
        ]
      }
    },
    {
      "type": "Feature",
      "properties": {
        "id": "V-11",
        "name": "东岸纵向干道 12",
        "roadClass": "维护道",
        "width": 12,
        "description": "连接学院、城市生活街坊与南部外环服务街。",
        "layer": "roads"
      },
      "geometry": {
        "type": "LineString",
        "coordinates": [
          [
            2900,
            250
          ],
          [
            2900,
            2170
          ]
        ]
      }
    },
    {
      "type": "Feature",
      "properties": {
        "id": "SVC-N-W",
        "name": "北部城市服务路西段",
        "roadClass": "维护道",
        "width": 8,
        "description": "连接北门换乘、访客接待与城市防灾设施。",
        "layer": "roads"
      },
      "geometry": {
        "type": "LineString",
        "coordinates": [
          [
            0,
            100
          ],
          [
            1400,
            100
          ]
        ]
      }
    },
    {
      "type": "Feature",
      "properties": {
        "id": "SVC-N-B",
        "name": "北部城市服务河桥",
        "roadClass": "桥梁",
        "width": 8,
        "description": "北部城市服务路跨越学院内河的桥梁。",
        "layer": "roads"
      },
      "geometry": {
        "type": "LineString",
        "coordinates": [
          [
            1400,
            100
          ],
          [
            1800,
            100
          ]
        ]
      }
    },
    {
      "type": "Feature",
      "properties": {
        "id": "SVC-N-E",
        "name": "北部城市服务路东段",
        "roadClass": "维护道",
        "width": 8,
        "description": "连接北门仓储、护障检修与东侧换乘设施。",
        "layer": "roads"
      },
      "geometry": {
        "type": "LineString",
        "coordinates": [
          [
            1800,
            100
          ],
          [
            3200,
            100
          ]
        ]
      }
    },
    {
      "type": "Feature",
      "properties": {
        "id": "SVC-W-01",
        "name": "西部社区服务路",
        "roadClass": "支路",
        "width": 8,
        "description": "串联西部社区、雨后灯庭和城市消防服务。",
        "layer": "roads"
      },
      "geometry": {
        "type": "LineString",
        "coordinates": [
          [
            100,
            0
          ],
          [
            100,
            1930
          ]
        ]
      }
    },
    {
      "type": "Feature",
      "properties": {
        "id": "SVC-W-02",
        "name": "西部河岸维护路",
        "roadClass": "维护道",
        "width": 8,
        "description": "串联西部河岸巡护、排水与公共维护设施。",
        "layer": "roads"
      },
      "geometry": {
        "type": "LineString",
        "coordinates": [
          [
            280,
            0
          ],
          [
            280,
            1930
          ]
        ]
      }
    },
    {
      "type": "Feature",
      "properties": {
        "id": "SVC-E-01",
        "name": "东部生产服务路",
        "roadClass": "维护道",
        "width": 8,
        "description": "串联东部维修、检疫、货运和生态服务。",
        "layer": "roads"
      },
      "geometry": {
        "type": "LineString",
        "coordinates": [
          [
            2920,
            0
          ],
          [
            2920,
            1930
          ]
        ]
      }
    },
    {
      "type": "Feature",
      "properties": {
        "id": "SVC-E-02",
        "name": "东部外缘服务路",
        "roadClass": "支路",
        "width": 8,
        "description": "串联东部换乘、公共工程和护障检修设施。",
        "layer": "roads"
      },
      "geometry": {
        "type": "LineString",
        "coordinates": [
          [
            3100,
            0
          ],
          [
            3100,
            1930
          ]
        ]
      }
    },
    {
      "type": "Feature",
      "properties": {
        "id": "SVC-S-W",
        "name": "南部设施联络路西段",
        "roadClass": "维护道",
        "width": 12,
        "description": "连接体育、对抗课程与城市后勤设施，并接入西侧城外道路。",
        "layer": "roads"
      },
      "geometry": {
        "type": "LineString",
        "coordinates": [
          [
            0,
            2280
          ],
          [
            1400,
            2280
          ]
        ]
      }
    },
    {
      "type": "Feature",
      "properties": {
        "id": "SVC-S-B",
        "name": "南部设施河桥",
        "roadClass": "桥梁",
        "width": 12,
        "description": "南部设施联络路跨越连续水系的桥梁。",
        "layer": "roads"
      },
      "geometry": {
        "type": "LineString",
        "coordinates": [
          [
            1400,
            2280
          ],
          [
            1800,
            2280
          ]
        ]
      }
    },
    {
      "type": "Feature",
      "properties": {
        "id": "SVC-S-E",
        "name": "南部设施联络路东段",
        "roadClass": "维护道",
        "width": 12,
        "description": "连接战术训练、检疫、货运和生态设施，并接入东侧城外道路。",
        "layer": "roads"
      },
      "geometry": {
        "type": "LineString",
        "coordinates": [
          [
            1800,
            2280
          ],
          [
            3200,
            2280
          ]
        ]
      }
    },
    {
      "type": "Feature",
      "properties": {
        "id": "SVC-S-01",
        "name": "西部课程场入口路",
        "roadClass": "支路",
        "width": 8,
        "description": "由外环内街进入护障对抗场与体育设施。",
        "layer": "roads"
      },
      "geometry": {
        "type": "LineString",
        "coordinates": [
          [
            524,
            2170
          ],
          [
            524,
            2280
          ]
        ]
      }
    },
    {
      "type": "Feature",
      "properties": {
        "id": "SVC-S-02",
        "name": "体育场入口路",
        "roadClass": "支路",
        "width": 8,
        "description": "由外环内街进入学院体育场。",
        "layer": "roads"
      },
      "geometry": {
        "type": "LineString",
        "coordinates": [
          [
            1196,
            2170
          ],
          [
            1196,
            2280
          ]
        ]
      }
    },
    {
      "type": "Feature",
      "properties": {
        "id": "SVC-S-03",
        "name": "战术场入口路",
        "roadClass": "支路",
        "width": 8,
        "description": "由外环内街进入小队战术训练场。",
        "layer": "roads"
      },
      "geometry": {
        "type": "LineString",
        "coordinates": [
          [
            2004,
            2170
          ],
          [
            2004,
            2280
          ]
        ]
      }
    },
    {
      "type": "Feature",
      "properties": {
        "id": "SVC-S-04",
        "name": "城市后勤入口路",
        "roadClass": "维护道",
        "width": 10,
        "description": "由外环内街进入城市检疫、货运与公共工程场。",
        "layer": "roads"
      },
      "geometry": {
        "type": "LineString",
        "coordinates": [
          [
            2676,
            2170
          ],
          [
            2676,
            2280
          ]
        ]
      }
    },
    {
      "type": "Feature",
      "properties": {
        "id": "TR-01-WN",
        "name": "驮轨巨蚓通勤环线西北段",
        "roadClass": "生物列车轨道",
        "width": 10,
        "description": "沿城邦西侧与北侧服务带运行。",
        "routeId": "TR-01",
        "layer": "roads"
      },
      "geometry": {
        "type": "LineString",
        "coordinates": [
          [
            40,
            2240
          ],
          [
            40,
            180
          ],
          [
            1400,
            180
          ]
        ]
      }
    },
    {
      "type": "Feature",
      "properties": {
        "id": "TR-B01",
        "name": "驮轨巨蚓北河桥",
        "roadClass": "生物列车桥梁",
        "width": 10,
        "description": "通勤环线跨越学院内河北段的专用桥槽。",
        "routeId": "TR-01",
        "layer": "roads"
      },
      "geometry": {
        "type": "LineString",
        "coordinates": [
          [
            1400,
            180
          ],
          [
            1800,
            180
          ]
        ]
      }
    },
    {
      "type": "Feature",
      "properties": {
        "id": "TR-01-ES",
        "name": "驮轨巨蚓通勤环线东南段",
        "roadClass": "生物列车轨道",
        "width": 10,
        "description": "沿城邦东侧服务带到南部设施区。",
        "routeId": "TR-01",
        "layer": "roads"
      },
      "geometry": {
        "type": "LineString",
        "coordinates": [
          [
            1800,
            180
          ],
          [
            3160,
            180
          ],
          [
            3160,
            2240
          ],
          [
            1800,
            2240
          ]
        ]
      }
    },
    {
      "type": "Feature",
      "properties": {
        "id": "TR-B02",
        "name": "驮轨巨蚓南河桥",
        "roadClass": "生物列车桥梁",
        "width": 10,
        "description": "通勤环线跨越学院内河南段的专用桥槽。",
        "routeId": "TR-01",
        "layer": "roads"
      },
      "geometry": {
        "type": "LineString",
        "coordinates": [
          [
            1800,
            2240
          ],
          [
            1400,
            2240
          ]
        ]
      }
    },
    {
      "type": "Feature",
      "properties": {
        "id": "TR-01-SW",
        "name": "驮轨巨蚓通勤环线西南段",
        "roadClass": "生物列车轨道",
        "width": 10,
        "description": "沿南部课程与城市服务设施返回西侧生活带。",
        "routeId": "TR-01",
        "layer": "roads"
      },
      "geometry": {
        "type": "LineString",
        "coordinates": [
          [
            1400,
            2240
          ],
          [
            40,
            2240
          ]
        ]
      }
    },
    {
      "type": "Feature",
      "properties": {
        "id": "T-001",
        "name": "学院总图书馆",
        "zone": "教学区",
        "kind": "building",
        "footprint": 3000,
        "description": "承担学院教学、研读、考核和师生支持。",
        "frontageRoad": "H-00-W",
        "blockId": "BLK-01",
        "scaleClass": "街坊主建筑",
        "layer": "buildings"
      },
      "geometry": {
        "type": "Polygon",
        "coordinates": [
          [
            [
              314,
              266
            ],
            [
              374,
              266
            ],
            [
              374,
              316
            ],
            [
              314,
              316
            ],
            [
              314,
              266
            ]
          ]
        ]
      }
    },
    {
      "type": "Feature",
      "properties": {
        "id": "T-002",
        "name": "共同讲学楼",
        "zone": "教学区",
        "kind": "building",
        "footprint": 1440,
        "description": "承担学院教学、研读、考核和师生支持。",
        "frontageRoad": "H-00-W",
        "blockId": "BLK-01",
        "scaleClass": "街坊常规建筑",
        "layer": "buildings"
      },
      "geometry": {
        "type": "Polygon",
        "coordinates": [
          [
            [
              383,
              267
            ],
            [
              423,
              267
            ],
            [
              423,
              303
            ],
            [
              383,
              303
            ],
            [
              383,
              267
            ]
          ]
        ]
      }
    },
    {
      "type": "Feature",
      "properties": {
        "id": "T-003",
        "name": "基础实操堂",
        "zone": "教学区",
        "kind": "building",
        "footprint": 1440,
        "description": "承担学院教学、研读、考核和师生支持。",
        "frontageRoad": "H-00-W",
        "blockId": "BLK-01",
        "scaleClass": "街坊常规建筑",
        "layer": "buildings"
      },
      "geometry": {
        "type": "Polygon",
        "coordinates": [
          [
            [
              452,
              268
            ],
            [
              492,
              268
            ],
            [
              492,
              304
            ],
            [
              452,
              304
            ],
            [
              452,
              268
            ]
          ]
        ]
      }
    },
    {
      "type": "Feature",
      "properties": {
        "id": "T-004",
        "name": "元素测量馆",
        "zone": "教学区",
        "kind": "building",
        "footprint": 3000,
        "description": "承担学院教学、研读、考核和师生支持。",
        "frontageRoad": "H-01-W",
        "blockId": "BLK-01",
        "scaleClass": "街坊主建筑",
        "layer": "buildings"
      },
      "geometry": {
        "type": "Polygon",
        "coordinates": [
          [
            [
              314,
              424
            ],
            [
              374,
              424
            ],
            [
              374,
              474
            ],
            [
              314,
              474
            ],
            [
              314,
              424
            ]
          ]
        ]
      }
    },
    {
      "type": "Feature",
      "properties": {
        "id": "T-005",
        "name": "语言与社会讲堂",
        "zone": "教学区",
        "kind": "building",
        "footprint": 1440,
        "description": "承担学院教学、研读、考核和师生支持。",
        "frontageRoad": "H-01-W",
        "blockId": "BLK-01",
        "scaleClass": "街坊常规建筑",
        "layer": "buildings"
      },
      "geometry": {
        "type": "Polygon",
        "coordinates": [
          [
            [
              383,
              437
            ],
            [
              423,
              437
            ],
            [
              423,
              473
            ],
            [
              383,
              473
            ],
            [
              383,
              437
            ]
          ]
        ]
      }
    },
    {
      "type": "Feature",
      "properties": {
        "id": "T-006",
        "name": "地图与记录教室",
        "zone": "教学区",
        "kind": "building",
        "footprint": 1440,
        "description": "承担学院教学、研读、考核和师生支持。",
        "frontageRoad": "H-01-W",
        "blockId": "BLK-01",
        "scaleClass": "街坊常规建筑",
        "layer": "buildings"
      },
      "geometry": {
        "type": "Polygon",
        "coordinates": [
          [
            [
              452,
              436
            ],
            [
              492,
              436
            ],
            [
              492,
              472
            ],
            [
              452,
              472
            ],
            [
              452,
              436
            ]
          ]
        ]
      }
    },
    {
      "type": "Feature",
      "properties": {
        "id": "T-007",
        "name": "公共实验楼",
        "zone": "教学区",
        "kind": "building",
        "footprint": 1440,
        "description": "承担学院教学、研读、考核和师生支持。",
        "frontageRoad": "H-00-W",
        "blockId": "BLK-02",
        "scaleClass": "街坊常规建筑",
        "layer": "buildings"
      },
      "geometry": {
        "type": "Polygon",
        "coordinates": [
          [
            [
              543,
              267
            ],
            [
              583,
              267
            ],
            [
              583,
              303
            ],
            [
              543,
              303
            ],
            [
              543,
              267
            ]
          ]
        ]
      }
    },
    {
      "type": "Feature",
      "properties": {
        "id": "T-008",
        "name": "师生事务楼",
        "zone": "教学区",
        "kind": "building",
        "footprint": 3000,
        "description": "承担学院教学、研读、考核和师生支持。",
        "frontageRoad": "H-00-W",
        "blockId": "BLK-02",
        "scaleClass": "街坊主建筑",
        "layer": "buildings"
      },
      "geometry": {
        "type": "Polygon",
        "coordinates": [
          [
            [
              612,
              268
            ],
            [
              672,
              268
            ],
            [
              672,
              318
            ],
            [
              612,
              318
            ],
            [
              612,
              268
            ]
          ]
        ]
      }
    },
    {
      "type": "Feature",
      "properties": {
        "id": "T-009",
        "name": "课程调度楼",
        "zone": "教学区",
        "kind": "building",
        "footprint": 1440,
        "description": "承担学院教学、研读、考核和师生支持。",
        "frontageRoad": "H-00-W",
        "blockId": "BLK-02",
        "scaleClass": "街坊常规建筑",
        "layer": "buildings"
      },
      "geometry": {
        "type": "Polygon",
        "coordinates": [
          [
            [
              672,
              266
            ],
            [
              712,
              266
            ],
            [
              712,
              302
            ],
            [
              672,
              302
            ],
            [
              672,
              266
            ]
          ]
        ]
      }
    },
    {
      "type": "Feature",
      "properties": {
        "id": "T-010",
        "name": "公开考核厅",
        "zone": "教学区",
        "kind": "building",
        "footprint": 1440,
        "description": "承担学院教学、研读、考核和师生支持。",
        "frontageRoad": "H-01-W",
        "blockId": "BLK-02",
        "scaleClass": "街坊常规建筑",
        "layer": "buildings"
      },
      "geometry": {
        "type": "Polygon",
        "coordinates": [
          [
            [
              543,
              437
            ],
            [
              583,
              437
            ],
            [
              583,
              473
            ],
            [
              543,
              473
            ],
            [
              543,
              437
            ]
          ]
        ]
      }
    },
    {
      "type": "Feature",
      "properties": {
        "id": "T-011",
        "name": "研读与抄录馆",
        "zone": "教学区",
        "kind": "building",
        "footprint": 3000,
        "description": "承担学院教学、研读、考核和师生支持。",
        "frontageRoad": "H-01-W",
        "blockId": "BLK-02",
        "scaleClass": "街坊主建筑",
        "layer": "buildings"
      },
      "geometry": {
        "type": "Polygon",
        "coordinates": [
          [
            [
              612,
              422
            ],
            [
              672,
              422
            ],
            [
              672,
              472
            ],
            [
              612,
              472
            ],
            [
              612,
              422
            ]
          ]
        ]
      }
    },
    {
      "type": "Feature",
      "properties": {
        "id": "T-012",
        "name": "访学接待楼",
        "zone": "教学区",
        "kind": "building",
        "footprint": 1440,
        "description": "承担学院教学、研读、考核和师生支持。",
        "frontageRoad": "H-01-W",
        "blockId": "BLK-02",
        "scaleClass": "街坊常规建筑",
        "layer": "buildings"
      },
      "geometry": {
        "type": "Polygon",
        "coordinates": [
          [
            [
              672,
              438
            ],
            [
              712,
              438
            ],
            [
              712,
              474
            ],
            [
              672,
              474
            ],
            [
              672,
              438
            ]
          ]
        ]
      }
    },
    {
      "type": "Feature",
      "properties": {
        "id": "T-013",
        "name": "教师研究楼",
        "zone": "教学区",
        "kind": "building",
        "footprint": 1440,
        "description": "承担学院教学、研读、考核和师生支持。",
        "frontageRoad": "H-00-W",
        "blockId": "BLK-03",
        "scaleClass": "街坊常规建筑",
        "layer": "buildings"
      },
      "geometry": {
        "type": "Polygon",
        "coordinates": [
          [
            [
              763,
              268
            ],
            [
              803,
              268
            ],
            [
              803,
              304
            ],
            [
              763,
              304
            ],
            [
              763,
              268
            ]
          ]
        ]
      }
    },
    {
      "type": "Feature",
      "properties": {
        "id": "T-014",
        "name": "助教值班楼",
        "zone": "教学区",
        "kind": "building",
        "footprint": 1440,
        "description": "承担学院教学、研读、考核和师生支持。",
        "frontageRoad": "H-00-W",
        "blockId": "BLK-03",
        "scaleClass": "街坊常规建筑",
        "layer": "buildings"
      },
      "geometry": {
        "type": "Polygon",
        "coordinates": [
          [
            [
              832,
              266
            ],
            [
              872,
              266
            ],
            [
              872,
              302
            ],
            [
              832,
              302
            ],
            [
              832,
              266
            ]
          ]
        ]
      }
    },
    {
      "type": "Feature",
      "properties": {
        "id": "T-015",
        "name": "教学器材馆",
        "zone": "教学区",
        "kind": "building",
        "footprint": 3000,
        "description": "承担学院教学、研读、考核和师生支持。",
        "frontageRoad": "H-00-W",
        "blockId": "BLK-03",
        "scaleClass": "街坊主建筑",
        "layer": "buildings"
      },
      "geometry": {
        "type": "Polygon",
        "coordinates": [
          [
            [
              901,
              267
            ],
            [
              961,
              267
            ],
            [
              961,
              317
            ],
            [
              901,
              317
            ],
            [
              901,
              267
            ]
          ]
        ]
      }
    },
    {
      "type": "Feature",
      "properties": {
        "id": "T-016",
        "name": "公共演示厅",
        "zone": "教学区",
        "kind": "building",
        "footprint": 1440,
        "description": "承担学院教学、研读、考核和师生支持。",
        "frontageRoad": "H-01-W",
        "blockId": "BLK-03",
        "scaleClass": "街坊常规建筑",
        "layer": "buildings"
      },
      "geometry": {
        "type": "Polygon",
        "coordinates": [
          [
            [
              763,
              436
            ],
            [
              803,
              436
            ],
            [
              803,
              472
            ],
            [
              763,
              472
            ],
            [
              763,
              436
            ]
          ]
        ]
      }
    },
    {
      "type": "Feature",
      "properties": {
        "id": "T-017",
        "name": "历史与制度馆",
        "zone": "教学区",
        "kind": "building",
        "footprint": 1440,
        "description": "承担学院教学、研读、考核和师生支持。",
        "frontageRoad": "H-01-W",
        "blockId": "BLK-03",
        "scaleClass": "街坊常规建筑",
        "layer": "buildings"
      },
      "geometry": {
        "type": "Polygon",
        "coordinates": [
          [
            [
              832,
              438
            ],
            [
              872,
              438
            ],
            [
              872,
              474
            ],
            [
              832,
              474
            ],
            [
              832,
              438
            ]
          ]
        ]
      }
    },
    {
      "type": "Feature",
      "properties": {
        "id": "T-018",
        "name": "基础术式楼",
        "zone": "教学区",
        "kind": "building",
        "footprint": 3000,
        "description": "承担学院教学、研读、考核和师生支持。",
        "frontageRoad": "H-01-W",
        "blockId": "BLK-03",
        "scaleClass": "街坊主建筑",
        "layer": "buildings"
      },
      "geometry": {
        "type": "Polygon",
        "coordinates": [
          [
            [
              901,
              423
            ],
            [
              961,
              423
            ],
            [
              961,
              473
            ],
            [
              901,
              473
            ],
            [
              901,
              423
            ]
          ]
        ]
      }
    },
    {
      "type": "Feature",
      "properties": {
        "id": "C-001",
        "name": "学院行政厅",
        "zone": "中庭区",
        "kind": "building",
        "footprint": 3000,
        "description": "承担学院治理、城市公共文化和跨区服务。",
        "frontageRoad": "H-00-W",
        "blockId": "BLK-04",
        "scaleClass": "街坊主建筑",
        "layer": "buildings"
      },
      "geometry": {
        "type": "Polygon",
        "coordinates": [
          [
            [
              992,
              266
            ],
            [
              1052,
              266
            ],
            [
              1052,
              316
            ],
            [
              992,
              316
            ],
            [
              992,
              266
            ]
          ]
        ]
      }
    },
    {
      "type": "Feature",
      "properties": {
        "id": "C-002",
        "name": "城邦公共钟楼",
        "zone": "中庭区",
        "kind": "building",
        "footprint": 1440,
        "description": "承担学院治理、城市公共文化和跨区服务。",
        "frontageRoad": "H-00-W",
        "blockId": "BLK-04",
        "scaleClass": "街坊常规建筑",
        "layer": "buildings"
      },
      "geometry": {
        "type": "Polygon",
        "coordinates": [
          [
            [
              1052,
              267
            ],
            [
              1092,
              267
            ],
            [
              1092,
              303
            ],
            [
              1052,
              303
            ],
            [
              1052,
              267
            ]
          ]
        ]
      }
    },
    {
      "type": "Feature",
      "properties": {
        "id": "C-003",
        "name": "学生公共屋",
        "zone": "中庭区",
        "kind": "building",
        "footprint": 1440,
        "description": "承担学院治理、城市公共文化和跨区服务。",
        "frontageRoad": "H-00-W",
        "blockId": "BLK-04",
        "scaleClass": "街坊常规建筑",
        "layer": "buildings"
      },
      "geometry": {
        "type": "Polygon",
        "coordinates": [
          [
            [
              1121,
              268
            ],
            [
              1161,
              268
            ],
            [
              1161,
              304
            ],
            [
              1121,
              304
            ],
            [
              1121,
              268
            ]
          ]
        ]
      }
    },
    {
      "type": "Feature",
      "properties": {
        "id": "C-004",
        "name": "市民议事厅",
        "zone": "中庭区",
        "kind": "building",
        "footprint": 3000,
        "description": "承担学院治理、城市公共文化和跨区服务。",
        "frontageRoad": "H-01-W",
        "blockId": "BLK-04",
        "scaleClass": "街坊主建筑",
        "layer": "buildings"
      },
      "geometry": {
        "type": "Polygon",
        "coordinates": [
          [
            [
              992,
              424
            ],
            [
              1052,
              424
            ],
            [
              1052,
              474
            ],
            [
              992,
              474
            ],
            [
              992,
              424
            ]
          ]
        ]
      }
    },
    {
      "type": "Feature",
      "properties": {
        "id": "C-005",
        "name": "公共食堂",
        "zone": "中庭区",
        "kind": "building",
        "footprint": 1440,
        "description": "承担学院治理、城市公共文化和跨区服务。",
        "frontageRoad": "H-01-W",
        "blockId": "BLK-04",
        "scaleClass": "街坊常规建筑",
        "layer": "buildings"
      },
      "geometry": {
        "type": "Polygon",
        "coordinates": [
          [
            [
              1052,
              437
            ],
            [
              1092,
              437
            ],
            [
              1092,
              473
            ],
            [
              1052,
              473
            ],
            [
              1052,
              437
            ]
          ]
        ]
      }
    },
    {
      "type": "Feature",
      "properties": {
        "id": "C-006",
        "name": "社团与活动楼",
        "zone": "中庭区",
        "kind": "building",
        "footprint": 1440,
        "description": "承担学院治理、城市公共文化和跨区服务。",
        "frontageRoad": "H-01-W",
        "blockId": "BLK-04",
        "scaleClass": "街坊常规建筑",
        "layer": "buildings"
      },
      "geometry": {
        "type": "Polygon",
        "coordinates": [
          [
            [
              1121,
              436
            ],
            [
              1161,
              436
            ],
            [
              1161,
              472
            ],
            [
              1121,
              472
            ],
            [
              1121,
              436
            ]
          ]
        ]
      }
    },
    {
      "type": "Feature",
      "properties": {
        "id": "C-007",
        "name": "中立审理庭",
        "zone": "中庭区",
        "kind": "building",
        "footprint": 1440,
        "description": "承担学院治理、城市公共文化和跨区服务。",
        "frontageRoad": "H-00-W",
        "blockId": "BLK-05",
        "scaleClass": "街坊常规建筑",
        "layer": "buildings"
      },
      "geometry": {
        "type": "Polygon",
        "coordinates": [
          [
            [
              1212,
              267
            ],
            [
              1252,
              267
            ],
            [
              1252,
              303
            ],
            [
              1212,
              303
            ],
            [
              1212,
              267
            ]
          ]
        ]
      }
    },
    {
      "type": "Feature",
      "properties": {
        "id": "C-008",
        "name": "邮政与通信局",
        "zone": "中庭区",
        "kind": "building",
        "footprint": 3000,
        "description": "承担学院治理、城市公共文化和跨区服务。",
        "frontageRoad": "H-00-W",
        "blockId": "BLK-05",
        "scaleClass": "街坊主建筑",
        "layer": "buildings"
      },
      "geometry": {
        "type": "Polygon",
        "coordinates": [
          [
            [
              1281,
              268
            ],
            [
              1341,
              268
            ],
            [
              1341,
              318
            ],
            [
              1281,
              318
            ],
            [
              1281,
              268
            ]
          ]
        ]
      }
    },
    {
      "type": "Feature",
      "properties": {
        "id": "C-009",
        "name": "公共浴场",
        "zone": "中庭区",
        "kind": "building",
        "footprint": 1440,
        "description": "承担学院治理、城市公共文化和跨区服务。",
        "frontageRoad": "H-00-W",
        "blockId": "BLK-05",
        "scaleClass": "街坊常规建筑",
        "layer": "buildings"
      },
      "geometry": {
        "type": "Polygon",
        "coordinates": [
          [
            [
              1350,
              266
            ],
            [
              1390,
              266
            ],
            [
              1390,
              302
            ],
            [
              1350,
              302
            ],
            [
              1350,
              266
            ]
          ]
        ]
      }
    },
    {
      "type": "Feature",
      "properties": {
        "id": "C-010",
        "name": "城市档案副馆",
        "zone": "中庭区",
        "kind": "building",
        "footprint": 1440,
        "description": "承担学院治理、城市公共文化和跨区服务。",
        "frontageRoad": "H-01-W",
        "blockId": "BLK-05",
        "scaleClass": "街坊常规建筑",
        "layer": "buildings"
      },
      "geometry": {
        "type": "Polygon",
        "coordinates": [
          [
            [
              1212,
              437
            ],
            [
              1252,
              437
            ],
            [
              1252,
              473
            ],
            [
              1212,
              473
            ],
            [
              1212,
              437
            ]
          ]
        ]
      }
    },
    {
      "type": "Feature",
      "properties": {
        "id": "C-011",
        "name": "访客服务厅",
        "zone": "中庭区",
        "kind": "building",
        "footprint": 3000,
        "description": "承担学院治理、城市公共文化和跨区服务。",
        "frontageRoad": "H-01-W",
        "blockId": "BLK-05",
        "scaleClass": "街坊主建筑",
        "layer": "buildings"
      },
      "geometry": {
        "type": "Polygon",
        "coordinates": [
          [
            [
              1281,
              422
            ],
            [
              1341,
              422
            ],
            [
              1341,
              472
            ],
            [
              1281,
              472
            ],
            [
              1281,
              422
            ]
          ]
        ]
      }
    },
    {
      "type": "Feature",
      "properties": {
        "id": "C-012",
        "name": "公共医疗站",
        "zone": "中庭区",
        "kind": "building",
        "footprint": 1440,
        "description": "承担学院治理、城市公共文化和跨区服务。",
        "frontageRoad": "H-01-W",
        "blockId": "BLK-05",
        "scaleClass": "街坊常规建筑",
        "layer": "buildings"
      },
      "geometry": {
        "type": "Polygon",
        "coordinates": [
          [
            [
              1350,
              438
            ],
            [
              1390,
              438
            ],
            [
              1390,
              474
            ],
            [
              1350,
              474
            ],
            [
              1350,
              438
            ]
          ]
        ]
      }
    },
    {
      "type": "Feature",
      "properties": {
        "id": "C-013",
        "name": "文化演出厅",
        "zone": "中庭区",
        "kind": "building",
        "footprint": 1440,
        "description": "承担学院治理、城市公共文化和跨区服务。",
        "frontageRoad": "H-00-E",
        "blockId": "BLK-06",
        "scaleClass": "街坊常规建筑",
        "layer": "buildings"
      },
      "geometry": {
        "type": "Polygon",
        "coordinates": [
          [
            [
              1801,
              268
            ],
            [
              1841,
              268
            ],
            [
              1841,
              304
            ],
            [
              1801,
              304
            ],
            [
              1801,
              268
            ]
          ]
        ]
      }
    },
    {
      "type": "Feature",
      "properties": {
        "id": "C-014",
        "name": "青年服务屋",
        "zone": "中庭区",
        "kind": "building",
        "footprint": 1440,
        "description": "承担学院治理、城市公共文化和跨区服务。",
        "frontageRoad": "H-00-E",
        "blockId": "BLK-06",
        "scaleClass": "街坊常规建筑",
        "layer": "buildings"
      },
      "geometry": {
        "type": "Polygon",
        "coordinates": [
          [
            [
              1861,
              266
            ],
            [
              1901,
              266
            ],
            [
              1901,
              302
            ],
            [
              1861,
              302
            ],
            [
              1861,
              266
            ]
          ]
        ]
      }
    },
    {
      "type": "Feature",
      "properties": {
        "id": "C-015",
        "name": "契约见证厅",
        "zone": "中庭区",
        "kind": "building",
        "footprint": 3000,
        "description": "承担学院治理、城市公共文化和跨区服务。",
        "frontageRoad": "H-00-E",
        "blockId": "BLK-06",
        "scaleClass": "街坊主建筑",
        "layer": "buildings"
      },
      "geometry": {
        "type": "Polygon",
        "coordinates": [
          [
            [
              1930,
              267
            ],
            [
              1990,
              267
            ],
            [
              1990,
              317
            ],
            [
              1930,
              317
            ],
            [
              1930,
              267
            ]
          ]
        ]
      }
    },
    {
      "type": "Feature",
      "properties": {
        "id": "C-016",
        "name": "河湖管理所",
        "zone": "中庭区",
        "kind": "building",
        "footprint": 1440,
        "description": "承担学院治理、城市公共文化和跨区服务。",
        "frontageRoad": "H-01-E",
        "blockId": "BLK-06",
        "scaleClass": "街坊常规建筑",
        "layer": "buildings"
      },
      "geometry": {
        "type": "Polygon",
        "coordinates": [
          [
            [
              1801,
              436
            ],
            [
              1841,
              436
            ],
            [
              1841,
              472
            ],
            [
              1801,
              472
            ],
            [
              1801,
              436
            ]
          ]
        ]
      }
    },
    {
      "type": "Feature",
      "properties": {
        "id": "C-017",
        "name": "公共厨房",
        "zone": "中庭区",
        "kind": "building",
        "footprint": 1440,
        "description": "承担学院治理、城市公共文化和跨区服务。",
        "frontageRoad": "H-01-E",
        "blockId": "BLK-06",
        "scaleClass": "街坊常规建筑",
        "layer": "buildings"
      },
      "geometry": {
        "type": "Polygon",
        "coordinates": [
          [
            [
              1861,
              438
            ],
            [
              1901,
              438
            ],
            [
              1901,
              474
            ],
            [
              1861,
              474
            ],
            [
              1861,
              438
            ]
          ]
        ]
      }
    },
    {
      "type": "Feature",
      "properties": {
        "id": "C-018",
        "name": "城市防灾厅",
        "zone": "中庭区",
        "kind": "building",
        "footprint": 3000,
        "description": "承担学院治理、城市公共文化和跨区服务。",
        "frontageRoad": "H-01-E",
        "blockId": "BLK-06",
        "scaleClass": "街坊主建筑",
        "layer": "buildings"
      },
      "geometry": {
        "type": "Polygon",
        "coordinates": [
          [
            [
              1930,
              423
            ],
            [
              1990,
              423
            ],
            [
              1990,
              473
            ],
            [
              1930,
              473
            ],
            [
              1930,
              423
            ]
          ]
        ]
      }
    },
    {
      "type": "Feature",
      "properties": {
        "id": "C-019",
        "name": "学院调度事务楼",
        "zone": "中庭区",
        "kind": "building",
        "footprint": 3000,
        "description": "承担学院治理、城市公共文化和跨区服务。",
        "frontageRoad": "H-00-E",
        "blockId": "BLK-07",
        "scaleClass": "街坊主建筑",
        "layer": "buildings"
      },
      "geometry": {
        "type": "Polygon",
        "coordinates": [
          [
            [
              2021,
              266
            ],
            [
              2081,
              266
            ],
            [
              2081,
              316
            ],
            [
              2021,
              316
            ],
            [
              2021,
              266
            ]
          ]
        ]
      }
    },
    {
      "type": "Feature",
      "properties": {
        "id": "C-020",
        "name": "市政协作办公室",
        "zone": "中庭区",
        "kind": "building",
        "footprint": 1440,
        "description": "承担学院治理、城市公共文化和跨区服务。",
        "frontageRoad": "H-00-E",
        "blockId": "BLK-07",
        "scaleClass": "街坊常规建筑",
        "layer": "buildings"
      },
      "geometry": {
        "type": "Polygon",
        "coordinates": [
          [
            [
              2090,
              267
            ],
            [
              2130,
              267
            ],
            [
              2130,
              303
            ],
            [
              2090,
              303
            ],
            [
              2090,
              267
            ]
          ]
        ]
      }
    },
    {
      "type": "Feature",
      "properties": {
        "id": "C-021",
        "name": "学院行政厅 2 号",
        "zone": "中庭区",
        "kind": "building",
        "footprint": 1440,
        "description": "承担学院治理、城市公共文化和跨区服务。",
        "frontageRoad": "H-00-E",
        "blockId": "BLK-07",
        "scaleClass": "街坊常规建筑",
        "layer": "buildings"
      },
      "geometry": {
        "type": "Polygon",
        "coordinates": [
          [
            [
              2150,
              268
            ],
            [
              2190,
              268
            ],
            [
              2190,
              304
            ],
            [
              2150,
              304
            ],
            [
              2150,
              268
            ]
          ]
        ]
      }
    },
    {
      "type": "Feature",
      "properties": {
        "id": "C-022",
        "name": "城邦公共钟楼 2 号",
        "zone": "中庭区",
        "kind": "building",
        "footprint": 3000,
        "description": "承担学院治理、城市公共文化和跨区服务。",
        "frontageRoad": "H-01-E",
        "blockId": "BLK-07",
        "scaleClass": "街坊主建筑",
        "layer": "buildings"
      },
      "geometry": {
        "type": "Polygon",
        "coordinates": [
          [
            [
              2021,
              424
            ],
            [
              2081,
              424
            ],
            [
              2081,
              474
            ],
            [
              2021,
              474
            ],
            [
              2021,
              424
            ]
          ]
        ]
      }
    },
    {
      "type": "Feature",
      "properties": {
        "id": "C-023",
        "name": "学生公共屋 2 号",
        "zone": "中庭区",
        "kind": "building",
        "footprint": 1440,
        "description": "承担学院治理、城市公共文化和跨区服务。",
        "frontageRoad": "H-01-E",
        "blockId": "BLK-07",
        "scaleClass": "街坊常规建筑",
        "layer": "buildings"
      },
      "geometry": {
        "type": "Polygon",
        "coordinates": [
          [
            [
              2090,
              437
            ],
            [
              2130,
              437
            ],
            [
              2130,
              473
            ],
            [
              2090,
              473
            ],
            [
              2090,
              437
            ]
          ]
        ]
      }
    },
    {
      "type": "Feature",
      "properties": {
        "id": "C-024",
        "name": "市民议事厅 2 号",
        "zone": "中庭区",
        "kind": "building",
        "footprint": 1440,
        "description": "承担学院治理、城市公共文化和跨区服务。",
        "frontageRoad": "H-01-E",
        "blockId": "BLK-07",
        "scaleClass": "街坊常规建筑",
        "layer": "buildings"
      },
      "geometry": {
        "type": "Polygon",
        "coordinates": [
          [
            [
              2150,
              436
            ],
            [
              2190,
              436
            ],
            [
              2190,
              472
            ],
            [
              2150,
              472
            ],
            [
              2150,
              436
            ]
          ]
        ]
      }
    },
    {
      "type": "Feature",
      "properties": {
        "id": "W-001",
        "name": "公共校准大厅",
        "zone": "工坊区",
        "kind": "building",
        "footprint": 1440,
        "description": "承担教学制作、城市维修、供能和安全处理。",
        "frontageRoad": "H-00-E",
        "blockId": "BLK-08",
        "scaleClass": "街坊常规建筑",
        "layer": "buildings"
      },
      "geometry": {
        "type": "Polygon",
        "coordinates": [
          [
            [
              2250,
              267
            ],
            [
              2290,
              267
            ],
            [
              2290,
              303
            ],
            [
              2250,
              303
            ],
            [
              2250,
              267
            ]
          ]
        ]
      }
    },
    {
      "type": "Feature",
      "properties": {
        "id": "W-002",
        "name": "材料与机械工坊",
        "zone": "工坊区",
        "kind": "building",
        "footprint": 3000,
        "description": "承担教学制作、城市维修、供能和安全处理。",
        "frontageRoad": "H-00-E",
        "blockId": "BLK-08",
        "scaleClass": "街坊主建筑",
        "layer": "buildings"
      },
      "geometry": {
        "type": "Polygon",
        "coordinates": [
          [
            [
              2310,
              268
            ],
            [
              2370,
              268
            ],
            [
              2370,
              318
            ],
            [
              2310,
              318
            ],
            [
              2310,
              268
            ]
          ]
        ]
      }
    },
    {
      "type": "Feature",
      "properties": {
        "id": "W-003",
        "name": "导具设计楼",
        "zone": "工坊区",
        "kind": "building",
        "footprint": 1440,
        "description": "承担教学制作、城市维修、供能和安全处理。",
        "frontageRoad": "H-00-E",
        "blockId": "BLK-08",
        "scaleClass": "街坊常规建筑",
        "layer": "buildings"
      },
      "geometry": {
        "type": "Polygon",
        "coordinates": [
          [
            [
              2379,
              266
            ],
            [
              2419,
              266
            ],
            [
              2419,
              302
            ],
            [
              2379,
              302
            ],
            [
              2379,
              266
            ]
          ]
        ]
      }
    },
    {
      "type": "Feature",
      "properties": {
        "id": "W-004",
        "name": "试储与导能楼",
        "zone": "工坊区",
        "kind": "building",
        "footprint": 1440,
        "description": "承担教学制作、城市维修、供能和安全处理。",
        "frontageRoad": "H-01-E",
        "blockId": "BLK-08",
        "scaleClass": "街坊常规建筑",
        "layer": "buildings"
      },
      "geometry": {
        "type": "Polygon",
        "coordinates": [
          [
            [
              2250,
              437
            ],
            [
              2290,
              437
            ],
            [
              2290,
              473
            ],
            [
              2250,
              473
            ],
            [
              2250,
              437
            ]
          ]
        ]
      }
    },
    {
      "type": "Feature",
      "properties": {
        "id": "W-005",
        "name": "登记材料库",
        "zone": "工坊区",
        "kind": "building",
        "footprint": 3000,
        "description": "承担教学制作、城市维修、供能和安全处理。",
        "frontageRoad": "H-01-E",
        "blockId": "BLK-08",
        "scaleClass": "街坊主建筑",
        "layer": "buildings"
      },
      "geometry": {
        "type": "Polygon",
        "coordinates": [
          [
            [
              2310,
              422
            ],
            [
              2370,
              422
            ],
            [
              2370,
              472
            ],
            [
              2310,
              472
            ],
            [
              2310,
              422
            ]
          ]
        ]
      }
    },
    {
      "type": "Feature",
      "properties": {
        "id": "W-006",
        "name": "绝缘耗材库",
        "zone": "工坊区",
        "kind": "building",
        "footprint": 1440,
        "description": "承担教学制作、城市维修、供能和安全处理。",
        "frontageRoad": "H-01-E",
        "blockId": "BLK-08",
        "scaleClass": "街坊常规建筑",
        "layer": "buildings"
      },
      "geometry": {
        "type": "Polygon",
        "coordinates": [
          [
            [
              2379,
              438
            ],
            [
              2419,
              438
            ],
            [
              2419,
              474
            ],
            [
              2379,
              474
            ],
            [
              2379,
              438
            ]
          ]
        ]
      }
    },
    {
      "type": "Feature",
      "properties": {
        "id": "W-007",
        "name": "安全洗消站",
        "zone": "工坊区",
        "kind": "building",
        "footprint": 1440,
        "description": "承担教学制作、城市维修、供能和安全处理。",
        "frontageRoad": "H-00-E",
        "blockId": "BLK-09",
        "scaleClass": "街坊常规建筑",
        "layer": "buildings"
      },
      "geometry": {
        "type": "Polygon",
        "coordinates": [
          [
            [
              2470,
              268
            ],
            [
              2510,
              268
            ],
            [
              2510,
              304
            ],
            [
              2470,
              304
            ],
            [
              2470,
              268
            ]
          ]
        ]
      }
    },
    {
      "type": "Feature",
      "properties": {
        "id": "W-008",
        "name": "工具发放屋",
        "zone": "工坊区",
        "kind": "building",
        "footprint": 1440,
        "description": "承担教学制作、城市维修、供能和安全处理。",
        "frontageRoad": "H-00-E",
        "blockId": "BLK-09",
        "scaleClass": "街坊常规建筑",
        "layer": "buildings"
      },
      "geometry": {
        "type": "Polygon",
        "coordinates": [
          [
            [
              2539,
              266
            ],
            [
              2579,
              266
            ],
            [
              2579,
              302
            ],
            [
              2539,
              302
            ],
            [
              2539,
              266
            ]
          ]
        ]
      }
    },
    {
      "type": "Feature",
      "properties": {
        "id": "W-009",
        "name": "器材检验楼",
        "zone": "工坊区",
        "kind": "building",
        "footprint": 3000,
        "description": "承担教学制作、城市维修、供能和安全处理。",
        "frontageRoad": "H-00-E",
        "blockId": "BLK-09",
        "scaleClass": "街坊主建筑",
        "layer": "buildings"
      },
      "geometry": {
        "type": "Polygon",
        "coordinates": [
          [
            [
              2599,
              267
            ],
            [
              2659,
              267
            ],
            [
              2659,
              317
            ],
            [
              2599,
              317
            ],
            [
              2599,
              267
            ]
          ]
        ]
      }
    },
    {
      "type": "Feature",
      "properties": {
        "id": "W-010",
        "name": "基础材料实验楼",
        "zone": "工坊区",
        "kind": "building",
        "footprint": 1440,
        "description": "承担教学制作、城市维修、供能和安全处理。",
        "frontageRoad": "H-01-E",
        "blockId": "BLK-09",
        "scaleClass": "街坊常规建筑",
        "layer": "buildings"
      },
      "geometry": {
        "type": "Polygon",
        "coordinates": [
          [
            [
              2470,
              436
            ],
            [
              2510,
              436
            ],
            [
              2510,
              472
            ],
            [
              2470,
              472
            ],
            [
              2470,
              436
            ]
          ]
        ]
      }
    },
    {
      "type": "Feature",
      "properties": {
        "id": "W-011",
        "name": "织构与软材工坊",
        "zone": "工坊区",
        "kind": "building",
        "footprint": 1440,
        "description": "承担教学制作、城市维修、供能和安全处理。",
        "frontageRoad": "H-01-E",
        "blockId": "BLK-09",
        "scaleClass": "街坊常规建筑",
        "layer": "buildings"
      },
      "geometry": {
        "type": "Polygon",
        "coordinates": [
          [
            [
              2539,
              438
            ],
            [
              2579,
              438
            ],
            [
              2579,
              474
            ],
            [
              2539,
              474
            ],
            [
              2539,
              438
            ]
          ]
        ]
      }
    },
    {
      "type": "Feature",
      "properties": {
        "id": "W-012",
        "name": "城市供能维护所",
        "zone": "工坊区",
        "kind": "building",
        "footprint": 3000,
        "description": "承担教学制作、城市维修、供能和安全处理。",
        "frontageRoad": "H-01-E",
        "blockId": "BLK-09",
        "scaleClass": "街坊主建筑",
        "layer": "buildings"
      },
      "geometry": {
        "type": "Polygon",
        "coordinates": [
          [
            [
              2599,
              423
            ],
            [
              2659,
              423
            ],
            [
              2659,
              473
            ],
            [
              2599,
              473
            ],
            [
              2599,
              423
            ]
          ]
        ]
      }
    },
    {
      "type": "Feature",
      "properties": {
        "id": "W-013",
        "name": "公共维修厂",
        "zone": "工坊区",
        "kind": "building",
        "footprint": 3000,
        "description": "承担教学制作、城市维修、供能和安全处理。",
        "frontageRoad": "H-00-E",
        "blockId": "BLK-10",
        "scaleClass": "街坊主建筑",
        "layer": "buildings"
      },
      "geometry": {
        "type": "Polygon",
        "coordinates": [
          [
            [
              2690,
              266
            ],
            [
              2750,
              266
            ],
            [
              2750,
              316
            ],
            [
              2690,
              316
            ],
            [
              2690,
              266
            ]
          ]
        ]
      }
    },
    {
      "type": "Feature",
      "properties": {
        "id": "W-014",
        "name": "河桥机务所",
        "zone": "工坊区",
        "kind": "building",
        "footprint": 1440,
        "description": "承担教学制作、城市维修、供能和安全处理。",
        "frontageRoad": "H-00-E",
        "blockId": "BLK-10",
        "scaleClass": "街坊常规建筑",
        "layer": "buildings"
      },
      "geometry": {
        "type": "Polygon",
        "coordinates": [
          [
            [
              2759,
              267
            ],
            [
              2799,
              267
            ],
            [
              2799,
              303
            ],
            [
              2759,
              303
            ],
            [
              2759,
              267
            ]
          ]
        ]
      }
    },
    {
      "type": "Feature",
      "properties": {
        "id": "W-015",
        "name": "精密量具馆",
        "zone": "工坊区",
        "kind": "building",
        "footprint": 1440,
        "description": "承担教学制作、城市维修、供能和安全处理。",
        "frontageRoad": "H-00-E",
        "blockId": "BLK-10",
        "scaleClass": "街坊常规建筑",
        "layer": "buildings"
      },
      "geometry": {
        "type": "Polygon",
        "coordinates": [
          [
            [
              2828,
              268
            ],
            [
              2868,
              268
            ],
            [
              2868,
              304
            ],
            [
              2828,
              304
            ],
            [
              2828,
              268
            ]
          ]
        ]
      }
    },
    {
      "type": "Feature",
      "properties": {
        "id": "W-016",
        "name": "防火值守站",
        "zone": "工坊区",
        "kind": "building",
        "footprint": 3000,
        "description": "承担教学制作、城市维修、供能和安全处理。",
        "frontageRoad": "H-01-E",
        "blockId": "BLK-10",
        "scaleClass": "街坊主建筑",
        "layer": "buildings"
      },
      "geometry": {
        "type": "Polygon",
        "coordinates": [
          [
            [
              2690,
              424
            ],
            [
              2750,
              424
            ],
            [
              2750,
              474
            ],
            [
              2690,
              474
            ],
            [
              2690,
              424
            ]
          ]
        ]
      }
    },
    {
      "type": "Feature",
      "properties": {
        "id": "W-017",
        "name": "废料分类场",
        "zone": "工坊区",
        "kind": "building",
        "footprint": 1440,
        "description": "承担教学制作、城市维修、供能和安全处理。",
        "frontageRoad": "H-01-E",
        "blockId": "BLK-10",
        "scaleClass": "街坊常规建筑",
        "layer": "buildings"
      },
      "geometry": {
        "type": "Polygon",
        "coordinates": [
          [
            [
              2759,
              437
            ],
            [
              2799,
              437
            ],
            [
              2799,
              473
            ],
            [
              2759,
              473
            ],
            [
              2759,
              437
            ]
          ]
        ]
      }
    },
    {
      "type": "Feature",
      "properties": {
        "id": "W-018",
        "name": "工读作业楼",
        "zone": "工坊区",
        "kind": "building",
        "footprint": 1440,
        "description": "承担教学制作、城市维修、供能和安全处理。",
        "frontageRoad": "H-01-E",
        "blockId": "BLK-10",
        "scaleClass": "街坊常规建筑",
        "layer": "buildings"
      },
      "geometry": {
        "type": "Polygon",
        "coordinates": [
          [
            [
              2828,
              436
            ],
            [
              2868,
              436
            ],
            [
              2868,
              472
            ],
            [
              2828,
              472
            ],
            [
              2828,
              436
            ]
          ]
        ]
      }
    },
    {
      "type": "Feature",
      "properties": {
        "id": "T-019",
        "name": "学院总图书馆 2 号",
        "zone": "教学区",
        "kind": "building",
        "footprint": 1440,
        "description": "承担学院教学、研读、考核和师生支持。",
        "frontageRoad": "H-01-W",
        "blockId": "BLK-11",
        "scaleClass": "街坊常规建筑",
        "layer": "buildings"
      },
      "geometry": {
        "type": "Polygon",
        "coordinates": [
          [
            [
              319,
              507
            ],
            [
              359,
              507
            ],
            [
              359,
              543
            ],
            [
              319,
              543
            ],
            [
              319,
              507
            ]
          ]
        ]
      }
    },
    {
      "type": "Feature",
      "properties": {
        "id": "T-020",
        "name": "共同讲学楼 2 号",
        "zone": "教学区",
        "kind": "building",
        "footprint": 3000,
        "description": "承担学院教学、研读、考核和师生支持。",
        "frontageRoad": "H-01-W",
        "blockId": "BLK-11",
        "scaleClass": "街坊主建筑",
        "layer": "buildings"
      },
      "geometry": {
        "type": "Polygon",
        "coordinates": [
          [
            [
              388,
              508
            ],
            [
              448,
              508
            ],
            [
              448,
              558
            ],
            [
              388,
              558
            ],
            [
              388,
              508
            ]
          ]
        ]
      }
    },
    {
      "type": "Feature",
      "properties": {
        "id": "T-021",
        "name": "基础实操堂 2 号",
        "zone": "教学区",
        "kind": "building",
        "footprint": 1440,
        "description": "承担学院教学、研读、考核和师生支持。",
        "frontageRoad": "H-01-W",
        "blockId": "BLK-11",
        "scaleClass": "街坊常规建筑",
        "layer": "buildings"
      },
      "geometry": {
        "type": "Polygon",
        "coordinates": [
          [
            [
              448,
              506
            ],
            [
              488,
              506
            ],
            [
              488,
              542
            ],
            [
              448,
              542
            ],
            [
              448,
              506
            ]
          ]
        ]
      }
    },
    {
      "type": "Feature",
      "properties": {
        "id": "T-022",
        "name": "元素测量馆 2 号",
        "zone": "教学区",
        "kind": "building",
        "footprint": 1440,
        "description": "承担学院教学、研读、考核和师生支持。",
        "frontageRoad": "H-02-W",
        "blockId": "BLK-11",
        "scaleClass": "街坊常规建筑",
        "layer": "buildings"
      },
      "geometry": {
        "type": "Polygon",
        "coordinates": [
          [
            [
              319,
              677
            ],
            [
              359,
              677
            ],
            [
              359,
              713
            ],
            [
              319,
              713
            ],
            [
              319,
              677
            ]
          ]
        ]
      }
    },
    {
      "type": "Feature",
      "properties": {
        "id": "T-023",
        "name": "语言与社会讲堂 2 号",
        "zone": "教学区",
        "kind": "building",
        "footprint": 3000,
        "description": "承担学院教学、研读、考核和师生支持。",
        "frontageRoad": "H-02-W",
        "blockId": "BLK-11",
        "scaleClass": "街坊主建筑",
        "layer": "buildings"
      },
      "geometry": {
        "type": "Polygon",
        "coordinates": [
          [
            [
              388,
              662
            ],
            [
              448,
              662
            ],
            [
              448,
              712
            ],
            [
              388,
              712
            ],
            [
              388,
              662
            ]
          ]
        ]
      }
    },
    {
      "type": "Feature",
      "properties": {
        "id": "T-024",
        "name": "地图与记录教室 2 号",
        "zone": "教学区",
        "kind": "building",
        "footprint": 1440,
        "description": "承担学院教学、研读、考核和师生支持。",
        "frontageRoad": "H-02-W",
        "blockId": "BLK-11",
        "scaleClass": "街坊常规建筑",
        "layer": "buildings"
      },
      "geometry": {
        "type": "Polygon",
        "coordinates": [
          [
            [
              448,
              678
            ],
            [
              488,
              678
            ],
            [
              488,
              714
            ],
            [
              448,
              714
            ],
            [
              448,
              678
            ]
          ]
        ]
      }
    },
    {
      "type": "Feature",
      "properties": {
        "id": "T-025",
        "name": "公共实验楼 2 号",
        "zone": "教学区",
        "kind": "building",
        "footprint": 1440,
        "description": "承担学院教学、研读、考核和师生支持。",
        "frontageRoad": "H-01-W",
        "blockId": "BLK-12",
        "scaleClass": "街坊常规建筑",
        "layer": "buildings"
      },
      "geometry": {
        "type": "Polygon",
        "coordinates": [
          [
            [
              539,
              508
            ],
            [
              579,
              508
            ],
            [
              579,
              544
            ],
            [
              539,
              544
            ],
            [
              539,
              508
            ]
          ]
        ]
      }
    },
    {
      "type": "Feature",
      "properties": {
        "id": "T-026",
        "name": "师生事务楼 2 号",
        "zone": "教学区",
        "kind": "building",
        "footprint": 1440,
        "description": "承担学院教学、研读、考核和师生支持。",
        "frontageRoad": "H-01-W",
        "blockId": "BLK-12",
        "scaleClass": "街坊常规建筑",
        "layer": "buildings"
      },
      "geometry": {
        "type": "Polygon",
        "coordinates": [
          [
            [
              608,
              506
            ],
            [
              648,
              506
            ],
            [
              648,
              542
            ],
            [
              608,
              542
            ],
            [
              608,
              506
            ]
          ]
        ]
      }
    },
    {
      "type": "Feature",
      "properties": {
        "id": "T-027",
        "name": "课程调度楼 2 号",
        "zone": "教学区",
        "kind": "building",
        "footprint": 3000,
        "description": "承担学院教学、研读、考核和师生支持。",
        "frontageRoad": "H-01-W",
        "blockId": "BLK-12",
        "scaleClass": "街坊主建筑",
        "layer": "buildings"
      },
      "geometry": {
        "type": "Polygon",
        "coordinates": [
          [
            [
              677,
              507
            ],
            [
              737,
              507
            ],
            [
              737,
              557
            ],
            [
              677,
              557
            ],
            [
              677,
              507
            ]
          ]
        ]
      }
    },
    {
      "type": "Feature",
      "properties": {
        "id": "T-028",
        "name": "公开考核厅 2 号",
        "zone": "教学区",
        "kind": "building",
        "footprint": 1440,
        "description": "承担学院教学、研读、考核和师生支持。",
        "frontageRoad": "H-02-W",
        "blockId": "BLK-12",
        "scaleClass": "街坊常规建筑",
        "layer": "buildings"
      },
      "geometry": {
        "type": "Polygon",
        "coordinates": [
          [
            [
              539,
              676
            ],
            [
              579,
              676
            ],
            [
              579,
              712
            ],
            [
              539,
              712
            ],
            [
              539,
              676
            ]
          ]
        ]
      }
    },
    {
      "type": "Feature",
      "properties": {
        "id": "T-029",
        "name": "研读与抄录馆 2 号",
        "zone": "教学区",
        "kind": "building",
        "footprint": 1440,
        "description": "承担学院教学、研读、考核和师生支持。",
        "frontageRoad": "H-02-W",
        "blockId": "BLK-12",
        "scaleClass": "街坊常规建筑",
        "layer": "buildings"
      },
      "geometry": {
        "type": "Polygon",
        "coordinates": [
          [
            [
              608,
              678
            ],
            [
              648,
              678
            ],
            [
              648,
              714
            ],
            [
              608,
              714
            ],
            [
              608,
              678
            ]
          ]
        ]
      }
    },
    {
      "type": "Feature",
      "properties": {
        "id": "T-030",
        "name": "访学接待楼 2 号",
        "zone": "教学区",
        "kind": "building",
        "footprint": 3000,
        "description": "承担学院教学、研读、考核和师生支持。",
        "frontageRoad": "H-02-W",
        "blockId": "BLK-12",
        "scaleClass": "街坊主建筑",
        "layer": "buildings"
      },
      "geometry": {
        "type": "Polygon",
        "coordinates": [
          [
            [
              677,
              663
            ],
            [
              737,
              663
            ],
            [
              737,
              713
            ],
            [
              677,
              713
            ],
            [
              677,
              663
            ]
          ]
        ]
      }
    },
    {
      "type": "Feature",
      "properties": {
        "id": "T-031",
        "name": "教师研究楼 2 号",
        "zone": "教学区",
        "kind": "building",
        "footprint": 3000,
        "description": "承担学院教学、研读、考核和师生支持。",
        "frontageRoad": "H-01-W",
        "blockId": "BLK-13",
        "scaleClass": "街坊主建筑",
        "layer": "buildings"
      },
      "geometry": {
        "type": "Polygon",
        "coordinates": [
          [
            [
              768,
              506
            ],
            [
              828,
              506
            ],
            [
              828,
              556
            ],
            [
              768,
              556
            ],
            [
              768,
              506
            ]
          ]
        ]
      }
    },
    {
      "type": "Feature",
      "properties": {
        "id": "T-032",
        "name": "助教值班楼 2 号",
        "zone": "教学区",
        "kind": "building",
        "footprint": 1440,
        "description": "承担学院教学、研读、考核和师生支持。",
        "frontageRoad": "H-01-W",
        "blockId": "BLK-13",
        "scaleClass": "街坊常规建筑",
        "layer": "buildings"
      },
      "geometry": {
        "type": "Polygon",
        "coordinates": [
          [
            [
              828,
              507
            ],
            [
              868,
              507
            ],
            [
              868,
              543
            ],
            [
              828,
              543
            ],
            [
              828,
              507
            ]
          ]
        ]
      }
    },
    {
      "type": "Feature",
      "properties": {
        "id": "T-033",
        "name": "教学器材馆 2 号",
        "zone": "教学区",
        "kind": "building",
        "footprint": 1440,
        "description": "承担学院教学、研读、考核和师生支持。",
        "frontageRoad": "H-01-W",
        "blockId": "BLK-13",
        "scaleClass": "街坊常规建筑",
        "layer": "buildings"
      },
      "geometry": {
        "type": "Polygon",
        "coordinates": [
          [
            [
              897,
              508
            ],
            [
              937,
              508
            ],
            [
              937,
              544
            ],
            [
              897,
              544
            ],
            [
              897,
              508
            ]
          ]
        ]
      }
    },
    {
      "type": "Feature",
      "properties": {
        "id": "T-034",
        "name": "公共演示厅 2 号",
        "zone": "教学区",
        "kind": "building",
        "footprint": 3000,
        "description": "承担学院教学、研读、考核和师生支持。",
        "frontageRoad": "H-02-W",
        "blockId": "BLK-13",
        "scaleClass": "街坊主建筑",
        "layer": "buildings"
      },
      "geometry": {
        "type": "Polygon",
        "coordinates": [
          [
            [
              768,
              664
            ],
            [
              828,
              664
            ],
            [
              828,
              714
            ],
            [
              768,
              714
            ],
            [
              768,
              664
            ]
          ]
        ]
      }
    },
    {
      "type": "Feature",
      "properties": {
        "id": "T-035",
        "name": "历史与制度馆 2 号",
        "zone": "教学区",
        "kind": "building",
        "footprint": 1440,
        "description": "承担学院教学、研读、考核和师生支持。",
        "frontageRoad": "H-02-W",
        "blockId": "BLK-13",
        "scaleClass": "街坊常规建筑",
        "layer": "buildings"
      },
      "geometry": {
        "type": "Polygon",
        "coordinates": [
          [
            [
              828,
              677
            ],
            [
              868,
              677
            ],
            [
              868,
              713
            ],
            [
              828,
              713
            ],
            [
              828,
              677
            ]
          ]
        ]
      }
    },
    {
      "type": "Feature",
      "properties": {
        "id": "T-036",
        "name": "基础术式楼 2 号",
        "zone": "教学区",
        "kind": "building",
        "footprint": 1440,
        "description": "承担学院教学、研读、考核和师生支持。",
        "frontageRoad": "H-02-W",
        "blockId": "BLK-13",
        "scaleClass": "街坊常规建筑",
        "layer": "buildings"
      },
      "geometry": {
        "type": "Polygon",
        "coordinates": [
          [
            [
              897,
              676
            ],
            [
              937,
              676
            ],
            [
              937,
              712
            ],
            [
              897,
              712
            ],
            [
              897,
              676
            ]
          ]
        ]
      }
    },
    {
      "type": "Feature",
      "properties": {
        "id": "C-025",
        "name": "公共食堂 2 号",
        "zone": "中庭区",
        "kind": "building",
        "footprint": 1440,
        "description": "承担学院治理、城市公共文化和跨区服务。",
        "frontageRoad": "H-01-W",
        "blockId": "BLK-14",
        "scaleClass": "街坊常规建筑",
        "layer": "buildings"
      },
      "geometry": {
        "type": "Polygon",
        "coordinates": [
          [
            [
              988,
              507
            ],
            [
              1028,
              507
            ],
            [
              1028,
              543
            ],
            [
              988,
              543
            ],
            [
              988,
              507
            ]
          ]
        ]
      }
    },
    {
      "type": "Feature",
      "properties": {
        "id": "C-026",
        "name": "社团与活动楼 2 号",
        "zone": "中庭区",
        "kind": "building",
        "footprint": 3000,
        "description": "承担学院治理、城市公共文化和跨区服务。",
        "frontageRoad": "H-01-W",
        "blockId": "BLK-14",
        "scaleClass": "街坊主建筑",
        "layer": "buildings"
      },
      "geometry": {
        "type": "Polygon",
        "coordinates": [
          [
            [
              1057,
              508
            ],
            [
              1117,
              508
            ],
            [
              1117,
              558
            ],
            [
              1057,
              558
            ],
            [
              1057,
              508
            ]
          ]
        ]
      }
    },
    {
      "type": "Feature",
      "properties": {
        "id": "C-027",
        "name": "中立审理庭 2 号",
        "zone": "中庭区",
        "kind": "building",
        "footprint": 1440,
        "description": "承担学院治理、城市公共文化和跨区服务。",
        "frontageRoad": "H-01-W",
        "blockId": "BLK-14",
        "scaleClass": "街坊常规建筑",
        "layer": "buildings"
      },
      "geometry": {
        "type": "Polygon",
        "coordinates": [
          [
            [
              1126,
              506
            ],
            [
              1166,
              506
            ],
            [
              1166,
              542
            ],
            [
              1126,
              542
            ],
            [
              1126,
              506
            ]
          ]
        ]
      }
    },
    {
      "type": "Feature",
      "properties": {
        "id": "C-028",
        "name": "邮政与通信局 2 号",
        "zone": "中庭区",
        "kind": "building",
        "footprint": 1440,
        "description": "承担学院治理、城市公共文化和跨区服务。",
        "frontageRoad": "H-02-W",
        "blockId": "BLK-14",
        "scaleClass": "街坊常规建筑",
        "layer": "buildings"
      },
      "geometry": {
        "type": "Polygon",
        "coordinates": [
          [
            [
              988,
              677
            ],
            [
              1028,
              677
            ],
            [
              1028,
              713
            ],
            [
              988,
              713
            ],
            [
              988,
              677
            ]
          ]
        ]
      }
    },
    {
      "type": "Feature",
      "properties": {
        "id": "C-029",
        "name": "公共浴场 2 号",
        "zone": "中庭区",
        "kind": "building",
        "footprint": 3000,
        "description": "承担学院治理、城市公共文化和跨区服务。",
        "frontageRoad": "H-02-W",
        "blockId": "BLK-14",
        "scaleClass": "街坊主建筑",
        "layer": "buildings"
      },
      "geometry": {
        "type": "Polygon",
        "coordinates": [
          [
            [
              1057,
              662
            ],
            [
              1117,
              662
            ],
            [
              1117,
              712
            ],
            [
              1057,
              712
            ],
            [
              1057,
              662
            ]
          ]
        ]
      }
    },
    {
      "type": "Feature",
      "properties": {
        "id": "C-030",
        "name": "城市档案副馆 2 号",
        "zone": "中庭区",
        "kind": "building",
        "footprint": 1440,
        "description": "承担学院治理、城市公共文化和跨区服务。",
        "frontageRoad": "H-02-W",
        "blockId": "BLK-14",
        "scaleClass": "街坊常规建筑",
        "layer": "buildings"
      },
      "geometry": {
        "type": "Polygon",
        "coordinates": [
          [
            [
              1126,
              678
            ],
            [
              1166,
              678
            ],
            [
              1166,
              714
            ],
            [
              1126,
              714
            ],
            [
              1126,
              678
            ]
          ]
        ]
      }
    },
    {
      "type": "Feature",
      "properties": {
        "id": "C-031",
        "name": "访客服务厅 2 号",
        "zone": "中庭区",
        "kind": "building",
        "footprint": 1440,
        "description": "承担学院治理、城市公共文化和跨区服务。",
        "frontageRoad": "H-01-W",
        "blockId": "BLK-15",
        "scaleClass": "街坊常规建筑",
        "layer": "buildings"
      },
      "geometry": {
        "type": "Polygon",
        "coordinates": [
          [
            [
              1217,
              508
            ],
            [
              1257,
              508
            ],
            [
              1257,
              544
            ],
            [
              1217,
              544
            ],
            [
              1217,
              508
            ]
          ]
        ]
      }
    },
    {
      "type": "Feature",
      "properties": {
        "id": "C-032",
        "name": "公共医疗站 2 号",
        "zone": "中庭区",
        "kind": "building",
        "footprint": 1440,
        "description": "承担学院治理、城市公共文化和跨区服务。",
        "frontageRoad": "H-01-W",
        "blockId": "BLK-15",
        "scaleClass": "街坊常规建筑",
        "layer": "buildings"
      },
      "geometry": {
        "type": "Polygon",
        "coordinates": [
          [
            [
              1277,
              506
            ],
            [
              1317,
              506
            ],
            [
              1317,
              542
            ],
            [
              1277,
              542
            ],
            [
              1277,
              506
            ]
          ]
        ]
      }
    },
    {
      "type": "Feature",
      "properties": {
        "id": "C-033",
        "name": "文化演出厅 2 号",
        "zone": "中庭区",
        "kind": "building",
        "footprint": 3000,
        "description": "承担学院治理、城市公共文化和跨区服务。",
        "frontageRoad": "H-01-W",
        "blockId": "BLK-15",
        "scaleClass": "街坊主建筑",
        "layer": "buildings"
      },
      "geometry": {
        "type": "Polygon",
        "coordinates": [
          [
            [
              1346,
              507
            ],
            [
              1406,
              507
            ],
            [
              1406,
              557
            ],
            [
              1346,
              557
            ],
            [
              1346,
              507
            ]
          ]
        ]
      }
    },
    {
      "type": "Feature",
      "properties": {
        "id": "C-034",
        "name": "青年服务屋 2 号",
        "zone": "中庭区",
        "kind": "building",
        "footprint": 1440,
        "description": "承担学院治理、城市公共文化和跨区服务。",
        "frontageRoad": "H-02-W",
        "blockId": "BLK-15",
        "scaleClass": "街坊常规建筑",
        "layer": "buildings"
      },
      "geometry": {
        "type": "Polygon",
        "coordinates": [
          [
            [
              1217,
              676
            ],
            [
              1257,
              676
            ],
            [
              1257,
              712
            ],
            [
              1217,
              712
            ],
            [
              1217,
              676
            ]
          ]
        ]
      }
    },
    {
      "type": "Feature",
      "properties": {
        "id": "C-035",
        "name": "契约见证厅 2 号",
        "zone": "中庭区",
        "kind": "building",
        "footprint": 1440,
        "description": "承担学院治理、城市公共文化和跨区服务。",
        "frontageRoad": "H-02-W",
        "blockId": "BLK-15",
        "scaleClass": "街坊常规建筑",
        "layer": "buildings"
      },
      "geometry": {
        "type": "Polygon",
        "coordinates": [
          [
            [
              1277,
              678
            ],
            [
              1317,
              678
            ],
            [
              1317,
              714
            ],
            [
              1277,
              714
            ],
            [
              1277,
              678
            ]
          ]
        ]
      }
    },
    {
      "type": "Feature",
      "properties": {
        "id": "C-036",
        "name": "河湖管理所 2 号",
        "zone": "中庭区",
        "kind": "building",
        "footprint": 3000,
        "description": "承担学院治理、城市公共文化和跨区服务。",
        "frontageRoad": "H-02-W",
        "blockId": "BLK-15",
        "scaleClass": "街坊主建筑",
        "layer": "buildings"
      },
      "geometry": {
        "type": "Polygon",
        "coordinates": [
          [
            [
              1346,
              663
            ],
            [
              1406,
              663
            ],
            [
              1406,
              713
            ],
            [
              1346,
              713
            ],
            [
              1346,
              663
            ]
          ]
        ]
      }
    },
    {
      "type": "Feature",
      "properties": {
        "id": "C-037",
        "name": "公共厨房 2 号",
        "zone": "中庭区",
        "kind": "building",
        "footprint": 3000,
        "description": "承担学院治理、城市公共文化和跨区服务。",
        "frontageRoad": "H-01-E",
        "blockId": "BLK-16",
        "scaleClass": "街坊主建筑",
        "layer": "buildings"
      },
      "geometry": {
        "type": "Polygon",
        "coordinates": [
          [
            [
              1797,
              506
            ],
            [
              1857,
              506
            ],
            [
              1857,
              556
            ],
            [
              1797,
              556
            ],
            [
              1797,
              506
            ]
          ]
        ]
      }
    },
    {
      "type": "Feature",
      "properties": {
        "id": "C-038",
        "name": "城市防灾厅 2 号",
        "zone": "中庭区",
        "kind": "building",
        "footprint": 1440,
        "description": "承担学院治理、城市公共文化和跨区服务。",
        "frontageRoad": "H-01-E",
        "blockId": "BLK-16",
        "scaleClass": "街坊常规建筑",
        "layer": "buildings"
      },
      "geometry": {
        "type": "Polygon",
        "coordinates": [
          [
            [
              1866,
              507
            ],
            [
              1906,
              507
            ],
            [
              1906,
              543
            ],
            [
              1866,
              543
            ],
            [
              1866,
              507
            ]
          ]
        ]
      }
    },
    {
      "type": "Feature",
      "properties": {
        "id": "C-039",
        "name": "学院调度事务楼 2 号",
        "zone": "中庭区",
        "kind": "building",
        "footprint": 1440,
        "description": "承担学院治理、城市公共文化和跨区服务。",
        "frontageRoad": "H-01-E",
        "blockId": "BLK-16",
        "scaleClass": "街坊常规建筑",
        "layer": "buildings"
      },
      "geometry": {
        "type": "Polygon",
        "coordinates": [
          [
            [
              1926,
              508
            ],
            [
              1966,
              508
            ],
            [
              1966,
              544
            ],
            [
              1926,
              544
            ],
            [
              1926,
              508
            ]
          ]
        ]
      }
    },
    {
      "type": "Feature",
      "properties": {
        "id": "C-040",
        "name": "市政协作办公室 2 号",
        "zone": "中庭区",
        "kind": "building",
        "footprint": 3000,
        "description": "承担学院治理、城市公共文化和跨区服务。",
        "frontageRoad": "H-02-E",
        "blockId": "BLK-16",
        "scaleClass": "街坊主建筑",
        "layer": "buildings"
      },
      "geometry": {
        "type": "Polygon",
        "coordinates": [
          [
            [
              1797,
              664
            ],
            [
              1857,
              664
            ],
            [
              1857,
              714
            ],
            [
              1797,
              714
            ],
            [
              1797,
              664
            ]
          ]
        ]
      }
    },
    {
      "type": "Feature",
      "properties": {
        "id": "C-041",
        "name": "学院行政厅 3 号",
        "zone": "中庭区",
        "kind": "building",
        "footprint": 1440,
        "description": "承担学院治理、城市公共文化和跨区服务。",
        "frontageRoad": "H-02-E",
        "blockId": "BLK-16",
        "scaleClass": "街坊常规建筑",
        "layer": "buildings"
      },
      "geometry": {
        "type": "Polygon",
        "coordinates": [
          [
            [
              1866,
              677
            ],
            [
              1906,
              677
            ],
            [
              1906,
              713
            ],
            [
              1866,
              713
            ],
            [
              1866,
              677
            ]
          ]
        ]
      }
    },
    {
      "type": "Feature",
      "properties": {
        "id": "C-042",
        "name": "城邦公共钟楼 3 号",
        "zone": "中庭区",
        "kind": "building",
        "footprint": 1440,
        "description": "承担学院治理、城市公共文化和跨区服务。",
        "frontageRoad": "H-02-E",
        "blockId": "BLK-16",
        "scaleClass": "街坊常规建筑",
        "layer": "buildings"
      },
      "geometry": {
        "type": "Polygon",
        "coordinates": [
          [
            [
              1926,
              676
            ],
            [
              1966,
              676
            ],
            [
              1966,
              712
            ],
            [
              1926,
              712
            ],
            [
              1926,
              676
            ]
          ]
        ]
      }
    },
    {
      "type": "Feature",
      "properties": {
        "id": "C-043",
        "name": "学生公共屋 3 号",
        "zone": "中庭区",
        "kind": "building",
        "footprint": 1440,
        "description": "承担学院治理、城市公共文化和跨区服务。",
        "frontageRoad": "H-01-E",
        "blockId": "BLK-17",
        "scaleClass": "街坊常规建筑",
        "layer": "buildings"
      },
      "geometry": {
        "type": "Polygon",
        "coordinates": [
          [
            [
              2026,
              507
            ],
            [
              2066,
              507
            ],
            [
              2066,
              543
            ],
            [
              2026,
              543
            ],
            [
              2026,
              507
            ]
          ]
        ]
      }
    },
    {
      "type": "Feature",
      "properties": {
        "id": "C-044",
        "name": "市民议事厅 3 号",
        "zone": "中庭区",
        "kind": "building",
        "footprint": 3000,
        "description": "承担学院治理、城市公共文化和跨区服务。",
        "frontageRoad": "H-01-E",
        "blockId": "BLK-17",
        "scaleClass": "街坊主建筑",
        "layer": "buildings"
      },
      "geometry": {
        "type": "Polygon",
        "coordinates": [
          [
            [
              2086,
              508
            ],
            [
              2146,
              508
            ],
            [
              2146,
              558
            ],
            [
              2086,
              558
            ],
            [
              2086,
              508
            ]
          ]
        ]
      }
    },
    {
      "type": "Feature",
      "properties": {
        "id": "C-045",
        "name": "公共食堂 3 号",
        "zone": "中庭区",
        "kind": "building",
        "footprint": 1440,
        "description": "承担学院治理、城市公共文化和跨区服务。",
        "frontageRoad": "H-01-E",
        "blockId": "BLK-17",
        "scaleClass": "街坊常规建筑",
        "layer": "buildings"
      },
      "geometry": {
        "type": "Polygon",
        "coordinates": [
          [
            [
              2155,
              506
            ],
            [
              2195,
              506
            ],
            [
              2195,
              542
            ],
            [
              2155,
              542
            ],
            [
              2155,
              506
            ]
          ]
        ]
      }
    },
    {
      "type": "Feature",
      "properties": {
        "id": "C-046",
        "name": "社团与活动楼 3 号",
        "zone": "中庭区",
        "kind": "building",
        "footprint": 1440,
        "description": "承担学院治理、城市公共文化和跨区服务。",
        "frontageRoad": "H-02-E",
        "blockId": "BLK-17",
        "scaleClass": "街坊常规建筑",
        "layer": "buildings"
      },
      "geometry": {
        "type": "Polygon",
        "coordinates": [
          [
            [
              2026,
              677
            ],
            [
              2066,
              677
            ],
            [
              2066,
              713
            ],
            [
              2026,
              713
            ],
            [
              2026,
              677
            ]
          ]
        ]
      }
    },
    {
      "type": "Feature",
      "properties": {
        "id": "C-047",
        "name": "中立审理庭 3 号",
        "zone": "中庭区",
        "kind": "building",
        "footprint": 3000,
        "description": "承担学院治理、城市公共文化和跨区服务。",
        "frontageRoad": "H-02-E",
        "blockId": "BLK-17",
        "scaleClass": "街坊主建筑",
        "layer": "buildings"
      },
      "geometry": {
        "type": "Polygon",
        "coordinates": [
          [
            [
              2086,
              662
            ],
            [
              2146,
              662
            ],
            [
              2146,
              712
            ],
            [
              2086,
              712
            ],
            [
              2086,
              662
            ]
          ]
        ]
      }
    },
    {
      "type": "Feature",
      "properties": {
        "id": "C-048",
        "name": "邮政与通信局 3 号",
        "zone": "中庭区",
        "kind": "building",
        "footprint": 1440,
        "description": "承担学院治理、城市公共文化和跨区服务。",
        "frontageRoad": "H-02-E",
        "blockId": "BLK-17",
        "scaleClass": "街坊常规建筑",
        "layer": "buildings"
      },
      "geometry": {
        "type": "Polygon",
        "coordinates": [
          [
            [
              2155,
              678
            ],
            [
              2195,
              678
            ],
            [
              2195,
              714
            ],
            [
              2155,
              714
            ],
            [
              2155,
              678
            ]
          ]
        ]
      }
    },
    {
      "type": "Feature",
      "properties": {
        "id": "W-019",
        "name": "公共校准大厅 2 号",
        "zone": "工坊区",
        "kind": "building",
        "footprint": 1440,
        "description": "承担教学制作、城市维修、供能和安全处理。",
        "frontageRoad": "H-01-E",
        "blockId": "BLK-18",
        "scaleClass": "街坊常规建筑",
        "layer": "buildings"
      },
      "geometry": {
        "type": "Polygon",
        "coordinates": [
          [
            [
              2246,
              508
            ],
            [
              2286,
              508
            ],
            [
              2286,
              544
            ],
            [
              2246,
              544
            ],
            [
              2246,
              508
            ]
          ]
        ]
      }
    },
    {
      "type": "Feature",
      "properties": {
        "id": "W-020",
        "name": "材料与机械工坊 2 号",
        "zone": "工坊区",
        "kind": "building",
        "footprint": 1440,
        "description": "承担教学制作、城市维修、供能和安全处理。",
        "frontageRoad": "H-01-E",
        "blockId": "BLK-18",
        "scaleClass": "街坊常规建筑",
        "layer": "buildings"
      },
      "geometry": {
        "type": "Polygon",
        "coordinates": [
          [
            [
              2315,
              506
            ],
            [
              2355,
              506
            ],
            [
              2355,
              542
            ],
            [
              2315,
              542
            ],
            [
              2315,
              506
            ]
          ]
        ]
      }
    },
    {
      "type": "Feature",
      "properties": {
        "id": "W-021",
        "name": "导具设计楼 2 号",
        "zone": "工坊区",
        "kind": "building",
        "footprint": 3000,
        "description": "承担教学制作、城市维修、供能和安全处理。",
        "frontageRoad": "H-01-E",
        "blockId": "BLK-18",
        "scaleClass": "街坊主建筑",
        "layer": "buildings"
      },
      "geometry": {
        "type": "Polygon",
        "coordinates": [
          [
            [
              2375,
              507
            ],
            [
              2435,
              507
            ],
            [
              2435,
              557
            ],
            [
              2375,
              557
            ],
            [
              2375,
              507
            ]
          ]
        ]
      }
    },
    {
      "type": "Feature",
      "properties": {
        "id": "W-022",
        "name": "试储与导能楼 2 号",
        "zone": "工坊区",
        "kind": "building",
        "footprint": 1440,
        "description": "承担教学制作、城市维修、供能和安全处理。",
        "frontageRoad": "H-02-E",
        "blockId": "BLK-18",
        "scaleClass": "街坊常规建筑",
        "layer": "buildings"
      },
      "geometry": {
        "type": "Polygon",
        "coordinates": [
          [
            [
              2246,
              676
            ],
            [
              2286,
              676
            ],
            [
              2286,
              712
            ],
            [
              2246,
              712
            ],
            [
              2246,
              676
            ]
          ]
        ]
      }
    },
    {
      "type": "Feature",
      "properties": {
        "id": "W-023",
        "name": "登记材料库 2 号",
        "zone": "工坊区",
        "kind": "building",
        "footprint": 1440,
        "description": "承担教学制作、城市维修、供能和安全处理。",
        "frontageRoad": "H-02-E",
        "blockId": "BLK-18",
        "scaleClass": "街坊常规建筑",
        "layer": "buildings"
      },
      "geometry": {
        "type": "Polygon",
        "coordinates": [
          [
            [
              2315,
              678
            ],
            [
              2355,
              678
            ],
            [
              2355,
              714
            ],
            [
              2315,
              714
            ],
            [
              2315,
              678
            ]
          ]
        ]
      }
    },
    {
      "type": "Feature",
      "properties": {
        "id": "W-024",
        "name": "绝缘耗材库 2 号",
        "zone": "工坊区",
        "kind": "building",
        "footprint": 3000,
        "description": "承担教学制作、城市维修、供能和安全处理。",
        "frontageRoad": "H-02-E",
        "blockId": "BLK-18",
        "scaleClass": "街坊主建筑",
        "layer": "buildings"
      },
      "geometry": {
        "type": "Polygon",
        "coordinates": [
          [
            [
              2375,
              663
            ],
            [
              2435,
              663
            ],
            [
              2435,
              713
            ],
            [
              2375,
              713
            ],
            [
              2375,
              663
            ]
          ]
        ]
      }
    },
    {
      "type": "Feature",
      "properties": {
        "id": "W-025",
        "name": "安全洗消站 2 号",
        "zone": "工坊区",
        "kind": "building",
        "footprint": 3000,
        "description": "承担教学制作、城市维修、供能和安全处理。",
        "frontageRoad": "H-01-E",
        "blockId": "BLK-19",
        "scaleClass": "街坊主建筑",
        "layer": "buildings"
      },
      "geometry": {
        "type": "Polygon",
        "coordinates": [
          [
            [
              2466,
              506
            ],
            [
              2526,
              506
            ],
            [
              2526,
              556
            ],
            [
              2466,
              556
            ],
            [
              2466,
              506
            ]
          ]
        ]
      }
    },
    {
      "type": "Feature",
      "properties": {
        "id": "W-026",
        "name": "工具发放屋 2 号",
        "zone": "工坊区",
        "kind": "building",
        "footprint": 1440,
        "description": "承担教学制作、城市维修、供能和安全处理。",
        "frontageRoad": "H-01-E",
        "blockId": "BLK-19",
        "scaleClass": "街坊常规建筑",
        "layer": "buildings"
      },
      "geometry": {
        "type": "Polygon",
        "coordinates": [
          [
            [
              2535,
              507
            ],
            [
              2575,
              507
            ],
            [
              2575,
              543
            ],
            [
              2535,
              543
            ],
            [
              2535,
              507
            ]
          ]
        ]
      }
    },
    {
      "type": "Feature",
      "properties": {
        "id": "W-027",
        "name": "器材检验楼 2 号",
        "zone": "工坊区",
        "kind": "building",
        "footprint": 1440,
        "description": "承担教学制作、城市维修、供能和安全处理。",
        "frontageRoad": "H-01-E",
        "blockId": "BLK-19",
        "scaleClass": "街坊常规建筑",
        "layer": "buildings"
      },
      "geometry": {
        "type": "Polygon",
        "coordinates": [
          [
            [
              2604,
              508
            ],
            [
              2644,
              508
            ],
            [
              2644,
              544
            ],
            [
              2604,
              544
            ],
            [
              2604,
              508
            ]
          ]
        ]
      }
    },
    {
      "type": "Feature",
      "properties": {
        "id": "W-028",
        "name": "基础材料实验楼 2 号",
        "zone": "工坊区",
        "kind": "building",
        "footprint": 3000,
        "description": "承担教学制作、城市维修、供能和安全处理。",
        "frontageRoad": "H-02-E",
        "blockId": "BLK-19",
        "scaleClass": "街坊主建筑",
        "layer": "buildings"
      },
      "geometry": {
        "type": "Polygon",
        "coordinates": [
          [
            [
              2466,
              664
            ],
            [
              2526,
              664
            ],
            [
              2526,
              714
            ],
            [
              2466,
              714
            ],
            [
              2466,
              664
            ]
          ]
        ]
      }
    },
    {
      "type": "Feature",
      "properties": {
        "id": "W-029",
        "name": "织构与软材工坊 2 号",
        "zone": "工坊区",
        "kind": "building",
        "footprint": 1440,
        "description": "承担教学制作、城市维修、供能和安全处理。",
        "frontageRoad": "H-02-E",
        "blockId": "BLK-19",
        "scaleClass": "街坊常规建筑",
        "layer": "buildings"
      },
      "geometry": {
        "type": "Polygon",
        "coordinates": [
          [
            [
              2535,
              677
            ],
            [
              2575,
              677
            ],
            [
              2575,
              713
            ],
            [
              2535,
              713
            ],
            [
              2535,
              677
            ]
          ]
        ]
      }
    },
    {
      "type": "Feature",
      "properties": {
        "id": "W-030",
        "name": "城市供能维护所 2 号",
        "zone": "工坊区",
        "kind": "building",
        "footprint": 1440,
        "description": "承担教学制作、城市维修、供能和安全处理。",
        "frontageRoad": "H-02-E",
        "blockId": "BLK-19",
        "scaleClass": "街坊常规建筑",
        "layer": "buildings"
      },
      "geometry": {
        "type": "Polygon",
        "coordinates": [
          [
            [
              2604,
              676
            ],
            [
              2644,
              676
            ],
            [
              2644,
              712
            ],
            [
              2604,
              712
            ],
            [
              2604,
              676
            ]
          ]
        ]
      }
    },
    {
      "type": "Feature",
      "properties": {
        "id": "W-031",
        "name": "公共维修厂 2 号",
        "zone": "工坊区",
        "kind": "building",
        "footprint": 1440,
        "description": "承担教学制作、城市维修、供能和安全处理。",
        "frontageRoad": "H-01-E",
        "blockId": "BLK-20",
        "scaleClass": "街坊常规建筑",
        "layer": "buildings"
      },
      "geometry": {
        "type": "Polygon",
        "coordinates": [
          [
            [
              2695,
              507
            ],
            [
              2735,
              507
            ],
            [
              2735,
              543
            ],
            [
              2695,
              543
            ],
            [
              2695,
              507
            ]
          ]
        ]
      }
    },
    {
      "type": "Feature",
      "properties": {
        "id": "W-032",
        "name": "河桥机务所 2 号",
        "zone": "工坊区",
        "kind": "building",
        "footprint": 3000,
        "description": "承担教学制作、城市维修、供能和安全处理。",
        "frontageRoad": "H-01-E",
        "blockId": "BLK-20",
        "scaleClass": "街坊主建筑",
        "layer": "buildings"
      },
      "geometry": {
        "type": "Polygon",
        "coordinates": [
          [
            [
              2764,
              508
            ],
            [
              2824,
              508
            ],
            [
              2824,
              558
            ],
            [
              2764,
              558
            ],
            [
              2764,
              508
            ]
          ]
        ]
      }
    },
    {
      "type": "Feature",
      "properties": {
        "id": "W-033",
        "name": "精密量具馆 2 号",
        "zone": "工坊区",
        "kind": "building",
        "footprint": 1440,
        "description": "承担教学制作、城市维修、供能和安全处理。",
        "frontageRoad": "H-01-E",
        "blockId": "BLK-20",
        "scaleClass": "街坊常规建筑",
        "layer": "buildings"
      },
      "geometry": {
        "type": "Polygon",
        "coordinates": [
          [
            [
              2824,
              506
            ],
            [
              2864,
              506
            ],
            [
              2864,
              542
            ],
            [
              2824,
              542
            ],
            [
              2824,
              506
            ]
          ]
        ]
      }
    },
    {
      "type": "Feature",
      "properties": {
        "id": "W-034",
        "name": "防火值守站 2 号",
        "zone": "工坊区",
        "kind": "building",
        "footprint": 1440,
        "description": "承担教学制作、城市维修、供能和安全处理。",
        "frontageRoad": "H-02-E",
        "blockId": "BLK-20",
        "scaleClass": "街坊常规建筑",
        "layer": "buildings"
      },
      "geometry": {
        "type": "Polygon",
        "coordinates": [
          [
            [
              2695,
              677
            ],
            [
              2735,
              677
            ],
            [
              2735,
              713
            ],
            [
              2695,
              713
            ],
            [
              2695,
              677
            ]
          ]
        ]
      }
    },
    {
      "type": "Feature",
      "properties": {
        "id": "W-035",
        "name": "废料分类场 2 号",
        "zone": "工坊区",
        "kind": "building",
        "footprint": 3000,
        "description": "承担教学制作、城市维修、供能和安全处理。",
        "frontageRoad": "H-02-E",
        "blockId": "BLK-20",
        "scaleClass": "街坊主建筑",
        "layer": "buildings"
      },
      "geometry": {
        "type": "Polygon",
        "coordinates": [
          [
            [
              2764,
              662
            ],
            [
              2824,
              662
            ],
            [
              2824,
              712
            ],
            [
              2764,
              712
            ],
            [
              2764,
              662
            ]
          ]
        ]
      }
    },
    {
      "type": "Feature",
      "properties": {
        "id": "W-036",
        "name": "工读作业楼 2 号",
        "zone": "工坊区",
        "kind": "building",
        "footprint": 1440,
        "description": "承担教学制作、城市维修、供能和安全处理。",
        "frontageRoad": "H-02-E",
        "blockId": "BLK-20",
        "scaleClass": "街坊常规建筑",
        "layer": "buildings"
      },
      "geometry": {
        "type": "Polygon",
        "coordinates": [
          [
            [
              2824,
              678
            ],
            [
              2864,
              678
            ],
            [
              2864,
              714
            ],
            [
              2824,
              714
            ],
            [
              2824,
              678
            ]
          ]
        ]
      }
    },
    {
      "type": "Feature",
      "properties": {
        "id": "T-037",
        "name": "学院总图书馆 3 号",
        "zone": "教学区",
        "kind": "building",
        "footprint": 1440,
        "description": "承担学院教学、研读、考核和师生支持。",
        "frontageRoad": "H-02-W",
        "blockId": "BLK-21",
        "scaleClass": "街坊常规建筑",
        "layer": "buildings"
      },
      "geometry": {
        "type": "Polygon",
        "coordinates": [
          [
            [
              315,
              748
            ],
            [
              355,
              748
            ],
            [
              355,
              784
            ],
            [
              315,
              784
            ],
            [
              315,
              748
            ]
          ]
        ]
      }
    },
    {
      "type": "Feature",
      "properties": {
        "id": "T-038",
        "name": "共同讲学楼 3 号",
        "zone": "教学区",
        "kind": "building",
        "footprint": 1440,
        "description": "承担学院教学、研读、考核和师生支持。",
        "frontageRoad": "H-02-W",
        "blockId": "BLK-21",
        "scaleClass": "街坊常规建筑",
        "layer": "buildings"
      },
      "geometry": {
        "type": "Polygon",
        "coordinates": [
          [
            [
              384,
              746
            ],
            [
              424,
              746
            ],
            [
              424,
              782
            ],
            [
              384,
              782
            ],
            [
              384,
              746
            ]
          ]
        ]
      }
    },
    {
      "type": "Feature",
      "properties": {
        "id": "T-039",
        "name": "基础实操堂 3 号",
        "zone": "教学区",
        "kind": "building",
        "footprint": 3000,
        "description": "承担学院教学、研读、考核和师生支持。",
        "frontageRoad": "H-02-W",
        "blockId": "BLK-21",
        "scaleClass": "街坊主建筑",
        "layer": "buildings"
      },
      "geometry": {
        "type": "Polygon",
        "coordinates": [
          [
            [
              453,
              747
            ],
            [
              513,
              747
            ],
            [
              513,
              797
            ],
            [
              453,
              797
            ],
            [
              453,
              747
            ]
          ]
        ]
      }
    },
    {
      "type": "Feature",
      "properties": {
        "id": "T-040",
        "name": "元素测量馆 3 号",
        "zone": "教学区",
        "kind": "building",
        "footprint": 1440,
        "description": "承担学院教学、研读、考核和师生支持。",
        "frontageRoad": "H-03-W",
        "blockId": "BLK-21",
        "scaleClass": "街坊常规建筑",
        "layer": "buildings"
      },
      "geometry": {
        "type": "Polygon",
        "coordinates": [
          [
            [
              315,
              916
            ],
            [
              355,
              916
            ],
            [
              355,
              952
            ],
            [
              315,
              952
            ],
            [
              315,
              916
            ]
          ]
        ]
      }
    },
    {
      "type": "Feature",
      "properties": {
        "id": "T-041",
        "name": "语言与社会讲堂 3 号",
        "zone": "教学区",
        "kind": "building",
        "footprint": 1440,
        "description": "承担学院教学、研读、考核和师生支持。",
        "frontageRoad": "H-03-W",
        "blockId": "BLK-21",
        "scaleClass": "街坊常规建筑",
        "layer": "buildings"
      },
      "geometry": {
        "type": "Polygon",
        "coordinates": [
          [
            [
              384,
              918
            ],
            [
              424,
              918
            ],
            [
              424,
              954
            ],
            [
              384,
              954
            ],
            [
              384,
              918
            ]
          ]
        ]
      }
    },
    {
      "type": "Feature",
      "properties": {
        "id": "T-042",
        "name": "地图与记录教室 3 号",
        "zone": "教学区",
        "kind": "building",
        "footprint": 3000,
        "description": "承担学院教学、研读、考核和师生支持。",
        "frontageRoad": "H-03-W",
        "blockId": "BLK-21",
        "scaleClass": "街坊主建筑",
        "layer": "buildings"
      },
      "geometry": {
        "type": "Polygon",
        "coordinates": [
          [
            [
              453,
              903
            ],
            [
              513,
              903
            ],
            [
              513,
              953
            ],
            [
              453,
              953
            ],
            [
              453,
              903
            ]
          ]
        ]
      }
    },
    {
      "type": "Feature",
      "properties": {
        "id": "T-043",
        "name": "公共实验楼 3 号",
        "zone": "教学区",
        "kind": "building",
        "footprint": 3000,
        "description": "承担学院教学、研读、考核和师生支持。",
        "frontageRoad": "H-02-W",
        "blockId": "BLK-22",
        "scaleClass": "街坊主建筑",
        "layer": "buildings"
      },
      "geometry": {
        "type": "Polygon",
        "coordinates": [
          [
            [
              544,
              746
            ],
            [
              604,
              746
            ],
            [
              604,
              796
            ],
            [
              544,
              796
            ],
            [
              544,
              746
            ]
          ]
        ]
      }
    },
    {
      "type": "Feature",
      "properties": {
        "id": "T-044",
        "name": "师生事务楼 3 号",
        "zone": "教学区",
        "kind": "building",
        "footprint": 1440,
        "description": "承担学院教学、研读、考核和师生支持。",
        "frontageRoad": "H-02-W",
        "blockId": "BLK-22",
        "scaleClass": "街坊常规建筑",
        "layer": "buildings"
      },
      "geometry": {
        "type": "Polygon",
        "coordinates": [
          [
            [
              604,
              747
            ],
            [
              644,
              747
            ],
            [
              644,
              783
            ],
            [
              604,
              783
            ],
            [
              604,
              747
            ]
          ]
        ]
      }
    },
    {
      "type": "Feature",
      "properties": {
        "id": "T-045",
        "name": "课程调度楼 3 号",
        "zone": "教学区",
        "kind": "building",
        "footprint": 1440,
        "description": "承担学院教学、研读、考核和师生支持。",
        "frontageRoad": "H-02-W",
        "blockId": "BLK-22",
        "scaleClass": "街坊常规建筑",
        "layer": "buildings"
      },
      "geometry": {
        "type": "Polygon",
        "coordinates": [
          [
            [
              673,
              748
            ],
            [
              713,
              748
            ],
            [
              713,
              784
            ],
            [
              673,
              784
            ],
            [
              673,
              748
            ]
          ]
        ]
      }
    },
    {
      "type": "Feature",
      "properties": {
        "id": "T-046",
        "name": "公开考核厅 3 号",
        "zone": "教学区",
        "kind": "building",
        "footprint": 3000,
        "description": "承担学院教学、研读、考核和师生支持。",
        "frontageRoad": "H-03-W",
        "blockId": "BLK-22",
        "scaleClass": "街坊主建筑",
        "layer": "buildings"
      },
      "geometry": {
        "type": "Polygon",
        "coordinates": [
          [
            [
              544,
              904
            ],
            [
              604,
              904
            ],
            [
              604,
              954
            ],
            [
              544,
              954
            ],
            [
              544,
              904
            ]
          ]
        ]
      }
    },
    {
      "type": "Feature",
      "properties": {
        "id": "T-047",
        "name": "研读与抄录馆 3 号",
        "zone": "教学区",
        "kind": "building",
        "footprint": 1440,
        "description": "承担学院教学、研读、考核和师生支持。",
        "frontageRoad": "H-03-W",
        "blockId": "BLK-22",
        "scaleClass": "街坊常规建筑",
        "layer": "buildings"
      },
      "geometry": {
        "type": "Polygon",
        "coordinates": [
          [
            [
              604,
              917
            ],
            [
              644,
              917
            ],
            [
              644,
              953
            ],
            [
              604,
              953
            ],
            [
              604,
              917
            ]
          ]
        ]
      }
    },
    {
      "type": "Feature",
      "properties": {
        "id": "T-048",
        "name": "访学接待楼 3 号",
        "zone": "教学区",
        "kind": "building",
        "footprint": 1440,
        "description": "承担学院教学、研读、考核和师生支持。",
        "frontageRoad": "H-03-W",
        "blockId": "BLK-22",
        "scaleClass": "街坊常规建筑",
        "layer": "buildings"
      },
      "geometry": {
        "type": "Polygon",
        "coordinates": [
          [
            [
              673,
              916
            ],
            [
              713,
              916
            ],
            [
              713,
              952
            ],
            [
              673,
              952
            ],
            [
              673,
              916
            ]
          ]
        ]
      }
    },
    {
      "type": "Feature",
      "properties": {
        "id": "T-049",
        "name": "教师研究楼 3 号",
        "zone": "教学区",
        "kind": "building",
        "footprint": 1440,
        "description": "承担学院教学、研读、考核和师生支持。",
        "frontageRoad": "H-02-W",
        "blockId": "BLK-23",
        "scaleClass": "街坊常规建筑",
        "layer": "buildings"
      },
      "geometry": {
        "type": "Polygon",
        "coordinates": [
          [
            [
              764,
              747
            ],
            [
              804,
              747
            ],
            [
              804,
              783
            ],
            [
              764,
              783
            ],
            [
              764,
              747
            ]
          ]
        ]
      }
    },
    {
      "type": "Feature",
      "properties": {
        "id": "T-050",
        "name": "助教值班楼 3 号",
        "zone": "教学区",
        "kind": "building",
        "footprint": 3000,
        "description": "承担学院教学、研读、考核和师生支持。",
        "frontageRoad": "H-02-W",
        "blockId": "BLK-23",
        "scaleClass": "街坊主建筑",
        "layer": "buildings"
      },
      "geometry": {
        "type": "Polygon",
        "coordinates": [
          [
            [
              833,
              748
            ],
            [
              893,
              748
            ],
            [
              893,
              798
            ],
            [
              833,
              798
            ],
            [
              833,
              748
            ]
          ]
        ]
      }
    },
    {
      "type": "Feature",
      "properties": {
        "id": "T-051",
        "name": "教学器材馆 3 号",
        "zone": "教学区",
        "kind": "building",
        "footprint": 1440,
        "description": "承担学院教学、研读、考核和师生支持。",
        "frontageRoad": "H-02-W",
        "blockId": "BLK-23",
        "scaleClass": "街坊常规建筑",
        "layer": "buildings"
      },
      "geometry": {
        "type": "Polygon",
        "coordinates": [
          [
            [
              902,
              746
            ],
            [
              942,
              746
            ],
            [
              942,
              782
            ],
            [
              902,
              782
            ],
            [
              902,
              746
            ]
          ]
        ]
      }
    },
    {
      "type": "Feature",
      "properties": {
        "id": "T-052",
        "name": "公共演示厅 3 号",
        "zone": "教学区",
        "kind": "building",
        "footprint": 1440,
        "description": "承担学院教学、研读、考核和师生支持。",
        "frontageRoad": "H-03-W",
        "blockId": "BLK-23",
        "scaleClass": "街坊常规建筑",
        "layer": "buildings"
      },
      "geometry": {
        "type": "Polygon",
        "coordinates": [
          [
            [
              764,
              917
            ],
            [
              804,
              917
            ],
            [
              804,
              953
            ],
            [
              764,
              953
            ],
            [
              764,
              917
            ]
          ]
        ]
      }
    },
    {
      "type": "Feature",
      "properties": {
        "id": "T-053",
        "name": "历史与制度馆 3 号",
        "zone": "教学区",
        "kind": "building",
        "footprint": 3000,
        "description": "承担学院教学、研读、考核和师生支持。",
        "frontageRoad": "H-03-W",
        "blockId": "BLK-23",
        "scaleClass": "街坊主建筑",
        "layer": "buildings"
      },
      "geometry": {
        "type": "Polygon",
        "coordinates": [
          [
            [
              833,
              902
            ],
            [
              893,
              902
            ],
            [
              893,
              952
            ],
            [
              833,
              952
            ],
            [
              833,
              902
            ]
          ]
        ]
      }
    },
    {
      "type": "Feature",
      "properties": {
        "id": "T-054",
        "name": "基础术式楼 3 号",
        "zone": "教学区",
        "kind": "building",
        "footprint": 1440,
        "description": "承担学院教学、研读、考核和师生支持。",
        "frontageRoad": "H-03-W",
        "blockId": "BLK-23",
        "scaleClass": "街坊常规建筑",
        "layer": "buildings"
      },
      "geometry": {
        "type": "Polygon",
        "coordinates": [
          [
            [
              902,
              918
            ],
            [
              942,
              918
            ],
            [
              942,
              954
            ],
            [
              902,
              954
            ],
            [
              902,
              918
            ]
          ]
        ]
      }
    },
    {
      "type": "Feature",
      "properties": {
        "id": "C-049",
        "name": "公共浴场 3 号",
        "zone": "中庭区",
        "kind": "building",
        "footprint": 1440,
        "description": "承担学院治理、城市公共文化和跨区服务。",
        "frontageRoad": "H-02-W",
        "blockId": "BLK-24",
        "scaleClass": "街坊常规建筑",
        "layer": "buildings"
      },
      "geometry": {
        "type": "Polygon",
        "coordinates": [
          [
            [
              993,
              748
            ],
            [
              1033,
              748
            ],
            [
              1033,
              784
            ],
            [
              993,
              784
            ],
            [
              993,
              748
            ]
          ]
        ]
      }
    },
    {
      "type": "Feature",
      "properties": {
        "id": "C-050",
        "name": "城市档案副馆 3 号",
        "zone": "中庭区",
        "kind": "building",
        "footprint": 1440,
        "description": "承担学院治理、城市公共文化和跨区服务。",
        "frontageRoad": "H-02-W",
        "blockId": "BLK-24",
        "scaleClass": "街坊常规建筑",
        "layer": "buildings"
      },
      "geometry": {
        "type": "Polygon",
        "coordinates": [
          [
            [
              1053,
              746
            ],
            [
              1093,
              746
            ],
            [
              1093,
              782
            ],
            [
              1053,
              782
            ],
            [
              1053,
              746
            ]
          ]
        ]
      }
    },
    {
      "type": "Feature",
      "properties": {
        "id": "C-051",
        "name": "访客服务厅 3 号",
        "zone": "中庭区",
        "kind": "building",
        "footprint": 3000,
        "description": "承担学院治理、城市公共文化和跨区服务。",
        "frontageRoad": "H-02-W",
        "blockId": "BLK-24",
        "scaleClass": "街坊主建筑",
        "layer": "buildings"
      },
      "geometry": {
        "type": "Polygon",
        "coordinates": [
          [
            [
              1122,
              747
            ],
            [
              1182,
              747
            ],
            [
              1182,
              797
            ],
            [
              1122,
              797
            ],
            [
              1122,
              747
            ]
          ]
        ]
      }
    },
    {
      "type": "Feature",
      "properties": {
        "id": "C-052",
        "name": "公共医疗站 3 号",
        "zone": "中庭区",
        "kind": "building",
        "footprint": 1440,
        "description": "承担学院治理、城市公共文化和跨区服务。",
        "frontageRoad": "H-03-W",
        "blockId": "BLK-24",
        "scaleClass": "街坊常规建筑",
        "layer": "buildings"
      },
      "geometry": {
        "type": "Polygon",
        "coordinates": [
          [
            [
              993,
              916
            ],
            [
              1033,
              916
            ],
            [
              1033,
              952
            ],
            [
              993,
              952
            ],
            [
              993,
              916
            ]
          ]
        ]
      }
    },
    {
      "type": "Feature",
      "properties": {
        "id": "C-053",
        "name": "文化演出厅 3 号",
        "zone": "中庭区",
        "kind": "building",
        "footprint": 1440,
        "description": "承担学院治理、城市公共文化和跨区服务。",
        "frontageRoad": "H-03-W",
        "blockId": "BLK-24",
        "scaleClass": "街坊常规建筑",
        "layer": "buildings"
      },
      "geometry": {
        "type": "Polygon",
        "coordinates": [
          [
            [
              1053,
              918
            ],
            [
              1093,
              918
            ],
            [
              1093,
              954
            ],
            [
              1053,
              954
            ],
            [
              1053,
              918
            ]
          ]
        ]
      }
    },
    {
      "type": "Feature",
      "properties": {
        "id": "C-054",
        "name": "青年服务屋 3 号",
        "zone": "中庭区",
        "kind": "building",
        "footprint": 3000,
        "description": "承担学院治理、城市公共文化和跨区服务。",
        "frontageRoad": "H-03-W",
        "blockId": "BLK-24",
        "scaleClass": "街坊主建筑",
        "layer": "buildings"
      },
      "geometry": {
        "type": "Polygon",
        "coordinates": [
          [
            [
              1122,
              903
            ],
            [
              1182,
              903
            ],
            [
              1182,
              953
            ],
            [
              1122,
              953
            ],
            [
              1122,
              903
            ]
          ]
        ]
      }
    },
    {
      "type": "Feature",
      "properties": {
        "id": "C-055",
        "name": "契约见证厅 3 号",
        "zone": "中庭区",
        "kind": "building",
        "footprint": 3000,
        "description": "承担学院治理、城市公共文化和跨区服务。",
        "frontageRoad": "H-02-W",
        "blockId": "BLK-25",
        "scaleClass": "街坊主建筑",
        "layer": "buildings"
      },
      "geometry": {
        "type": "Polygon",
        "coordinates": [
          [
            [
              1213,
              746
            ],
            [
              1273,
              746
            ],
            [
              1273,
              796
            ],
            [
              1213,
              796
            ],
            [
              1213,
              746
            ]
          ]
        ]
      }
    },
    {
      "type": "Feature",
      "properties": {
        "id": "C-056",
        "name": "河湖管理所 3 号",
        "zone": "中庭区",
        "kind": "building",
        "footprint": 1440,
        "description": "承担学院治理、城市公共文化和跨区服务。",
        "frontageRoad": "H-02-W",
        "blockId": "BLK-25",
        "scaleClass": "街坊常规建筑",
        "layer": "buildings"
      },
      "geometry": {
        "type": "Polygon",
        "coordinates": [
          [
            [
              1282,
              747
            ],
            [
              1322,
              747
            ],
            [
              1322,
              783
            ],
            [
              1282,
              783
            ],
            [
              1282,
              747
            ]
          ]
        ]
      }
    },
    {
      "type": "Feature",
      "properties": {
        "id": "C-057",
        "name": "公共厨房 3 号",
        "zone": "中庭区",
        "kind": "building",
        "footprint": 1440,
        "description": "承担学院治理、城市公共文化和跨区服务。",
        "frontageRoad": "H-02-W",
        "blockId": "BLK-25",
        "scaleClass": "街坊常规建筑",
        "layer": "buildings"
      },
      "geometry": {
        "type": "Polygon",
        "coordinates": [
          [
            [
              1342,
              748
            ],
            [
              1382,
              748
            ],
            [
              1382,
              784
            ],
            [
              1342,
              784
            ],
            [
              1342,
              748
            ]
          ]
        ]
      }
    },
    {
      "type": "Feature",
      "properties": {
        "id": "C-058",
        "name": "城市防灾厅 3 号",
        "zone": "中庭区",
        "kind": "building",
        "footprint": 3000,
        "description": "承担学院治理、城市公共文化和跨区服务。",
        "frontageRoad": "H-03-W",
        "blockId": "BLK-25",
        "scaleClass": "街坊主建筑",
        "layer": "buildings"
      },
      "geometry": {
        "type": "Polygon",
        "coordinates": [
          [
            [
              1213,
              904
            ],
            [
              1273,
              904
            ],
            [
              1273,
              954
            ],
            [
              1213,
              954
            ],
            [
              1213,
              904
            ]
          ]
        ]
      }
    },
    {
      "type": "Feature",
      "properties": {
        "id": "C-059",
        "name": "学院调度事务楼 3 号",
        "zone": "中庭区",
        "kind": "building",
        "footprint": 1440,
        "description": "承担学院治理、城市公共文化和跨区服务。",
        "frontageRoad": "H-03-W",
        "blockId": "BLK-25",
        "scaleClass": "街坊常规建筑",
        "layer": "buildings"
      },
      "geometry": {
        "type": "Polygon",
        "coordinates": [
          [
            [
              1282,
              917
            ],
            [
              1322,
              917
            ],
            [
              1322,
              953
            ],
            [
              1282,
              953
            ],
            [
              1282,
              917
            ]
          ]
        ]
      }
    },
    {
      "type": "Feature",
      "properties": {
        "id": "C-060",
        "name": "市政协作办公室 3 号",
        "zone": "中庭区",
        "kind": "building",
        "footprint": 1440,
        "description": "承担学院治理、城市公共文化和跨区服务。",
        "frontageRoad": "H-03-W",
        "blockId": "BLK-25",
        "scaleClass": "街坊常规建筑",
        "layer": "buildings"
      },
      "geometry": {
        "type": "Polygon",
        "coordinates": [
          [
            [
              1342,
              916
            ],
            [
              1382,
              916
            ],
            [
              1382,
              952
            ],
            [
              1342,
              952
            ],
            [
              1342,
              916
            ]
          ]
        ]
      }
    },
    {
      "type": "Feature",
      "properties": {
        "id": "C-061",
        "name": "学院行政厅 4 号",
        "zone": "中庭区",
        "kind": "building",
        "footprint": 1440,
        "description": "承担学院治理、城市公共文化和跨区服务。",
        "frontageRoad": "H-02-E",
        "blockId": "BLK-26",
        "scaleClass": "街坊常规建筑",
        "layer": "buildings"
      },
      "geometry": {
        "type": "Polygon",
        "coordinates": [
          [
            [
              1802,
              747
            ],
            [
              1842,
              747
            ],
            [
              1842,
              783
            ],
            [
              1802,
              783
            ],
            [
              1802,
              747
            ]
          ]
        ]
      }
    },
    {
      "type": "Feature",
      "properties": {
        "id": "C-062",
        "name": "城邦公共钟楼 4 号",
        "zone": "中庭区",
        "kind": "building",
        "footprint": 3000,
        "description": "承担学院治理、城市公共文化和跨区服务。",
        "frontageRoad": "H-02-E",
        "blockId": "BLK-26",
        "scaleClass": "街坊主建筑",
        "layer": "buildings"
      },
      "geometry": {
        "type": "Polygon",
        "coordinates": [
          [
            [
              1862,
              748
            ],
            [
              1922,
              748
            ],
            [
              1922,
              798
            ],
            [
              1862,
              798
            ],
            [
              1862,
              748
            ]
          ]
        ]
      }
    },
    {
      "type": "Feature",
      "properties": {
        "id": "C-063",
        "name": "学生公共屋 4 号",
        "zone": "中庭区",
        "kind": "building",
        "footprint": 1440,
        "description": "承担学院治理、城市公共文化和跨区服务。",
        "frontageRoad": "H-02-E",
        "blockId": "BLK-26",
        "scaleClass": "街坊常规建筑",
        "layer": "buildings"
      },
      "geometry": {
        "type": "Polygon",
        "coordinates": [
          [
            [
              1931,
              746
            ],
            [
              1971,
              746
            ],
            [
              1971,
              782
            ],
            [
              1931,
              782
            ],
            [
              1931,
              746
            ]
          ]
        ]
      }
    },
    {
      "type": "Feature",
      "properties": {
        "id": "C-064",
        "name": "市民议事厅 4 号",
        "zone": "中庭区",
        "kind": "building",
        "footprint": 1440,
        "description": "承担学院治理、城市公共文化和跨区服务。",
        "frontageRoad": "H-03-E",
        "blockId": "BLK-26",
        "scaleClass": "街坊常规建筑",
        "layer": "buildings"
      },
      "geometry": {
        "type": "Polygon",
        "coordinates": [
          [
            [
              1802,
              917
            ],
            [
              1842,
              917
            ],
            [
              1842,
              953
            ],
            [
              1802,
              953
            ],
            [
              1802,
              917
            ]
          ]
        ]
      }
    },
    {
      "type": "Feature",
      "properties": {
        "id": "C-065",
        "name": "公共食堂 4 号",
        "zone": "中庭区",
        "kind": "building",
        "footprint": 3000,
        "description": "承担学院治理、城市公共文化和跨区服务。",
        "frontageRoad": "H-03-E",
        "blockId": "BLK-26",
        "scaleClass": "街坊主建筑",
        "layer": "buildings"
      },
      "geometry": {
        "type": "Polygon",
        "coordinates": [
          [
            [
              1862,
              902
            ],
            [
              1922,
              902
            ],
            [
              1922,
              952
            ],
            [
              1862,
              952
            ],
            [
              1862,
              902
            ]
          ]
        ]
      }
    },
    {
      "type": "Feature",
      "properties": {
        "id": "C-066",
        "name": "社团与活动楼 4 号",
        "zone": "中庭区",
        "kind": "building",
        "footprint": 1440,
        "description": "承担学院治理、城市公共文化和跨区服务。",
        "frontageRoad": "H-03-E",
        "blockId": "BLK-26",
        "scaleClass": "街坊常规建筑",
        "layer": "buildings"
      },
      "geometry": {
        "type": "Polygon",
        "coordinates": [
          [
            [
              1931,
              918
            ],
            [
              1971,
              918
            ],
            [
              1971,
              954
            ],
            [
              1931,
              954
            ],
            [
              1931,
              918
            ]
          ]
        ]
      }
    },
    {
      "type": "Feature",
      "properties": {
        "id": "C-067",
        "name": "中立审理庭 4 号",
        "zone": "中庭区",
        "kind": "building",
        "footprint": 1440,
        "description": "承担学院治理、城市公共文化和跨区服务。",
        "frontageRoad": "H-02-E",
        "blockId": "BLK-27",
        "scaleClass": "街坊常规建筑",
        "layer": "buildings"
      },
      "geometry": {
        "type": "Polygon",
        "coordinates": [
          [
            [
              2022,
              748
            ],
            [
              2062,
              748
            ],
            [
              2062,
              784
            ],
            [
              2022,
              784
            ],
            [
              2022,
              748
            ]
          ]
        ]
      }
    },
    {
      "type": "Feature",
      "properties": {
        "id": "C-068",
        "name": "邮政与通信局 4 号",
        "zone": "中庭区",
        "kind": "building",
        "footprint": 1440,
        "description": "承担学院治理、城市公共文化和跨区服务。",
        "frontageRoad": "H-02-E",
        "blockId": "BLK-27",
        "scaleClass": "街坊常规建筑",
        "layer": "buildings"
      },
      "geometry": {
        "type": "Polygon",
        "coordinates": [
          [
            [
              2091,
              746
            ],
            [
              2131,
              746
            ],
            [
              2131,
              782
            ],
            [
              2091,
              782
            ],
            [
              2091,
              746
            ]
          ]
        ]
      }
    },
    {
      "type": "Feature",
      "properties": {
        "id": "C-069",
        "name": "公共浴场 4 号",
        "zone": "中庭区",
        "kind": "building",
        "footprint": 3000,
        "description": "承担学院治理、城市公共文化和跨区服务。",
        "frontageRoad": "H-02-E",
        "blockId": "BLK-27",
        "scaleClass": "街坊主建筑",
        "layer": "buildings"
      },
      "geometry": {
        "type": "Polygon",
        "coordinates": [
          [
            [
              2151,
              747
            ],
            [
              2211,
              747
            ],
            [
              2211,
              797
            ],
            [
              2151,
              797
            ],
            [
              2151,
              747
            ]
          ]
        ]
      }
    },
    {
      "type": "Feature",
      "properties": {
        "id": "C-070",
        "name": "城市档案副馆 4 号",
        "zone": "中庭区",
        "kind": "building",
        "footprint": 1440,
        "description": "承担学院治理、城市公共文化和跨区服务。",
        "frontageRoad": "H-03-E",
        "blockId": "BLK-27",
        "scaleClass": "街坊常规建筑",
        "layer": "buildings"
      },
      "geometry": {
        "type": "Polygon",
        "coordinates": [
          [
            [
              2022,
              916
            ],
            [
              2062,
              916
            ],
            [
              2062,
              952
            ],
            [
              2022,
              952
            ],
            [
              2022,
              916
            ]
          ]
        ]
      }
    },
    {
      "type": "Feature",
      "properties": {
        "id": "C-071",
        "name": "访客服务厅 4 号",
        "zone": "中庭区",
        "kind": "building",
        "footprint": 1440,
        "description": "承担学院治理、城市公共文化和跨区服务。",
        "frontageRoad": "H-03-E",
        "blockId": "BLK-27",
        "scaleClass": "街坊常规建筑",
        "layer": "buildings"
      },
      "geometry": {
        "type": "Polygon",
        "coordinates": [
          [
            [
              2091,
              918
            ],
            [
              2131,
              918
            ],
            [
              2131,
              954
            ],
            [
              2091,
              954
            ],
            [
              2091,
              918
            ]
          ]
        ]
      }
    },
    {
      "type": "Feature",
      "properties": {
        "id": "C-072",
        "name": "公共医疗站 4 号",
        "zone": "中庭区",
        "kind": "building",
        "footprint": 3000,
        "description": "承担学院治理、城市公共文化和跨区服务。",
        "frontageRoad": "H-03-E",
        "blockId": "BLK-27",
        "scaleClass": "街坊主建筑",
        "layer": "buildings"
      },
      "geometry": {
        "type": "Polygon",
        "coordinates": [
          [
            [
              2151,
              903
            ],
            [
              2211,
              903
            ],
            [
              2211,
              953
            ],
            [
              2151,
              953
            ],
            [
              2151,
              903
            ]
          ]
        ]
      }
    },
    {
      "type": "Feature",
      "properties": {
        "id": "W-037",
        "name": "公共校准大厅 3 号",
        "zone": "工坊区",
        "kind": "building",
        "footprint": 3000,
        "description": "承担教学制作、城市维修、供能和安全处理。",
        "frontageRoad": "H-02-E",
        "blockId": "BLK-28",
        "scaleClass": "街坊主建筑",
        "layer": "buildings"
      },
      "geometry": {
        "type": "Polygon",
        "coordinates": [
          [
            [
              2242,
              746
            ],
            [
              2302,
              746
            ],
            [
              2302,
              796
            ],
            [
              2242,
              796
            ],
            [
              2242,
              746
            ]
          ]
        ]
      }
    },
    {
      "type": "Feature",
      "properties": {
        "id": "W-038",
        "name": "材料与机械工坊 3 号",
        "zone": "工坊区",
        "kind": "building",
        "footprint": 1440,
        "description": "承担教学制作、城市维修、供能和安全处理。",
        "frontageRoad": "H-02-E",
        "blockId": "BLK-28",
        "scaleClass": "街坊常规建筑",
        "layer": "buildings"
      },
      "geometry": {
        "type": "Polygon",
        "coordinates": [
          [
            [
              2311,
              747
            ],
            [
              2351,
              747
            ],
            [
              2351,
              783
            ],
            [
              2311,
              783
            ],
            [
              2311,
              747
            ]
          ]
        ]
      }
    },
    {
      "type": "Feature",
      "properties": {
        "id": "W-039",
        "name": "导具设计楼 3 号",
        "zone": "工坊区",
        "kind": "building",
        "footprint": 1440,
        "description": "承担教学制作、城市维修、供能和安全处理。",
        "frontageRoad": "H-02-E",
        "blockId": "BLK-28",
        "scaleClass": "街坊常规建筑",
        "layer": "buildings"
      },
      "geometry": {
        "type": "Polygon",
        "coordinates": [
          [
            [
              2380,
              748
            ],
            [
              2420,
              748
            ],
            [
              2420,
              784
            ],
            [
              2380,
              784
            ],
            [
              2380,
              748
            ]
          ]
        ]
      }
    },
    {
      "type": "Feature",
      "properties": {
        "id": "W-040",
        "name": "试储与导能楼 3 号",
        "zone": "工坊区",
        "kind": "building",
        "footprint": 3000,
        "description": "承担教学制作、城市维修、供能和安全处理。",
        "frontageRoad": "H-03-E",
        "blockId": "BLK-28",
        "scaleClass": "街坊主建筑",
        "layer": "buildings"
      },
      "geometry": {
        "type": "Polygon",
        "coordinates": [
          [
            [
              2242,
              904
            ],
            [
              2302,
              904
            ],
            [
              2302,
              954
            ],
            [
              2242,
              954
            ],
            [
              2242,
              904
            ]
          ]
        ]
      }
    },
    {
      "type": "Feature",
      "properties": {
        "id": "W-041",
        "name": "登记材料库 3 号",
        "zone": "工坊区",
        "kind": "building",
        "footprint": 1440,
        "description": "承担教学制作、城市维修、供能和安全处理。",
        "frontageRoad": "H-03-E",
        "blockId": "BLK-28",
        "scaleClass": "街坊常规建筑",
        "layer": "buildings"
      },
      "geometry": {
        "type": "Polygon",
        "coordinates": [
          [
            [
              2311,
              917
            ],
            [
              2351,
              917
            ],
            [
              2351,
              953
            ],
            [
              2311,
              953
            ],
            [
              2311,
              917
            ]
          ]
        ]
      }
    },
    {
      "type": "Feature",
      "properties": {
        "id": "W-042",
        "name": "绝缘耗材库 3 号",
        "zone": "工坊区",
        "kind": "building",
        "footprint": 1440,
        "description": "承担教学制作、城市维修、供能和安全处理。",
        "frontageRoad": "H-03-E",
        "blockId": "BLK-28",
        "scaleClass": "街坊常规建筑",
        "layer": "buildings"
      },
      "geometry": {
        "type": "Polygon",
        "coordinates": [
          [
            [
              2380,
              916
            ],
            [
              2420,
              916
            ],
            [
              2420,
              952
            ],
            [
              2380,
              952
            ],
            [
              2380,
              916
            ]
          ]
        ]
      }
    },
    {
      "type": "Feature",
      "properties": {
        "id": "W-043",
        "name": "安全洗消站 3 号",
        "zone": "工坊区",
        "kind": "building",
        "footprint": 1440,
        "description": "承担教学制作、城市维修、供能和安全处理。",
        "frontageRoad": "H-02-E",
        "blockId": "BLK-29",
        "scaleClass": "街坊常规建筑",
        "layer": "buildings"
      },
      "geometry": {
        "type": "Polygon",
        "coordinates": [
          [
            [
              2471,
              747
            ],
            [
              2511,
              747
            ],
            [
              2511,
              783
            ],
            [
              2471,
              783
            ],
            [
              2471,
              747
            ]
          ]
        ]
      }
    },
    {
      "type": "Feature",
      "properties": {
        "id": "W-044",
        "name": "工具发放屋 3 号",
        "zone": "工坊区",
        "kind": "building",
        "footprint": 3000,
        "description": "承担教学制作、城市维修、供能和安全处理。",
        "frontageRoad": "H-02-E",
        "blockId": "BLK-29",
        "scaleClass": "街坊主建筑",
        "layer": "buildings"
      },
      "geometry": {
        "type": "Polygon",
        "coordinates": [
          [
            [
              2540,
              748
            ],
            [
              2600,
              748
            ],
            [
              2600,
              798
            ],
            [
              2540,
              798
            ],
            [
              2540,
              748
            ]
          ]
        ]
      }
    },
    {
      "type": "Feature",
      "properties": {
        "id": "W-045",
        "name": "器材检验楼 3 号",
        "zone": "工坊区",
        "kind": "building",
        "footprint": 1440,
        "description": "承担教学制作、城市维修、供能和安全处理。",
        "frontageRoad": "H-02-E",
        "blockId": "BLK-29",
        "scaleClass": "街坊常规建筑",
        "layer": "buildings"
      },
      "geometry": {
        "type": "Polygon",
        "coordinates": [
          [
            [
              2600,
              746
            ],
            [
              2640,
              746
            ],
            [
              2640,
              782
            ],
            [
              2600,
              782
            ],
            [
              2600,
              746
            ]
          ]
        ]
      }
    },
    {
      "type": "Feature",
      "properties": {
        "id": "W-046",
        "name": "基础材料实验楼 3 号",
        "zone": "工坊区",
        "kind": "building",
        "footprint": 1440,
        "description": "承担教学制作、城市维修、供能和安全处理。",
        "frontageRoad": "H-03-E",
        "blockId": "BLK-29",
        "scaleClass": "街坊常规建筑",
        "layer": "buildings"
      },
      "geometry": {
        "type": "Polygon",
        "coordinates": [
          [
            [
              2471,
              917
            ],
            [
              2511,
              917
            ],
            [
              2511,
              953
            ],
            [
              2471,
              953
            ],
            [
              2471,
              917
            ]
          ]
        ]
      }
    },
    {
      "type": "Feature",
      "properties": {
        "id": "W-047",
        "name": "织构与软材工坊 3 号",
        "zone": "工坊区",
        "kind": "building",
        "footprint": 3000,
        "description": "承担教学制作、城市维修、供能和安全处理。",
        "frontageRoad": "H-03-E",
        "blockId": "BLK-29",
        "scaleClass": "街坊主建筑",
        "layer": "buildings"
      },
      "geometry": {
        "type": "Polygon",
        "coordinates": [
          [
            [
              2540,
              902
            ],
            [
              2600,
              902
            ],
            [
              2600,
              952
            ],
            [
              2540,
              952
            ],
            [
              2540,
              902
            ]
          ]
        ]
      }
    },
    {
      "type": "Feature",
      "properties": {
        "id": "W-048",
        "name": "城市供能维护所 3 号",
        "zone": "工坊区",
        "kind": "building",
        "footprint": 1440,
        "description": "承担教学制作、城市维修、供能和安全处理。",
        "frontageRoad": "H-03-E",
        "blockId": "BLK-29",
        "scaleClass": "街坊常规建筑",
        "layer": "buildings"
      },
      "geometry": {
        "type": "Polygon",
        "coordinates": [
          [
            [
              2600,
              918
            ],
            [
              2640,
              918
            ],
            [
              2640,
              954
            ],
            [
              2600,
              954
            ],
            [
              2600,
              918
            ]
          ]
        ]
      }
    },
    {
      "type": "Feature",
      "properties": {
        "id": "W-049",
        "name": "公共维修厂 3 号",
        "zone": "工坊区",
        "kind": "building",
        "footprint": 1440,
        "description": "承担教学制作、城市维修、供能和安全处理。",
        "frontageRoad": "H-02-E",
        "blockId": "BLK-30",
        "scaleClass": "街坊常规建筑",
        "layer": "buildings"
      },
      "geometry": {
        "type": "Polygon",
        "coordinates": [
          [
            [
              2691,
              748
            ],
            [
              2731,
              748
            ],
            [
              2731,
              784
            ],
            [
              2691,
              784
            ],
            [
              2691,
              748
            ]
          ]
        ]
      }
    },
    {
      "type": "Feature",
      "properties": {
        "id": "W-050",
        "name": "河桥机务所 3 号",
        "zone": "工坊区",
        "kind": "building",
        "footprint": 1440,
        "description": "承担教学制作、城市维修、供能和安全处理。",
        "frontageRoad": "H-02-E",
        "blockId": "BLK-30",
        "scaleClass": "街坊常规建筑",
        "layer": "buildings"
      },
      "geometry": {
        "type": "Polygon",
        "coordinates": [
          [
            [
              2760,
              746
            ],
            [
              2800,
              746
            ],
            [
              2800,
              782
            ],
            [
              2760,
              782
            ],
            [
              2760,
              746
            ]
          ]
        ]
      }
    },
    {
      "type": "Feature",
      "properties": {
        "id": "W-051",
        "name": "精密量具馆 3 号",
        "zone": "工坊区",
        "kind": "building",
        "footprint": 3000,
        "description": "承担教学制作、城市维修、供能和安全处理。",
        "frontageRoad": "H-02-E",
        "blockId": "BLK-30",
        "scaleClass": "街坊主建筑",
        "layer": "buildings"
      },
      "geometry": {
        "type": "Polygon",
        "coordinates": [
          [
            [
              2829,
              747
            ],
            [
              2889,
              747
            ],
            [
              2889,
              797
            ],
            [
              2829,
              797
            ],
            [
              2829,
              747
            ]
          ]
        ]
      }
    },
    {
      "type": "Feature",
      "properties": {
        "id": "W-052",
        "name": "防火值守站 3 号",
        "zone": "工坊区",
        "kind": "building",
        "footprint": 1440,
        "description": "承担教学制作、城市维修、供能和安全处理。",
        "frontageRoad": "H-03-E",
        "blockId": "BLK-30",
        "scaleClass": "街坊常规建筑",
        "layer": "buildings"
      },
      "geometry": {
        "type": "Polygon",
        "coordinates": [
          [
            [
              2691,
              916
            ],
            [
              2731,
              916
            ],
            [
              2731,
              952
            ],
            [
              2691,
              952
            ],
            [
              2691,
              916
            ]
          ]
        ]
      }
    },
    {
      "type": "Feature",
      "properties": {
        "id": "W-053",
        "name": "废料分类场 3 号",
        "zone": "工坊区",
        "kind": "building",
        "footprint": 1440,
        "description": "承担教学制作、城市维修、供能和安全处理。",
        "frontageRoad": "H-03-E",
        "blockId": "BLK-30",
        "scaleClass": "街坊常规建筑",
        "layer": "buildings"
      },
      "geometry": {
        "type": "Polygon",
        "coordinates": [
          [
            [
              2760,
              918
            ],
            [
              2800,
              918
            ],
            [
              2800,
              954
            ],
            [
              2760,
              954
            ],
            [
              2760,
              918
            ]
          ]
        ]
      }
    },
    {
      "type": "Feature",
      "properties": {
        "id": "W-054",
        "name": "工读作业楼 3 号",
        "zone": "工坊区",
        "kind": "building",
        "footprint": 3000,
        "description": "承担教学制作、城市维修、供能和安全处理。",
        "frontageRoad": "H-03-E",
        "blockId": "BLK-30",
        "scaleClass": "街坊主建筑",
        "layer": "buildings"
      },
      "geometry": {
        "type": "Polygon",
        "coordinates": [
          [
            [
              2829,
              903
            ],
            [
              2889,
              903
            ],
            [
              2889,
              953
            ],
            [
              2829,
              953
            ],
            [
              2829,
              903
            ]
          ]
        ]
      }
    },
    {
      "type": "Feature",
      "properties": {
        "id": "L-001",
        "name": "共同基础宿舍",
        "zone": "生活区",
        "kind": "building",
        "footprint": 3000,
        "description": "承担学生与居民的住宿、饮食、医疗和社区生活。",
        "frontageRoad": "H-03-W",
        "blockId": "BLK-31",
        "scaleClass": "街坊主建筑",
        "layer": "buildings"
      },
      "geometry": {
        "type": "Polygon",
        "coordinates": [
          [
            [
              320,
              986
            ],
            [
              380,
              986
            ],
            [
              380,
              1036
            ],
            [
              320,
              1036
            ],
            [
              320,
              986
            ]
          ]
        ]
      }
    },
    {
      "type": "Feature",
      "properties": {
        "id": "L-002",
        "name": "专业院系宿舍",
        "zone": "生活区",
        "kind": "building",
        "footprint": 1440,
        "description": "承担学生与居民的住宿、饮食、医疗和社区生活。",
        "frontageRoad": "H-03-W",
        "blockId": "BLK-31",
        "scaleClass": "街坊常规建筑",
        "layer": "buildings"
      },
      "geometry": {
        "type": "Polygon",
        "coordinates": [
          [
            [
              380,
              987
            ],
            [
              420,
              987
            ],
            [
              420,
              1023
            ],
            [
              380,
              1023
            ],
            [
              380,
              987
            ]
          ]
        ]
      }
    },
    {
      "type": "Feature",
      "properties": {
        "id": "L-003",
        "name": "城市居民公寓",
        "zone": "生活区",
        "kind": "building",
        "footprint": 1440,
        "description": "承担学生与居民的住宿、饮食、医疗和社区生活。",
        "frontageRoad": "H-03-W",
        "blockId": "BLK-31",
        "scaleClass": "街坊常规建筑",
        "layer": "buildings"
      },
      "geometry": {
        "type": "Polygon",
        "coordinates": [
          [
            [
              449,
              988
            ],
            [
              489,
              988
            ],
            [
              489,
              1024
            ],
            [
              449,
              1024
            ],
            [
              449,
              988
            ]
          ]
        ]
      }
    },
    {
      "type": "Feature",
      "properties": {
        "id": "L-004",
        "name": "社区餐厨楼",
        "zone": "生活区",
        "kind": "building",
        "footprint": 3000,
        "description": "承担学生与居民的住宿、饮食、医疗和社区生活。",
        "frontageRoad": "H-04-W",
        "blockId": "BLK-31",
        "scaleClass": "街坊主建筑",
        "layer": "buildings"
      },
      "geometry": {
        "type": "Polygon",
        "coordinates": [
          [
            [
              320,
              1144
            ],
            [
              380,
              1144
            ],
            [
              380,
              1194
            ],
            [
              320,
              1194
            ],
            [
              320,
              1144
            ]
          ]
        ]
      }
    },
    {
      "type": "Feature",
      "properties": {
        "id": "L-005",
        "name": "学院医务院",
        "zone": "生活区",
        "kind": "building",
        "footprint": 1440,
        "description": "承担学生与居民的住宿、饮食、医疗和社区生活。",
        "frontageRoad": "H-04-W",
        "blockId": "BLK-31",
        "scaleClass": "街坊常规建筑",
        "layer": "buildings"
      },
      "geometry": {
        "type": "Polygon",
        "coordinates": [
          [
            [
              380,
              1157
            ],
            [
              420,
              1157
            ],
            [
              420,
              1193
            ],
            [
              380,
              1193
            ],
            [
              380,
              1157
            ]
          ]
        ]
      }
    },
    {
      "type": "Feature",
      "properties": {
        "id": "L-006",
        "name": "洗衣与浴室",
        "zone": "生活区",
        "kind": "building",
        "footprint": 1440,
        "description": "承担学生与居民的住宿、饮食、医疗和社区生活。",
        "frontageRoad": "H-04-W",
        "blockId": "BLK-31",
        "scaleClass": "街坊常规建筑",
        "layer": "buildings"
      },
      "geometry": {
        "type": "Polygon",
        "coordinates": [
          [
            [
              449,
              1156
            ],
            [
              489,
              1156
            ],
            [
              489,
              1192
            ],
            [
              449,
              1192
            ],
            [
              449,
              1156
            ]
          ]
        ]
      }
    },
    {
      "type": "Feature",
      "properties": {
        "id": "L-007",
        "name": "工读服务屋",
        "zone": "生活区",
        "kind": "building",
        "footprint": 1440,
        "description": "承担学生与居民的住宿、饮食、医疗和社区生活。",
        "frontageRoad": "H-03-W",
        "blockId": "BLK-32",
        "scaleClass": "街坊常规建筑",
        "layer": "buildings"
      },
      "geometry": {
        "type": "Polygon",
        "coordinates": [
          [
            [
              540,
              987
            ],
            [
              580,
              987
            ],
            [
              580,
              1023
            ],
            [
              540,
              1023
            ],
            [
              540,
              987
            ]
          ]
        ]
      }
    },
    {
      "type": "Feature",
      "properties": {
        "id": "L-008",
        "name": "夜间公共屋",
        "zone": "生活区",
        "kind": "building",
        "footprint": 3000,
        "description": "承担学生与居民的住宿、饮食、医疗和社区生活。",
        "frontageRoad": "H-03-W",
        "blockId": "BLK-32",
        "scaleClass": "街坊主建筑",
        "layer": "buildings"
      },
      "geometry": {
        "type": "Polygon",
        "coordinates": [
          [
            [
              609,
              988
            ],
            [
              669,
              988
            ],
            [
              669,
              1038
            ],
            [
              609,
              1038
            ],
            [
              609,
              988
            ]
          ]
        ]
      }
    },
    {
      "type": "Feature",
      "properties": {
        "id": "L-009",
        "name": "社区诊疗所",
        "zone": "生活区",
        "kind": "building",
        "footprint": 1440,
        "description": "承担学生与居民的住宿、饮食、医疗和社区生活。",
        "frontageRoad": "H-03-W",
        "blockId": "BLK-32",
        "scaleClass": "街坊常规建筑",
        "layer": "buildings"
      },
      "geometry": {
        "type": "Polygon",
        "coordinates": [
          [
            [
              678,
              986
            ],
            [
              718,
              986
            ],
            [
              718,
              1022
            ],
            [
              678,
              1022
            ],
            [
              678,
              986
            ]
          ]
        ]
      }
    },
    {
      "type": "Feature",
      "properties": {
        "id": "L-010",
        "name": "托育与家庭服务屋",
        "zone": "生活区",
        "kind": "building",
        "footprint": 1440,
        "description": "承担学生与居民的住宿、饮食、医疗和社区生活。",
        "frontageRoad": "H-04-W",
        "blockId": "BLK-32",
        "scaleClass": "街坊常规建筑",
        "layer": "buildings"
      },
      "geometry": {
        "type": "Polygon",
        "coordinates": [
          [
            [
              540,
              1157
            ],
            [
              580,
              1157
            ],
            [
              580,
              1193
            ],
            [
              540,
              1193
            ],
            [
              540,
              1157
            ]
          ]
        ]
      }
    },
    {
      "type": "Feature",
      "properties": {
        "id": "L-011",
        "name": "公共储物楼",
        "zone": "生活区",
        "kind": "building",
        "footprint": 3000,
        "description": "承担学生与居民的住宿、饮食、医疗和社区生活。",
        "frontageRoad": "H-04-W",
        "blockId": "BLK-32",
        "scaleClass": "街坊主建筑",
        "layer": "buildings"
      },
      "geometry": {
        "type": "Polygon",
        "coordinates": [
          [
            [
              609,
              1142
            ],
            [
              669,
              1142
            ],
            [
              669,
              1192
            ],
            [
              609,
              1192
            ],
            [
              609,
              1142
            ]
          ]
        ]
      }
    },
    {
      "type": "Feature",
      "properties": {
        "id": "L-012",
        "name": "社区修补所",
        "zone": "生活区",
        "kind": "building",
        "footprint": 1440,
        "description": "承担学生与居民的住宿、饮食、医疗和社区生活。",
        "frontageRoad": "H-04-W",
        "blockId": "BLK-32",
        "scaleClass": "街坊常规建筑",
        "layer": "buildings"
      },
      "geometry": {
        "type": "Polygon",
        "coordinates": [
          [
            [
              678,
              1158
            ],
            [
              718,
              1158
            ],
            [
              718,
              1194
            ],
            [
              678,
              1194
            ],
            [
              678,
              1158
            ]
          ]
        ]
      }
    },
    {
      "type": "Feature",
      "properties": {
        "id": "L-013",
        "name": "夜勤备餐屋",
        "zone": "生活区",
        "kind": "building",
        "footprint": 1440,
        "description": "承担学生与居民的住宿、饮食、医疗和社区生活。",
        "frontageRoad": "H-03-W",
        "blockId": "BLK-33",
        "scaleClass": "街坊常规建筑",
        "layer": "buildings"
      },
      "geometry": {
        "type": "Polygon",
        "coordinates": [
          [
            [
              769,
              988
            ],
            [
              809,
              988
            ],
            [
              809,
              1024
            ],
            [
              769,
              1024
            ],
            [
              769,
              988
            ]
          ]
        ]
      }
    },
    {
      "type": "Feature",
      "properties": {
        "id": "L-014",
        "name": "饮水维护站",
        "zone": "生活区",
        "kind": "building",
        "footprint": 1440,
        "description": "承担学生与居民的住宿、饮食、医疗和社区生活。",
        "frontageRoad": "H-03-W",
        "blockId": "BLK-33",
        "scaleClass": "街坊常规建筑",
        "layer": "buildings"
      },
      "geometry": {
        "type": "Polygon",
        "coordinates": [
          [
            [
              829,
              986
            ],
            [
              869,
              986
            ],
            [
              869,
              1022
            ],
            [
              829,
              1022
            ],
            [
              829,
              986
            ]
          ]
        ]
      }
    },
    {
      "type": "Feature",
      "properties": {
        "id": "L-015",
        "name": "居民议事屋",
        "zone": "生活区",
        "kind": "building",
        "footprint": 3000,
        "description": "承担学生与居民的住宿、饮食、医疗和社区生活。",
        "frontageRoad": "H-03-W",
        "blockId": "BLK-33",
        "scaleClass": "街坊主建筑",
        "layer": "buildings"
      },
      "geometry": {
        "type": "Polygon",
        "coordinates": [
          [
            [
              898,
              987
            ],
            [
              958,
              987
            ],
            [
              958,
              1037
            ],
            [
              898,
              1037
            ],
            [
              898,
              987
            ]
          ]
        ]
      }
    },
    {
      "type": "Feature",
      "properties": {
        "id": "L-016",
        "name": "宿舍自习楼",
        "zone": "生活区",
        "kind": "building",
        "footprint": 1440,
        "description": "承担学生与居民的住宿、饮食、医疗和社区生活。",
        "frontageRoad": "H-04-W",
        "blockId": "BLK-33",
        "scaleClass": "街坊常规建筑",
        "layer": "buildings"
      },
      "geometry": {
        "type": "Polygon",
        "coordinates": [
          [
            [
              769,
              1156
            ],
            [
              809,
              1156
            ],
            [
              809,
              1192
            ],
            [
              769,
              1192
            ],
            [
              769,
              1156
            ]
          ]
        ]
      }
    },
    {
      "type": "Feature",
      "properties": {
        "id": "L-017",
        "name": "公共粮食分发所",
        "zone": "生活区",
        "kind": "building",
        "footprint": 1440,
        "description": "承担学生与居民的住宿、饮食、医疗和社区生活。",
        "frontageRoad": "H-04-W",
        "blockId": "BLK-33",
        "scaleClass": "街坊常规建筑",
        "layer": "buildings"
      },
      "geometry": {
        "type": "Polygon",
        "coordinates": [
          [
            [
              829,
              1158
            ],
            [
              869,
              1158
            ],
            [
              869,
              1194
            ],
            [
              829,
              1194
            ],
            [
              829,
              1158
            ]
          ]
        ]
      }
    },
    {
      "type": "Feature",
      "properties": {
        "id": "L-018",
        "name": "巡夜值班屋",
        "zone": "生活区",
        "kind": "building",
        "footprint": 3000,
        "description": "承担学生与居民的住宿、饮食、医疗和社区生活。",
        "frontageRoad": "H-04-W",
        "blockId": "BLK-33",
        "scaleClass": "街坊主建筑",
        "layer": "buildings"
      },
      "geometry": {
        "type": "Polygon",
        "coordinates": [
          [
            [
              898,
              1143
            ],
            [
              958,
              1143
            ],
            [
              958,
              1193
            ],
            [
              898,
              1193
            ],
            [
              898,
              1143
            ]
          ]
        ]
      }
    },
    {
      "type": "Feature",
      "properties": {
        "id": "M-001",
        "name": "覆顶市集厅",
        "zone": "市集区",
        "kind": "building",
        "footprint": 3000,
        "description": "承担学院与城市共同使用的商业、旅宿、运输和公共服务。",
        "frontageRoad": "H-03-W",
        "blockId": "BLK-34",
        "scaleClass": "街坊主建筑",
        "layer": "buildings"
      },
      "geometry": {
        "type": "Polygon",
        "coordinates": [
          [
            [
              989,
              986
            ],
            [
              1049,
              986
            ],
            [
              1049,
              1036
            ],
            [
              989,
              1036
            ],
            [
              989,
              986
            ]
          ]
        ]
      }
    },
    {
      "type": "Feature",
      "properties": {
        "id": "M-002",
        "name": "常用品商铺",
        "zone": "市集区",
        "kind": "building",
        "footprint": 1440,
        "description": "承担学院与城市共同使用的商业、旅宿、运输和公共服务。",
        "frontageRoad": "H-03-W",
        "blockId": "BLK-34",
        "scaleClass": "街坊常规建筑",
        "layer": "buildings"
      },
      "geometry": {
        "type": "Polygon",
        "coordinates": [
          [
            [
              1058,
              987
            ],
            [
              1098,
              987
            ],
            [
              1098,
              1023
            ],
            [
              1058,
              1023
            ],
            [
              1058,
              987
            ]
          ]
        ]
      }
    },
    {
      "type": "Feature",
      "properties": {
        "id": "M-003",
        "name": "食材与熟食馆",
        "zone": "市集区",
        "kind": "building",
        "footprint": 1440,
        "description": "承担学院与城市共同使用的商业、旅宿、运输和公共服务。",
        "frontageRoad": "H-03-W",
        "blockId": "BLK-34",
        "scaleClass": "街坊常规建筑",
        "layer": "buildings"
      },
      "geometry": {
        "type": "Polygon",
        "coordinates": [
          [
            [
              1118,
              988
            ],
            [
              1158,
              988
            ],
            [
              1158,
              1024
            ],
            [
              1118,
              1024
            ],
            [
              1118,
              988
            ]
          ]
        ]
      }
    },
    {
      "type": "Feature",
      "properties": {
        "id": "M-004",
        "name": "货币与契约所",
        "zone": "市集区",
        "kind": "building",
        "footprint": 3000,
        "description": "承担学院与城市共同使用的商业、旅宿、运输和公共服务。",
        "frontageRoad": "H-04-W",
        "blockId": "BLK-34",
        "scaleClass": "街坊主建筑",
        "layer": "buildings"
      },
      "geometry": {
        "type": "Polygon",
        "coordinates": [
          [
            [
              989,
              1144
            ],
            [
              1049,
              1144
            ],
            [
              1049,
              1194
            ],
            [
              989,
              1194
            ],
            [
              989,
              1144
            ]
          ]
        ]
      }
    },
    {
      "type": "Feature",
      "properties": {
        "id": "M-005",
        "name": "转运车队屋",
        "zone": "市集区",
        "kind": "building",
        "footprint": 1440,
        "description": "承担学院与城市共同使用的商业、旅宿、运输和公共服务。",
        "frontageRoad": "H-04-W",
        "blockId": "BLK-34",
        "scaleClass": "街坊常规建筑",
        "layer": "buildings"
      },
      "geometry": {
        "type": "Polygon",
        "coordinates": [
          [
            [
              1058,
              1157
            ],
            [
              1098,
              1157
            ],
            [
              1098,
              1193
            ],
            [
              1058,
              1193
            ],
            [
              1058,
              1157
            ]
          ]
        ]
      }
    },
    {
      "type": "Feature",
      "properties": {
        "id": "M-006",
        "name": "公共货栈",
        "zone": "市集区",
        "kind": "building",
        "footprint": 1440,
        "description": "承担学院与城市共同使用的商业、旅宿、运输和公共服务。",
        "frontageRoad": "H-04-W",
        "blockId": "BLK-34",
        "scaleClass": "街坊常规建筑",
        "layer": "buildings"
      },
      "geometry": {
        "type": "Polygon",
        "coordinates": [
          [
            [
              1118,
              1156
            ],
            [
              1158,
              1156
            ],
            [
              1158,
              1192
            ],
            [
              1118,
              1192
            ],
            [
              1118,
              1156
            ]
          ]
        ]
      }
    },
    {
      "type": "Feature",
      "properties": {
        "id": "M-007",
        "name": "度量巡查所",
        "zone": "市集区",
        "kind": "building",
        "footprint": 1440,
        "description": "承担学院与城市共同使用的商业、旅宿、运输和公共服务。",
        "frontageRoad": "H-03-W",
        "blockId": "BLK-35",
        "scaleClass": "街坊常规建筑",
        "layer": "buildings"
      },
      "geometry": {
        "type": "Polygon",
        "coordinates": [
          [
            [
              1218,
              987
            ],
            [
              1258,
              987
            ],
            [
              1258,
              1023
            ],
            [
              1218,
              1023
            ],
            [
              1218,
              987
            ]
          ]
        ]
      }
    },
    {
      "type": "Feature",
      "properties": {
        "id": "M-008",
        "name": "访客客舍",
        "zone": "市集区",
        "kind": "building",
        "footprint": 3000,
        "description": "承担学院与城市共同使用的商业、旅宿、运输和公共服务。",
        "frontageRoad": "H-03-W",
        "blockId": "BLK-35",
        "scaleClass": "街坊主建筑",
        "layer": "buildings"
      },
      "geometry": {
        "type": "Polygon",
        "coordinates": [
          [
            [
              1278,
              988
            ],
            [
              1338,
              988
            ],
            [
              1338,
              1038
            ],
            [
              1278,
              1038
            ],
            [
              1278,
              988
            ]
          ]
        ]
      }
    },
    {
      "type": "Feature",
      "properties": {
        "id": "M-009",
        "name": "学生用品合营社",
        "zone": "市集区",
        "kind": "building",
        "footprint": 1440,
        "description": "承担学院与城市共同使用的商业、旅宿、运输和公共服务。",
        "frontageRoad": "H-03-W",
        "blockId": "BLK-35",
        "scaleClass": "街坊常规建筑",
        "layer": "buildings"
      },
      "geometry": {
        "type": "Polygon",
        "coordinates": [
          [
            [
              1347,
              986
            ],
            [
              1387,
              986
            ],
            [
              1387,
              1022
            ],
            [
              1347,
              1022
            ],
            [
              1347,
              986
            ]
          ]
        ]
      }
    },
    {
      "type": "Feature",
      "properties": {
        "id": "M-010",
        "name": "旅店与浴室",
        "zone": "市集区",
        "kind": "building",
        "footprint": 1440,
        "description": "承担学院与城市共同使用的商业、旅宿、运输和公共服务。",
        "frontageRoad": "H-04-W",
        "blockId": "BLK-35",
        "scaleClass": "街坊常规建筑",
        "layer": "buildings"
      },
      "geometry": {
        "type": "Polygon",
        "coordinates": [
          [
            [
              1218,
              1157
            ],
            [
              1258,
              1157
            ],
            [
              1258,
              1193
            ],
            [
              1218,
              1193
            ],
            [
              1218,
              1157
            ]
          ]
        ]
      }
    },
    {
      "type": "Feature",
      "properties": {
        "id": "M-011",
        "name": "城市消防护障站",
        "zone": "市集区",
        "kind": "building",
        "footprint": 3000,
        "description": "承担学院与城市共同使用的商业、旅宿、运输和公共服务。",
        "frontageRoad": "H-04-W",
        "blockId": "BLK-35",
        "scaleClass": "街坊主建筑",
        "layer": "buildings"
      },
      "geometry": {
        "type": "Polygon",
        "coordinates": [
          [
            [
              1278,
              1142
            ],
            [
              1338,
              1142
            ],
            [
              1338,
              1192
            ],
            [
              1278,
              1192
            ],
            [
              1278,
              1142
            ]
          ]
        ]
      }
    },
    {
      "type": "Feature",
      "properties": {
        "id": "M-012",
        "name": "公共粮仓",
        "zone": "市集区",
        "kind": "building",
        "footprint": 1440,
        "description": "承担学院与城市共同使用的商业、旅宿、运输和公共服务。",
        "frontageRoad": "H-04-W",
        "blockId": "BLK-35",
        "scaleClass": "街坊常规建筑",
        "layer": "buildings"
      },
      "geometry": {
        "type": "Polygon",
        "coordinates": [
          [
            [
              1347,
              1158
            ],
            [
              1387,
              1158
            ],
            [
              1387,
              1194
            ],
            [
              1347,
              1194
            ],
            [
              1347,
              1158
            ]
          ]
        ]
      }
    },
    {
      "type": "Feature",
      "properties": {
        "id": "M-013",
        "name": "客运票务所",
        "zone": "市集区",
        "kind": "building",
        "footprint": 1440,
        "description": "承担学院与城市共同使用的商业、旅宿、运输和公共服务。",
        "frontageRoad": "H-03-E",
        "blockId": "BLK-36",
        "scaleClass": "街坊常规建筑",
        "layer": "buildings"
      },
      "geometry": {
        "type": "Polygon",
        "coordinates": [
          [
            [
              1798,
              988
            ],
            [
              1838,
              988
            ],
            [
              1838,
              1024
            ],
            [
              1798,
              1024
            ],
            [
              1798,
              988
            ]
          ]
        ]
      }
    },
    {
      "type": "Feature",
      "properties": {
        "id": "M-014",
        "name": "邮驿分发站",
        "zone": "市集区",
        "kind": "building",
        "footprint": 1440,
        "description": "承担学院与城市共同使用的商业、旅宿、运输和公共服务。",
        "frontageRoad": "H-03-E",
        "blockId": "BLK-36",
        "scaleClass": "街坊常规建筑",
        "layer": "buildings"
      },
      "geometry": {
        "type": "Polygon",
        "coordinates": [
          [
            [
              1867,
              986
            ],
            [
              1907,
              986
            ],
            [
              1907,
              1022
            ],
            [
              1867,
              1022
            ],
            [
              1867,
              986
            ]
          ]
        ]
      }
    },
    {
      "type": "Feature",
      "properties": {
        "id": "M-015",
        "name": "水务维护所",
        "zone": "市集区",
        "kind": "building",
        "footprint": 2596,
        "description": "承担学院与城市共同使用的商业、旅宿、运输和公共服务。",
        "frontageRoad": "H-03-E",
        "blockId": "BLK-36",
        "scaleClass": "街坊中型建筑",
        "layer": "buildings"
      },
      "geometry": {
        "type": "Polygon",
        "coordinates": [
          [
            [
              1927,
              987
            ],
            [
              1986,
              987
            ],
            [
              1986,
              1031
            ],
            [
              1927,
              1031
            ],
            [
              1927,
              987
            ]
          ]
        ]
      }
    },
    {
      "type": "Feature",
      "properties": {
        "id": "M-016",
        "name": "街区医务站",
        "zone": "市集区",
        "kind": "building",
        "footprint": 1440,
        "description": "承担学院与城市共同使用的商业、旅宿、运输和公共服务。",
        "frontageRoad": "H-04-E",
        "blockId": "BLK-36",
        "scaleClass": "街坊常规建筑",
        "layer": "buildings"
      },
      "geometry": {
        "type": "Polygon",
        "coordinates": [
          [
            [
              1798,
              1156
            ],
            [
              1838,
              1156
            ],
            [
              1838,
              1192
            ],
            [
              1798,
              1192
            ],
            [
              1798,
              1156
            ]
          ]
        ]
      }
    },
    {
      "type": "Feature",
      "properties": {
        "id": "M-017",
        "name": "市集治安所",
        "zone": "市集区",
        "kind": "building",
        "footprint": 1440,
        "description": "承担学院与城市共同使用的商业、旅宿、运输和公共服务。",
        "frontageRoad": "H-04-E",
        "blockId": "BLK-36",
        "scaleClass": "街坊常规建筑",
        "layer": "buildings"
      },
      "geometry": {
        "type": "Polygon",
        "coordinates": [
          [
            [
              1867,
              1158
            ],
            [
              1907,
              1158
            ],
            [
              1907,
              1194
            ],
            [
              1867,
              1194
            ],
            [
              1867,
              1158
            ]
          ]
        ]
      }
    },
    {
      "type": "Feature",
      "properties": {
        "id": "M-018",
        "name": "公共厨房",
        "zone": "市集区",
        "kind": "building",
        "footprint": 3000,
        "description": "承担学院与城市共同使用的商业、旅宿、运输和公共服务。",
        "frontageRoad": "H-04-E",
        "blockId": "BLK-36",
        "scaleClass": "街坊主建筑",
        "layer": "buildings"
      },
      "geometry": {
        "type": "Polygon",
        "coordinates": [
          [
            [
              1927,
              1143
            ],
            [
              1987,
              1143
            ],
            [
              1987,
              1193
            ],
            [
              1927,
              1193
            ],
            [
              1927,
              1143
            ]
          ]
        ]
      }
    },
    {
      "type": "Feature",
      "properties": {
        "id": "M-019",
        "name": "劳动登记所",
        "zone": "市集区",
        "kind": "building",
        "footprint": 3000,
        "description": "承担学院与城市共同使用的商业、旅宿、运输和公共服务。",
        "frontageRoad": "H-03-E",
        "blockId": "BLK-37",
        "scaleClass": "街坊主建筑",
        "layer": "buildings"
      },
      "geometry": {
        "type": "Polygon",
        "coordinates": [
          [
            [
              2018,
              986
            ],
            [
              2078,
              986
            ],
            [
              2078,
              1036
            ],
            [
              2018,
              1036
            ],
            [
              2018,
              986
            ]
          ]
        ]
      }
    },
    {
      "type": "Feature",
      "properties": {
        "id": "M-020",
        "name": "商旅仲裁厅",
        "zone": "市集区",
        "kind": "building",
        "footprint": 1440,
        "description": "承担学院与城市共同使用的商业、旅宿、运输和公共服务。",
        "frontageRoad": "H-03-E",
        "blockId": "BLK-37",
        "scaleClass": "街坊常规建筑",
        "layer": "buildings"
      },
      "geometry": {
        "type": "Polygon",
        "coordinates": [
          [
            [
              2087,
              987
            ],
            [
              2127,
              987
            ],
            [
              2127,
              1023
            ],
            [
              2087,
              1023
            ],
            [
              2087,
              987
            ]
          ]
        ]
      }
    },
    {
      "type": "Feature",
      "properties": {
        "id": "M-021",
        "name": "修鞋与皮具铺",
        "zone": "市集区",
        "kind": "building",
        "footprint": 1440,
        "description": "承担学院与城市共同使用的商业、旅宿、运输和公共服务。",
        "frontageRoad": "H-03-E",
        "blockId": "BLK-37",
        "scaleClass": "街坊常规建筑",
        "layer": "buildings"
      },
      "geometry": {
        "type": "Polygon",
        "coordinates": [
          [
            [
              2156,
              988
            ],
            [
              2196,
              988
            ],
            [
              2196,
              1024
            ],
            [
              2156,
              1024
            ],
            [
              2156,
              988
            ]
          ]
        ]
      }
    },
    {
      "type": "Feature",
      "properties": {
        "id": "M-022",
        "name": "纸张与装订铺",
        "zone": "市集区",
        "kind": "building",
        "footprint": 1440,
        "description": "承担学院与城市共同使用的商业、旅宿、运输和公共服务。",
        "frontageRoad": "H-04-E",
        "blockId": "BLK-37",
        "scaleClass": "街坊常规建筑",
        "layer": "buildings"
      },
      "geometry": {
        "type": "Polygon",
        "coordinates": [
          [
            [
              2018,
              1158
            ],
            [
              2058,
              1158
            ],
            [
              2058,
              1194
            ],
            [
              2018,
              1194
            ],
            [
              2018,
              1158
            ]
          ]
        ]
      }
    },
    {
      "type": "Feature",
      "properties": {
        "id": "M-023",
        "name": "衣物与织补铺",
        "zone": "市集区",
        "kind": "building",
        "footprint": 1440,
        "description": "承担学院与城市共同使用的商业、旅宿、运输和公共服务。",
        "frontageRoad": "H-04-E",
        "blockId": "BLK-37",
        "scaleClass": "街坊常规建筑",
        "layer": "buildings"
      },
      "geometry": {
        "type": "Polygon",
        "coordinates": [
          [
            [
              2087,
              1157
            ],
            [
              2127,
              1157
            ],
            [
              2127,
              1193
            ],
            [
              2087,
              1193
            ],
            [
              2087,
              1157
            ]
          ]
        ]
      }
    },
    {
      "type": "Feature",
      "properties": {
        "id": "M-024",
        "name": "普通器材铺",
        "zone": "市集区",
        "kind": "building",
        "footprint": 1440,
        "description": "承担学院与城市共同使用的商业、旅宿、运输和公共服务。",
        "frontageRoad": "H-04-E",
        "blockId": "BLK-37",
        "scaleClass": "街坊常规建筑",
        "layer": "buildings"
      },
      "geometry": {
        "type": "Polygon",
        "coordinates": [
          [
            [
              2156,
              1156
            ],
            [
              2196,
              1156
            ],
            [
              2196,
              1192
            ],
            [
              2156,
              1192
            ],
            [
              2156,
              1156
            ]
          ]
        ]
      }
    },
    {
      "type": "Feature",
      "properties": {
        "id": "S-001",
        "name": "封存检查门厅",
        "zone": "封存区",
        "kind": "building",
        "footprint": 1440,
        "description": "承担受控档案、遗物、许可、隔离和安全维护。",
        "frontageRoad": "H-03-E",
        "blockId": "BLK-38",
        "scaleClass": "街坊常规建筑",
        "layer": "buildings"
      },
      "geometry": {
        "type": "Polygon",
        "coordinates": [
          [
            [
              2247,
              987
            ],
            [
              2287,
              987
            ],
            [
              2287,
              1023
            ],
            [
              2247,
              1023
            ],
            [
              2247,
              987
            ]
          ]
        ]
      }
    },
    {
      "type": "Feature",
      "properties": {
        "id": "S-002",
        "name": "封存登记楼",
        "zone": "封存区",
        "kind": "building",
        "footprint": 3000,
        "description": "承担受控档案、遗物、许可、隔离和安全维护。",
        "frontageRoad": "H-03-E",
        "blockId": "BLK-38",
        "scaleClass": "街坊主建筑",
        "layer": "buildings"
      },
      "geometry": {
        "type": "Polygon",
        "coordinates": [
          [
            [
              2316,
              988
            ],
            [
              2376,
              988
            ],
            [
              2376,
              1038
            ],
            [
              2316,
              1038
            ],
            [
              2316,
              988
            ]
          ]
        ]
      }
    },
    {
      "type": "Feature",
      "properties": {
        "id": "S-003",
        "name": "受控档案库",
        "zone": "封存区",
        "kind": "building",
        "footprint": 1440,
        "description": "承担受控档案、遗物、许可、隔离和安全维护。",
        "frontageRoad": "H-03-E",
        "blockId": "BLK-38",
        "scaleClass": "街坊常规建筑",
        "layer": "buildings"
      },
      "geometry": {
        "type": "Polygon",
        "coordinates": [
          [
            [
              2376,
              986
            ],
            [
              2416,
              986
            ],
            [
              2416,
              1022
            ],
            [
              2376,
              1022
            ],
            [
              2376,
              986
            ]
          ]
        ]
      }
    },
    {
      "type": "Feature",
      "properties": {
        "id": "S-004",
        "name": "遗物保管库",
        "zone": "封存区",
        "kind": "building",
        "footprint": 1440,
        "description": "承担受控档案、遗物、许可、隔离和安全维护。",
        "frontageRoad": "H-04-E",
        "blockId": "BLK-38",
        "scaleClass": "街坊常规建筑",
        "layer": "buildings"
      },
      "geometry": {
        "type": "Polygon",
        "coordinates": [
          [
            [
              2247,
              1157
            ],
            [
              2287,
              1157
            ],
            [
              2287,
              1193
            ],
            [
              2247,
              1193
            ],
            [
              2247,
              1157
            ]
          ]
        ]
      }
    },
    {
      "type": "Feature",
      "properties": {
        "id": "S-005",
        "name": "观察复核厅",
        "zone": "封存区",
        "kind": "building",
        "footprint": 1440,
        "description": "承担受控档案、遗物、许可、隔离和安全维护。",
        "frontageRoad": "H-04-E",
        "blockId": "BLK-38",
        "scaleClass": "街坊常规建筑",
        "layer": "buildings"
      },
      "geometry": {
        "type": "Polygon",
        "coordinates": [
          [
            [
              2316,
              1156
            ],
            [
              2356,
              1156
            ],
            [
              2356,
              1192
            ],
            [
              2316,
              1192
            ],
            [
              2316,
              1156
            ]
          ]
        ]
      }
    },
    {
      "type": "Feature",
      "properties": {
        "id": "S-006",
        "name": "隔离塔",
        "zone": "封存区",
        "kind": "building",
        "footprint": 1440,
        "description": "承担受控档案、遗物、许可、隔离和安全维护。",
        "frontageRoad": "H-04-E",
        "blockId": "BLK-38",
        "scaleClass": "街坊常规建筑",
        "layer": "buildings"
      },
      "geometry": {
        "type": "Polygon",
        "coordinates": [
          [
            [
              2376,
              1158
            ],
            [
              2416,
              1158
            ],
            [
              2416,
              1194
            ],
            [
              2376,
              1194
            ],
            [
              2376,
              1158
            ]
          ]
        ]
      }
    },
    {
      "type": "Feature",
      "properties": {
        "id": "S-007",
        "name": "核心维护楼",
        "zone": "封存区",
        "kind": "building",
        "footprint": 1440,
        "description": "承担受控档案、遗物、许可、隔离和安全维护。",
        "frontageRoad": "H-03-E",
        "blockId": "BLK-39",
        "scaleClass": "街坊常规建筑",
        "layer": "buildings"
      },
      "geometry": {
        "type": "Polygon",
        "coordinates": [
          [
            [
              2467,
              988
            ],
            [
              2507,
              988
            ],
            [
              2507,
              1024
            ],
            [
              2467,
              1024
            ],
            [
              2467,
              988
            ]
          ]
        ]
      }
    },
    {
      "type": "Feature",
      "properties": {
        "id": "S-008",
        "name": "安全值守屋",
        "zone": "封存区",
        "kind": "building",
        "footprint": 1440,
        "description": "承担受控档案、遗物、许可、隔离和安全维护。",
        "frontageRoad": "H-03-E",
        "blockId": "BLK-39",
        "scaleClass": "街坊常规建筑",
        "layer": "buildings"
      },
      "geometry": {
        "type": "Polygon",
        "coordinates": [
          [
            [
              2536,
              986
            ],
            [
              2576,
              986
            ],
            [
              2576,
              1022
            ],
            [
              2536,
              1022
            ],
            [
              2536,
              986
            ]
          ]
        ]
      }
    },
    {
      "type": "Feature",
      "properties": {
        "id": "S-009",
        "name": "受控处置工坊",
        "zone": "封存区",
        "kind": "building",
        "footprint": 3000,
        "description": "承担受控档案、遗物、许可、隔离和安全维护。",
        "frontageRoad": "H-03-E",
        "blockId": "BLK-39",
        "scaleClass": "街坊主建筑",
        "layer": "buildings"
      },
      "geometry": {
        "type": "Polygon",
        "coordinates": [
          [
            [
              2605,
              987
            ],
            [
              2665,
              987
            ],
            [
              2665,
              1037
            ],
            [
              2605,
              1037
            ],
            [
              2605,
              987
            ]
          ]
        ]
      }
    },
    {
      "type": "Feature",
      "properties": {
        "id": "S-010",
        "name": "封存记录副楼",
        "zone": "封存区",
        "kind": "building",
        "footprint": 1440,
        "description": "承担受控档案、遗物、许可、隔离和安全维护。",
        "frontageRoad": "H-04-E",
        "blockId": "BLK-39",
        "scaleClass": "街坊常规建筑",
        "layer": "buildings"
      },
      "geometry": {
        "type": "Polygon",
        "coordinates": [
          [
            [
              2467,
              1156
            ],
            [
              2507,
              1156
            ],
            [
              2507,
              1192
            ],
            [
              2467,
              1192
            ],
            [
              2467,
              1156
            ]
          ]
        ]
      }
    },
    {
      "type": "Feature",
      "properties": {
        "id": "S-011",
        "name": "许可审查厅",
        "zone": "封存区",
        "kind": "building",
        "footprint": 1440,
        "description": "承担受控档案、遗物、许可、隔离和安全维护。",
        "frontageRoad": "H-04-E",
        "blockId": "BLK-39",
        "scaleClass": "街坊常规建筑",
        "layer": "buildings"
      },
      "geometry": {
        "type": "Polygon",
        "coordinates": [
          [
            [
              2536,
              1158
            ],
            [
              2576,
              1158
            ],
            [
              2576,
              1194
            ],
            [
              2536,
              1194
            ],
            [
              2536,
              1158
            ]
          ]
        ]
      }
    },
    {
      "type": "Feature",
      "properties": {
        "id": "S-012",
        "name": "复制件保管楼",
        "zone": "封存区",
        "kind": "building",
        "footprint": 1440,
        "description": "承担受控档案、遗物、许可、隔离和安全维护。",
        "frontageRoad": "H-04-E",
        "blockId": "BLK-39",
        "scaleClass": "街坊常规建筑",
        "layer": "buildings"
      },
      "geometry": {
        "type": "Polygon",
        "coordinates": [
          [
            [
              2605,
              1157
            ],
            [
              2645,
              1157
            ],
            [
              2645,
              1193
            ],
            [
              2605,
              1193
            ],
            [
              2605,
              1157
            ]
          ]
        ]
      }
    },
    {
      "type": "Feature",
      "properties": {
        "id": "S-013",
        "name": "见证人等候屋",
        "zone": "封存区",
        "kind": "building",
        "footprint": 1440,
        "description": "承担受控档案、遗物、许可、隔离和安全维护。",
        "frontageRoad": "H-03-E",
        "blockId": "BLK-40",
        "scaleClass": "街坊常规建筑",
        "layer": "buildings"
      },
      "geometry": {
        "type": "Polygon",
        "coordinates": [
          [
            [
              2696,
              986
            ],
            [
              2736,
              986
            ],
            [
              2736,
              1022
            ],
            [
              2696,
              1022
            ],
            [
              2696,
              986
            ]
          ]
        ]
      }
    },
    {
      "type": "Feature",
      "properties": {
        "id": "S-014",
        "name": "撤离器材库",
        "zone": "封存区",
        "kind": "building",
        "footprint": 1440,
        "description": "承担受控档案、遗物、许可、隔离和安全维护。",
        "frontageRoad": "H-03-E",
        "blockId": "BLK-40",
        "scaleClass": "街坊常规建筑",
        "layer": "buildings"
      },
      "geometry": {
        "type": "Polygon",
        "coordinates": [
          [
            [
              2756,
              987
            ],
            [
              2796,
              987
            ],
            [
              2796,
              1023
            ],
            [
              2756,
              1023
            ],
            [
              2756,
              987
            ]
          ]
        ]
      }
    },
    {
      "type": "Feature",
      "properties": {
        "id": "S-015",
        "name": "护障备用机房",
        "zone": "封存区",
        "kind": "building",
        "footprint": 1440,
        "description": "承担受控档案、遗物、许可、隔离和安全维护。",
        "frontageRoad": "H-03-E",
        "blockId": "BLK-40",
        "scaleClass": "街坊常规建筑",
        "layer": "buildings"
      },
      "geometry": {
        "type": "Polygon",
        "coordinates": [
          [
            [
              2825,
              988
            ],
            [
              2865,
              988
            ],
            [
              2865,
              1024
            ],
            [
              2825,
              1024
            ],
            [
              2825,
              988
            ]
          ]
        ]
      }
    },
    {
      "type": "Feature",
      "properties": {
        "id": "S-016",
        "name": "夜间巡检站",
        "zone": "封存区",
        "kind": "building",
        "footprint": 3000,
        "description": "承担受控档案、遗物、许可、隔离和安全维护。",
        "frontageRoad": "H-04-E",
        "blockId": "BLK-40",
        "scaleClass": "街坊主建筑",
        "layer": "buildings"
      },
      "geometry": {
        "type": "Polygon",
        "coordinates": [
          [
            [
              2696,
              1144
            ],
            [
              2756,
              1144
            ],
            [
              2756,
              1194
            ],
            [
              2696,
              1194
            ],
            [
              2696,
              1144
            ]
          ]
        ]
      }
    },
    {
      "type": "Feature",
      "properties": {
        "id": "S-017",
        "name": "档案修复室",
        "zone": "封存区",
        "kind": "building",
        "footprint": 1440,
        "description": "承担受控档案、遗物、许可、隔离和安全维护。",
        "frontageRoad": "H-04-E",
        "blockId": "BLK-40",
        "scaleClass": "街坊常规建筑",
        "layer": "buildings"
      },
      "geometry": {
        "type": "Polygon",
        "coordinates": [
          [
            [
              2756,
              1157
            ],
            [
              2796,
              1157
            ],
            [
              2796,
              1193
            ],
            [
              2756,
              1193
            ],
            [
              2756,
              1157
            ]
          ]
        ]
      }
    },
    {
      "type": "Feature",
      "properties": {
        "id": "S-018",
        "name": "封签材料库",
        "zone": "封存区",
        "kind": "building",
        "footprint": 1440,
        "description": "承担受控档案、遗物、许可、隔离和安全维护。",
        "frontageRoad": "H-04-E",
        "blockId": "BLK-40",
        "scaleClass": "街坊常规建筑",
        "layer": "buildings"
      },
      "geometry": {
        "type": "Polygon",
        "coordinates": [
          [
            [
              2825,
              1156
            ],
            [
              2865,
              1156
            ],
            [
              2865,
              1192
            ],
            [
              2825,
              1192
            ],
            [
              2825,
              1156
            ]
          ]
        ]
      }
    },
    {
      "type": "Feature",
      "properties": {
        "id": "L-019",
        "name": "共同基础宿舍 2 号",
        "zone": "生活区",
        "kind": "building",
        "footprint": 1440,
        "description": "承担学生与居民的住宿、饮食、医疗和社区生活。",
        "frontageRoad": "H-04-W",
        "blockId": "BLK-41",
        "scaleClass": "街坊常规建筑",
        "layer": "buildings"
      },
      "geometry": {
        "type": "Polygon",
        "coordinates": [
          [
            [
              316,
              1227
            ],
            [
              356,
              1227
            ],
            [
              356,
              1263
            ],
            [
              316,
              1263
            ],
            [
              316,
              1227
            ]
          ]
        ]
      }
    },
    {
      "type": "Feature",
      "properties": {
        "id": "L-020",
        "name": "专业院系宿舍 2 号",
        "zone": "生活区",
        "kind": "building",
        "footprint": 1440,
        "description": "承担学生与居民的住宿、饮食、医疗和社区生活。",
        "frontageRoad": "H-04-W",
        "blockId": "BLK-41",
        "scaleClass": "街坊常规建筑",
        "layer": "buildings"
      },
      "geometry": {
        "type": "Polygon",
        "coordinates": [
          [
            [
              385,
              1228
            ],
            [
              425,
              1228
            ],
            [
              425,
              1264
            ],
            [
              385,
              1264
            ],
            [
              385,
              1228
            ]
          ]
        ]
      }
    },
    {
      "type": "Feature",
      "properties": {
        "id": "L-021",
        "name": "城市居民公寓 2 号",
        "zone": "生活区",
        "kind": "building",
        "footprint": 1440,
        "description": "承担学生与居民的住宿、饮食、医疗和社区生活。",
        "frontageRoad": "H-04-W",
        "blockId": "BLK-41",
        "scaleClass": "街坊常规建筑",
        "layer": "buildings"
      },
      "geometry": {
        "type": "Polygon",
        "coordinates": [
          [
            [
              454,
              1226
            ],
            [
              494,
              1226
            ],
            [
              494,
              1262
            ],
            [
              454,
              1262
            ],
            [
              454,
              1226
            ]
          ]
        ]
      }
    },
    {
      "type": "Feature",
      "properties": {
        "id": "L-022",
        "name": "社区餐厨楼 2 号",
        "zone": "生活区",
        "kind": "building",
        "footprint": 1440,
        "description": "承担学生与居民的住宿、饮食、医疗和社区生活。",
        "frontageRoad": "H-05-W",
        "blockId": "BLK-41",
        "scaleClass": "街坊常规建筑",
        "layer": "buildings"
      },
      "geometry": {
        "type": "Polygon",
        "coordinates": [
          [
            [
              316,
              1397
            ],
            [
              356,
              1397
            ],
            [
              356,
              1433
            ],
            [
              316,
              1433
            ],
            [
              316,
              1397
            ]
          ]
        ]
      }
    },
    {
      "type": "Feature",
      "properties": {
        "id": "L-023",
        "name": "学院医务院 2 号",
        "zone": "生活区",
        "kind": "building",
        "footprint": 3000,
        "description": "承担学生与居民的住宿、饮食、医疗和社区生活。",
        "frontageRoad": "H-05-W",
        "blockId": "BLK-41",
        "scaleClass": "街坊主建筑",
        "layer": "buildings"
      },
      "geometry": {
        "type": "Polygon",
        "coordinates": [
          [
            [
              385,
              1382
            ],
            [
              445,
              1382
            ],
            [
              445,
              1432
            ],
            [
              385,
              1432
            ],
            [
              385,
              1382
            ]
          ]
        ]
      }
    },
    {
      "type": "Feature",
      "properties": {
        "id": "L-024",
        "name": "洗衣与浴室 2 号",
        "zone": "生活区",
        "kind": "building",
        "footprint": 1440,
        "description": "承担学生与居民的住宿、饮食、医疗和社区生活。",
        "frontageRoad": "H-05-W",
        "blockId": "BLK-41",
        "scaleClass": "街坊常规建筑",
        "layer": "buildings"
      },
      "geometry": {
        "type": "Polygon",
        "coordinates": [
          [
            [
              454,
              1398
            ],
            [
              494,
              1398
            ],
            [
              494,
              1434
            ],
            [
              454,
              1434
            ],
            [
              454,
              1398
            ]
          ]
        ]
      }
    },
    {
      "type": "Feature",
      "properties": {
        "id": "L-025",
        "name": "工读服务屋 2 号",
        "zone": "生活区",
        "kind": "building",
        "footprint": 1440,
        "description": "承担学生与居民的住宿、饮食、医疗和社区生活。",
        "frontageRoad": "H-04-W",
        "blockId": "BLK-42",
        "scaleClass": "街坊常规建筑",
        "layer": "buildings"
      },
      "geometry": {
        "type": "Polygon",
        "coordinates": [
          [
            [
              545,
              1228
            ],
            [
              585,
              1228
            ],
            [
              585,
              1264
            ],
            [
              545,
              1264
            ],
            [
              545,
              1228
            ]
          ]
        ]
      }
    },
    {
      "type": "Feature",
      "properties": {
        "id": "L-026",
        "name": "夜间公共屋 2 号",
        "zone": "生活区",
        "kind": "building",
        "footprint": 1440,
        "description": "承担学生与居民的住宿、饮食、医疗和社区生活。",
        "frontageRoad": "H-04-W",
        "blockId": "BLK-42",
        "scaleClass": "街坊常规建筑",
        "layer": "buildings"
      },
      "geometry": {
        "type": "Polygon",
        "coordinates": [
          [
            [
              605,
              1226
            ],
            [
              645,
              1226
            ],
            [
              645,
              1262
            ],
            [
              605,
              1262
            ],
            [
              605,
              1226
            ]
          ]
        ]
      }
    },
    {
      "type": "Feature",
      "properties": {
        "id": "L-027",
        "name": "社区诊疗所 2 号",
        "zone": "生活区",
        "kind": "building",
        "footprint": 1440,
        "description": "承担学生与居民的住宿、饮食、医疗和社区生活。",
        "frontageRoad": "H-04-W",
        "blockId": "BLK-42",
        "scaleClass": "街坊常规建筑",
        "layer": "buildings"
      },
      "geometry": {
        "type": "Polygon",
        "coordinates": [
          [
            [
              674,
              1227
            ],
            [
              714,
              1227
            ],
            [
              714,
              1263
            ],
            [
              674,
              1263
            ],
            [
              674,
              1227
            ]
          ]
        ]
      }
    },
    {
      "type": "Feature",
      "properties": {
        "id": "L-028",
        "name": "托育与家庭服务屋 2 号",
        "zone": "生活区",
        "kind": "building",
        "footprint": 1440,
        "description": "承担学生与居民的住宿、饮食、医疗和社区生活。",
        "frontageRoad": "H-05-W",
        "blockId": "BLK-42",
        "scaleClass": "街坊常规建筑",
        "layer": "buildings"
      },
      "geometry": {
        "type": "Polygon",
        "coordinates": [
          [
            [
              545,
              1396
            ],
            [
              585,
              1396
            ],
            [
              585,
              1432
            ],
            [
              545,
              1432
            ],
            [
              545,
              1396
            ]
          ]
        ]
      }
    },
    {
      "type": "Feature",
      "properties": {
        "id": "L-029",
        "name": "公共储物楼 2 号",
        "zone": "生活区",
        "kind": "building",
        "footprint": 1440,
        "description": "承担学生与居民的住宿、饮食、医疗和社区生活。",
        "frontageRoad": "H-05-W",
        "blockId": "BLK-42",
        "scaleClass": "街坊常规建筑",
        "layer": "buildings"
      },
      "geometry": {
        "type": "Polygon",
        "coordinates": [
          [
            [
              605,
              1398
            ],
            [
              645,
              1398
            ],
            [
              645,
              1434
            ],
            [
              605,
              1434
            ],
            [
              605,
              1398
            ]
          ]
        ]
      }
    },
    {
      "type": "Feature",
      "properties": {
        "id": "L-030",
        "name": "社区修补所 2 号",
        "zone": "生活区",
        "kind": "building",
        "footprint": 3000,
        "description": "承担学生与居民的住宿、饮食、医疗和社区生活。",
        "frontageRoad": "H-05-W",
        "blockId": "BLK-42",
        "scaleClass": "街坊主建筑",
        "layer": "buildings"
      },
      "geometry": {
        "type": "Polygon",
        "coordinates": [
          [
            [
              674,
              1383
            ],
            [
              734,
              1383
            ],
            [
              734,
              1433
            ],
            [
              674,
              1433
            ],
            [
              674,
              1383
            ]
          ]
        ]
      }
    },
    {
      "type": "Feature",
      "properties": {
        "id": "L-031",
        "name": "夜勤备餐屋 2 号",
        "zone": "生活区",
        "kind": "building",
        "footprint": 3000,
        "description": "承担学生与居民的住宿、饮食、医疗和社区生活。",
        "frontageRoad": "H-04-W",
        "blockId": "BLK-43",
        "scaleClass": "街坊主建筑",
        "layer": "buildings"
      },
      "geometry": {
        "type": "Polygon",
        "coordinates": [
          [
            [
              765,
              1226
            ],
            [
              825,
              1226
            ],
            [
              825,
              1276
            ],
            [
              765,
              1276
            ],
            [
              765,
              1226
            ]
          ]
        ]
      }
    },
    {
      "type": "Feature",
      "properties": {
        "id": "L-032",
        "name": "饮水维护站 2 号",
        "zone": "生活区",
        "kind": "building",
        "footprint": 1440,
        "description": "承担学生与居民的住宿、饮食、医疗和社区生活。",
        "frontageRoad": "H-04-W",
        "blockId": "BLK-43",
        "scaleClass": "街坊常规建筑",
        "layer": "buildings"
      },
      "geometry": {
        "type": "Polygon",
        "coordinates": [
          [
            [
              834,
              1227
            ],
            [
              874,
              1227
            ],
            [
              874,
              1263
            ],
            [
              834,
              1263
            ],
            [
              834,
              1227
            ]
          ]
        ]
      }
    },
    {
      "type": "Feature",
      "properties": {
        "id": "L-033",
        "name": "居民议事屋 2 号",
        "zone": "生活区",
        "kind": "building",
        "footprint": 1440,
        "description": "承担学生与居民的住宿、饮食、医疗和社区生活。",
        "frontageRoad": "H-04-W",
        "blockId": "BLK-43",
        "scaleClass": "街坊常规建筑",
        "layer": "buildings"
      },
      "geometry": {
        "type": "Polygon",
        "coordinates": [
          [
            [
              894,
              1228
            ],
            [
              934,
              1228
            ],
            [
              934,
              1264
            ],
            [
              894,
              1264
            ],
            [
              894,
              1228
            ]
          ]
        ]
      }
    },
    {
      "type": "Feature",
      "properties": {
        "id": "L-034",
        "name": "宿舍自习楼 2 号",
        "zone": "生活区",
        "kind": "building",
        "footprint": 1440,
        "description": "承担学生与居民的住宿、饮食、医疗和社区生活。",
        "frontageRoad": "H-05-W",
        "blockId": "BLK-43",
        "scaleClass": "街坊常规建筑",
        "layer": "buildings"
      },
      "geometry": {
        "type": "Polygon",
        "coordinates": [
          [
            [
              765,
              1398
            ],
            [
              805,
              1398
            ],
            [
              805,
              1434
            ],
            [
              765,
              1434
            ],
            [
              765,
              1398
            ]
          ]
        ]
      }
    },
    {
      "type": "Feature",
      "properties": {
        "id": "L-035",
        "name": "公共粮食分发所 2 号",
        "zone": "生活区",
        "kind": "building",
        "footprint": 1440,
        "description": "承担学生与居民的住宿、饮食、医疗和社区生活。",
        "frontageRoad": "H-05-W",
        "blockId": "BLK-43",
        "scaleClass": "街坊常规建筑",
        "layer": "buildings"
      },
      "geometry": {
        "type": "Polygon",
        "coordinates": [
          [
            [
              834,
              1397
            ],
            [
              874,
              1397
            ],
            [
              874,
              1433
            ],
            [
              834,
              1433
            ],
            [
              834,
              1397
            ]
          ]
        ]
      }
    },
    {
      "type": "Feature",
      "properties": {
        "id": "L-036",
        "name": "巡夜值班屋 2 号",
        "zone": "生活区",
        "kind": "building",
        "footprint": 1440,
        "description": "承担学生与居民的住宿、饮食、医疗和社区生活。",
        "frontageRoad": "H-05-W",
        "blockId": "BLK-43",
        "scaleClass": "街坊常规建筑",
        "layer": "buildings"
      },
      "geometry": {
        "type": "Polygon",
        "coordinates": [
          [
            [
              894,
              1396
            ],
            [
              934,
              1396
            ],
            [
              934,
              1432
            ],
            [
              894,
              1432
            ],
            [
              894,
              1396
            ]
          ]
        ]
      }
    },
    {
      "type": "Feature",
      "properties": {
        "id": "M-025",
        "name": "餐馆与茶屋",
        "zone": "市集区",
        "kind": "building",
        "footprint": 1440,
        "description": "承担学院与城市共同使用的商业、旅宿、运输和公共服务。",
        "frontageRoad": "H-04-W",
        "blockId": "BLK-44",
        "scaleClass": "街坊常规建筑",
        "layer": "buildings"
      },
      "geometry": {
        "type": "Polygon",
        "coordinates": [
          [
            [
              994,
              1227
            ],
            [
              1034,
              1227
            ],
            [
              1034,
              1263
            ],
            [
              994,
              1263
            ],
            [
              994,
              1227
            ]
          ]
        ]
      }
    },
    {
      "type": "Feature",
      "properties": {
        "id": "M-026",
        "name": "覆顶市集厅 2 号",
        "zone": "市集区",
        "kind": "building",
        "footprint": 3000,
        "description": "承担学院与城市共同使用的商业、旅宿、运输和公共服务。",
        "frontageRoad": "H-04-W",
        "blockId": "BLK-44",
        "scaleClass": "街坊主建筑",
        "layer": "buildings"
      },
      "geometry": {
        "type": "Polygon",
        "coordinates": [
          [
            [
              1054,
              1228
            ],
            [
              1114,
              1228
            ],
            [
              1114,
              1278
            ],
            [
              1054,
              1278
            ],
            [
              1054,
              1228
            ]
          ]
        ]
      }
    },
    {
      "type": "Feature",
      "properties": {
        "id": "M-027",
        "name": "常用品商铺 2 号",
        "zone": "市集区",
        "kind": "building",
        "footprint": 1440,
        "description": "承担学院与城市共同使用的商业、旅宿、运输和公共服务。",
        "frontageRoad": "H-04-W",
        "blockId": "BLK-44",
        "scaleClass": "街坊常规建筑",
        "layer": "buildings"
      },
      "geometry": {
        "type": "Polygon",
        "coordinates": [
          [
            [
              1123,
              1226
            ],
            [
              1163,
              1226
            ],
            [
              1163,
              1262
            ],
            [
              1123,
              1262
            ],
            [
              1123,
              1226
            ]
          ]
        ]
      }
    },
    {
      "type": "Feature",
      "properties": {
        "id": "M-028",
        "name": "食材与熟食馆 2 号",
        "zone": "市集区",
        "kind": "building",
        "footprint": 1440,
        "description": "承担学院与城市共同使用的商业、旅宿、运输和公共服务。",
        "frontageRoad": "H-05-W",
        "blockId": "BLK-44",
        "scaleClass": "街坊常规建筑",
        "layer": "buildings"
      },
      "geometry": {
        "type": "Polygon",
        "coordinates": [
          [
            [
              994,
              1397
            ],
            [
              1034,
              1397
            ],
            [
              1034,
              1433
            ],
            [
              994,
              1433
            ],
            [
              994,
              1397
            ]
          ]
        ]
      }
    },
    {
      "type": "Feature",
      "properties": {
        "id": "M-029",
        "name": "货币与契约所 2 号",
        "zone": "市集区",
        "kind": "building",
        "footprint": 1440,
        "description": "承担学院与城市共同使用的商业、旅宿、运输和公共服务。",
        "frontageRoad": "H-05-W",
        "blockId": "BLK-44",
        "scaleClass": "街坊常规建筑",
        "layer": "buildings"
      },
      "geometry": {
        "type": "Polygon",
        "coordinates": [
          [
            [
              1054,
              1396
            ],
            [
              1094,
              1396
            ],
            [
              1094,
              1432
            ],
            [
              1054,
              1432
            ],
            [
              1054,
              1396
            ]
          ]
        ]
      }
    },
    {
      "type": "Feature",
      "properties": {
        "id": "M-030",
        "name": "转运车队屋 2 号",
        "zone": "市集区",
        "kind": "building",
        "footprint": 1440,
        "description": "承担学院与城市共同使用的商业、旅宿、运输和公共服务。",
        "frontageRoad": "H-05-W",
        "blockId": "BLK-44",
        "scaleClass": "街坊常规建筑",
        "layer": "buildings"
      },
      "geometry": {
        "type": "Polygon",
        "coordinates": [
          [
            [
              1123,
              1398
            ],
            [
              1163,
              1398
            ],
            [
              1163,
              1434
            ],
            [
              1123,
              1434
            ],
            [
              1123,
              1398
            ]
          ]
        ]
      }
    },
    {
      "type": "Feature",
      "properties": {
        "id": "M-031",
        "name": "公共货栈 2 号",
        "zone": "市集区",
        "kind": "building",
        "footprint": 1440,
        "description": "承担学院与城市共同使用的商业、旅宿、运输和公共服务。",
        "frontageRoad": "H-04-W",
        "blockId": "BLK-45",
        "scaleClass": "街坊常规建筑",
        "layer": "buildings"
      },
      "geometry": {
        "type": "Polygon",
        "coordinates": [
          [
            [
              1214,
              1228
            ],
            [
              1254,
              1228
            ],
            [
              1254,
              1264
            ],
            [
              1214,
              1264
            ],
            [
              1214,
              1228
            ]
          ]
        ]
      }
    },
    {
      "type": "Feature",
      "properties": {
        "id": "M-032",
        "name": "度量巡查所 2 号",
        "zone": "市集区",
        "kind": "building",
        "footprint": 1440,
        "description": "承担学院与城市共同使用的商业、旅宿、运输和公共服务。",
        "frontageRoad": "H-04-W",
        "blockId": "BLK-45",
        "scaleClass": "街坊常规建筑",
        "layer": "buildings"
      },
      "geometry": {
        "type": "Polygon",
        "coordinates": [
          [
            [
              1283,
              1226
            ],
            [
              1323,
              1226
            ],
            [
              1323,
              1262
            ],
            [
              1283,
              1262
            ],
            [
              1283,
              1226
            ]
          ]
        ]
      }
    },
    {
      "type": "Feature",
      "properties": {
        "id": "M-033",
        "name": "访客客舍 2 号",
        "zone": "市集区",
        "kind": "building",
        "footprint": 3000,
        "description": "承担学院与城市共同使用的商业、旅宿、运输和公共服务。",
        "frontageRoad": "H-04-W",
        "blockId": "BLK-45",
        "scaleClass": "街坊主建筑",
        "layer": "buildings"
      },
      "geometry": {
        "type": "Polygon",
        "coordinates": [
          [
            [
              1343,
              1227
            ],
            [
              1403,
              1227
            ],
            [
              1403,
              1277
            ],
            [
              1343,
              1277
            ],
            [
              1343,
              1227
            ]
          ]
        ]
      }
    },
    {
      "type": "Feature",
      "properties": {
        "id": "M-034",
        "name": "学生用品合营社 2 号",
        "zone": "市集区",
        "kind": "building",
        "footprint": 1440,
        "description": "承担学院与城市共同使用的商业、旅宿、运输和公共服务。",
        "frontageRoad": "H-05-W",
        "blockId": "BLK-45",
        "scaleClass": "街坊常规建筑",
        "layer": "buildings"
      },
      "geometry": {
        "type": "Polygon",
        "coordinates": [
          [
            [
              1214,
              1396
            ],
            [
              1254,
              1396
            ],
            [
              1254,
              1432
            ],
            [
              1214,
              1432
            ],
            [
              1214,
              1396
            ]
          ]
        ]
      }
    },
    {
      "type": "Feature",
      "properties": {
        "id": "M-035",
        "name": "旅店与浴室 2 号",
        "zone": "市集区",
        "kind": "building",
        "footprint": 1440,
        "description": "承担学院与城市共同使用的商业、旅宿、运输和公共服务。",
        "frontageRoad": "H-05-W",
        "blockId": "BLK-45",
        "scaleClass": "街坊常规建筑",
        "layer": "buildings"
      },
      "geometry": {
        "type": "Polygon",
        "coordinates": [
          [
            [
              1283,
              1398
            ],
            [
              1323,
              1398
            ],
            [
              1323,
              1434
            ],
            [
              1283,
              1434
            ],
            [
              1283,
              1398
            ]
          ]
        ]
      }
    },
    {
      "type": "Feature",
      "properties": {
        "id": "M-036",
        "name": "城市消防护障站 2 号",
        "zone": "市集区",
        "kind": "building",
        "footprint": 1440,
        "description": "承担学院与城市共同使用的商业、旅宿、运输和公共服务。",
        "frontageRoad": "H-05-W",
        "blockId": "BLK-45",
        "scaleClass": "街坊常规建筑",
        "layer": "buildings"
      },
      "geometry": {
        "type": "Polygon",
        "coordinates": [
          [
            [
              1343,
              1397
            ],
            [
              1383,
              1397
            ],
            [
              1383,
              1433
            ],
            [
              1343,
              1433
            ],
            [
              1343,
              1397
            ]
          ]
        ]
      }
    },
    {
      "type": "Feature",
      "properties": {
        "id": "M-037",
        "name": "公共粮仓 2 号",
        "zone": "市集区",
        "kind": "building",
        "footprint": 1440,
        "description": "承担学院与城市共同使用的商业、旅宿、运输和公共服务。",
        "frontageRoad": "H-04-E",
        "blockId": "BLK-46",
        "scaleClass": "街坊常规建筑",
        "layer": "buildings"
      },
      "geometry": {
        "type": "Polygon",
        "coordinates": [
          [
            [
              1794,
              1226
            ],
            [
              1834,
              1226
            ],
            [
              1834,
              1262
            ],
            [
              1794,
              1262
            ],
            [
              1794,
              1226
            ]
          ]
        ]
      }
    },
    {
      "type": "Feature",
      "properties": {
        "id": "M-038",
        "name": "客运票务所 2 号",
        "zone": "市集区",
        "kind": "building",
        "footprint": 1440,
        "description": "承担学院与城市共同使用的商业、旅宿、运输和公共服务。",
        "frontageRoad": "H-04-E",
        "blockId": "BLK-46",
        "scaleClass": "街坊常规建筑",
        "layer": "buildings"
      },
      "geometry": {
        "type": "Polygon",
        "coordinates": [
          [
            [
              1863,
              1227
            ],
            [
              1903,
              1227
            ],
            [
              1903,
              1263
            ],
            [
              1863,
              1263
            ],
            [
              1863,
              1227
            ]
          ]
        ]
      }
    },
    {
      "type": "Feature",
      "properties": {
        "id": "M-039",
        "name": "邮驿分发站 2 号",
        "zone": "市集区",
        "kind": "building",
        "footprint": 1440,
        "description": "承担学院与城市共同使用的商业、旅宿、运输和公共服务。",
        "frontageRoad": "H-04-E",
        "blockId": "BLK-46",
        "scaleClass": "街坊常规建筑",
        "layer": "buildings"
      },
      "geometry": {
        "type": "Polygon",
        "coordinates": [
          [
            [
              1932,
              1228
            ],
            [
              1972,
              1228
            ],
            [
              1972,
              1264
            ],
            [
              1932,
              1264
            ],
            [
              1932,
              1228
            ]
          ]
        ]
      }
    },
    {
      "type": "Feature",
      "properties": {
        "id": "M-040",
        "name": "水务维护所 2 号",
        "zone": "市集区",
        "kind": "building",
        "footprint": 3000,
        "description": "承担学院与城市共同使用的商业、旅宿、运输和公共服务。",
        "frontageRoad": "H-05-E",
        "blockId": "BLK-46",
        "scaleClass": "街坊主建筑",
        "layer": "buildings"
      },
      "geometry": {
        "type": "Polygon",
        "coordinates": [
          [
            [
              1794,
              1384
            ],
            [
              1854,
              1384
            ],
            [
              1854,
              1434
            ],
            [
              1794,
              1434
            ],
            [
              1794,
              1384
            ]
          ]
        ]
      }
    },
    {
      "type": "Feature",
      "properties": {
        "id": "M-041",
        "name": "街区医务站 2 号",
        "zone": "市集区",
        "kind": "building",
        "footprint": 1440,
        "description": "承担学院与城市共同使用的商业、旅宿、运输和公共服务。",
        "frontageRoad": "H-05-E",
        "blockId": "BLK-46",
        "scaleClass": "街坊常规建筑",
        "layer": "buildings"
      },
      "geometry": {
        "type": "Polygon",
        "coordinates": [
          [
            [
              1863,
              1397
            ],
            [
              1903,
              1397
            ],
            [
              1903,
              1433
            ],
            [
              1863,
              1433
            ],
            [
              1863,
              1397
            ]
          ]
        ]
      }
    },
    {
      "type": "Feature",
      "properties": {
        "id": "M-042",
        "name": "市集治安所 2 号",
        "zone": "市集区",
        "kind": "building",
        "footprint": 1440,
        "description": "承担学院与城市共同使用的商业、旅宿、运输和公共服务。",
        "frontageRoad": "H-05-E",
        "blockId": "BLK-46",
        "scaleClass": "街坊常规建筑",
        "layer": "buildings"
      },
      "geometry": {
        "type": "Polygon",
        "coordinates": [
          [
            [
              1932,
              1396
            ],
            [
              1972,
              1396
            ],
            [
              1972,
              1432
            ],
            [
              1932,
              1432
            ],
            [
              1932,
              1396
            ]
          ]
        ]
      }
    },
    {
      "type": "Feature",
      "properties": {
        "id": "M-043",
        "name": "公共厨房 2 号",
        "zone": "市集区",
        "kind": "building",
        "footprint": 1440,
        "description": "承担学院与城市共同使用的商业、旅宿、运输和公共服务。",
        "frontageRoad": "H-04-E",
        "blockId": "BLK-47",
        "scaleClass": "街坊常规建筑",
        "layer": "buildings"
      },
      "geometry": {
        "type": "Polygon",
        "coordinates": [
          [
            [
              2023,
              1227
            ],
            [
              2063,
              1227
            ],
            [
              2063,
              1263
            ],
            [
              2023,
              1263
            ],
            [
              2023,
              1227
            ]
          ]
        ]
      }
    },
    {
      "type": "Feature",
      "properties": {
        "id": "M-044",
        "name": "劳动登记所 2 号",
        "zone": "市集区",
        "kind": "building",
        "footprint": 1440,
        "description": "承担学院与城市共同使用的商业、旅宿、运输和公共服务。",
        "frontageRoad": "H-04-E",
        "blockId": "BLK-47",
        "scaleClass": "街坊常规建筑",
        "layer": "buildings"
      },
      "geometry": {
        "type": "Polygon",
        "coordinates": [
          [
            [
              2092,
              1228
            ],
            [
              2132,
              1228
            ],
            [
              2132,
              1264
            ],
            [
              2092,
              1264
            ],
            [
              2092,
              1228
            ]
          ]
        ]
      }
    },
    {
      "type": "Feature",
      "properties": {
        "id": "M-045",
        "name": "商旅仲裁厅 2 号",
        "zone": "市集区",
        "kind": "building",
        "footprint": 1440,
        "description": "承担学院与城市共同使用的商业、旅宿、运输和公共服务。",
        "frontageRoad": "H-04-E",
        "blockId": "BLK-47",
        "scaleClass": "街坊常规建筑",
        "layer": "buildings"
      },
      "geometry": {
        "type": "Polygon",
        "coordinates": [
          [
            [
              2152,
              1226
            ],
            [
              2192,
              1226
            ],
            [
              2192,
              1262
            ],
            [
              2152,
              1262
            ],
            [
              2152,
              1226
            ]
          ]
        ]
      }
    },
    {
      "type": "Feature",
      "properties": {
        "id": "M-046",
        "name": "修鞋与皮具铺 2 号",
        "zone": "市集区",
        "kind": "building",
        "footprint": 1440,
        "description": "承担学院与城市共同使用的商业、旅宿、运输和公共服务。",
        "frontageRoad": "H-05-E",
        "blockId": "BLK-47",
        "scaleClass": "街坊常规建筑",
        "layer": "buildings"
      },
      "geometry": {
        "type": "Polygon",
        "coordinates": [
          [
            [
              2023,
              1397
            ],
            [
              2063,
              1397
            ],
            [
              2063,
              1433
            ],
            [
              2023,
              1433
            ],
            [
              2023,
              1397
            ]
          ]
        ]
      }
    },
    {
      "type": "Feature",
      "properties": {
        "id": "M-047",
        "name": "纸张与装订铺 2 号",
        "zone": "市集区",
        "kind": "building",
        "footprint": 3000,
        "description": "承担学院与城市共同使用的商业、旅宿、运输和公共服务。",
        "frontageRoad": "H-05-E",
        "blockId": "BLK-47",
        "scaleClass": "街坊主建筑",
        "layer": "buildings"
      },
      "geometry": {
        "type": "Polygon",
        "coordinates": [
          [
            [
              2092,
              1382
            ],
            [
              2152,
              1382
            ],
            [
              2152,
              1432
            ],
            [
              2092,
              1432
            ],
            [
              2092,
              1382
            ]
          ]
        ]
      }
    },
    {
      "type": "Feature",
      "properties": {
        "id": "M-048",
        "name": "衣物与织补铺 2 号",
        "zone": "市集区",
        "kind": "building",
        "footprint": 1440,
        "description": "承担学院与城市共同使用的商业、旅宿、运输和公共服务。",
        "frontageRoad": "H-05-E",
        "blockId": "BLK-47",
        "scaleClass": "街坊常规建筑",
        "layer": "buildings"
      },
      "geometry": {
        "type": "Polygon",
        "coordinates": [
          [
            [
              2152,
              1398
            ],
            [
              2192,
              1398
            ],
            [
              2192,
              1434
            ],
            [
              2152,
              1434
            ],
            [
              2152,
              1398
            ]
          ]
        ]
      }
    },
    {
      "type": "Feature",
      "properties": {
        "id": "S-019",
        "name": "封存检查门厅 2 号",
        "zone": "封存区",
        "kind": "building",
        "footprint": 1440,
        "description": "承担受控档案、遗物、许可、隔离和安全维护。",
        "frontageRoad": "H-04-E",
        "blockId": "BLK-48",
        "scaleClass": "街坊常规建筑",
        "layer": "buildings"
      },
      "geometry": {
        "type": "Polygon",
        "coordinates": [
          [
            [
              2243,
              1228
            ],
            [
              2283,
              1228
            ],
            [
              2283,
              1264
            ],
            [
              2243,
              1264
            ],
            [
              2243,
              1228
            ]
          ]
        ]
      }
    },
    {
      "type": "Feature",
      "properties": {
        "id": "S-020",
        "name": "封存登记楼 2 号",
        "zone": "封存区",
        "kind": "building",
        "footprint": 1440,
        "description": "承担受控档案、遗物、许可、隔离和安全维护。",
        "frontageRoad": "H-04-E",
        "blockId": "BLK-48",
        "scaleClass": "街坊常规建筑",
        "layer": "buildings"
      },
      "geometry": {
        "type": "Polygon",
        "coordinates": [
          [
            [
              2312,
              1226
            ],
            [
              2352,
              1226
            ],
            [
              2352,
              1262
            ],
            [
              2312,
              1262
            ],
            [
              2312,
              1226
            ]
          ]
        ]
      }
    },
    {
      "type": "Feature",
      "properties": {
        "id": "S-021",
        "name": "受控档案库 2 号",
        "zone": "封存区",
        "kind": "building",
        "footprint": 1440,
        "description": "承担受控档案、遗物、许可、隔离和安全维护。",
        "frontageRoad": "H-04-E",
        "blockId": "BLK-48",
        "scaleClass": "街坊常规建筑",
        "layer": "buildings"
      },
      "geometry": {
        "type": "Polygon",
        "coordinates": [
          [
            [
              2381,
              1227
            ],
            [
              2421,
              1227
            ],
            [
              2421,
              1263
            ],
            [
              2381,
              1263
            ],
            [
              2381,
              1227
            ]
          ]
        ]
      }
    },
    {
      "type": "Feature",
      "properties": {
        "id": "S-022",
        "name": "遗物保管库 2 号",
        "zone": "封存区",
        "kind": "building",
        "footprint": 1440,
        "description": "承担受控档案、遗物、许可、隔离和安全维护。",
        "frontageRoad": "H-05-E",
        "blockId": "BLK-48",
        "scaleClass": "街坊常规建筑",
        "layer": "buildings"
      },
      "geometry": {
        "type": "Polygon",
        "coordinates": [
          [
            [
              2243,
              1396
            ],
            [
              2283,
              1396
            ],
            [
              2283,
              1432
            ],
            [
              2243,
              1432
            ],
            [
              2243,
              1396
            ]
          ]
        ]
      }
    },
    {
      "type": "Feature",
      "properties": {
        "id": "S-023",
        "name": "观察复核厅 2 号",
        "zone": "封存区",
        "kind": "building",
        "footprint": 1440,
        "description": "承担受控档案、遗物、许可、隔离和安全维护。",
        "frontageRoad": "H-05-E",
        "blockId": "BLK-48",
        "scaleClass": "街坊常规建筑",
        "layer": "buildings"
      },
      "geometry": {
        "type": "Polygon",
        "coordinates": [
          [
            [
              2312,
              1398
            ],
            [
              2352,
              1398
            ],
            [
              2352,
              1434
            ],
            [
              2312,
              1434
            ],
            [
              2312,
              1398
            ]
          ]
        ]
      }
    },
    {
      "type": "Feature",
      "properties": {
        "id": "S-024",
        "name": "隔离塔 2 号",
        "zone": "封存区",
        "kind": "building",
        "footprint": 3000,
        "description": "承担受控档案、遗物、许可、隔离和安全维护。",
        "frontageRoad": "H-05-E",
        "blockId": "BLK-48",
        "scaleClass": "街坊主建筑",
        "layer": "buildings"
      },
      "geometry": {
        "type": "Polygon",
        "coordinates": [
          [
            [
              2381,
              1383
            ],
            [
              2441,
              1383
            ],
            [
              2441,
              1433
            ],
            [
              2381,
              1433
            ],
            [
              2381,
              1383
            ]
          ]
        ]
      }
    },
    {
      "type": "Feature",
      "properties": {
        "id": "S-025",
        "name": "核心维护楼 2 号",
        "zone": "封存区",
        "kind": "building",
        "footprint": 3000,
        "description": "承担受控档案、遗物、许可、隔离和安全维护。",
        "frontageRoad": "H-04-E",
        "blockId": "BLK-49",
        "scaleClass": "街坊主建筑",
        "layer": "buildings"
      },
      "geometry": {
        "type": "Polygon",
        "coordinates": [
          [
            [
              2472,
              1226
            ],
            [
              2532,
              1226
            ],
            [
              2532,
              1276
            ],
            [
              2472,
              1276
            ],
            [
              2472,
              1226
            ]
          ]
        ]
      }
    },
    {
      "type": "Feature",
      "properties": {
        "id": "S-026",
        "name": "安全值守屋 2 号",
        "zone": "封存区",
        "kind": "building",
        "footprint": 1440,
        "description": "承担受控档案、遗物、许可、隔离和安全维护。",
        "frontageRoad": "H-04-E",
        "blockId": "BLK-49",
        "scaleClass": "街坊常规建筑",
        "layer": "buildings"
      },
      "geometry": {
        "type": "Polygon",
        "coordinates": [
          [
            [
              2532,
              1227
            ],
            [
              2572,
              1227
            ],
            [
              2572,
              1263
            ],
            [
              2532,
              1263
            ],
            [
              2532,
              1227
            ]
          ]
        ]
      }
    },
    {
      "type": "Feature",
      "properties": {
        "id": "S-027",
        "name": "受控处置工坊 2 号",
        "zone": "封存区",
        "kind": "building",
        "footprint": 1440,
        "description": "承担受控档案、遗物、许可、隔离和安全维护。",
        "frontageRoad": "H-04-E",
        "blockId": "BLK-49",
        "scaleClass": "街坊常规建筑",
        "layer": "buildings"
      },
      "geometry": {
        "type": "Polygon",
        "coordinates": [
          [
            [
              2601,
              1228
            ],
            [
              2641,
              1228
            ],
            [
              2641,
              1264
            ],
            [
              2601,
              1264
            ],
            [
              2601,
              1228
            ]
          ]
        ]
      }
    },
    {
      "type": "Feature",
      "properties": {
        "id": "S-028",
        "name": "封存记录副楼 2 号",
        "zone": "封存区",
        "kind": "building",
        "footprint": 1440,
        "description": "承担受控档案、遗物、许可、隔离和安全维护。",
        "frontageRoad": "H-05-E",
        "blockId": "BLK-49",
        "scaleClass": "街坊常规建筑",
        "layer": "buildings"
      },
      "geometry": {
        "type": "Polygon",
        "coordinates": [
          [
            [
              2472,
              1398
            ],
            [
              2512,
              1398
            ],
            [
              2512,
              1434
            ],
            [
              2472,
              1434
            ],
            [
              2472,
              1398
            ]
          ]
        ]
      }
    },
    {
      "type": "Feature",
      "properties": {
        "id": "S-029",
        "name": "许可审查厅 2 号",
        "zone": "封存区",
        "kind": "building",
        "footprint": 1440,
        "description": "承担受控档案、遗物、许可、隔离和安全维护。",
        "frontageRoad": "H-05-E",
        "blockId": "BLK-49",
        "scaleClass": "街坊常规建筑",
        "layer": "buildings"
      },
      "geometry": {
        "type": "Polygon",
        "coordinates": [
          [
            [
              2532,
              1397
            ],
            [
              2572,
              1397
            ],
            [
              2572,
              1433
            ],
            [
              2532,
              1433
            ],
            [
              2532,
              1397
            ]
          ]
        ]
      }
    },
    {
      "type": "Feature",
      "properties": {
        "id": "S-030",
        "name": "复制件保管楼 2 号",
        "zone": "封存区",
        "kind": "building",
        "footprint": 1440,
        "description": "承担受控档案、遗物、许可、隔离和安全维护。",
        "frontageRoad": "H-05-E",
        "blockId": "BLK-49",
        "scaleClass": "街坊常规建筑",
        "layer": "buildings"
      },
      "geometry": {
        "type": "Polygon",
        "coordinates": [
          [
            [
              2601,
              1396
            ],
            [
              2641,
              1396
            ],
            [
              2641,
              1432
            ],
            [
              2601,
              1432
            ],
            [
              2601,
              1396
            ]
          ]
        ]
      }
    },
    {
      "type": "Feature",
      "properties": {
        "id": "S-031",
        "name": "见证人等候屋 2 号",
        "zone": "封存区",
        "kind": "building",
        "footprint": 1440,
        "description": "承担受控档案、遗物、许可、隔离和安全维护。",
        "frontageRoad": "H-04-E",
        "blockId": "BLK-50",
        "scaleClass": "街坊常规建筑",
        "layer": "buildings"
      },
      "geometry": {
        "type": "Polygon",
        "coordinates": [
          [
            [
              2692,
              1227
            ],
            [
              2732,
              1227
            ],
            [
              2732,
              1263
            ],
            [
              2692,
              1263
            ],
            [
              2692,
              1227
            ]
          ]
        ]
      }
    },
    {
      "type": "Feature",
      "properties": {
        "id": "S-032",
        "name": "撤离器材库 2 号",
        "zone": "封存区",
        "kind": "building",
        "footprint": 3000,
        "description": "承担受控档案、遗物、许可、隔离和安全维护。",
        "frontageRoad": "H-04-E",
        "blockId": "BLK-50",
        "scaleClass": "街坊主建筑",
        "layer": "buildings"
      },
      "geometry": {
        "type": "Polygon",
        "coordinates": [
          [
            [
              2761,
              1228
            ],
            [
              2821,
              1228
            ],
            [
              2821,
              1278
            ],
            [
              2761,
              1278
            ],
            [
              2761,
              1228
            ]
          ]
        ]
      }
    },
    {
      "type": "Feature",
      "properties": {
        "id": "S-033",
        "name": "护障备用机房 2 号",
        "zone": "封存区",
        "kind": "building",
        "footprint": 1440,
        "description": "承担受控档案、遗物、许可、隔离和安全维护。",
        "frontageRoad": "H-04-E",
        "blockId": "BLK-50",
        "scaleClass": "街坊常规建筑",
        "layer": "buildings"
      },
      "geometry": {
        "type": "Polygon",
        "coordinates": [
          [
            [
              2830,
              1226
            ],
            [
              2870,
              1226
            ],
            [
              2870,
              1262
            ],
            [
              2830,
              1262
            ],
            [
              2830,
              1226
            ]
          ]
        ]
      }
    },
    {
      "type": "Feature",
      "properties": {
        "id": "S-034",
        "name": "夜间巡检站 2 号",
        "zone": "封存区",
        "kind": "building",
        "footprint": 1440,
        "description": "承担受控档案、遗物、许可、隔离和安全维护。",
        "frontageRoad": "H-05-E",
        "blockId": "BLK-50",
        "scaleClass": "街坊常规建筑",
        "layer": "buildings"
      },
      "geometry": {
        "type": "Polygon",
        "coordinates": [
          [
            [
              2692,
              1397
            ],
            [
              2732,
              1397
            ],
            [
              2732,
              1433
            ],
            [
              2692,
              1433
            ],
            [
              2692,
              1397
            ]
          ]
        ]
      }
    },
    {
      "type": "Feature",
      "properties": {
        "id": "S-035",
        "name": "档案修复室 2 号",
        "zone": "封存区",
        "kind": "building",
        "footprint": 1440,
        "description": "承担受控档案、遗物、许可、隔离和安全维护。",
        "frontageRoad": "H-05-E",
        "blockId": "BLK-50",
        "scaleClass": "街坊常规建筑",
        "layer": "buildings"
      },
      "geometry": {
        "type": "Polygon",
        "coordinates": [
          [
            [
              2761,
              1396
            ],
            [
              2801,
              1396
            ],
            [
              2801,
              1432
            ],
            [
              2761,
              1432
            ],
            [
              2761,
              1396
            ]
          ]
        ]
      }
    },
    {
      "type": "Feature",
      "properties": {
        "id": "S-036",
        "name": "封签材料库 2 号",
        "zone": "封存区",
        "kind": "building",
        "footprint": 1440,
        "description": "承担受控档案、遗物、许可、隔离和安全维护。",
        "frontageRoad": "H-05-E",
        "blockId": "BLK-50",
        "scaleClass": "街坊常规建筑",
        "layer": "buildings"
      },
      "geometry": {
        "type": "Polygon",
        "coordinates": [
          [
            [
              2830,
              1398
            ],
            [
              2870,
              1398
            ],
            [
              2870,
              1434
            ],
            [
              2830,
              1434
            ],
            [
              2830,
              1398
            ]
          ]
        ]
      }
    },
    {
      "type": "Feature",
      "properties": {
        "id": "L-037",
        "name": "共同基础宿舍 3 号",
        "zone": "生活区",
        "kind": "building",
        "footprint": 1440,
        "description": "承担学生与居民的住宿、饮食、医疗和社区生活。",
        "frontageRoad": "H-05-W",
        "blockId": "BLK-51",
        "scaleClass": "街坊常规建筑",
        "layer": "buildings"
      },
      "geometry": {
        "type": "Polygon",
        "coordinates": [
          [
            [
              321,
              1468
            ],
            [
              361,
              1468
            ],
            [
              361,
              1504
            ],
            [
              321,
              1504
            ],
            [
              321,
              1468
            ]
          ]
        ]
      }
    },
    {
      "type": "Feature",
      "properties": {
        "id": "L-038",
        "name": "专业院系宿舍 3 号",
        "zone": "生活区",
        "kind": "building",
        "footprint": 1440,
        "description": "承担学生与居民的住宿、饮食、医疗和社区生活。",
        "frontageRoad": "H-05-W",
        "blockId": "BLK-51",
        "scaleClass": "街坊常规建筑",
        "layer": "buildings"
      },
      "geometry": {
        "type": "Polygon",
        "coordinates": [
          [
            [
              381,
              1466
            ],
            [
              421,
              1466
            ],
            [
              421,
              1502
            ],
            [
              381,
              1502
            ],
            [
              381,
              1466
            ]
          ]
        ]
      }
    },
    {
      "type": "Feature",
      "properties": {
        "id": "L-039",
        "name": "城市居民公寓 3 号",
        "zone": "生活区",
        "kind": "building",
        "footprint": 3000,
        "description": "承担学生与居民的住宿、饮食、医疗和社区生活。",
        "frontageRoad": "H-05-W",
        "blockId": "BLK-51",
        "scaleClass": "街坊主建筑",
        "layer": "buildings"
      },
      "geometry": {
        "type": "Polygon",
        "coordinates": [
          [
            [
              450,
              1467
            ],
            [
              510,
              1467
            ],
            [
              510,
              1517
            ],
            [
              450,
              1517
            ],
            [
              450,
              1467
            ]
          ]
        ]
      }
    },
    {
      "type": "Feature",
      "properties": {
        "id": "L-040",
        "name": "社区餐厨楼 3 号",
        "zone": "生活区",
        "kind": "building",
        "footprint": 1440,
        "description": "承担学生与居民的住宿、饮食、医疗和社区生活。",
        "frontageRoad": "H-06-W",
        "blockId": "BLK-51",
        "scaleClass": "街坊常规建筑",
        "layer": "buildings"
      },
      "geometry": {
        "type": "Polygon",
        "coordinates": [
          [
            [
              321,
              1636
            ],
            [
              361,
              1636
            ],
            [
              361,
              1672
            ],
            [
              321,
              1672
            ],
            [
              321,
              1636
            ]
          ]
        ]
      }
    },
    {
      "type": "Feature",
      "properties": {
        "id": "L-041",
        "name": "学院医务院 3 号",
        "zone": "生活区",
        "kind": "building",
        "footprint": 1440,
        "description": "承担学生与居民的住宿、饮食、医疗和社区生活。",
        "frontageRoad": "H-06-W",
        "blockId": "BLK-51",
        "scaleClass": "街坊常规建筑",
        "layer": "buildings"
      },
      "geometry": {
        "type": "Polygon",
        "coordinates": [
          [
            [
              381,
              1638
            ],
            [
              421,
              1638
            ],
            [
              421,
              1674
            ],
            [
              381,
              1674
            ],
            [
              381,
              1638
            ]
          ]
        ]
      }
    },
    {
      "type": "Feature",
      "properties": {
        "id": "L-042",
        "name": "洗衣与浴室 3 号",
        "zone": "生活区",
        "kind": "building",
        "footprint": 1440,
        "description": "承担学生与居民的住宿、饮食、医疗和社区生活。",
        "frontageRoad": "H-06-W",
        "blockId": "BLK-51",
        "scaleClass": "街坊常规建筑",
        "layer": "buildings"
      },
      "geometry": {
        "type": "Polygon",
        "coordinates": [
          [
            [
              450,
              1637
            ],
            [
              490,
              1637
            ],
            [
              490,
              1673
            ],
            [
              450,
              1673
            ],
            [
              450,
              1637
            ]
          ]
        ]
      }
    },
    {
      "type": "Feature",
      "properties": {
        "id": "L-043",
        "name": "工读服务屋 3 号",
        "zone": "生活区",
        "kind": "building",
        "footprint": 1440,
        "description": "承担学生与居民的住宿、饮食、医疗和社区生活。",
        "frontageRoad": "H-05-W",
        "blockId": "BLK-52",
        "scaleClass": "街坊常规建筑",
        "layer": "buildings"
      },
      "geometry": {
        "type": "Polygon",
        "coordinates": [
          [
            [
              541,
              1466
            ],
            [
              581,
              1466
            ],
            [
              581,
              1502
            ],
            [
              541,
              1502
            ],
            [
              541,
              1466
            ]
          ]
        ]
      }
    },
    {
      "type": "Feature",
      "properties": {
        "id": "L-044",
        "name": "夜间公共屋 3 号",
        "zone": "生活区",
        "kind": "building",
        "footprint": 1440,
        "description": "承担学生与居民的住宿、饮食、医疗和社区生活。",
        "frontageRoad": "H-05-W",
        "blockId": "BLK-52",
        "scaleClass": "街坊常规建筑",
        "layer": "buildings"
      },
      "geometry": {
        "type": "Polygon",
        "coordinates": [
          [
            [
              610,
              1467
            ],
            [
              650,
              1467
            ],
            [
              650,
              1503
            ],
            [
              610,
              1503
            ],
            [
              610,
              1467
            ]
          ]
        ]
      }
    },
    {
      "type": "Feature",
      "properties": {
        "id": "L-045",
        "name": "社区诊疗所 3 号",
        "zone": "生活区",
        "kind": "building",
        "footprint": 1440,
        "description": "承担学生与居民的住宿、饮食、医疗和社区生活。",
        "frontageRoad": "H-05-W",
        "blockId": "BLK-52",
        "scaleClass": "街坊常规建筑",
        "layer": "buildings"
      },
      "geometry": {
        "type": "Polygon",
        "coordinates": [
          [
            [
              670,
              1468
            ],
            [
              710,
              1468
            ],
            [
              710,
              1504
            ],
            [
              670,
              1504
            ],
            [
              670,
              1468
            ]
          ]
        ]
      }
    },
    {
      "type": "Feature",
      "properties": {
        "id": "L-046",
        "name": "托育与家庭服务屋 3 号",
        "zone": "生活区",
        "kind": "building",
        "footprint": 3000,
        "description": "承担学生与居民的住宿、饮食、医疗和社区生活。",
        "frontageRoad": "H-06-W",
        "blockId": "BLK-52",
        "scaleClass": "街坊主建筑",
        "layer": "buildings"
      },
      "geometry": {
        "type": "Polygon",
        "coordinates": [
          [
            [
              541,
              1624
            ],
            [
              601,
              1624
            ],
            [
              601,
              1674
            ],
            [
              541,
              1674
            ],
            [
              541,
              1624
            ]
          ]
        ]
      }
    },
    {
      "type": "Feature",
      "properties": {
        "id": "L-047",
        "name": "公共储物楼 3 号",
        "zone": "生活区",
        "kind": "building",
        "footprint": 1440,
        "description": "承担学生与居民的住宿、饮食、医疗和社区生活。",
        "frontageRoad": "H-06-W",
        "blockId": "BLK-52",
        "scaleClass": "街坊常规建筑",
        "layer": "buildings"
      },
      "geometry": {
        "type": "Polygon",
        "coordinates": [
          [
            [
              610,
              1637
            ],
            [
              650,
              1637
            ],
            [
              650,
              1673
            ],
            [
              610,
              1673
            ],
            [
              610,
              1637
            ]
          ]
        ]
      }
    },
    {
      "type": "Feature",
      "properties": {
        "id": "L-048",
        "name": "社区修补所 3 号",
        "zone": "生活区",
        "kind": "building",
        "footprint": 1440,
        "description": "承担学生与居民的住宿、饮食、医疗和社区生活。",
        "frontageRoad": "H-06-W",
        "blockId": "BLK-52",
        "scaleClass": "街坊常规建筑",
        "layer": "buildings"
      },
      "geometry": {
        "type": "Polygon",
        "coordinates": [
          [
            [
              670,
              1636
            ],
            [
              710,
              1636
            ],
            [
              710,
              1672
            ],
            [
              670,
              1672
            ],
            [
              670,
              1636
            ]
          ]
        ]
      }
    },
    {
      "type": "Feature",
      "properties": {
        "id": "L-049",
        "name": "夜勤备餐屋 3 号",
        "zone": "生活区",
        "kind": "building",
        "footprint": 1440,
        "description": "承担学生与居民的住宿、饮食、医疗和社区生活。",
        "frontageRoad": "H-05-W",
        "blockId": "BLK-53",
        "scaleClass": "街坊常规建筑",
        "layer": "buildings"
      },
      "geometry": {
        "type": "Polygon",
        "coordinates": [
          [
            [
              770,
              1467
            ],
            [
              810,
              1467
            ],
            [
              810,
              1503
            ],
            [
              770,
              1503
            ],
            [
              770,
              1467
            ]
          ]
        ]
      }
    },
    {
      "type": "Feature",
      "properties": {
        "id": "L-050",
        "name": "饮水维护站 3 号",
        "zone": "生活区",
        "kind": "building",
        "footprint": 1440,
        "description": "承担学生与居民的住宿、饮食、医疗和社区生活。",
        "frontageRoad": "H-05-W",
        "blockId": "BLK-53",
        "scaleClass": "街坊常规建筑",
        "layer": "buildings"
      },
      "geometry": {
        "type": "Polygon",
        "coordinates": [
          [
            [
              830,
              1468
            ],
            [
              870,
              1468
            ],
            [
              870,
              1504
            ],
            [
              830,
              1504
            ],
            [
              830,
              1468
            ]
          ]
        ]
      }
    },
    {
      "type": "Feature",
      "properties": {
        "id": "L-051",
        "name": "居民议事屋 3 号",
        "zone": "生活区",
        "kind": "building",
        "footprint": 1440,
        "description": "承担学生与居民的住宿、饮食、医疗和社区生活。",
        "frontageRoad": "H-05-W",
        "blockId": "BLK-53",
        "scaleClass": "街坊常规建筑",
        "layer": "buildings"
      },
      "geometry": {
        "type": "Polygon",
        "coordinates": [
          [
            [
              899,
              1466
            ],
            [
              939,
              1466
            ],
            [
              939,
              1502
            ],
            [
              899,
              1502
            ],
            [
              899,
              1466
            ]
          ]
        ]
      }
    },
    {
      "type": "Feature",
      "properties": {
        "id": "L-052",
        "name": "宿舍自习楼 3 号",
        "zone": "生活区",
        "kind": "building",
        "footprint": 1440,
        "description": "承担学生与居民的住宿、饮食、医疗和社区生活。",
        "frontageRoad": "H-06-W",
        "blockId": "BLK-53",
        "scaleClass": "街坊常规建筑",
        "layer": "buildings"
      },
      "geometry": {
        "type": "Polygon",
        "coordinates": [
          [
            [
              770,
              1637
            ],
            [
              810,
              1637
            ],
            [
              810,
              1673
            ],
            [
              770,
              1673
            ],
            [
              770,
              1637
            ]
          ]
        ]
      }
    },
    {
      "type": "Feature",
      "properties": {
        "id": "L-053",
        "name": "公共粮食分发所 3 号",
        "zone": "生活区",
        "kind": "building",
        "footprint": 3000,
        "description": "承担学生与居民的住宿、饮食、医疗和社区生活。",
        "frontageRoad": "H-06-W",
        "blockId": "BLK-53",
        "scaleClass": "街坊主建筑",
        "layer": "buildings"
      },
      "geometry": {
        "type": "Polygon",
        "coordinates": [
          [
            [
              830,
              1622
            ],
            [
              890,
              1622
            ],
            [
              890,
              1672
            ],
            [
              830,
              1672
            ],
            [
              830,
              1622
            ]
          ]
        ]
      }
    },
    {
      "type": "Feature",
      "properties": {
        "id": "L-054",
        "name": "巡夜值班屋 3 号",
        "zone": "生活区",
        "kind": "building",
        "footprint": 1440,
        "description": "承担学生与居民的住宿、饮食、医疗和社区生活。",
        "frontageRoad": "H-06-W",
        "blockId": "BLK-53",
        "scaleClass": "街坊常规建筑",
        "layer": "buildings"
      },
      "geometry": {
        "type": "Polygon",
        "coordinates": [
          [
            [
              899,
              1638
            ],
            [
              939,
              1638
            ],
            [
              939,
              1674
            ],
            [
              899,
              1674
            ],
            [
              899,
              1638
            ]
          ]
        ]
      }
    },
    {
      "type": "Feature",
      "properties": {
        "id": "M-049",
        "name": "普通器材铺 2 号",
        "zone": "市集区",
        "kind": "building",
        "footprint": 1440,
        "description": "承担学院与城市共同使用的商业、旅宿、运输和公共服务。",
        "frontageRoad": "H-05-W",
        "blockId": "BLK-54",
        "scaleClass": "街坊常规建筑",
        "layer": "buildings"
      },
      "geometry": {
        "type": "Polygon",
        "coordinates": [
          [
            [
              990,
              1468
            ],
            [
              1030,
              1468
            ],
            [
              1030,
              1504
            ],
            [
              990,
              1504
            ],
            [
              990,
              1468
            ]
          ]
        ]
      }
    },
    {
      "type": "Feature",
      "properties": {
        "id": "M-050",
        "name": "餐馆与茶屋 2 号",
        "zone": "市集区",
        "kind": "building",
        "footprint": 1440,
        "description": "承担学院与城市共同使用的商业、旅宿、运输和公共服务。",
        "frontageRoad": "H-05-W",
        "blockId": "BLK-54",
        "scaleClass": "街坊常规建筑",
        "layer": "buildings"
      },
      "geometry": {
        "type": "Polygon",
        "coordinates": [
          [
            [
              1059,
              1466
            ],
            [
              1099,
              1466
            ],
            [
              1099,
              1502
            ],
            [
              1059,
              1502
            ],
            [
              1059,
              1466
            ]
          ]
        ]
      }
    },
    {
      "type": "Feature",
      "properties": {
        "id": "M-051",
        "name": "覆顶市集厅 3 号",
        "zone": "市集区",
        "kind": "building",
        "footprint": 1440,
        "description": "承担学院与城市共同使用的商业、旅宿、运输和公共服务。",
        "frontageRoad": "H-05-W",
        "blockId": "BLK-54",
        "scaleClass": "街坊常规建筑",
        "layer": "buildings"
      },
      "geometry": {
        "type": "Polygon",
        "coordinates": [
          [
            [
              1119,
              1467
            ],
            [
              1159,
              1467
            ],
            [
              1159,
              1503
            ],
            [
              1119,
              1503
            ],
            [
              1119,
              1467
            ]
          ]
        ]
      }
    },
    {
      "type": "Feature",
      "properties": {
        "id": "M-052",
        "name": "常用品商铺 3 号",
        "zone": "市集区",
        "kind": "building",
        "footprint": 1440,
        "description": "承担学院与城市共同使用的商业、旅宿、运输和公共服务。",
        "frontageRoad": "H-06-W",
        "blockId": "BLK-54",
        "scaleClass": "街坊常规建筑",
        "layer": "buildings"
      },
      "geometry": {
        "type": "Polygon",
        "coordinates": [
          [
            [
              990,
              1636
            ],
            [
              1030,
              1636
            ],
            [
              1030,
              1672
            ],
            [
              990,
              1672
            ],
            [
              990,
              1636
            ]
          ]
        ]
      }
    },
    {
      "type": "Feature",
      "properties": {
        "id": "M-053",
        "name": "食材与熟食馆 3 号",
        "zone": "市集区",
        "kind": "building",
        "footprint": 1440,
        "description": "承担学院与城市共同使用的商业、旅宿、运输和公共服务。",
        "frontageRoad": "H-06-W",
        "blockId": "BLK-54",
        "scaleClass": "街坊常规建筑",
        "layer": "buildings"
      },
      "geometry": {
        "type": "Polygon",
        "coordinates": [
          [
            [
              1059,
              1638
            ],
            [
              1099,
              1638
            ],
            [
              1099,
              1674
            ],
            [
              1059,
              1674
            ],
            [
              1059,
              1638
            ]
          ]
        ]
      }
    },
    {
      "type": "Feature",
      "properties": {
        "id": "M-054",
        "name": "货币与契约所 3 号",
        "zone": "市集区",
        "kind": "building",
        "footprint": 3000,
        "description": "承担学院与城市共同使用的商业、旅宿、运输和公共服务。",
        "frontageRoad": "H-06-W",
        "blockId": "BLK-54",
        "scaleClass": "街坊主建筑",
        "layer": "buildings"
      },
      "geometry": {
        "type": "Polygon",
        "coordinates": [
          [
            [
              1119,
              1623
            ],
            [
              1179,
              1623
            ],
            [
              1179,
              1673
            ],
            [
              1119,
              1673
            ],
            [
              1119,
              1623
            ]
          ]
        ]
      }
    },
    {
      "type": "Feature",
      "properties": {
        "id": "M-055",
        "name": "转运车队屋 3 号",
        "zone": "市集区",
        "kind": "building",
        "footprint": 3000,
        "description": "承担学院与城市共同使用的商业、旅宿、运输和公共服务。",
        "frontageRoad": "H-05-W",
        "blockId": "BLK-55",
        "scaleClass": "街坊主建筑",
        "layer": "buildings"
      },
      "geometry": {
        "type": "Polygon",
        "coordinates": [
          [
            [
              1210,
              1466
            ],
            [
              1270,
              1466
            ],
            [
              1270,
              1516
            ],
            [
              1210,
              1516
            ],
            [
              1210,
              1466
            ]
          ]
        ]
      }
    },
    {
      "type": "Feature",
      "properties": {
        "id": "M-056",
        "name": "公共货栈 3 号",
        "zone": "市集区",
        "kind": "building",
        "footprint": 1440,
        "description": "承担学院与城市共同使用的商业、旅宿、运输和公共服务。",
        "frontageRoad": "H-05-W",
        "blockId": "BLK-55",
        "scaleClass": "街坊常规建筑",
        "layer": "buildings"
      },
      "geometry": {
        "type": "Polygon",
        "coordinates": [
          [
            [
              1279,
              1467
            ],
            [
              1319,
              1467
            ],
            [
              1319,
              1503
            ],
            [
              1279,
              1503
            ],
            [
              1279,
              1467
            ]
          ]
        ]
      }
    },
    {
      "type": "Feature",
      "properties": {
        "id": "M-057",
        "name": "度量巡查所 3 号",
        "zone": "市集区",
        "kind": "building",
        "footprint": 1440,
        "description": "承担学院与城市共同使用的商业、旅宿、运输和公共服务。",
        "frontageRoad": "H-05-W",
        "blockId": "BLK-55",
        "scaleClass": "街坊常规建筑",
        "layer": "buildings"
      },
      "geometry": {
        "type": "Polygon",
        "coordinates": [
          [
            [
              1348,
              1468
            ],
            [
              1388,
              1468
            ],
            [
              1388,
              1504
            ],
            [
              1348,
              1504
            ],
            [
              1348,
              1468
            ]
          ]
        ]
      }
    },
    {
      "type": "Feature",
      "properties": {
        "id": "M-058",
        "name": "访客客舍 3 号",
        "zone": "市集区",
        "kind": "building",
        "footprint": 1440,
        "description": "承担学院与城市共同使用的商业、旅宿、运输和公共服务。",
        "frontageRoad": "H-06-W",
        "blockId": "BLK-55",
        "scaleClass": "街坊常规建筑",
        "layer": "buildings"
      },
      "geometry": {
        "type": "Polygon",
        "coordinates": [
          [
            [
              1210,
              1638
            ],
            [
              1250,
              1638
            ],
            [
              1250,
              1674
            ],
            [
              1210,
              1674
            ],
            [
              1210,
              1638
            ]
          ]
        ]
      }
    },
    {
      "type": "Feature",
      "properties": {
        "id": "M-059",
        "name": "学生用品合营社 3 号",
        "zone": "市集区",
        "kind": "building",
        "footprint": 1440,
        "description": "承担学院与城市共同使用的商业、旅宿、运输和公共服务。",
        "frontageRoad": "H-06-W",
        "blockId": "BLK-55",
        "scaleClass": "街坊常规建筑",
        "layer": "buildings"
      },
      "geometry": {
        "type": "Polygon",
        "coordinates": [
          [
            [
              1279,
              1637
            ],
            [
              1319,
              1637
            ],
            [
              1319,
              1673
            ],
            [
              1279,
              1673
            ],
            [
              1279,
              1637
            ]
          ]
        ]
      }
    },
    {
      "type": "Feature",
      "properties": {
        "id": "M-060",
        "name": "旅店与浴室 3 号",
        "zone": "市集区",
        "kind": "building",
        "footprint": 1440,
        "description": "承担学院与城市共同使用的商业、旅宿、运输和公共服务。",
        "frontageRoad": "H-06-W",
        "blockId": "BLK-55",
        "scaleClass": "街坊常规建筑",
        "layer": "buildings"
      },
      "geometry": {
        "type": "Polygon",
        "coordinates": [
          [
            [
              1348,
              1636
            ],
            [
              1388,
              1636
            ],
            [
              1388,
              1672
            ],
            [
              1348,
              1672
            ],
            [
              1348,
              1636
            ]
          ]
        ]
      }
    },
    {
      "type": "Feature",
      "properties": {
        "id": "M-061",
        "name": "城市消防护障站 3 号",
        "zone": "市集区",
        "kind": "building",
        "footprint": 1440,
        "description": "承担学院与城市共同使用的商业、旅宿、运输和公共服务。",
        "frontageRoad": "H-05-E",
        "blockId": "BLK-56",
        "scaleClass": "街坊常规建筑",
        "layer": "buildings"
      },
      "geometry": {
        "type": "Polygon",
        "coordinates": [
          [
            [
              1799,
              1467
            ],
            [
              1839,
              1467
            ],
            [
              1839,
              1503
            ],
            [
              1799,
              1503
            ],
            [
              1799,
              1467
            ]
          ]
        ]
      }
    },
    {
      "type": "Feature",
      "properties": {
        "id": "M-062",
        "name": "公共粮仓 3 号",
        "zone": "市集区",
        "kind": "building",
        "footprint": 3000,
        "description": "承担学院与城市共同使用的商业、旅宿、运输和公共服务。",
        "frontageRoad": "H-05-E",
        "blockId": "BLK-56",
        "scaleClass": "街坊主建筑",
        "layer": "buildings"
      },
      "geometry": {
        "type": "Polygon",
        "coordinates": [
          [
            [
              1868,
              1468
            ],
            [
              1928,
              1468
            ],
            [
              1928,
              1518
            ],
            [
              1868,
              1518
            ],
            [
              1868,
              1468
            ]
          ]
        ]
      }
    },
    {
      "type": "Feature",
      "properties": {
        "id": "M-063",
        "name": "客运票务所 3 号",
        "zone": "市集区",
        "kind": "building",
        "footprint": 1440,
        "description": "承担学院与城市共同使用的商业、旅宿、运输和公共服务。",
        "frontageRoad": "H-05-E",
        "blockId": "BLK-56",
        "scaleClass": "街坊常规建筑",
        "layer": "buildings"
      },
      "geometry": {
        "type": "Polygon",
        "coordinates": [
          [
            [
              1928,
              1466
            ],
            [
              1968,
              1466
            ],
            [
              1968,
              1502
            ],
            [
              1928,
              1502
            ],
            [
              1928,
              1466
            ]
          ]
        ]
      }
    },
    {
      "type": "Feature",
      "properties": {
        "id": "M-064",
        "name": "邮驿分发站 3 号",
        "zone": "市集区",
        "kind": "building",
        "footprint": 1440,
        "description": "承担学院与城市共同使用的商业、旅宿、运输和公共服务。",
        "frontageRoad": "H-06-E",
        "blockId": "BLK-56",
        "scaleClass": "街坊常规建筑",
        "layer": "buildings"
      },
      "geometry": {
        "type": "Polygon",
        "coordinates": [
          [
            [
              1799,
              1637
            ],
            [
              1839,
              1637
            ],
            [
              1839,
              1673
            ],
            [
              1799,
              1673
            ],
            [
              1799,
              1637
            ]
          ]
        ]
      }
    },
    {
      "type": "Feature",
      "properties": {
        "id": "M-065",
        "name": "水务维护所 3 号",
        "zone": "市集区",
        "kind": "building",
        "footprint": 1440,
        "description": "承担学院与城市共同使用的商业、旅宿、运输和公共服务。",
        "frontageRoad": "H-06-E",
        "blockId": "BLK-56",
        "scaleClass": "街坊常规建筑",
        "layer": "buildings"
      },
      "geometry": {
        "type": "Polygon",
        "coordinates": [
          [
            [
              1868,
              1636
            ],
            [
              1908,
              1636
            ],
            [
              1908,
              1672
            ],
            [
              1868,
              1672
            ],
            [
              1868,
              1636
            ]
          ]
        ]
      }
    },
    {
      "type": "Feature",
      "properties": {
        "id": "M-066",
        "name": "街区医务站 3 号",
        "zone": "市集区",
        "kind": "building",
        "footprint": 1440,
        "description": "承担学院与城市共同使用的商业、旅宿、运输和公共服务。",
        "frontageRoad": "H-06-E",
        "blockId": "BLK-56",
        "scaleClass": "街坊常规建筑",
        "layer": "buildings"
      },
      "geometry": {
        "type": "Polygon",
        "coordinates": [
          [
            [
              1928,
              1638
            ],
            [
              1968,
              1638
            ],
            [
              1968,
              1674
            ],
            [
              1928,
              1674
            ],
            [
              1928,
              1638
            ]
          ]
        ]
      }
    },
    {
      "type": "Feature",
      "properties": {
        "id": "M-067",
        "name": "市集治安所 3 号",
        "zone": "市集区",
        "kind": "building",
        "footprint": 1440,
        "description": "承担学院与城市共同使用的商业、旅宿、运输和公共服务。",
        "frontageRoad": "H-05-E",
        "blockId": "BLK-57",
        "scaleClass": "街坊常规建筑",
        "layer": "buildings"
      },
      "geometry": {
        "type": "Polygon",
        "coordinates": [
          [
            [
              2019,
              1468
            ],
            [
              2059,
              1468
            ],
            [
              2059,
              1504
            ],
            [
              2019,
              1504
            ],
            [
              2019,
              1468
            ]
          ]
        ]
      }
    },
    {
      "type": "Feature",
      "properties": {
        "id": "M-068",
        "name": "公共厨房 3 号",
        "zone": "市集区",
        "kind": "building",
        "footprint": 1440,
        "description": "承担学院与城市共同使用的商业、旅宿、运输和公共服务。",
        "frontageRoad": "H-05-E",
        "blockId": "BLK-57",
        "scaleClass": "街坊常规建筑",
        "layer": "buildings"
      },
      "geometry": {
        "type": "Polygon",
        "coordinates": [
          [
            [
              2088,
              1466
            ],
            [
              2128,
              1466
            ],
            [
              2128,
              1502
            ],
            [
              2088,
              1502
            ],
            [
              2088,
              1466
            ]
          ]
        ]
      }
    },
    {
      "type": "Feature",
      "properties": {
        "id": "M-069",
        "name": "劳动登记所 3 号",
        "zone": "市集区",
        "kind": "building",
        "footprint": 3000,
        "description": "承担学院与城市共同使用的商业、旅宿、运输和公共服务。",
        "frontageRoad": "H-05-E",
        "blockId": "BLK-57",
        "scaleClass": "街坊主建筑",
        "layer": "buildings"
      },
      "geometry": {
        "type": "Polygon",
        "coordinates": [
          [
            [
              2157,
              1467
            ],
            [
              2217,
              1467
            ],
            [
              2217,
              1517
            ],
            [
              2157,
              1517
            ],
            [
              2157,
              1467
            ]
          ]
        ]
      }
    },
    {
      "type": "Feature",
      "properties": {
        "id": "M-070",
        "name": "商旅仲裁厅 3 号",
        "zone": "市集区",
        "kind": "building",
        "footprint": 1440,
        "description": "承担学院与城市共同使用的商业、旅宿、运输和公共服务。",
        "frontageRoad": "H-06-E",
        "blockId": "BLK-57",
        "scaleClass": "街坊常规建筑",
        "layer": "buildings"
      },
      "geometry": {
        "type": "Polygon",
        "coordinates": [
          [
            [
              2019,
              1636
            ],
            [
              2059,
              1636
            ],
            [
              2059,
              1672
            ],
            [
              2019,
              1672
            ],
            [
              2019,
              1636
            ]
          ]
        ]
      }
    },
    {
      "type": "Feature",
      "properties": {
        "id": "M-071",
        "name": "修鞋与皮具铺 3 号",
        "zone": "市集区",
        "kind": "building",
        "footprint": 1440,
        "description": "承担学院与城市共同使用的商业、旅宿、运输和公共服务。",
        "frontageRoad": "H-06-E",
        "blockId": "BLK-57",
        "scaleClass": "街坊常规建筑",
        "layer": "buildings"
      },
      "geometry": {
        "type": "Polygon",
        "coordinates": [
          [
            [
              2088,
              1638
            ],
            [
              2128,
              1638
            ],
            [
              2128,
              1674
            ],
            [
              2088,
              1674
            ],
            [
              2088,
              1638
            ]
          ]
        ]
      }
    },
    {
      "type": "Feature",
      "properties": {
        "id": "M-072",
        "name": "纸张与装订铺 3 号",
        "zone": "市集区",
        "kind": "building",
        "footprint": 1440,
        "description": "承担学院与城市共同使用的商业、旅宿、运输和公共服务。",
        "frontageRoad": "H-06-E",
        "blockId": "BLK-57",
        "scaleClass": "街坊常规建筑",
        "layer": "buildings"
      },
      "geometry": {
        "type": "Polygon",
        "coordinates": [
          [
            [
              2157,
              1637
            ],
            [
              2197,
              1637
            ],
            [
              2197,
              1673
            ],
            [
              2157,
              1673
            ],
            [
              2157,
              1637
            ]
          ]
        ]
      }
    },
    {
      "type": "Feature",
      "properties": {
        "id": "S-037",
        "name": "封存检查门厅 3 号",
        "zone": "封存区",
        "kind": "building",
        "footprint": 1440,
        "description": "承担受控档案、遗物、许可、隔离和安全维护。",
        "frontageRoad": "H-05-E",
        "blockId": "BLK-58",
        "scaleClass": "街坊常规建筑",
        "layer": "buildings"
      },
      "geometry": {
        "type": "Polygon",
        "coordinates": [
          [
            [
              2248,
              1466
            ],
            [
              2288,
              1466
            ],
            [
              2288,
              1502
            ],
            [
              2248,
              1502
            ],
            [
              2248,
              1466
            ]
          ]
        ]
      }
    },
    {
      "type": "Feature",
      "properties": {
        "id": "S-038",
        "name": "封存登记楼 3 号",
        "zone": "封存区",
        "kind": "building",
        "footprint": 1440,
        "description": "承担受控档案、遗物、许可、隔离和安全维护。",
        "frontageRoad": "H-05-E",
        "blockId": "BLK-58",
        "scaleClass": "街坊常规建筑",
        "layer": "buildings"
      },
      "geometry": {
        "type": "Polygon",
        "coordinates": [
          [
            [
              2308,
              1467
            ],
            [
              2348,
              1467
            ],
            [
              2348,
              1503
            ],
            [
              2308,
              1503
            ],
            [
              2308,
              1467
            ]
          ]
        ]
      }
    },
    {
      "type": "Feature",
      "properties": {
        "id": "S-039",
        "name": "受控档案库 3 号",
        "zone": "封存区",
        "kind": "building",
        "footprint": 1440,
        "description": "承担受控档案、遗物、许可、隔离和安全维护。",
        "frontageRoad": "H-05-E",
        "blockId": "BLK-58",
        "scaleClass": "街坊常规建筑",
        "layer": "buildings"
      },
      "geometry": {
        "type": "Polygon",
        "coordinates": [
          [
            [
              2377,
              1468
            ],
            [
              2417,
              1468
            ],
            [
              2417,
              1504
            ],
            [
              2377,
              1504
            ],
            [
              2377,
              1468
            ]
          ]
        ]
      }
    },
    {
      "type": "Feature",
      "properties": {
        "id": "S-040",
        "name": "遗物保管库 3 号",
        "zone": "封存区",
        "kind": "building",
        "footprint": 3000,
        "description": "承担受控档案、遗物、许可、隔离和安全维护。",
        "frontageRoad": "H-06-E",
        "blockId": "BLK-58",
        "scaleClass": "街坊主建筑",
        "layer": "buildings"
      },
      "geometry": {
        "type": "Polygon",
        "coordinates": [
          [
            [
              2248,
              1624
            ],
            [
              2308,
              1624
            ],
            [
              2308,
              1674
            ],
            [
              2248,
              1674
            ],
            [
              2248,
              1624
            ]
          ]
        ]
      }
    },
    {
      "type": "Feature",
      "properties": {
        "id": "S-041",
        "name": "观察复核厅 3 号",
        "zone": "封存区",
        "kind": "building",
        "footprint": 1440,
        "description": "承担受控档案、遗物、许可、隔离和安全维护。",
        "frontageRoad": "H-06-E",
        "blockId": "BLK-58",
        "scaleClass": "街坊常规建筑",
        "layer": "buildings"
      },
      "geometry": {
        "type": "Polygon",
        "coordinates": [
          [
            [
              2308,
              1637
            ],
            [
              2348,
              1637
            ],
            [
              2348,
              1673
            ],
            [
              2308,
              1673
            ],
            [
              2308,
              1637
            ]
          ]
        ]
      }
    },
    {
      "type": "Feature",
      "properties": {
        "id": "S-042",
        "name": "隔离塔 3 号",
        "zone": "封存区",
        "kind": "building",
        "footprint": 1440,
        "description": "承担受控档案、遗物、许可、隔离和安全维护。",
        "frontageRoad": "H-06-E",
        "blockId": "BLK-58",
        "scaleClass": "街坊常规建筑",
        "layer": "buildings"
      },
      "geometry": {
        "type": "Polygon",
        "coordinates": [
          [
            [
              2377,
              1636
            ],
            [
              2417,
              1636
            ],
            [
              2417,
              1672
            ],
            [
              2377,
              1672
            ],
            [
              2377,
              1636
            ]
          ]
        ]
      }
    },
    {
      "type": "Feature",
      "properties": {
        "id": "S-043",
        "name": "核心维护楼 3 号",
        "zone": "封存区",
        "kind": "building",
        "footprint": 1440,
        "description": "承担受控档案、遗物、许可、隔离和安全维护。",
        "frontageRoad": "H-05-E",
        "blockId": "BLK-59",
        "scaleClass": "街坊常规建筑",
        "layer": "buildings"
      },
      "geometry": {
        "type": "Polygon",
        "coordinates": [
          [
            [
              2468,
              1467
            ],
            [
              2508,
              1467
            ],
            [
              2508,
              1503
            ],
            [
              2468,
              1503
            ],
            [
              2468,
              1467
            ]
          ]
        ]
      }
    },
    {
      "type": "Feature",
      "properties": {
        "id": "S-044",
        "name": "安全值守屋 3 号",
        "zone": "封存区",
        "kind": "building",
        "footprint": 1440,
        "description": "承担受控档案、遗物、许可、隔离和安全维护。",
        "frontageRoad": "H-05-E",
        "blockId": "BLK-59",
        "scaleClass": "街坊常规建筑",
        "layer": "buildings"
      },
      "geometry": {
        "type": "Polygon",
        "coordinates": [
          [
            [
              2537,
              1468
            ],
            [
              2577,
              1468
            ],
            [
              2577,
              1504
            ],
            [
              2537,
              1504
            ],
            [
              2537,
              1468
            ]
          ]
        ]
      }
    },
    {
      "type": "Feature",
      "properties": {
        "id": "S-045",
        "name": "受控处置工坊 3 号",
        "zone": "封存区",
        "kind": "building",
        "footprint": 1440,
        "description": "承担受控档案、遗物、许可、隔离和安全维护。",
        "frontageRoad": "H-05-E",
        "blockId": "BLK-59",
        "scaleClass": "街坊常规建筑",
        "layer": "buildings"
      },
      "geometry": {
        "type": "Polygon",
        "coordinates": [
          [
            [
              2606,
              1466
            ],
            [
              2646,
              1466
            ],
            [
              2646,
              1502
            ],
            [
              2606,
              1502
            ],
            [
              2606,
              1466
            ]
          ]
        ]
      }
    },
    {
      "type": "Feature",
      "properties": {
        "id": "S-046",
        "name": "封存记录副楼 3 号",
        "zone": "封存区",
        "kind": "building",
        "footprint": 1440,
        "description": "承担受控档案、遗物、许可、隔离和安全维护。",
        "frontageRoad": "H-06-E",
        "blockId": "BLK-59",
        "scaleClass": "街坊常规建筑",
        "layer": "buildings"
      },
      "geometry": {
        "type": "Polygon",
        "coordinates": [
          [
            [
              2468,
              1637
            ],
            [
              2508,
              1637
            ],
            [
              2508,
              1673
            ],
            [
              2468,
              1673
            ],
            [
              2468,
              1637
            ]
          ]
        ]
      }
    },
    {
      "type": "Feature",
      "properties": {
        "id": "S-047",
        "name": "许可审查厅 3 号",
        "zone": "封存区",
        "kind": "building",
        "footprint": 3000,
        "description": "承担受控档案、遗物、许可、隔离和安全维护。",
        "frontageRoad": "H-06-E",
        "blockId": "BLK-59",
        "scaleClass": "街坊主建筑",
        "layer": "buildings"
      },
      "geometry": {
        "type": "Polygon",
        "coordinates": [
          [
            [
              2537,
              1622
            ],
            [
              2597,
              1622
            ],
            [
              2597,
              1672
            ],
            [
              2537,
              1672
            ],
            [
              2537,
              1622
            ]
          ]
        ]
      }
    },
    {
      "type": "Feature",
      "properties": {
        "id": "S-048",
        "name": "复制件保管楼 3 号",
        "zone": "封存区",
        "kind": "building",
        "footprint": 1440,
        "description": "承担受控档案、遗物、许可、隔离和安全维护。",
        "frontageRoad": "H-06-E",
        "blockId": "BLK-59",
        "scaleClass": "街坊常规建筑",
        "layer": "buildings"
      },
      "geometry": {
        "type": "Polygon",
        "coordinates": [
          [
            [
              2606,
              1638
            ],
            [
              2646,
              1638
            ],
            [
              2646,
              1674
            ],
            [
              2606,
              1674
            ],
            [
              2606,
              1638
            ]
          ]
        ]
      }
    },
    {
      "type": "Feature",
      "properties": {
        "id": "S-049",
        "name": "见证人等候屋 3 号",
        "zone": "封存区",
        "kind": "building",
        "footprint": 1440,
        "description": "承担受控档案、遗物、许可、隔离和安全维护。",
        "frontageRoad": "H-05-E",
        "blockId": "BLK-60",
        "scaleClass": "街坊常规建筑",
        "layer": "buildings"
      },
      "geometry": {
        "type": "Polygon",
        "coordinates": [
          [
            [
              2697,
              1468
            ],
            [
              2737,
              1468
            ],
            [
              2737,
              1504
            ],
            [
              2697,
              1504
            ],
            [
              2697,
              1468
            ]
          ]
        ]
      }
    },
    {
      "type": "Feature",
      "properties": {
        "id": "S-050",
        "name": "撤离器材库 3 号",
        "zone": "封存区",
        "kind": "building",
        "footprint": 1440,
        "description": "承担受控档案、遗物、许可、隔离和安全维护。",
        "frontageRoad": "H-05-E",
        "blockId": "BLK-60",
        "scaleClass": "街坊常规建筑",
        "layer": "buildings"
      },
      "geometry": {
        "type": "Polygon",
        "coordinates": [
          [
            [
              2757,
              1466
            ],
            [
              2797,
              1466
            ],
            [
              2797,
              1502
            ],
            [
              2757,
              1502
            ],
            [
              2757,
              1466
            ]
          ]
        ]
      }
    },
    {
      "type": "Feature",
      "properties": {
        "id": "S-051",
        "name": "护障备用机房 3 号",
        "zone": "封存区",
        "kind": "building",
        "footprint": 1440,
        "description": "承担受控档案、遗物、许可、隔离和安全维护。",
        "frontageRoad": "H-05-E",
        "blockId": "BLK-60",
        "scaleClass": "街坊常规建筑",
        "layer": "buildings"
      },
      "geometry": {
        "type": "Polygon",
        "coordinates": [
          [
            [
              2826,
              1467
            ],
            [
              2866,
              1467
            ],
            [
              2866,
              1503
            ],
            [
              2826,
              1503
            ],
            [
              2826,
              1467
            ]
          ]
        ]
      }
    },
    {
      "type": "Feature",
      "properties": {
        "id": "S-052",
        "name": "夜间巡检站 3 号",
        "zone": "封存区",
        "kind": "building",
        "footprint": 1440,
        "description": "承担受控档案、遗物、许可、隔离和安全维护。",
        "frontageRoad": "H-06-E",
        "blockId": "BLK-60",
        "scaleClass": "街坊常规建筑",
        "layer": "buildings"
      },
      "geometry": {
        "type": "Polygon",
        "coordinates": [
          [
            [
              2697,
              1636
            ],
            [
              2737,
              1636
            ],
            [
              2737,
              1672
            ],
            [
              2697,
              1672
            ],
            [
              2697,
              1636
            ]
          ]
        ]
      }
    },
    {
      "type": "Feature",
      "properties": {
        "id": "S-053",
        "name": "档案修复室 3 号",
        "zone": "封存区",
        "kind": "building",
        "footprint": 1440,
        "description": "承担受控档案、遗物、许可、隔离和安全维护。",
        "frontageRoad": "H-06-E",
        "blockId": "BLK-60",
        "scaleClass": "街坊常规建筑",
        "layer": "buildings"
      },
      "geometry": {
        "type": "Polygon",
        "coordinates": [
          [
            [
              2757,
              1638
            ],
            [
              2797,
              1638
            ],
            [
              2797,
              1674
            ],
            [
              2757,
              1674
            ],
            [
              2757,
              1638
            ]
          ]
        ]
      }
    },
    {
      "type": "Feature",
      "properties": {
        "id": "S-054",
        "name": "封签材料库 3 号",
        "zone": "封存区",
        "kind": "building",
        "footprint": 3000,
        "description": "承担受控档案、遗物、许可、隔离和安全维护。",
        "frontageRoad": "H-06-E",
        "blockId": "BLK-60",
        "scaleClass": "街坊主建筑",
        "layer": "buildings"
      },
      "geometry": {
        "type": "Polygon",
        "coordinates": [
          [
            [
              2826,
              1623
            ],
            [
              2886,
              1623
            ],
            [
              2886,
              1673
            ],
            [
              2826,
              1673
            ],
            [
              2826,
              1623
            ]
          ]
        ]
      }
    },
    {
      "type": "Feature",
      "properties": {
        "id": "L-055",
        "name": "共同基础宿舍 4 号",
        "zone": "生活区",
        "kind": "building",
        "footprint": 3000,
        "description": "承担学生与居民的住宿、饮食、医疗和社区生活。",
        "frontageRoad": "H-06-W",
        "blockId": "BLK-61",
        "scaleClass": "街坊主建筑",
        "layer": "buildings"
      },
      "geometry": {
        "type": "Polygon",
        "coordinates": [
          [
            [
              317,
              1706
            ],
            [
              377,
              1706
            ],
            [
              377,
              1756
            ],
            [
              317,
              1756
            ],
            [
              317,
              1706
            ]
          ]
        ]
      }
    },
    {
      "type": "Feature",
      "properties": {
        "id": "L-056",
        "name": "专业院系宿舍 4 号",
        "zone": "生活区",
        "kind": "building",
        "footprint": 1440,
        "description": "承担学生与居民的住宿、饮食、医疗和社区生活。",
        "frontageRoad": "H-06-W",
        "blockId": "BLK-61",
        "scaleClass": "街坊常规建筑",
        "layer": "buildings"
      },
      "geometry": {
        "type": "Polygon",
        "coordinates": [
          [
            [
              386,
              1707
            ],
            [
              426,
              1707
            ],
            [
              426,
              1743
            ],
            [
              386,
              1743
            ],
            [
              386,
              1707
            ]
          ]
        ]
      }
    },
    {
      "type": "Feature",
      "properties": {
        "id": "L-057",
        "name": "城市居民公寓 4 号",
        "zone": "生活区",
        "kind": "building",
        "footprint": 1440,
        "description": "承担学生与居民的住宿、饮食、医疗和社区生活。",
        "frontageRoad": "H-06-W",
        "blockId": "BLK-61",
        "scaleClass": "街坊常规建筑",
        "layer": "buildings"
      },
      "geometry": {
        "type": "Polygon",
        "coordinates": [
          [
            [
              446,
              1708
            ],
            [
              486,
              1708
            ],
            [
              486,
              1744
            ],
            [
              446,
              1744
            ],
            [
              446,
              1708
            ]
          ]
        ]
      }
    },
    {
      "type": "Feature",
      "properties": {
        "id": "L-058",
        "name": "社区餐厨楼 4 号",
        "zone": "生活区",
        "kind": "building",
        "footprint": 1440,
        "description": "承担学生与居民的住宿、饮食、医疗和社区生活。",
        "frontageRoad": "H-07-W",
        "blockId": "BLK-61",
        "scaleClass": "街坊常规建筑",
        "layer": "buildings"
      },
      "geometry": {
        "type": "Polygon",
        "coordinates": [
          [
            [
              317,
              1878
            ],
            [
              357,
              1878
            ],
            [
              357,
              1914
            ],
            [
              317,
              1914
            ],
            [
              317,
              1878
            ]
          ]
        ]
      }
    },
    {
      "type": "Feature",
      "properties": {
        "id": "L-059",
        "name": "学院医务院 4 号",
        "zone": "生活区",
        "kind": "building",
        "footprint": 1440,
        "description": "承担学生与居民的住宿、饮食、医疗和社区生活。",
        "frontageRoad": "H-07-W",
        "blockId": "BLK-61",
        "scaleClass": "街坊常规建筑",
        "layer": "buildings"
      },
      "geometry": {
        "type": "Polygon",
        "coordinates": [
          [
            [
              386,
              1877
            ],
            [
              426,
              1877
            ],
            [
              426,
              1913
            ],
            [
              386,
              1913
            ],
            [
              386,
              1877
            ]
          ]
        ]
      }
    },
    {
      "type": "Feature",
      "properties": {
        "id": "L-060",
        "name": "洗衣与浴室 4 号",
        "zone": "生活区",
        "kind": "building",
        "footprint": 1440,
        "description": "承担学生与居民的住宿、饮食、医疗和社区生活。",
        "frontageRoad": "H-07-W",
        "blockId": "BLK-61",
        "scaleClass": "街坊常规建筑",
        "layer": "buildings"
      },
      "geometry": {
        "type": "Polygon",
        "coordinates": [
          [
            [
              446,
              1876
            ],
            [
              486,
              1876
            ],
            [
              486,
              1912
            ],
            [
              446,
              1912
            ],
            [
              446,
              1876
            ]
          ]
        ]
      }
    },
    {
      "type": "Feature",
      "properties": {
        "id": "L-061",
        "name": "工读服务屋 4 号",
        "zone": "生活区",
        "kind": "building",
        "footprint": 1440,
        "description": "承担学生与居民的住宿、饮食、医疗和社区生活。",
        "frontageRoad": "H-06-W",
        "blockId": "BLK-62",
        "scaleClass": "街坊常规建筑",
        "layer": "buildings"
      },
      "geometry": {
        "type": "Polygon",
        "coordinates": [
          [
            [
              546,
              1707
            ],
            [
              586,
              1707
            ],
            [
              586,
              1743
            ],
            [
              546,
              1743
            ],
            [
              546,
              1707
            ]
          ]
        ]
      }
    },
    {
      "type": "Feature",
      "properties": {
        "id": "L-062",
        "name": "夜间公共屋 4 号",
        "zone": "生活区",
        "kind": "building",
        "footprint": 3000,
        "description": "承担学生与居民的住宿、饮食、医疗和社区生活。",
        "frontageRoad": "H-06-W",
        "blockId": "BLK-62",
        "scaleClass": "街坊主建筑",
        "layer": "buildings"
      },
      "geometry": {
        "type": "Polygon",
        "coordinates": [
          [
            [
              606,
              1708
            ],
            [
              666,
              1708
            ],
            [
              666,
              1758
            ],
            [
              606,
              1758
            ],
            [
              606,
              1708
            ]
          ]
        ]
      }
    },
    {
      "type": "Feature",
      "properties": {
        "id": "L-063",
        "name": "社区诊疗所 4 号",
        "zone": "生活区",
        "kind": "building",
        "footprint": 1440,
        "description": "承担学生与居民的住宿、饮食、医疗和社区生活。",
        "frontageRoad": "H-06-W",
        "blockId": "BLK-62",
        "scaleClass": "街坊常规建筑",
        "layer": "buildings"
      },
      "geometry": {
        "type": "Polygon",
        "coordinates": [
          [
            [
              675,
              1706
            ],
            [
              715,
              1706
            ],
            [
              715,
              1742
            ],
            [
              675,
              1742
            ],
            [
              675,
              1706
            ]
          ]
        ]
      }
    },
    {
      "type": "Feature",
      "properties": {
        "id": "L-064",
        "name": "托育与家庭服务屋 4 号",
        "zone": "生活区",
        "kind": "building",
        "footprint": 1440,
        "description": "承担学生与居民的住宿、饮食、医疗和社区生活。",
        "frontageRoad": "H-07-W",
        "blockId": "BLK-62",
        "scaleClass": "街坊常规建筑",
        "layer": "buildings"
      },
      "geometry": {
        "type": "Polygon",
        "coordinates": [
          [
            [
              546,
              1877
            ],
            [
              586,
              1877
            ],
            [
              586,
              1913
            ],
            [
              546,
              1913
            ],
            [
              546,
              1877
            ]
          ]
        ]
      }
    },
    {
      "type": "Feature",
      "properties": {
        "id": "L-065",
        "name": "公共储物楼 4 号",
        "zone": "生活区",
        "kind": "building",
        "footprint": 1440,
        "description": "承担学生与居民的住宿、饮食、医疗和社区生活。",
        "frontageRoad": "H-07-W",
        "blockId": "BLK-62",
        "scaleClass": "街坊常规建筑",
        "layer": "buildings"
      },
      "geometry": {
        "type": "Polygon",
        "coordinates": [
          [
            [
              606,
              1876
            ],
            [
              646,
              1876
            ],
            [
              646,
              1912
            ],
            [
              606,
              1912
            ],
            [
              606,
              1876
            ]
          ]
        ]
      }
    },
    {
      "type": "Feature",
      "properties": {
        "id": "L-066",
        "name": "社区修补所 4 号",
        "zone": "生活区",
        "kind": "building",
        "footprint": 1440,
        "description": "承担学生与居民的住宿、饮食、医疗和社区生活。",
        "frontageRoad": "H-07-W",
        "blockId": "BLK-62",
        "scaleClass": "街坊常规建筑",
        "layer": "buildings"
      },
      "geometry": {
        "type": "Polygon",
        "coordinates": [
          [
            [
              675,
              1878
            ],
            [
              715,
              1878
            ],
            [
              715,
              1914
            ],
            [
              675,
              1914
            ],
            [
              675,
              1878
            ]
          ]
        ]
      }
    },
    {
      "type": "Feature",
      "properties": {
        "id": "L-067",
        "name": "夜勤备餐屋 4 号",
        "zone": "生活区",
        "kind": "building",
        "footprint": 1440,
        "description": "承担学生与居民的住宿、饮食、医疗和社区生活。",
        "frontageRoad": "H-06-W",
        "blockId": "BLK-63",
        "scaleClass": "街坊常规建筑",
        "layer": "buildings"
      },
      "geometry": {
        "type": "Polygon",
        "coordinates": [
          [
            [
              766,
              1708
            ],
            [
              806,
              1708
            ],
            [
              806,
              1744
            ],
            [
              766,
              1744
            ],
            [
              766,
              1708
            ]
          ]
        ]
      }
    },
    {
      "type": "Feature",
      "properties": {
        "id": "L-068",
        "name": "饮水维护站 4 号",
        "zone": "生活区",
        "kind": "building",
        "footprint": 1440,
        "description": "承担学生与居民的住宿、饮食、医疗和社区生活。",
        "frontageRoad": "H-06-W",
        "blockId": "BLK-63",
        "scaleClass": "街坊常规建筑",
        "layer": "buildings"
      },
      "geometry": {
        "type": "Polygon",
        "coordinates": [
          [
            [
              835,
              1706
            ],
            [
              875,
              1706
            ],
            [
              875,
              1742
            ],
            [
              835,
              1742
            ],
            [
              835,
              1706
            ]
          ]
        ]
      }
    },
    {
      "type": "Feature",
      "properties": {
        "id": "L-069",
        "name": "居民议事屋 4 号",
        "zone": "生活区",
        "kind": "building",
        "footprint": 3000,
        "description": "承担学生与居民的住宿、饮食、医疗和社区生活。",
        "frontageRoad": "H-06-W",
        "blockId": "BLK-63",
        "scaleClass": "街坊主建筑",
        "layer": "buildings"
      },
      "geometry": {
        "type": "Polygon",
        "coordinates": [
          [
            [
              895,
              1707
            ],
            [
              955,
              1707
            ],
            [
              955,
              1757
            ],
            [
              895,
              1757
            ],
            [
              895,
              1707
            ]
          ]
        ]
      }
    },
    {
      "type": "Feature",
      "properties": {
        "id": "L-070",
        "name": "宿舍自习楼 4 号",
        "zone": "生活区",
        "kind": "building",
        "footprint": 1440,
        "description": "承担学生与居民的住宿、饮食、医疗和社区生活。",
        "frontageRoad": "H-07-W",
        "blockId": "BLK-63",
        "scaleClass": "街坊常规建筑",
        "layer": "buildings"
      },
      "geometry": {
        "type": "Polygon",
        "coordinates": [
          [
            [
              766,
              1876
            ],
            [
              806,
              1876
            ],
            [
              806,
              1912
            ],
            [
              766,
              1912
            ],
            [
              766,
              1876
            ]
          ]
        ]
      }
    },
    {
      "type": "Feature",
      "properties": {
        "id": "L-071",
        "name": "公共粮食分发所 4 号",
        "zone": "生活区",
        "kind": "building",
        "footprint": 1440,
        "description": "承担学生与居民的住宿、饮食、医疗和社区生活。",
        "frontageRoad": "H-07-W",
        "blockId": "BLK-63",
        "scaleClass": "街坊常规建筑",
        "layer": "buildings"
      },
      "geometry": {
        "type": "Polygon",
        "coordinates": [
          [
            [
              835,
              1878
            ],
            [
              875,
              1878
            ],
            [
              875,
              1914
            ],
            [
              835,
              1914
            ],
            [
              835,
              1878
            ]
          ]
        ]
      }
    },
    {
      "type": "Feature",
      "properties": {
        "id": "L-072",
        "name": "巡夜值班屋 4 号",
        "zone": "生活区",
        "kind": "building",
        "footprint": 1440,
        "description": "承担学生与居民的住宿、饮食、医疗和社区生活。",
        "frontageRoad": "H-07-W",
        "blockId": "BLK-63",
        "scaleClass": "街坊常规建筑",
        "layer": "buildings"
      },
      "geometry": {
        "type": "Polygon",
        "coordinates": [
          [
            [
              895,
              1877
            ],
            [
              935,
              1877
            ],
            [
              935,
              1913
            ],
            [
              895,
              1913
            ],
            [
              895,
              1877
            ]
          ]
        ]
      }
    },
    {
      "type": "Feature",
      "properties": {
        "id": "M-073",
        "name": "衣物与织补铺 3 号",
        "zone": "市集区",
        "kind": "building",
        "footprint": 1440,
        "description": "承担学院与城市共同使用的商业、旅宿、运输和公共服务。",
        "frontageRoad": "H-06-W",
        "blockId": "BLK-64",
        "scaleClass": "街坊常规建筑",
        "layer": "buildings"
      },
      "geometry": {
        "type": "Polygon",
        "coordinates": [
          [
            [
              986,
              1706
            ],
            [
              1026,
              1706
            ],
            [
              1026,
              1742
            ],
            [
              986,
              1742
            ],
            [
              986,
              1706
            ]
          ]
        ]
      }
    },
    {
      "type": "Feature",
      "properties": {
        "id": "M-074",
        "name": "普通器材铺 3 号",
        "zone": "市集区",
        "kind": "building",
        "footprint": 1440,
        "description": "承担学院与城市共同使用的商业、旅宿、运输和公共服务。",
        "frontageRoad": "H-06-W",
        "blockId": "BLK-64",
        "scaleClass": "街坊常规建筑",
        "layer": "buildings"
      },
      "geometry": {
        "type": "Polygon",
        "coordinates": [
          [
            [
              1055,
              1707
            ],
            [
              1095,
              1707
            ],
            [
              1095,
              1743
            ],
            [
              1055,
              1743
            ],
            [
              1055,
              1707
            ]
          ]
        ]
      }
    },
    {
      "type": "Feature",
      "properties": {
        "id": "M-075",
        "name": "餐馆与茶屋 3 号",
        "zone": "市集区",
        "kind": "building",
        "footprint": 1440,
        "description": "承担学院与城市共同使用的商业、旅宿、运输和公共服务。",
        "frontageRoad": "H-06-W",
        "blockId": "BLK-64",
        "scaleClass": "街坊常规建筑",
        "layer": "buildings"
      },
      "geometry": {
        "type": "Polygon",
        "coordinates": [
          [
            [
              1124,
              1708
            ],
            [
              1164,
              1708
            ],
            [
              1164,
              1744
            ],
            [
              1124,
              1744
            ],
            [
              1124,
              1708
            ]
          ]
        ]
      }
    },
    {
      "type": "Feature",
      "properties": {
        "id": "M-076",
        "name": "覆顶市集厅 4 号",
        "zone": "市集区",
        "kind": "building",
        "footprint": 3000,
        "description": "承担学院与城市共同使用的商业、旅宿、运输和公共服务。",
        "frontageRoad": "H-07-W",
        "blockId": "BLK-64",
        "scaleClass": "街坊主建筑",
        "layer": "buildings"
      },
      "geometry": {
        "type": "Polygon",
        "coordinates": [
          [
            [
              986,
              1864
            ],
            [
              1046,
              1864
            ],
            [
              1046,
              1914
            ],
            [
              986,
              1914
            ],
            [
              986,
              1864
            ]
          ]
        ]
      }
    },
    {
      "type": "Feature",
      "properties": {
        "id": "M-077",
        "name": "常用品商铺 4 号",
        "zone": "市集区",
        "kind": "building",
        "footprint": 1440,
        "description": "承担学院与城市共同使用的商业、旅宿、运输和公共服务。",
        "frontageRoad": "H-07-W",
        "blockId": "BLK-64",
        "scaleClass": "街坊常规建筑",
        "layer": "buildings"
      },
      "geometry": {
        "type": "Polygon",
        "coordinates": [
          [
            [
              1055,
              1877
            ],
            [
              1095,
              1877
            ],
            [
              1095,
              1913
            ],
            [
              1055,
              1913
            ],
            [
              1055,
              1877
            ]
          ]
        ]
      }
    },
    {
      "type": "Feature",
      "properties": {
        "id": "M-078",
        "name": "食材与熟食馆 4 号",
        "zone": "市集区",
        "kind": "building",
        "footprint": 1440,
        "description": "承担学院与城市共同使用的商业、旅宿、运输和公共服务。",
        "frontageRoad": "H-07-W",
        "blockId": "BLK-64",
        "scaleClass": "街坊常规建筑",
        "layer": "buildings"
      },
      "geometry": {
        "type": "Polygon",
        "coordinates": [
          [
            [
              1124,
              1876
            ],
            [
              1164,
              1876
            ],
            [
              1164,
              1912
            ],
            [
              1124,
              1912
            ],
            [
              1124,
              1876
            ]
          ]
        ]
      }
    },
    {
      "type": "Feature",
      "properties": {
        "id": "M-079",
        "name": "货币与契约所 4 号",
        "zone": "市集区",
        "kind": "building",
        "footprint": 1440,
        "description": "承担学院与城市共同使用的商业、旅宿、运输和公共服务。",
        "frontageRoad": "H-06-W",
        "blockId": "BLK-65",
        "scaleClass": "街坊常规建筑",
        "layer": "buildings"
      },
      "geometry": {
        "type": "Polygon",
        "coordinates": [
          [
            [
              1215,
              1707
            ],
            [
              1255,
              1707
            ],
            [
              1255,
              1743
            ],
            [
              1215,
              1743
            ],
            [
              1215,
              1707
            ]
          ]
        ]
      }
    },
    {
      "type": "Feature",
      "properties": {
        "id": "M-080",
        "name": "转运车队屋 4 号",
        "zone": "市集区",
        "kind": "building",
        "footprint": 1440,
        "description": "承担学院与城市共同使用的商业、旅宿、运输和公共服务。",
        "frontageRoad": "H-06-W",
        "blockId": "BLK-65",
        "scaleClass": "街坊常规建筑",
        "layer": "buildings"
      },
      "geometry": {
        "type": "Polygon",
        "coordinates": [
          [
            [
              1284,
              1708
            ],
            [
              1324,
              1708
            ],
            [
              1324,
              1744
            ],
            [
              1284,
              1744
            ],
            [
              1284,
              1708
            ]
          ]
        ]
      }
    },
    {
      "type": "Feature",
      "properties": {
        "id": "M-081",
        "name": "公共货栈 4 号",
        "zone": "市集区",
        "kind": "building",
        "footprint": 1440,
        "description": "承担学院与城市共同使用的商业、旅宿、运输和公共服务。",
        "frontageRoad": "H-06-W",
        "blockId": "BLK-65",
        "scaleClass": "街坊常规建筑",
        "layer": "buildings"
      },
      "geometry": {
        "type": "Polygon",
        "coordinates": [
          [
            [
              1344,
              1706
            ],
            [
              1384,
              1706
            ],
            [
              1384,
              1742
            ],
            [
              1344,
              1742
            ],
            [
              1344,
              1706
            ]
          ]
        ]
      }
    },
    {
      "type": "Feature",
      "properties": {
        "id": "M-082",
        "name": "度量巡查所 4 号",
        "zone": "市集区",
        "kind": "building",
        "footprint": 1440,
        "description": "承担学院与城市共同使用的商业、旅宿、运输和公共服务。",
        "frontageRoad": "H-07-W",
        "blockId": "BLK-65",
        "scaleClass": "街坊常规建筑",
        "layer": "buildings"
      },
      "geometry": {
        "type": "Polygon",
        "coordinates": [
          [
            [
              1215,
              1877
            ],
            [
              1255,
              1877
            ],
            [
              1255,
              1913
            ],
            [
              1215,
              1913
            ],
            [
              1215,
              1877
            ]
          ]
        ]
      }
    },
    {
      "type": "Feature",
      "properties": {
        "id": "M-083",
        "name": "访客客舍 4 号",
        "zone": "市集区",
        "kind": "building",
        "footprint": 3000,
        "description": "承担学院与城市共同使用的商业、旅宿、运输和公共服务。",
        "frontageRoad": "H-07-W",
        "blockId": "BLK-65",
        "scaleClass": "街坊主建筑",
        "layer": "buildings"
      },
      "geometry": {
        "type": "Polygon",
        "coordinates": [
          [
            [
              1284,
              1862
            ],
            [
              1344,
              1862
            ],
            [
              1344,
              1912
            ],
            [
              1284,
              1912
            ],
            [
              1284,
              1862
            ]
          ]
        ]
      }
    },
    {
      "type": "Feature",
      "properties": {
        "id": "M-084",
        "name": "学生用品合营社 4 号",
        "zone": "市集区",
        "kind": "building",
        "footprint": 1440,
        "description": "承担学院与城市共同使用的商业、旅宿、运输和公共服务。",
        "frontageRoad": "H-07-W",
        "blockId": "BLK-65",
        "scaleClass": "街坊常规建筑",
        "layer": "buildings"
      },
      "geometry": {
        "type": "Polygon",
        "coordinates": [
          [
            [
              1344,
              1878
            ],
            [
              1384,
              1878
            ],
            [
              1384,
              1914
            ],
            [
              1344,
              1914
            ],
            [
              1344,
              1878
            ]
          ]
        ]
      }
    },
    {
      "type": "Feature",
      "properties": {
        "id": "M-085",
        "name": "旅店与浴室 4 号",
        "zone": "市集区",
        "kind": "building",
        "footprint": 1440,
        "description": "承担学院与城市共同使用的商业、旅宿、运输和公共服务。",
        "frontageRoad": "H-06-E",
        "blockId": "BLK-66",
        "scaleClass": "街坊常规建筑",
        "layer": "buildings"
      },
      "geometry": {
        "type": "Polygon",
        "coordinates": [
          [
            [
              1795,
              1708
            ],
            [
              1835,
              1708
            ],
            [
              1835,
              1744
            ],
            [
              1795,
              1744
            ],
            [
              1795,
              1708
            ]
          ]
        ]
      }
    },
    {
      "type": "Feature",
      "properties": {
        "id": "M-086",
        "name": "城市消防护障站 4 号",
        "zone": "市集区",
        "kind": "building",
        "footprint": 1440,
        "description": "承担学院与城市共同使用的商业、旅宿、运输和公共服务。",
        "frontageRoad": "H-06-E",
        "blockId": "BLK-66",
        "scaleClass": "街坊常规建筑",
        "layer": "buildings"
      },
      "geometry": {
        "type": "Polygon",
        "coordinates": [
          [
            [
              1864,
              1706
            ],
            [
              1904,
              1706
            ],
            [
              1904,
              1742
            ],
            [
              1864,
              1742
            ],
            [
              1864,
              1706
            ]
          ]
        ]
      }
    },
    {
      "type": "Feature",
      "properties": {
        "id": "M-087",
        "name": "公共粮仓 4 号",
        "zone": "市集区",
        "kind": "building",
        "footprint": 1440,
        "description": "承担学院与城市共同使用的商业、旅宿、运输和公共服务。",
        "frontageRoad": "H-06-E",
        "blockId": "BLK-66",
        "scaleClass": "街坊常规建筑",
        "layer": "buildings"
      },
      "geometry": {
        "type": "Polygon",
        "coordinates": [
          [
            [
              1933,
              1707
            ],
            [
              1973,
              1707
            ],
            [
              1973,
              1743
            ],
            [
              1933,
              1743
            ],
            [
              1933,
              1707
            ]
          ]
        ]
      }
    },
    {
      "type": "Feature",
      "properties": {
        "id": "M-088",
        "name": "客运票务所 4 号",
        "zone": "市集区",
        "kind": "building",
        "footprint": 1440,
        "description": "承担学院与城市共同使用的商业、旅宿、运输和公共服务。",
        "frontageRoad": "H-07-E",
        "blockId": "BLK-66",
        "scaleClass": "街坊常规建筑",
        "layer": "buildings"
      },
      "geometry": {
        "type": "Polygon",
        "coordinates": [
          [
            [
              1795,
              1876
            ],
            [
              1835,
              1876
            ],
            [
              1835,
              1912
            ],
            [
              1795,
              1912
            ],
            [
              1795,
              1876
            ]
          ]
        ]
      }
    },
    {
      "type": "Feature",
      "properties": {
        "id": "M-089",
        "name": "邮驿分发站 4 号",
        "zone": "市集区",
        "kind": "building",
        "footprint": 1440,
        "description": "承担学院与城市共同使用的商业、旅宿、运输和公共服务。",
        "frontageRoad": "H-07-E",
        "blockId": "BLK-66",
        "scaleClass": "街坊常规建筑",
        "layer": "buildings"
      },
      "geometry": {
        "type": "Polygon",
        "coordinates": [
          [
            [
              1864,
              1878
            ],
            [
              1904,
              1878
            ],
            [
              1904,
              1914
            ],
            [
              1864,
              1914
            ],
            [
              1864,
              1878
            ]
          ]
        ]
      }
    },
    {
      "type": "Feature",
      "properties": {
        "id": "M-090",
        "name": "水务维护所 4 号",
        "zone": "市集区",
        "kind": "building",
        "footprint": 3000,
        "description": "承担学院与城市共同使用的商业、旅宿、运输和公共服务。",
        "frontageRoad": "H-07-E",
        "blockId": "BLK-66",
        "scaleClass": "街坊主建筑",
        "layer": "buildings"
      },
      "geometry": {
        "type": "Polygon",
        "coordinates": [
          [
            [
              1933,
              1863
            ],
            [
              1993,
              1863
            ],
            [
              1993,
              1913
            ],
            [
              1933,
              1913
            ],
            [
              1933,
              1863
            ]
          ]
        ]
      }
    },
    {
      "type": "Feature",
      "properties": {
        "id": "M-091",
        "name": "街区医务站 4 号",
        "zone": "市集区",
        "kind": "building",
        "footprint": 3000,
        "description": "承担学院与城市共同使用的商业、旅宿、运输和公共服务。",
        "frontageRoad": "H-06-E",
        "blockId": "BLK-67",
        "scaleClass": "街坊主建筑",
        "layer": "buildings"
      },
      "geometry": {
        "type": "Polygon",
        "coordinates": [
          [
            [
              2024,
              1706
            ],
            [
              2084,
              1706
            ],
            [
              2084,
              1756
            ],
            [
              2024,
              1756
            ],
            [
              2024,
              1706
            ]
          ]
        ]
      }
    },
    {
      "type": "Feature",
      "properties": {
        "id": "M-092",
        "name": "市集治安所 4 号",
        "zone": "市集区",
        "kind": "building",
        "footprint": 1440,
        "description": "承担学院与城市共同使用的商业、旅宿、运输和公共服务。",
        "frontageRoad": "H-06-E",
        "blockId": "BLK-67",
        "scaleClass": "街坊常规建筑",
        "layer": "buildings"
      },
      "geometry": {
        "type": "Polygon",
        "coordinates": [
          [
            [
              2084,
              1707
            ],
            [
              2124,
              1707
            ],
            [
              2124,
              1743
            ],
            [
              2084,
              1743
            ],
            [
              2084,
              1707
            ]
          ]
        ]
      }
    },
    {
      "type": "Feature",
      "properties": {
        "id": "M-093",
        "name": "公共厨房 4 号",
        "zone": "市集区",
        "kind": "building",
        "footprint": 1440,
        "description": "承担学院与城市共同使用的商业、旅宿、运输和公共服务。",
        "frontageRoad": "H-06-E",
        "blockId": "BLK-67",
        "scaleClass": "街坊常规建筑",
        "layer": "buildings"
      },
      "geometry": {
        "type": "Polygon",
        "coordinates": [
          [
            [
              2153,
              1708
            ],
            [
              2193,
              1708
            ],
            [
              2193,
              1744
            ],
            [
              2153,
              1744
            ],
            [
              2153,
              1708
            ]
          ]
        ]
      }
    },
    {
      "type": "Feature",
      "properties": {
        "id": "M-094",
        "name": "劳动登记所 4 号",
        "zone": "市集区",
        "kind": "building",
        "footprint": 1440,
        "description": "承担学院与城市共同使用的商业、旅宿、运输和公共服务。",
        "frontageRoad": "H-07-E",
        "blockId": "BLK-67",
        "scaleClass": "街坊常规建筑",
        "layer": "buildings"
      },
      "geometry": {
        "type": "Polygon",
        "coordinates": [
          [
            [
              2024,
              1878
            ],
            [
              2064,
              1878
            ],
            [
              2064,
              1914
            ],
            [
              2024,
              1914
            ],
            [
              2024,
              1878
            ]
          ]
        ]
      }
    },
    {
      "type": "Feature",
      "properties": {
        "id": "M-095",
        "name": "商旅仲裁厅 4 号",
        "zone": "市集区",
        "kind": "building",
        "footprint": 1440,
        "description": "承担学院与城市共同使用的商业、旅宿、运输和公共服务。",
        "frontageRoad": "H-07-E",
        "blockId": "BLK-67",
        "scaleClass": "街坊常规建筑",
        "layer": "buildings"
      },
      "geometry": {
        "type": "Polygon",
        "coordinates": [
          [
            [
              2084,
              1877
            ],
            [
              2124,
              1877
            ],
            [
              2124,
              1913
            ],
            [
              2084,
              1913
            ],
            [
              2084,
              1877
            ]
          ]
        ]
      }
    },
    {
      "type": "Feature",
      "properties": {
        "id": "M-096",
        "name": "修鞋与皮具铺 4 号",
        "zone": "市集区",
        "kind": "building",
        "footprint": 1440,
        "description": "承担学院与城市共同使用的商业、旅宿、运输和公共服务。",
        "frontageRoad": "H-07-E",
        "blockId": "BLK-67",
        "scaleClass": "街坊常规建筑",
        "layer": "buildings"
      },
      "geometry": {
        "type": "Polygon",
        "coordinates": [
          [
            [
              2153,
              1876
            ],
            [
              2193,
              1876
            ],
            [
              2193,
              1912
            ],
            [
              2153,
              1912
            ],
            [
              2153,
              1876
            ]
          ]
        ]
      }
    },
    {
      "type": "Feature",
      "properties": {
        "id": "S-055",
        "name": "封存检查门厅 4 号",
        "zone": "封存区",
        "kind": "building",
        "footprint": 1440,
        "description": "承担受控档案、遗物、许可、隔离和安全维护。",
        "frontageRoad": "H-06-E",
        "blockId": "BLK-68",
        "scaleClass": "街坊常规建筑",
        "layer": "buildings"
      },
      "geometry": {
        "type": "Polygon",
        "coordinates": [
          [
            [
              2244,
              1707
            ],
            [
              2284,
              1707
            ],
            [
              2284,
              1743
            ],
            [
              2244,
              1743
            ],
            [
              2244,
              1707
            ]
          ]
        ]
      }
    },
    {
      "type": "Feature",
      "properties": {
        "id": "S-056",
        "name": "封存登记楼 4 号",
        "zone": "封存区",
        "kind": "building",
        "footprint": 3000,
        "description": "承担受控档案、遗物、许可、隔离和安全维护。",
        "frontageRoad": "H-06-E",
        "blockId": "BLK-68",
        "scaleClass": "街坊主建筑",
        "layer": "buildings"
      },
      "geometry": {
        "type": "Polygon",
        "coordinates": [
          [
            [
              2313,
              1708
            ],
            [
              2373,
              1708
            ],
            [
              2373,
              1758
            ],
            [
              2313,
              1758
            ],
            [
              2313,
              1708
            ]
          ]
        ]
      }
    },
    {
      "type": "Feature",
      "properties": {
        "id": "S-057",
        "name": "受控档案库 4 号",
        "zone": "封存区",
        "kind": "building",
        "footprint": 1440,
        "description": "承担受控档案、遗物、许可、隔离和安全维护。",
        "frontageRoad": "H-06-E",
        "blockId": "BLK-68",
        "scaleClass": "街坊常规建筑",
        "layer": "buildings"
      },
      "geometry": {
        "type": "Polygon",
        "coordinates": [
          [
            [
              2382,
              1706
            ],
            [
              2422,
              1706
            ],
            [
              2422,
              1742
            ],
            [
              2382,
              1742
            ],
            [
              2382,
              1706
            ]
          ]
        ]
      }
    },
    {
      "type": "Feature",
      "properties": {
        "id": "S-058",
        "name": "遗物保管库 4 号",
        "zone": "封存区",
        "kind": "building",
        "footprint": 1440,
        "description": "承担受控档案、遗物、许可、隔离和安全维护。",
        "frontageRoad": "H-07-E",
        "blockId": "BLK-68",
        "scaleClass": "街坊常规建筑",
        "layer": "buildings"
      },
      "geometry": {
        "type": "Polygon",
        "coordinates": [
          [
            [
              2244,
              1877
            ],
            [
              2284,
              1877
            ],
            [
              2284,
              1913
            ],
            [
              2244,
              1913
            ],
            [
              2244,
              1877
            ]
          ]
        ]
      }
    },
    {
      "type": "Feature",
      "properties": {
        "id": "S-059",
        "name": "观察复核厅 4 号",
        "zone": "封存区",
        "kind": "building",
        "footprint": 1440,
        "description": "承担受控档案、遗物、许可、隔离和安全维护。",
        "frontageRoad": "H-07-E",
        "blockId": "BLK-68",
        "scaleClass": "街坊常规建筑",
        "layer": "buildings"
      },
      "geometry": {
        "type": "Polygon",
        "coordinates": [
          [
            [
              2313,
              1876
            ],
            [
              2353,
              1876
            ],
            [
              2353,
              1912
            ],
            [
              2313,
              1912
            ],
            [
              2313,
              1876
            ]
          ]
        ]
      }
    },
    {
      "type": "Feature",
      "properties": {
        "id": "S-060",
        "name": "隔离塔 4 号",
        "zone": "封存区",
        "kind": "building",
        "footprint": 1440,
        "description": "承担受控档案、遗物、许可、隔离和安全维护。",
        "frontageRoad": "H-07-E",
        "blockId": "BLK-68",
        "scaleClass": "街坊常规建筑",
        "layer": "buildings"
      },
      "geometry": {
        "type": "Polygon",
        "coordinates": [
          [
            [
              2382,
              1878
            ],
            [
              2422,
              1878
            ],
            [
              2422,
              1914
            ],
            [
              2382,
              1914
            ],
            [
              2382,
              1878
            ]
          ]
        ]
      }
    },
    {
      "type": "Feature",
      "properties": {
        "id": "S-061",
        "name": "核心维护楼 4 号",
        "zone": "封存区",
        "kind": "building",
        "footprint": 1440,
        "description": "承担受控档案、遗物、许可、隔离和安全维护。",
        "frontageRoad": "H-06-E",
        "blockId": "BLK-69",
        "scaleClass": "街坊常规建筑",
        "layer": "buildings"
      },
      "geometry": {
        "type": "Polygon",
        "coordinates": [
          [
            [
              2473,
              1708
            ],
            [
              2513,
              1708
            ],
            [
              2513,
              1744
            ],
            [
              2473,
              1744
            ],
            [
              2473,
              1708
            ]
          ]
        ]
      }
    },
    {
      "type": "Feature",
      "properties": {
        "id": "S-062",
        "name": "安全值守屋 4 号",
        "zone": "封存区",
        "kind": "building",
        "footprint": 1440,
        "description": "承担受控档案、遗物、许可、隔离和安全维护。",
        "frontageRoad": "H-06-E",
        "blockId": "BLK-69",
        "scaleClass": "街坊常规建筑",
        "layer": "buildings"
      },
      "geometry": {
        "type": "Polygon",
        "coordinates": [
          [
            [
              2533,
              1706
            ],
            [
              2573,
              1706
            ],
            [
              2573,
              1742
            ],
            [
              2533,
              1742
            ],
            [
              2533,
              1706
            ]
          ]
        ]
      }
    },
    {
      "type": "Feature",
      "properties": {
        "id": "S-063",
        "name": "受控处置工坊 4 号",
        "zone": "封存区",
        "kind": "building",
        "footprint": 3000,
        "description": "承担受控档案、遗物、许可、隔离和安全维护。",
        "frontageRoad": "H-06-E",
        "blockId": "BLK-69",
        "scaleClass": "街坊主建筑",
        "layer": "buildings"
      },
      "geometry": {
        "type": "Polygon",
        "coordinates": [
          [
            [
              2602,
              1707
            ],
            [
              2662,
              1707
            ],
            [
              2662,
              1757
            ],
            [
              2602,
              1757
            ],
            [
              2602,
              1707
            ]
          ]
        ]
      }
    },
    {
      "type": "Feature",
      "properties": {
        "id": "S-064",
        "name": "封存记录副楼 4 号",
        "zone": "封存区",
        "kind": "building",
        "footprint": 1440,
        "description": "承担受控档案、遗物、许可、隔离和安全维护。",
        "frontageRoad": "H-07-E",
        "blockId": "BLK-69",
        "scaleClass": "街坊常规建筑",
        "layer": "buildings"
      },
      "geometry": {
        "type": "Polygon",
        "coordinates": [
          [
            [
              2473,
              1876
            ],
            [
              2513,
              1876
            ],
            [
              2513,
              1912
            ],
            [
              2473,
              1912
            ],
            [
              2473,
              1876
            ]
          ]
        ]
      }
    },
    {
      "type": "Feature",
      "properties": {
        "id": "S-065",
        "name": "许可审查厅 4 号",
        "zone": "封存区",
        "kind": "building",
        "footprint": 1440,
        "description": "承担受控档案、遗物、许可、隔离和安全维护。",
        "frontageRoad": "H-07-E",
        "blockId": "BLK-69",
        "scaleClass": "街坊常规建筑",
        "layer": "buildings"
      },
      "geometry": {
        "type": "Polygon",
        "coordinates": [
          [
            [
              2533,
              1878
            ],
            [
              2573,
              1878
            ],
            [
              2573,
              1914
            ],
            [
              2533,
              1914
            ],
            [
              2533,
              1878
            ]
          ]
        ]
      }
    },
    {
      "type": "Feature",
      "properties": {
        "id": "S-066",
        "name": "复制件保管楼 4 号",
        "zone": "封存区",
        "kind": "building",
        "footprint": 1440,
        "description": "承担受控档案、遗物、许可、隔离和安全维护。",
        "frontageRoad": "H-07-E",
        "blockId": "BLK-69",
        "scaleClass": "街坊常规建筑",
        "layer": "buildings"
      },
      "geometry": {
        "type": "Polygon",
        "coordinates": [
          [
            [
              2602,
              1877
            ],
            [
              2642,
              1877
            ],
            [
              2642,
              1913
            ],
            [
              2602,
              1913
            ],
            [
              2602,
              1877
            ]
          ]
        ]
      }
    },
    {
      "type": "Feature",
      "properties": {
        "id": "S-067",
        "name": "见证人等候屋 4 号",
        "zone": "封存区",
        "kind": "building",
        "footprint": 1440,
        "description": "承担受控档案、遗物、许可、隔离和安全维护。",
        "frontageRoad": "H-06-E",
        "blockId": "BLK-70",
        "scaleClass": "街坊常规建筑",
        "layer": "buildings"
      },
      "geometry": {
        "type": "Polygon",
        "coordinates": [
          [
            [
              2693,
              1706
            ],
            [
              2733,
              1706
            ],
            [
              2733,
              1742
            ],
            [
              2693,
              1742
            ],
            [
              2693,
              1706
            ]
          ]
        ]
      }
    },
    {
      "type": "Feature",
      "properties": {
        "id": "S-068",
        "name": "撤离器材库 4 号",
        "zone": "封存区",
        "kind": "building",
        "footprint": 1440,
        "description": "承担受控档案、遗物、许可、隔离和安全维护。",
        "frontageRoad": "H-06-E",
        "blockId": "BLK-70",
        "scaleClass": "街坊常规建筑",
        "layer": "buildings"
      },
      "geometry": {
        "type": "Polygon",
        "coordinates": [
          [
            [
              2762,
              1707
            ],
            [
              2802,
              1707
            ],
            [
              2802,
              1743
            ],
            [
              2762,
              1743
            ],
            [
              2762,
              1707
            ]
          ]
        ]
      }
    },
    {
      "type": "Feature",
      "properties": {
        "id": "S-069",
        "name": "护障备用机房 4 号",
        "zone": "封存区",
        "kind": "building",
        "footprint": 1440,
        "description": "承担受控档案、遗物、许可、隔离和安全维护。",
        "frontageRoad": "H-06-E",
        "blockId": "BLK-70",
        "scaleClass": "街坊常规建筑",
        "layer": "buildings"
      },
      "geometry": {
        "type": "Polygon",
        "coordinates": [
          [
            [
              2822,
              1708
            ],
            [
              2862,
              1708
            ],
            [
              2862,
              1744
            ],
            [
              2822,
              1744
            ],
            [
              2822,
              1708
            ]
          ]
        ]
      }
    },
    {
      "type": "Feature",
      "properties": {
        "id": "S-070",
        "name": "夜间巡检站 4 号",
        "zone": "封存区",
        "kind": "building",
        "footprint": 3000,
        "description": "承担受控档案、遗物、许可、隔离和安全维护。",
        "frontageRoad": "H-07-E",
        "blockId": "BLK-70",
        "scaleClass": "街坊主建筑",
        "layer": "buildings"
      },
      "geometry": {
        "type": "Polygon",
        "coordinates": [
          [
            [
              2693,
              1864
            ],
            [
              2753,
              1864
            ],
            [
              2753,
              1914
            ],
            [
              2693,
              1914
            ],
            [
              2693,
              1864
            ]
          ]
        ]
      }
    },
    {
      "type": "Feature",
      "properties": {
        "id": "S-071",
        "name": "档案修复室 4 号",
        "zone": "封存区",
        "kind": "building",
        "footprint": 1440,
        "description": "承担受控档案、遗物、许可、隔离和安全维护。",
        "frontageRoad": "H-07-E",
        "blockId": "BLK-70",
        "scaleClass": "街坊常规建筑",
        "layer": "buildings"
      },
      "geometry": {
        "type": "Polygon",
        "coordinates": [
          [
            [
              2762,
              1877
            ],
            [
              2802,
              1877
            ],
            [
              2802,
              1913
            ],
            [
              2762,
              1913
            ],
            [
              2762,
              1877
            ]
          ]
        ]
      }
    },
    {
      "type": "Feature",
      "properties": {
        "id": "S-072",
        "name": "封签材料库 4 号",
        "zone": "封存区",
        "kind": "building",
        "footprint": 1440,
        "description": "承担受控档案、遗物、许可、隔离和安全维护。",
        "frontageRoad": "H-07-E",
        "blockId": "BLK-70",
        "scaleClass": "街坊常规建筑",
        "layer": "buildings"
      },
      "geometry": {
        "type": "Polygon",
        "coordinates": [
          [
            [
              2822,
              1876
            ],
            [
              2862,
              1876
            ],
            [
              2862,
              1912
            ],
            [
              2822,
              1912
            ],
            [
              2822,
              1876
            ]
          ]
        ]
      }
    },
    {
      "type": "Feature",
      "properties": {
        "id": "O-001",
        "name": "体育场看台与更衣楼",
        "zone": "郊野／外环",
        "kind": "building",
        "footprint": 3000,
        "description": "承担体育、战斗课程、城市后勤、检疫和生态维护。",
        "frontageRoad": "SVC-N-W",
        "blockId": "OUT-01",
        "scaleClass": "外围主服务建筑",
        "layer": "buildings"
      },
      "geometry": {
        "type": "Polygon",
        "coordinates": [
          [
            [
              360,
              118
            ],
            [
              420,
              118
            ],
            [
              420,
              168
            ],
            [
              360,
              168
            ],
            [
              360,
              118
            ]
          ]
        ]
      }
    },
    {
      "type": "Feature",
      "properties": {
        "id": "O-002",
        "name": "体育器材与浴室",
        "zone": "郊野／外环",
        "kind": "building",
        "footprint": 3000,
        "description": "承担体育、战斗课程、城市后勤、检疫和生态维护。",
        "frontageRoad": "SVC-N-E",
        "blockId": "OUT-02",
        "scaleClass": "外围主服务建筑",
        "layer": "buildings"
      },
      "geometry": {
        "type": "Polygon",
        "coordinates": [
          [
            [
              1840,
              118
            ],
            [
              1900,
              118
            ],
            [
              1900,
              168
            ],
            [
              1840,
              168
            ],
            [
              1840,
              118
            ]
          ]
        ]
      }
    },
    {
      "type": "Feature",
      "properties": {
        "id": "O-003",
        "name": "护障对抗场控制厅",
        "zone": "郊野／外环",
        "kind": "building",
        "footprint": 3000,
        "description": "承担体育、战斗课程、城市后勤、检疫和生态维护。",
        "frontageRoad": "SVC-N-W",
        "blockId": "OUT-03",
        "scaleClass": "外围主服务建筑",
        "layer": "buildings"
      },
      "geometry": {
        "type": "Polygon",
        "coordinates": [
          [
            [
              465,
              118
            ],
            [
              525,
              118
            ],
            [
              525,
              168
            ],
            [
              465,
              168
            ],
            [
              465,
              118
            ]
          ]
        ]
      }
    },
    {
      "type": "Feature",
      "properties": {
        "id": "O-004",
        "name": "小队战术场器材屋",
        "zone": "郊野／外环",
        "kind": "building",
        "footprint": 3000,
        "description": "承担体育、战斗课程、城市后勤、检疫和生态维护。",
        "frontageRoad": "SVC-N-E",
        "blockId": "OUT-04",
        "scaleClass": "外围主服务建筑",
        "layer": "buildings"
      },
      "geometry": {
        "type": "Polygon",
        "coordinates": [
          [
            [
              1945,
              118
            ],
            [
              2005,
              118
            ],
            [
              2005,
              168
            ],
            [
              1945,
              168
            ],
            [
              1945,
              118
            ]
          ]
        ]
      }
    },
    {
      "type": "Feature",
      "properties": {
        "id": "O-005",
        "name": "场地护障机房",
        "zone": "郊野／外环",
        "kind": "building",
        "footprint": 3000,
        "description": "承担体育、战斗课程、城市后勤、检疫和生态维护。",
        "frontageRoad": "SVC-N-W",
        "blockId": "OUT-05",
        "scaleClass": "外围主服务建筑",
        "layer": "buildings"
      },
      "geometry": {
        "type": "Polygon",
        "coordinates": [
          [
            [
              570,
              118
            ],
            [
              630,
              118
            ],
            [
              630,
              168
            ],
            [
              570,
              168
            ],
            [
              570,
              118
            ]
          ]
        ]
      }
    },
    {
      "type": "Feature",
      "properties": {
        "id": "O-006",
        "name": "城市消防训练楼",
        "zone": "郊野／外环",
        "kind": "building",
        "footprint": 3000,
        "description": "承担体育、战斗课程、城市后勤、检疫和生态维护。",
        "frontageRoad": "SVC-N-E",
        "blockId": "OUT-06",
        "scaleClass": "外围主服务建筑",
        "layer": "buildings"
      },
      "geometry": {
        "type": "Polygon",
        "coordinates": [
          [
            [
              2050,
              118
            ],
            [
              2110,
              118
            ],
            [
              2110,
              168
            ],
            [
              2050,
              168
            ],
            [
              2050,
              118
            ]
          ]
        ]
      }
    },
    {
      "type": "Feature",
      "properties": {
        "id": "O-007",
        "name": "南门检疫站",
        "zone": "郊野／外环",
        "kind": "building",
        "footprint": 3000,
        "description": "承担体育、战斗课程、城市后勤、检疫和生态维护。",
        "frontageRoad": "SVC-N-W",
        "blockId": "OUT-07",
        "scaleClass": "外围主服务建筑",
        "layer": "buildings"
      },
      "geometry": {
        "type": "Polygon",
        "coordinates": [
          [
            [
              675,
              118
            ],
            [
              735,
              118
            ],
            [
              735,
              168
            ],
            [
              675,
              168
            ],
            [
              675,
              118
            ]
          ]
        ]
      }
    },
    {
      "type": "Feature",
      "properties": {
        "id": "O-008",
        "name": "外环维护站",
        "zone": "郊野／外环",
        "kind": "building",
        "footprint": 3000,
        "description": "承担体育、战斗课程、城市后勤、检疫和生态维护。",
        "frontageRoad": "SVC-N-E",
        "blockId": "OUT-08",
        "scaleClass": "外围主服务建筑",
        "layer": "buildings"
      },
      "geometry": {
        "type": "Polygon",
        "coordinates": [
          [
            [
              2155,
              118
            ],
            [
              2215,
              118
            ],
            [
              2215,
              168
            ],
            [
              2155,
              168
            ],
            [
              2155,
              118
            ]
          ]
        ]
      }
    },
    {
      "type": "Feature",
      "properties": {
        "id": "O-009",
        "name": "魔法生物管理舍",
        "zone": "郊野／外环",
        "kind": "building",
        "footprint": 3000,
        "description": "承担体育、战斗课程、城市后勤、检疫和生态维护。",
        "frontageRoad": "SVC-N-W",
        "blockId": "OUT-09",
        "scaleClass": "外围主服务建筑",
        "layer": "buildings"
      },
      "geometry": {
        "type": "Polygon",
        "coordinates": [
          [
            [
              780,
              118
            ],
            [
              840,
              118
            ],
            [
              840,
              168
            ],
            [
              780,
              168
            ],
            [
              780,
              118
            ]
          ]
        ]
      }
    },
    {
      "type": "Feature",
      "properties": {
        "id": "O-010",
        "name": "环境温室",
        "zone": "郊野／外环",
        "kind": "building",
        "footprint": 3000,
        "description": "承担体育、战斗课程、城市后勤、检疫和生态维护。",
        "frontageRoad": "SVC-N-E",
        "blockId": "OUT-10",
        "scaleClass": "外围主服务建筑",
        "layer": "buildings"
      },
      "geometry": {
        "type": "Polygon",
        "coordinates": [
          [
            [
              2260,
              118
            ],
            [
              2320,
              118
            ],
            [
              2320,
              168
            ],
            [
              2260,
              168
            ],
            [
              2260,
              118
            ]
          ]
        ]
      }
    },
    {
      "type": "Feature",
      "properties": {
        "id": "O-011",
        "name": "生态观测站",
        "zone": "郊野／外环",
        "kind": "building",
        "footprint": 1440,
        "description": "承担体育、战斗课程、城市后勤、检疫和生态维护。",
        "frontageRoad": "SVC-N-W",
        "blockId": "OUT-11",
        "scaleClass": "外围常规建筑",
        "layer": "buildings"
      },
      "geometry": {
        "type": "Polygon",
        "coordinates": [
          [
            [
              885,
              118
            ],
            [
              925,
              118
            ],
            [
              925,
              154
            ],
            [
              885,
              154
            ],
            [
              885,
              118
            ]
          ]
        ]
      }
    },
    {
      "type": "Feature",
      "properties": {
        "id": "O-012",
        "name": "外勤急救屋",
        "zone": "郊野／外环",
        "kind": "building",
        "footprint": 1440,
        "description": "承担体育、战斗课程、城市后勤、检疫和生态维护。",
        "frontageRoad": "SVC-N-E",
        "blockId": "OUT-12",
        "scaleClass": "外围常规建筑",
        "layer": "buildings"
      },
      "geometry": {
        "type": "Polygon",
        "coordinates": [
          [
            [
              2365,
              118
            ],
            [
              2405,
              118
            ],
            [
              2405,
              154
            ],
            [
              2365,
              154
            ],
            [
              2365,
              118
            ]
          ]
        ]
      }
    },
    {
      "type": "Feature",
      "properties": {
        "id": "O-013",
        "name": "城市货运调度场",
        "zone": "郊野／外环",
        "kind": "building",
        "footprint": 1440,
        "description": "承担体育、战斗课程、城市后勤、检疫和生态维护。",
        "frontageRoad": "SVC-N-W",
        "blockId": "OUT-13",
        "scaleClass": "外围常规建筑",
        "layer": "buildings"
      },
      "geometry": {
        "type": "Polygon",
        "coordinates": [
          [
            [
              990,
              118
            ],
            [
              1030,
              118
            ],
            [
              1030,
              154
            ],
            [
              990,
              154
            ],
            [
              990,
              118
            ]
          ]
        ]
      }
    },
    {
      "type": "Feature",
      "properties": {
        "id": "O-014",
        "name": "公共工程仓库",
        "zone": "郊野／外环",
        "kind": "building",
        "footprint": 1440,
        "description": "承担体育、战斗课程、城市后勤、检疫和生态维护。",
        "frontageRoad": "SVC-N-E",
        "blockId": "OUT-14",
        "scaleClass": "外围常规建筑",
        "layer": "buildings"
      },
      "geometry": {
        "type": "Polygon",
        "coordinates": [
          [
            [
              2470,
              118
            ],
            [
              2510,
              118
            ],
            [
              2510,
              154
            ],
            [
              2470,
              154
            ],
            [
              2470,
              118
            ]
          ]
        ]
      }
    },
    {
      "type": "Feature",
      "properties": {
        "id": "O-015",
        "name": "排水维护所",
        "zone": "郊野／外环",
        "kind": "building",
        "footprint": 1440,
        "description": "承担体育、战斗课程、城市后勤、检疫和生态维护。",
        "frontageRoad": "SVC-N-W",
        "blockId": "OUT-15",
        "scaleClass": "外围常规建筑",
        "layer": "buildings"
      },
      "geometry": {
        "type": "Polygon",
        "coordinates": [
          [
            [
              1095,
              118
            ],
            [
              1135,
              118
            ],
            [
              1135,
              154
            ],
            [
              1095,
              154
            ],
            [
              1095,
              118
            ]
          ]
        ]
      }
    },
    {
      "type": "Feature",
      "properties": {
        "id": "O-016",
        "name": "护障巡检站",
        "zone": "郊野／外环",
        "kind": "building",
        "footprint": 1440,
        "description": "承担体育、战斗课程、城市后勤、检疫和生态维护。",
        "frontageRoad": "SVC-N-E",
        "blockId": "OUT-16",
        "scaleClass": "外围常规建筑",
        "layer": "buildings"
      },
      "geometry": {
        "type": "Polygon",
        "coordinates": [
          [
            [
              2575,
              118
            ],
            [
              2615,
              118
            ],
            [
              2615,
              154
            ],
            [
              2575,
              154
            ],
            [
              2575,
              118
            ]
          ]
        ]
      }
    },
    {
      "type": "Feature",
      "properties": {
        "id": "O-017",
        "name": "旅客临时安置屋",
        "zone": "郊野／外环",
        "kind": "building",
        "footprint": 1440,
        "description": "承担体育、战斗课程、城市后勤、检疫和生态维护。",
        "frontageRoad": "SVC-N-W",
        "blockId": "OUT-17",
        "scaleClass": "外围常规建筑",
        "layer": "buildings"
      },
      "geometry": {
        "type": "Polygon",
        "coordinates": [
          [
            [
              1200,
              118
            ],
            [
              1240,
              118
            ],
            [
              1240,
              154
            ],
            [
              1200,
              154
            ],
            [
              1200,
              118
            ]
          ]
        ]
      }
    },
    {
      "type": "Feature",
      "properties": {
        "id": "O-018",
        "name": "城市清洁与回收站",
        "zone": "郊野／外环",
        "kind": "building",
        "footprint": 1440,
        "description": "承担体育、战斗课程、城市后勤、检疫和生态维护。",
        "frontageRoad": "SVC-N-E",
        "blockId": "OUT-18",
        "scaleClass": "外围常规建筑",
        "layer": "buildings"
      },
      "geometry": {
        "type": "Polygon",
        "coordinates": [
          [
            [
              2680,
              118
            ],
            [
              2720,
              118
            ],
            [
              2720,
              154
            ],
            [
              2680,
              154
            ],
            [
              2680,
              118
            ]
          ]
        ]
      }
    },
    {
      "type": "Feature",
      "properties": {
        "id": "O-019",
        "name": "兽车与驮运棚",
        "zone": "郊野／外环",
        "kind": "building",
        "footprint": 1440,
        "description": "承担体育、战斗课程、城市后勤、检疫和生态维护。",
        "frontageRoad": "SVC-W-01",
        "blockId": "OUT-19",
        "scaleClass": "外围常规建筑",
        "layer": "buildings"
      },
      "geometry": {
        "type": "Polygon",
        "coordinates": [
          [
            [
              118,
              310
            ],
            [
              158,
              310
            ],
            [
              158,
              346
            ],
            [
              118,
              346
            ],
            [
              118,
              310
            ]
          ]
        ]
      }
    },
    {
      "type": "Feature",
      "properties": {
        "id": "O-020",
        "name": "南门登记楼",
        "zone": "郊野／外环",
        "kind": "building",
        "footprint": 1440,
        "description": "承担体育、战斗课程、城市后勤、检疫和生态维护。",
        "frontageRoad": "SVC-W-01",
        "blockId": "OUT-20",
        "scaleClass": "外围常规建筑",
        "layer": "buildings"
      },
      "geometry": {
        "type": "Polygon",
        "coordinates": [
          [
            [
              118,
              550
            ],
            [
              158,
              550
            ],
            [
              158,
              586
            ],
            [
              118,
              586
            ],
            [
              118,
              550
            ]
          ]
        ]
      }
    },
    {
      "type": "Feature",
      "properties": {
        "id": "O-021",
        "name": "体育场看台与更衣楼 2 号",
        "zone": "郊野／外环",
        "kind": "building",
        "footprint": 1440,
        "description": "承担体育、战斗课程、城市后勤、检疫和生态维护。",
        "frontageRoad": "SVC-W-01",
        "blockId": "OUT-21",
        "scaleClass": "外围常规建筑",
        "layer": "buildings"
      },
      "geometry": {
        "type": "Polygon",
        "coordinates": [
          [
            [
              118,
              790
            ],
            [
              158,
              790
            ],
            [
              158,
              826
            ],
            [
              118,
              826
            ],
            [
              118,
              790
            ]
          ]
        ]
      }
    },
    {
      "type": "Feature",
      "properties": {
        "id": "O-022",
        "name": "体育器材与浴室 2 号",
        "zone": "郊野／外环",
        "kind": "building",
        "footprint": 1440,
        "description": "承担体育、战斗课程、城市后勤、检疫和生态维护。",
        "frontageRoad": "SVC-W-01",
        "blockId": "OUT-22",
        "scaleClass": "外围常规建筑",
        "layer": "buildings"
      },
      "geometry": {
        "type": "Polygon",
        "coordinates": [
          [
            [
              118,
              1120
            ],
            [
              158,
              1120
            ],
            [
              158,
              1156
            ],
            [
              118,
              1156
            ],
            [
              118,
              1120
            ]
          ]
        ]
      }
    },
    {
      "type": "Feature",
      "properties": {
        "id": "O-023",
        "name": "护障对抗场控制厅 2 号",
        "zone": "郊野／外环",
        "kind": "building",
        "footprint": 1440,
        "description": "承担体育、战斗课程、城市后勤、检疫和生态维护。",
        "frontageRoad": "SVC-W-01",
        "blockId": "OUT-23",
        "scaleClass": "外围常规建筑",
        "layer": "buildings"
      },
      "geometry": {
        "type": "Polygon",
        "coordinates": [
          [
            [
              118,
              1400
            ],
            [
              158,
              1400
            ],
            [
              158,
              1436
            ],
            [
              118,
              1436
            ],
            [
              118,
              1400
            ]
          ]
        ]
      }
    },
    {
      "type": "Feature",
      "properties": {
        "id": "O-024",
        "name": "小队战术场器材屋 2 号",
        "zone": "郊野／外环",
        "kind": "building",
        "footprint": 1440,
        "description": "承担体育、战斗课程、城市后勤、检疫和生态维护。",
        "frontageRoad": "SVC-W-01",
        "blockId": "OUT-24",
        "scaleClass": "外围常规建筑",
        "layer": "buildings"
      },
      "geometry": {
        "type": "Polygon",
        "coordinates": [
          [
            [
              118,
              1660
            ],
            [
              158,
              1660
            ],
            [
              158,
              1696
            ],
            [
              118,
              1696
            ],
            [
              118,
              1660
            ]
          ]
        ]
      }
    },
    {
      "type": "Feature",
      "properties": {
        "id": "O-025",
        "name": "场地护障机房 2 号",
        "zone": "郊野／外环",
        "kind": "building",
        "footprint": 1440,
        "description": "承担体育、战斗课程、城市后勤、检疫和生态维护。",
        "frontageRoad": "SVC-W-02",
        "blockId": "OUT-25",
        "scaleClass": "外围常规建筑",
        "layer": "buildings"
      },
      "geometry": {
        "type": "Polygon",
        "coordinates": [
          [
            [
              222,
              310
            ],
            [
              262,
              310
            ],
            [
              262,
              346
            ],
            [
              222,
              346
            ],
            [
              222,
              310
            ]
          ]
        ]
      }
    },
    {
      "type": "Feature",
      "properties": {
        "id": "O-026",
        "name": "城市消防训练楼 2 号",
        "zone": "郊野／外环",
        "kind": "building",
        "footprint": 1440,
        "description": "承担体育、战斗课程、城市后勤、检疫和生态维护。",
        "frontageRoad": "SVC-W-02",
        "blockId": "OUT-26",
        "scaleClass": "外围常规建筑",
        "layer": "buildings"
      },
      "geometry": {
        "type": "Polygon",
        "coordinates": [
          [
            [
              222,
              550
            ],
            [
              262,
              550
            ],
            [
              262,
              586
            ],
            [
              222,
              586
            ],
            [
              222,
              550
            ]
          ]
        ]
      }
    },
    {
      "type": "Feature",
      "properties": {
        "id": "O-027",
        "name": "南门检疫站 2 号",
        "zone": "郊野／外环",
        "kind": "building",
        "footprint": 1440,
        "description": "承担体育、战斗课程、城市后勤、检疫和生态维护。",
        "frontageRoad": "SVC-W-02",
        "blockId": "OUT-27",
        "scaleClass": "外围常规建筑",
        "layer": "buildings"
      },
      "geometry": {
        "type": "Polygon",
        "coordinates": [
          [
            [
              222,
              790
            ],
            [
              262,
              790
            ],
            [
              262,
              826
            ],
            [
              222,
              826
            ],
            [
              222,
              790
            ]
          ]
        ]
      }
    },
    {
      "type": "Feature",
      "properties": {
        "id": "O-028",
        "name": "外环维护站 2 号",
        "zone": "郊野／外环",
        "kind": "building",
        "footprint": 1440,
        "description": "承担体育、战斗课程、城市后勤、检疫和生态维护。",
        "frontageRoad": "SVC-W-02",
        "blockId": "OUT-28",
        "scaleClass": "外围常规建筑",
        "layer": "buildings"
      },
      "geometry": {
        "type": "Polygon",
        "coordinates": [
          [
            [
              222,
              1120
            ],
            [
              262,
              1120
            ],
            [
              262,
              1156
            ],
            [
              222,
              1156
            ],
            [
              222,
              1120
            ]
          ]
        ]
      }
    },
    {
      "type": "Feature",
      "properties": {
        "id": "O-029",
        "name": "魔法生物管理舍 2 号",
        "zone": "郊野／外环",
        "kind": "building",
        "footprint": 1440,
        "description": "承担体育、战斗课程、城市后勤、检疫和生态维护。",
        "frontageRoad": "SVC-W-02",
        "blockId": "OUT-29",
        "scaleClass": "外围常规建筑",
        "layer": "buildings"
      },
      "geometry": {
        "type": "Polygon",
        "coordinates": [
          [
            [
              222,
              1400
            ],
            [
              262,
              1400
            ],
            [
              262,
              1436
            ],
            [
              222,
              1436
            ],
            [
              222,
              1400
            ]
          ]
        ]
      }
    },
    {
      "type": "Feature",
      "properties": {
        "id": "O-030",
        "name": "环境温室 2 号",
        "zone": "郊野／外环",
        "kind": "building",
        "footprint": 1440,
        "description": "承担体育、战斗课程、城市后勤、检疫和生态维护。",
        "frontageRoad": "SVC-W-02",
        "blockId": "OUT-30",
        "scaleClass": "外围常规建筑",
        "layer": "buildings"
      },
      "geometry": {
        "type": "Polygon",
        "coordinates": [
          [
            [
              222,
              1660
            ],
            [
              262,
              1660
            ],
            [
              262,
              1696
            ],
            [
              222,
              1696
            ],
            [
              222,
              1660
            ]
          ]
        ]
      }
    },
    {
      "type": "Feature",
      "properties": {
        "id": "O-031",
        "name": "生态观测站 2 号",
        "zone": "郊野／外环",
        "kind": "building",
        "footprint": 1440,
        "description": "承担体育、战斗课程、城市后勤、检疫和生态维护。",
        "frontageRoad": "SVC-E-01",
        "blockId": "OUT-31",
        "scaleClass": "外围常规建筑",
        "layer": "buildings"
      },
      "geometry": {
        "type": "Polygon",
        "coordinates": [
          [
            [
              2938,
              310
            ],
            [
              2978,
              310
            ],
            [
              2978,
              346
            ],
            [
              2938,
              346
            ],
            [
              2938,
              310
            ]
          ]
        ]
      }
    },
    {
      "type": "Feature",
      "properties": {
        "id": "O-032",
        "name": "外勤急救屋 2 号",
        "zone": "郊野／外环",
        "kind": "building",
        "footprint": 1440,
        "description": "承担体育、战斗课程、城市后勤、检疫和生态维护。",
        "frontageRoad": "SVC-E-01",
        "blockId": "OUT-32",
        "scaleClass": "外围常规建筑",
        "layer": "buildings"
      },
      "geometry": {
        "type": "Polygon",
        "coordinates": [
          [
            [
              2938,
              550
            ],
            [
              2978,
              550
            ],
            [
              2978,
              586
            ],
            [
              2938,
              586
            ],
            [
              2938,
              550
            ]
          ]
        ]
      }
    },
    {
      "type": "Feature",
      "properties": {
        "id": "O-033",
        "name": "城市货运调度场 2 号",
        "zone": "郊野／外环",
        "kind": "building",
        "footprint": 1440,
        "description": "承担体育、战斗课程、城市后勤、检疫和生态维护。",
        "frontageRoad": "SVC-E-01",
        "blockId": "OUT-33",
        "scaleClass": "外围常规建筑",
        "layer": "buildings"
      },
      "geometry": {
        "type": "Polygon",
        "coordinates": [
          [
            [
              2938,
              790
            ],
            [
              2978,
              790
            ],
            [
              2978,
              826
            ],
            [
              2938,
              826
            ],
            [
              2938,
              790
            ]
          ]
        ]
      }
    },
    {
      "type": "Feature",
      "properties": {
        "id": "O-034",
        "name": "公共工程仓库 2 号",
        "zone": "郊野／外环",
        "kind": "building",
        "footprint": 1440,
        "description": "承担体育、战斗课程、城市后勤、检疫和生态维护。",
        "frontageRoad": "SVC-E-01",
        "blockId": "OUT-34",
        "scaleClass": "外围常规建筑",
        "layer": "buildings"
      },
      "geometry": {
        "type": "Polygon",
        "coordinates": [
          [
            [
              2938,
              1120
            ],
            [
              2978,
              1120
            ],
            [
              2978,
              1156
            ],
            [
              2938,
              1156
            ],
            [
              2938,
              1120
            ]
          ]
        ]
      }
    },
    {
      "type": "Feature",
      "properties": {
        "id": "O-035",
        "name": "排水维护所 2 号",
        "zone": "郊野／外环",
        "kind": "building",
        "footprint": 1440,
        "description": "承担体育、战斗课程、城市后勤、检疫和生态维护。",
        "frontageRoad": "SVC-E-01",
        "blockId": "OUT-35",
        "scaleClass": "外围常规建筑",
        "layer": "buildings"
      },
      "geometry": {
        "type": "Polygon",
        "coordinates": [
          [
            [
              2938,
              1400
            ],
            [
              2978,
              1400
            ],
            [
              2978,
              1436
            ],
            [
              2938,
              1436
            ],
            [
              2938,
              1400
            ]
          ]
        ]
      }
    },
    {
      "type": "Feature",
      "properties": {
        "id": "O-036",
        "name": "护障巡检站 2 号",
        "zone": "郊野／外环",
        "kind": "building",
        "footprint": 1440,
        "description": "承担体育、战斗课程、城市后勤、检疫和生态维护。",
        "frontageRoad": "SVC-E-01",
        "blockId": "OUT-36",
        "scaleClass": "外围常规建筑",
        "layer": "buildings"
      },
      "geometry": {
        "type": "Polygon",
        "coordinates": [
          [
            [
              2938,
              1660
            ],
            [
              2978,
              1660
            ],
            [
              2978,
              1696
            ],
            [
              2938,
              1696
            ],
            [
              2938,
              1660
            ]
          ]
        ]
      }
    },
    {
      "type": "Feature",
      "properties": {
        "id": "O-037",
        "name": "旅客临时安置屋 2 号",
        "zone": "郊野／外环",
        "kind": "building",
        "footprint": 1440,
        "description": "承担体育、战斗课程、城市后勤、检疫和生态维护。",
        "frontageRoad": "SVC-E-02",
        "blockId": "OUT-37",
        "scaleClass": "外围常规建筑",
        "layer": "buildings"
      },
      "geometry": {
        "type": "Polygon",
        "coordinates": [
          [
            [
              3044,
              310
            ],
            [
              3084,
              310
            ],
            [
              3084,
              346
            ],
            [
              3044,
              346
            ],
            [
              3044,
              310
            ]
          ]
        ]
      }
    },
    {
      "type": "Feature",
      "properties": {
        "id": "O-038",
        "name": "城市清洁与回收站 2 号",
        "zone": "郊野／外环",
        "kind": "building",
        "footprint": 1440,
        "description": "承担体育、战斗课程、城市后勤、检疫和生态维护。",
        "frontageRoad": "SVC-E-02",
        "blockId": "OUT-38",
        "scaleClass": "外围常规建筑",
        "layer": "buildings"
      },
      "geometry": {
        "type": "Polygon",
        "coordinates": [
          [
            [
              3044,
              550
            ],
            [
              3084,
              550
            ],
            [
              3084,
              586
            ],
            [
              3044,
              586
            ],
            [
              3044,
              550
            ]
          ]
        ]
      }
    },
    {
      "type": "Feature",
      "properties": {
        "id": "O-039",
        "name": "兽车与驮运棚 2 号",
        "zone": "郊野／外环",
        "kind": "building",
        "footprint": 1440,
        "description": "承担体育、战斗课程、城市后勤、检疫和生态维护。",
        "frontageRoad": "SVC-E-02",
        "blockId": "OUT-39",
        "scaleClass": "外围常规建筑",
        "layer": "buildings"
      },
      "geometry": {
        "type": "Polygon",
        "coordinates": [
          [
            [
              3044,
              790
            ],
            [
              3084,
              790
            ],
            [
              3084,
              826
            ],
            [
              3044,
              826
            ],
            [
              3044,
              790
            ]
          ]
        ]
      }
    },
    {
      "type": "Feature",
      "properties": {
        "id": "O-040",
        "name": "南门登记楼 2 号",
        "zone": "郊野／外环",
        "kind": "building",
        "footprint": 1440,
        "description": "承担体育、战斗课程、城市后勤、检疫和生态维护。",
        "frontageRoad": "SVC-E-02",
        "blockId": "OUT-40",
        "scaleClass": "外围常规建筑",
        "layer": "buildings"
      },
      "geometry": {
        "type": "Polygon",
        "coordinates": [
          [
            [
              3044,
              1120
            ],
            [
              3084,
              1120
            ],
            [
              3084,
              1156
            ],
            [
              3044,
              1156
            ],
            [
              3044,
              1120
            ]
          ]
        ]
      }
    },
    {
      "type": "Feature",
      "properties": {
        "id": "O-041",
        "name": "体育场看台与更衣楼 3 号",
        "zone": "郊野／外环",
        "kind": "building",
        "footprint": 1440,
        "description": "承担体育、战斗课程、城市后勤、检疫和生态维护。",
        "frontageRoad": "SVC-E-02",
        "blockId": "OUT-41",
        "scaleClass": "外围常规建筑",
        "layer": "buildings"
      },
      "geometry": {
        "type": "Polygon",
        "coordinates": [
          [
            [
              3044,
              1400
            ],
            [
              3084,
              1400
            ],
            [
              3084,
              1436
            ],
            [
              3044,
              1436
            ],
            [
              3044,
              1400
            ]
          ]
        ]
      }
    },
    {
      "type": "Feature",
      "properties": {
        "id": "O-042",
        "name": "体育器材与浴室 3 号",
        "zone": "郊野／外环",
        "kind": "building",
        "footprint": 1440,
        "description": "承担体育、战斗课程、城市后勤、检疫和生态维护。",
        "frontageRoad": "SVC-E-02",
        "blockId": "OUT-42",
        "scaleClass": "外围常规建筑",
        "layer": "buildings"
      },
      "geometry": {
        "type": "Polygon",
        "coordinates": [
          [
            [
              3044,
              1660
            ],
            [
              3084,
              1660
            ],
            [
              3084,
              1696
            ],
            [
              3044,
              1696
            ],
            [
              3044,
              1660
            ]
          ]
        ]
      }
    },
    {
      "type": "Feature",
      "properties": {
        "id": "O-043",
        "name": "护障对抗场控制厅 3 号",
        "zone": "郊野／外环",
        "kind": "building",
        "footprint": 1440,
        "description": "承担体育、战斗课程、城市后勤、检疫和生态维护。",
        "frontageRoad": "SVC-S-W",
        "blockId": "OUT-43",
        "scaleClass": "外围常规建筑",
        "layer": "buildings"
      },
      "geometry": {
        "type": "Polygon",
        "coordinates": [
          [
            [
              350,
              2300
            ],
            [
              390,
              2300
            ],
            [
              390,
              2336
            ],
            [
              350,
              2336
            ],
            [
              350,
              2300
            ]
          ]
        ]
      }
    },
    {
      "type": "Feature",
      "properties": {
        "id": "O-044",
        "name": "小队战术场器材屋 3 号",
        "zone": "郊野／外环",
        "kind": "building",
        "footprint": 1440,
        "description": "承担体育、战斗课程、城市后勤、检疫和生态维护。",
        "frontageRoad": "SVC-S-E",
        "blockId": "OUT-44",
        "scaleClass": "外围常规建筑",
        "layer": "buildings"
      },
      "geometry": {
        "type": "Polygon",
        "coordinates": [
          [
            [
              1850,
              2300
            ],
            [
              1890,
              2300
            ],
            [
              1890,
              2336
            ],
            [
              1850,
              2336
            ],
            [
              1850,
              2300
            ]
          ]
        ]
      }
    },
    {
      "type": "Feature",
      "properties": {
        "id": "O-045",
        "name": "场地护障机房 3 号",
        "zone": "郊野／外环",
        "kind": "building",
        "footprint": 1440,
        "description": "承担体育、战斗课程、城市后勤、检疫和生态维护。",
        "frontageRoad": "SVC-S-W",
        "blockId": "OUT-45",
        "scaleClass": "外围常规建筑",
        "layer": "buildings"
      },
      "geometry": {
        "type": "Polygon",
        "coordinates": [
          [
            [
              460,
              2300
            ],
            [
              500,
              2300
            ],
            [
              500,
              2336
            ],
            [
              460,
              2336
            ],
            [
              460,
              2300
            ]
          ]
        ]
      }
    },
    {
      "type": "Feature",
      "properties": {
        "id": "O-046",
        "name": "城市消防训练楼 3 号",
        "zone": "郊野／外环",
        "kind": "building",
        "footprint": 1440,
        "description": "承担体育、战斗课程、城市后勤、检疫和生态维护。",
        "frontageRoad": "SVC-S-E",
        "blockId": "OUT-46",
        "scaleClass": "外围常规建筑",
        "layer": "buildings"
      },
      "geometry": {
        "type": "Polygon",
        "coordinates": [
          [
            [
              1960,
              2300
            ],
            [
              2000,
              2300
            ],
            [
              2000,
              2336
            ],
            [
              1960,
              2336
            ],
            [
              1960,
              2300
            ]
          ]
        ]
      }
    },
    {
      "type": "Feature",
      "properties": {
        "id": "O-047",
        "name": "南门检疫站 3 号",
        "zone": "郊野／外环",
        "kind": "building",
        "footprint": 1440,
        "description": "承担体育、战斗课程、城市后勤、检疫和生态维护。",
        "frontageRoad": "SVC-S-W",
        "blockId": "OUT-47",
        "scaleClass": "外围常规建筑",
        "layer": "buildings"
      },
      "geometry": {
        "type": "Polygon",
        "coordinates": [
          [
            [
              570,
              2300
            ],
            [
              610,
              2300
            ],
            [
              610,
              2336
            ],
            [
              570,
              2336
            ],
            [
              570,
              2300
            ]
          ]
        ]
      }
    },
    {
      "type": "Feature",
      "properties": {
        "id": "O-048",
        "name": "外环维护站 3 号",
        "zone": "郊野／外环",
        "kind": "building",
        "footprint": 1440,
        "description": "承担体育、战斗课程、城市后勤、检疫和生态维护。",
        "frontageRoad": "SVC-S-E",
        "blockId": "OUT-48",
        "scaleClass": "外围常规建筑",
        "layer": "buildings"
      },
      "geometry": {
        "type": "Polygon",
        "coordinates": [
          [
            [
              2070,
              2300
            ],
            [
              2110,
              2300
            ],
            [
              2110,
              2336
            ],
            [
              2070,
              2336
            ],
            [
              2070,
              2300
            ]
          ]
        ]
      }
    },
    {
      "type": "Feature",
      "properties": {
        "id": "O-049",
        "name": "魔法生物管理舍 3 号",
        "zone": "郊野／外环",
        "kind": "building",
        "footprint": 1440,
        "description": "承担体育、战斗课程、城市后勤、检疫和生态维护。",
        "frontageRoad": "SVC-S-W",
        "blockId": "OUT-49",
        "scaleClass": "外围常规建筑",
        "layer": "buildings"
      },
      "geometry": {
        "type": "Polygon",
        "coordinates": [
          [
            [
              680,
              2300
            ],
            [
              720,
              2300
            ],
            [
              720,
              2336
            ],
            [
              680,
              2336
            ],
            [
              680,
              2300
            ]
          ]
        ]
      }
    },
    {
      "type": "Feature",
      "properties": {
        "id": "O-050",
        "name": "环境温室 3 号",
        "zone": "郊野／外环",
        "kind": "building",
        "footprint": 1440,
        "description": "承担体育、战斗课程、城市后勤、检疫和生态维护。",
        "frontageRoad": "SVC-S-E",
        "blockId": "OUT-50",
        "scaleClass": "外围常规建筑",
        "layer": "buildings"
      },
      "geometry": {
        "type": "Polygon",
        "coordinates": [
          [
            [
              2180,
              2300
            ],
            [
              2220,
              2300
            ],
            [
              2220,
              2336
            ],
            [
              2180,
              2336
            ],
            [
              2180,
              2300
            ]
          ]
        ]
      }
    },
    {
      "type": "Feature",
      "properties": {
        "id": "O-051",
        "name": "生态观测站 3 号",
        "zone": "郊野／外环",
        "kind": "building",
        "footprint": 1440,
        "description": "承担体育、战斗课程、城市后勤、检疫和生态维护。",
        "frontageRoad": "SVC-S-W",
        "blockId": "OUT-51",
        "scaleClass": "外围常规建筑",
        "layer": "buildings"
      },
      "geometry": {
        "type": "Polygon",
        "coordinates": [
          [
            [
              790,
              2300
            ],
            [
              830,
              2300
            ],
            [
              830,
              2336
            ],
            [
              790,
              2336
            ],
            [
              790,
              2300
            ]
          ]
        ]
      }
    },
    {
      "type": "Feature",
      "properties": {
        "id": "O-052",
        "name": "外勤急救屋 3 号",
        "zone": "郊野／外环",
        "kind": "building",
        "footprint": 1440,
        "description": "承担体育、战斗课程、城市后勤、检疫和生态维护。",
        "frontageRoad": "SVC-S-E",
        "blockId": "OUT-52",
        "scaleClass": "外围常规建筑",
        "layer": "buildings"
      },
      "geometry": {
        "type": "Polygon",
        "coordinates": [
          [
            [
              2290,
              2300
            ],
            [
              2330,
              2300
            ],
            [
              2330,
              2336
            ],
            [
              2290,
              2336
            ],
            [
              2290,
              2300
            ]
          ]
        ]
      }
    },
    {
      "type": "Feature",
      "properties": {
        "id": "O-053",
        "name": "城市货运调度场 3 号",
        "zone": "郊野／外环",
        "kind": "building",
        "footprint": 1440,
        "description": "承担体育、战斗课程、城市后勤、检疫和生态维护。",
        "frontageRoad": "SVC-S-W",
        "blockId": "OUT-53",
        "scaleClass": "外围常规建筑",
        "layer": "buildings"
      },
      "geometry": {
        "type": "Polygon",
        "coordinates": [
          [
            [
              900,
              2300
            ],
            [
              940,
              2300
            ],
            [
              940,
              2336
            ],
            [
              900,
              2336
            ],
            [
              900,
              2300
            ]
          ]
        ]
      }
    },
    {
      "type": "Feature",
      "properties": {
        "id": "O-054",
        "name": "公共工程仓库 3 号",
        "zone": "郊野／外环",
        "kind": "building",
        "footprint": 1440,
        "description": "承担体育、战斗课程、城市后勤、检疫和生态维护。",
        "frontageRoad": "SVC-S-E",
        "blockId": "OUT-54",
        "scaleClass": "外围常规建筑",
        "layer": "buildings"
      },
      "geometry": {
        "type": "Polygon",
        "coordinates": [
          [
            [
              2400,
              2300
            ],
            [
              2440,
              2300
            ],
            [
              2440,
              2336
            ],
            [
              2400,
              2336
            ],
            [
              2400,
              2300
            ]
          ]
        ]
      }
    },
    {
      "type": "Feature",
      "properties": {
        "id": "O-055",
        "name": "排水维护所 3 号",
        "zone": "郊野／外环",
        "kind": "building",
        "footprint": 1440,
        "description": "承担体育、战斗课程、城市后勤、检疫和生态维护。",
        "frontageRoad": "SVC-S-W",
        "blockId": "OUT-55",
        "scaleClass": "外围常规建筑",
        "layer": "buildings"
      },
      "geometry": {
        "type": "Polygon",
        "coordinates": [
          [
            [
              1010,
              2300
            ],
            [
              1050,
              2300
            ],
            [
              1050,
              2336
            ],
            [
              1010,
              2336
            ],
            [
              1010,
              2300
            ]
          ]
        ]
      }
    },
    {
      "type": "Feature",
      "properties": {
        "id": "O-056",
        "name": "护障巡检站 3 号",
        "zone": "郊野／外环",
        "kind": "building",
        "footprint": 1440,
        "description": "承担体育、战斗课程、城市后勤、检疫和生态维护。",
        "frontageRoad": "SVC-S-E",
        "blockId": "OUT-56",
        "scaleClass": "外围常规建筑",
        "layer": "buildings"
      },
      "geometry": {
        "type": "Polygon",
        "coordinates": [
          [
            [
              2510,
              2300
            ],
            [
              2550,
              2300
            ],
            [
              2550,
              2336
            ],
            [
              2510,
              2336
            ],
            [
              2510,
              2300
            ]
          ]
        ]
      }
    },
    {
      "type": "Feature",
      "properties": {
        "id": "O-057",
        "name": "旅客临时安置屋 3 号",
        "zone": "郊野／外环",
        "kind": "building",
        "footprint": 1440,
        "description": "承担体育、战斗课程、城市后勤、检疫和生态维护。",
        "frontageRoad": "SVC-S-W",
        "blockId": "OUT-57",
        "scaleClass": "外围常规建筑",
        "layer": "buildings"
      },
      "geometry": {
        "type": "Polygon",
        "coordinates": [
          [
            [
              1120,
              2300
            ],
            [
              1160,
              2300
            ],
            [
              1160,
              2336
            ],
            [
              1120,
              2336
            ],
            [
              1120,
              2300
            ]
          ]
        ]
      }
    },
    {
      "type": "Feature",
      "properties": {
        "id": "O-058",
        "name": "城市清洁与回收站 3 号",
        "zone": "郊野／外环",
        "kind": "building",
        "footprint": 1440,
        "description": "承担体育、战斗课程、城市后勤、检疫和生态维护。",
        "frontageRoad": "SVC-S-E",
        "blockId": "OUT-58",
        "scaleClass": "外围常规建筑",
        "layer": "buildings"
      },
      "geometry": {
        "type": "Polygon",
        "coordinates": [
          [
            [
              2620,
              2300
            ],
            [
              2660,
              2300
            ],
            [
              2660,
              2336
            ],
            [
              2620,
              2336
            ],
            [
              2620,
              2300
            ]
          ]
        ]
      }
    },
    {
      "type": "Feature",
      "properties": {
        "id": "O-059",
        "name": "兽车与驮运棚 3 号",
        "zone": "郊野／外环",
        "kind": "building",
        "footprint": 1440,
        "description": "承担体育、战斗课程、城市后勤、检疫和生态维护。",
        "frontageRoad": "SVC-S-W",
        "blockId": "OUT-59",
        "scaleClass": "外围常规建筑",
        "layer": "buildings"
      },
      "geometry": {
        "type": "Polygon",
        "coordinates": [
          [
            [
              1230,
              2300
            ],
            [
              1270,
              2300
            ],
            [
              1270,
              2336
            ],
            [
              1230,
              2336
            ],
            [
              1230,
              2300
            ]
          ]
        ]
      }
    },
    {
      "type": "Feature",
      "properties": {
        "id": "O-060",
        "name": "南门登记楼 3 号",
        "zone": "郊野／外环",
        "kind": "building",
        "footprint": 1440,
        "description": "承担体育、战斗课程、城市后勤、检疫和生态维护。",
        "frontageRoad": "SVC-S-E",
        "blockId": "OUT-60",
        "scaleClass": "外围常规建筑",
        "layer": "buildings"
      },
      "geometry": {
        "type": "Polygon",
        "coordinates": [
          [
            [
              2730,
              2300
            ],
            [
              2770,
              2300
            ],
            [
              2770,
              2336
            ],
            [
              2730,
              2336
            ],
            [
              2730,
              2300
            ]
          ]
        ]
      }
    },
    {
      "type": "Feature",
      "properties": {
        "id": "POI-NG",
        "name": "城邦北门",
        "kind": "城市入口",
        "description": "学院访客、居民与客运的北侧主要入口。",
        "layer": "points"
      },
      "geometry": {
        "type": "Point",
        "coordinates": [
          972,
          0
        ]
      }
    },
    {
      "type": "Feature",
      "properties": {
        "id": "POI-WG",
        "name": "城邦西门",
        "kind": "城市入口",
        "description": "生活服务与雨后灯庭方向的西侧入口。",
        "layer": "points"
      },
      "geometry": {
        "type": "Point",
        "coordinates": [
          0,
          970
        ]
      }
    },
    {
      "type": "Feature",
      "properties": {
        "id": "POI-EG",
        "name": "城邦东门",
        "kind": "城市入口",
        "description": "工坊、货运和检疫方向的东侧入口。",
        "layer": "points"
      },
      "geometry": {
        "type": "Point",
        "coordinates": [
          3200,
          970
        ]
      }
    },
    {
      "type": "Feature",
      "properties": {
        "id": "POI-SG",
        "name": "城邦南门",
        "kind": "城市入口",
        "description": "体育、战术训练、货运与南部道路的入口。",
        "layer": "points"
      },
      "geometry": {
        "type": "Point",
        "coordinates": [
          2004,
          2800
        ]
      }
    },
    {
      "type": "Feature",
      "properties": {
        "id": "POI-01",
        "name": "学院总图书馆",
        "kind": "学院服务",
        "description": "公共藏书、研读、抄录与受控资料申请。",
        "layer": "points"
      },
      "geometry": {
        "type": "Point",
        "coordinates": [
          348,
          286
        ]
      }
    },
    {
      "type": "Feature",
      "properties": {
        "id": "POI-02",
        "name": "城邦公共钟楼",
        "kind": "城市服务",
        "description": "课程报时、班次公布、公共集会和方向识别。",
        "layer": "points"
      },
      "geometry": {
        "type": "Point",
        "coordinates": [
          1056,
          286
        ]
      }
    },
    {
      "type": "Feature",
      "properties": {
        "id": "POI-03",
        "name": "城市消防护障站",
        "kind": "城市服务",
        "description": "火灾、护障事故、建筑疏散和公共救援调度。",
        "layer": "points"
      },
      "geometry": {
        "type": "Point",
        "coordinates": [
          1010,
          1246
        ]
      }
    },
    {
      "type": "Feature",
      "properties": {
        "id": "POI-04",
        "name": "学院医务院",
        "kind": "学院服务",
        "description": "学生与教职员诊疗、护理、转诊和课程安全支持。",
        "layer": "points"
      },
      "geometry": {
        "type": "Point",
        "coordinates": [
          330,
          1246
        ]
      }
    },
    {
      "type": "Feature",
      "properties": {
        "id": "POI-05",
        "name": "市集公共服务厅",
        "kind": "城市服务",
        "description": "邮驿、契约、劳动登记、访客与日常公共服务。",
        "layer": "points"
      },
      "geometry": {
        "type": "Point",
        "coordinates": [
          1840,
          1486
        ]
      }
    },
    {
      "type": "Feature",
      "properties": {
        "id": "POI-06",
        "name": "封存许可总厅",
        "kind": "受控服务",
        "description": "受控档案、遗物、观察与维护任务的许可入口。",
        "layer": "points"
      },
      "geometry": {
        "type": "Point",
        "coordinates": [
          2260,
          1246
        ]
      }
    },
    {
      "type": "Feature",
      "properties": {
        "id": "POI-07",
        "name": "雨后灯庭",
        "kind": "学院课程",
        "description": "旧校区中的灯藤、浅水与环境课程场地。",
        "layer": "points"
      },
      "geometry": {
        "type": "Point",
        "coordinates": [
          190,
          895
        ]
      }
    },
    {
      "type": "Feature",
      "properties": {
        "id": "POI-08",
        "name": "学院体育场",
        "kind": "体育",
        "description": "体育课程、学院赛事与公共锻炼。",
        "layer": "points"
      },
      "geometry": {
        "type": "Point",
        "coordinates": [
          1135,
          2540
        ]
      }
    },
    {
      "type": "Feature",
      "properties": {
        "id": "POI-09",
        "name": "护障对抗场",
        "kind": "战斗课程",
        "description": "非致命对抗、裁判考核与紧急停场训练。",
        "layer": "points"
      },
      "geometry": {
        "type": "Point",
        "coordinates": [
          545,
          2535
        ]
      }
    },
    {
      "type": "Feature",
      "properties": {
        "id": "POI-10",
        "name": "小队战术训练场",
        "kind": "战斗课程",
        "description": "小队路线、掩体、协作与撤离训练。",
        "layer": "points"
      },
      "geometry": {
        "type": "Point",
        "coordinates": [
          2070,
          2540
        ]
      }
    },
    {
      "type": "Feature",
      "properties": {
        "id": "POI-11",
        "name": "城市货运与公共工程场",
        "kind": "城市服务",
        "description": "货运、公共工程、清洁回收与灾时物资集结。",
        "layer": "points"
      },
      "geometry": {
        "type": "Point",
        "coordinates": [
          2635,
          2540
        ]
      }
    },
    {
      "type": "Feature",
      "properties": {
        "id": "TR-S01",
        "name": "西门通勤站",
        "kind": "通勤站",
        "description": "服务生活区、西门和雨后灯庭。",
        "layer": "points"
      },
      "geometry": {
        "type": "Point",
        "coordinates": [
          40,
          970
        ]
      }
    },
    {
      "type": "Feature",
      "properties": {
        "id": "TR-S02",
        "name": "北门通勤站",
        "kind": "通勤站",
        "description": "服务教学区、北门和访学接待。",
        "layer": "points"
      },
      "geometry": {
        "type": "Point",
        "coordinates": [
          972,
          180
        ]
      }
    },
    {
      "type": "Feature",
      "properties": {
        "id": "TR-S03",
        "name": "东门通勤站",
        "kind": "通勤站",
        "description": "服务工坊、封存区和东门货运换乘。",
        "layer": "points"
      },
      "geometry": {
        "type": "Point",
        "coordinates": [
          3160,
          970
        ]
      }
    },
    {
      "type": "Feature",
      "properties": {
        "id": "TR-S04",
        "name": "南部课程站",
        "kind": "通勤站",
        "description": "服务体育场、对抗场和南部学院设施。",
        "layer": "points"
      },
      "geometry": {
        "type": "Point",
        "coordinates": [
          1196,
          2240
        ]
      }
    },
    {
      "type": "Feature",
      "properties": {
        "id": "TR-S05",
        "name": "南部城市服务站",
        "kind": "通勤站",
        "description": "服务战术场、检疫与公共工程设施。",
        "layer": "points"
      },
      "geometry": {
        "type": "Point",
        "coordinates": [
          2452,
          2240
        ]
      }
    }
  ]
}
