{
  "type": "FeatureCollection",
  "metadata": {
    "title": "OCC 学院城邦全域地图 v0.20",
    "coordinateSystem": "学院本地平面坐标：西北角为 (0,0)，x 向东、y 向南，单位 m。",
    "source": "Tools/AcademyMapPrototype/src/data.js",
    "generatedBy": "npm run export:geojson",
    "scope": "地图精修中的矢量母版交换格式；不包含 Unity 战斗格图。"
  },
  "features": [
    {
      "type": "Feature",
      "properties": {
        "id": "Z-N",
        "name": "北部郊野外环",
        "zone": "郊野／外环",
        "openSpacePurpose": "北门、防灾林、检疫与生态维护",
        "layer": "zones"
      },
      "geometry": {
        "type": "Polygon",
        "coordinates": [
          [
            [
              0,
              0
            ],
            [
              3200,
              0
            ],
            [
              3200,
              240
            ],
            [
              0,
              240
            ],
            [
              0,
              0
            ]
          ]
        ]
      }
    },
    {
      "type": "Feature",
      "properties": {
        "id": "Z-T",
        "name": "教学区",
        "zone": "教学区",
        "openSpacePurpose": "历史学院街巷、教学庭院与扩建预留",
        "layer": "zones"
      },
      "geometry": {
        "type": "Polygon",
        "coordinates": [
          [
            [
              0,
              240
            ],
            [
              1480,
              240
            ],
            [
              1480,
              1350
            ],
            [
              0,
              1350
            ],
            [
              0,
              240
            ]
          ]
        ]
      }
    },
    {
      "type": "Feature",
      "properties": {
        "id": "Z-L",
        "name": "生活区",
        "zone": "生活区",
        "openSpacePurpose": "居住街坊、公共庭院、消防退界与河岸步道",
        "layer": "zones"
      },
      "geometry": {
        "type": "Polygon",
        "coordinates": [
          [
            [
              0,
              1350
            ],
            [
              1480,
              1350
            ],
            [
              1480,
              2360
            ],
            [
              0,
              2360
            ],
            [
              0,
              1350
            ]
          ]
        ]
      }
    },
    {
      "type": "Feature",
      "properties": {
        "id": "Z-C",
        "name": "双核中庭带",
        "zone": "中庭区",
        "openSpacePurpose": "中央河湖、桥头广场、防洪退界与公共轴线",
        "layer": "zones"
      },
      "geometry": {
        "type": "Polygon",
        "coordinates": [
          [
            [
              1480,
              240
            ],
            [
              1770,
              240
            ],
            [
              1770,
              2360
            ],
            [
              1480,
              2360
            ],
            [
              1480,
              240
            ]
          ]
        ]
      }
    },
    {
      "type": "Feature",
      "properties": {
        "id": "Z-M",
        "name": "城市市集区",
        "zone": "市集区",
        "openSpacePurpose": "市政、商业、文化、旅宿和公共交通",
        "layer": "zones"
      },
      "geometry": {
        "type": "Polygon",
        "coordinates": [
          [
            [
              1770,
              240
            ],
            [
              3200,
              240
            ],
            [
              3200,
              1350
            ],
            [
              1770,
              1350
            ],
            [
              1770,
              240
            ]
          ]
        ]
      }
    },
    {
      "type": "Feature",
      "properties": {
        "id": "Z-W",
        "name": "工坊区",
        "zone": "工坊区",
        "openSpacePurpose": "制作、能源、货运、公共工程和消防间距",
        "layer": "zones"
      },
      "geometry": {
        "type": "Polygon",
        "coordinates": [
          [
            [
              2200,
              1350
            ],
            [
              3200,
              1350
            ],
            [
              3200,
              2360
            ],
            [
              2200,
              2360
            ],
            [
              2200,
              1350
            ]
          ]
        ]
      }
    },
    {
      "type": "Feature",
      "properties": {
        "id": "Z-S",
        "name": "封存区",
        "zone": "封存区",
        "openSpacePurpose": "许可边界、隔离缓冲、观察与受控档案",
        "layer": "zones"
      },
      "geometry": {
        "type": "Polygon",
        "coordinates": [
          [
            [
              1770,
              1350
            ],
            [
              2200,
              1350
            ],
            [
              2200,
              2360
            ],
            [
              1770,
              2360
            ],
            [
              1770,
              1350
            ]
          ]
        ]
      }
    },
    {
      "type": "Feature",
      "properties": {
        "id": "Z-O",
        "name": "南部郊野外环",
        "zone": "郊野／外环",
        "openSpacePurpose": "体育、战斗课程、水务与城市后勤",
        "layer": "zones"
      },
      "geometry": {
        "type": "Polygon",
        "coordinates": [
          [
            [
              0,
              2360
            ],
            [
              3200,
              2360
            ],
            [
              3200,
              2800
            ],
            [
              0,
              2800
            ],
            [
              0,
              2360
            ]
          ]
        ]
      }
    },
    {
      "type": "Feature",
      "properties": {
        "id": "G-WATER",
        "name": "学院城邦连续河湖",
        "kind": "water",
        "description": "北河—中央湖—南河连续水系",
        "layer": "terrain"
      },
      "geometry": {
        "type": "Polygon",
        "coordinates": [
          [
            [
              1515,
              0
            ],
            [
              1490,
              300
            ],
            [
              1510,
              620
            ],
            [
              1450,
              850
            ],
            [
              1330,
              1040
            ],
            [
              1260,
              1220
            ],
            [
              1280,
              1430
            ],
            [
              1350,
              1600
            ],
            [
              1430,
              1780
            ],
            [
              1460,
              2100
            ],
            [
              1480,
              2400
            ],
            [
              1460,
              2800
            ],
            [
              1710,
              2800
            ],
            [
              1690,
              2400
            ],
            [
              1715,
              2100
            ],
            [
              1770,
              1780
            ],
            [
              1870,
              1600
            ],
            [
              1960,
              1430
            ],
            [
              1980,
              1220
            ],
            [
              1910,
              1040
            ],
            [
              1780,
              850
            ],
            [
              1700,
              620
            ],
            [
              1720,
              300
            ],
            [
              1690,
              0
            ],
            [
              1515,
              0
            ]
          ]
        ]
      }
    },
    {
      "type": "Feature",
      "properties": {
        "id": "G-A-SQ",
        "name": "学院正厅门廊前庭",
        "kind": "paved",
        "description": "紧贴学院正厅外墙并衔接双核主路的门廊前庭",
        "layer": "terrain"
      },
      "geometry": {
        "type": "Polygon",
        "coordinates": [
          [
            [
              800,
              1235
            ],
            [
              905,
              1235
            ],
            [
              905,
              1240
            ],
            [
              800,
              1240
            ],
            [
              800,
              1235
            ]
          ]
        ]
      }
    },
    {
      "type": "Feature",
      "properties": {
        "id": "G-C-SQ",
        "name": "市民议政厅门廊前庭",
        "kind": "paved",
        "description": "紧贴议政厅外墙并衔接城市中央大道的门廊前庭",
        "layer": "terrain"
      },
      "geometry": {
        "type": "Polygon",
        "coordinates": [
          [
            [
              2385,
              1235
            ],
            [
              2515,
              1235
            ],
            [
              2515,
              1240
            ],
            [
              2385,
              1240
            ],
            [
              2385,
              1235
            ]
          ]
        ]
      }
    },
    {
      "type": "Feature",
      "properties": {
        "id": "G-W-PARK",
        "name": "西岸公共步道",
        "kind": "green",
        "description": "河岸公园、防洪与步行连续带",
        "layer": "terrain"
      },
      "geometry": {
        "type": "Polygon",
        "coordinates": [
          [
            [
              1200,
              1350
            ],
            [
              1240,
              1430
            ],
            [
              1310,
              1600
            ],
            [
              1390,
              1780
            ],
            [
              1420,
              2050
            ],
            [
              1360,
              2030
            ],
            [
              1330,
              1800
            ],
            [
              1250,
              1630
            ],
            [
              1180,
              1450
            ],
            [
              1200,
              1350
            ]
          ]
        ]
      }
    },
    {
      "type": "Feature",
      "properties": {
        "id": "G-E-PARK",
        "name": "东岸公共步道",
        "kind": "green",
        "description": "河岸公园、防洪与步行连续带",
        "layer": "terrain"
      },
      "geometry": {
        "type": "Polygon",
        "coordinates": [
          [
            [
              2020,
              1350
            ],
            [
              2000,
              1430
            ],
            [
              1930,
              1600
            ],
            [
              1880,
              1680
            ],
            [
              1940,
              1700
            ],
            [
              2010,
              1630
            ],
            [
              2060,
              1450
            ],
            [
              2020,
              1350
            ]
          ]
        ]
      }
    },
    {
      "type": "Feature",
      "properties": {
        "id": "G-T-PARK",
        "name": "旧讲堂街坊公园",
        "kind": "park",
        "description": "教学街坊的树荫、候课与短时休息空间",
        "layer": "terrain"
      },
      "geometry": {
        "type": "Polygon",
        "coordinates": [
          [
            [
              820,
              880
            ],
            [
              960,
              880
            ],
            [
              960,
              980
            ],
            [
              820,
              980
            ],
            [
              820,
              880
            ]
          ]
        ]
      }
    },
    {
      "type": "Feature",
      "properties": {
        "id": "G-T-WEST-PARK",
        "name": "西门前街公园",
        "kind": "park",
        "description": "西门入口侧的等候、遮荫与短时集散空间",
        "layer": "terrain"
      },
      "geometry": {
        "type": "Polygon",
        "coordinates": [
          [
            [
              0,
              420
            ],
            [
              130,
              420
            ],
            [
              130,
              580
            ],
            [
              0,
              580
            ],
            [
              0,
              420
            ]
          ]
        ]
      }
    },
    {
      "type": "Feature",
      "properties": {
        "id": "G-L-PARK",
        "name": "灯庭生活公园",
        "kind": "park",
        "description": "生活区居民与学生共用的小型公园",
        "layer": "terrain"
      },
      "geometry": {
        "type": "Polygon",
        "coordinates": [
          [
            [
              600,
              1550
            ],
            [
              720,
              1550
            ],
            [
              720,
              1660
            ],
            [
              600,
              1660
            ],
            [
              600,
              1550
            ]
          ]
        ]
      }
    },
    {
      "type": "Feature",
      "properties": {
        "id": "G-M-PARK",
        "name": "市集口袋公园",
        "kind": "park",
        "description": "市集区步行休息、等候与小型摊位轮换空间",
        "layer": "terrain"
      },
      "geometry": {
        "type": "Polygon",
        "coordinates": [
          [
            [
              2620,
              680
            ],
            [
              2700,
              680
            ],
            [
              2700,
              770
            ],
            [
              2620,
              770
            ],
            [
              2620,
              680
            ]
          ]
        ]
      }
    },
    {
      "type": "Feature",
      "properties": {
        "id": "G-WORK-PARK",
        "name": "工坊午休公园",
        "kind": "park",
        "description": "工坊工人午休、用餐与应急疏散空间",
        "layer": "terrain"
      },
      "geometry": {
        "type": "Polygon",
        "coordinates": [
          [
            [
              2400,
              1790
            ],
            [
              2500,
              1790
            ],
            [
              2500,
              1860
            ],
            [
              2400,
              1860
            ],
            [
              2400,
              1790
            ]
          ]
        ]
      }
    },
    {
      "type": "Feature",
      "properties": {
        "id": "G-STADIUM",
        "name": "学院体育场",
        "kind": "sports",
        "description": "体育课程、比赛与大型集会",
        "layer": "terrain"
      },
      "geometry": {
        "type": "Polygon",
        "coordinates": [
          [
            [
              220,
              2480
            ],
            [
              880,
              2480
            ],
            [
              920,
              2720
            ],
            [
              190,
              2720
            ],
            [
              220,
              2480
            ]
          ]
        ]
      }
    },
    {
      "type": "Feature",
      "properties": {
        "id": "G-COMBAT",
        "name": "护障对抗场",
        "kind": "combat",
        "description": "非致命对抗课程与护障训练",
        "layer": "terrain"
      },
      "geometry": {
        "type": "Polygon",
        "coordinates": [
          [
            [
              1010,
              2480
            ],
            [
              1430,
              2480
            ],
            [
              1430,
              2720
            ],
            [
              1000,
              2700
            ],
            [
              1010,
              2480
            ]
          ]
        ]
      }
    },
    {
      "type": "Feature",
      "properties": {
        "id": "G-TACTICAL",
        "name": "小队战术训练场",
        "kind": "training",
        "description": "路线、协同与团队战术训练",
        "layer": "terrain"
      },
      "geometry": {
        "type": "Polygon",
        "coordinates": [
          [
            [
              1810,
              2480
            ],
            [
              2390,
              2480
            ],
            [
              2440,
              2720
            ],
            [
              1780,
              2720
            ],
            [
              1810,
              2480
            ]
          ]
        ]
      }
    },
    {
      "type": "Feature",
      "properties": {
        "id": "G-SEALED",
        "name": "封存缓冲庭",
        "kind": "restricted",
        "description": "封存隔离、观察与消防缓冲",
        "layer": "terrain"
      },
      "geometry": {
        "type": "Polygon",
        "coordinates": [
          [
            [
              1840,
              1730
            ],
            [
              2140,
              1730
            ],
            [
              2140,
              2200
            ],
            [
              1840,
              2200
            ],
            [
              1840,
              1730
            ]
          ]
        ]
      }
    },
    {
      "type": "Feature",
      "properties": {
        "id": "G-NORTH",
        "name": "北门防灾林",
        "kind": "terrain",
        "description": "防风、防火和北门集结",
        "layer": "terrain"
      },
      "geometry": {
        "type": "Polygon",
        "coordinates": [
          [
            [
              120,
              40
            ],
            [
              720,
              40
            ],
            [
              760,
              200
            ],
            [
              100,
              200
            ],
            [
              120,
              40
            ]
          ]
        ]
      }
    },
    {
      "type": "Feature",
      "properties": {
        "id": "G-SOUTH",
        "name": "南部水务恢复地",
        "kind": "terrain",
        "description": "下游防洪、生态恢复和水务维护",
        "layer": "terrain"
      },
      "geometry": {
        "type": "Polygon",
        "coordinates": [
          [
            [
              2550,
              2460
            ],
            [
              3100,
              2460
            ],
            [
              3060,
              2720
            ],
            [
              2580,
              2720
            ],
            [
              2550,
              2460
            ]
          ]
        ]
      }
    },
    {
      "type": "Feature",
      "properties": {
        "id": "R-NW",
        "name": "北部学府大道",
        "roadClass": "主步道",
        "width": 16,
        "layer": "roads"
      },
      "geometry": {
        "type": "LineString",
        "coordinates": [
          [
            0,
            620
          ],
          [
            1506,
            620
          ]
        ]
      }
    },
    {
      "type": "Feature",
      "properties": {
        "id": "B-N",
        "name": "北部公共桥",
        "roadClass": "桥梁",
        "width": 16,
        "layer": "roads"
      },
      "geometry": {
        "type": "LineString",
        "coordinates": [
          [
            1506,
            620
          ],
          [
            1704,
            620
          ]
        ]
      }
    },
    {
      "type": "Feature",
      "properties": {
        "id": "R-NE",
        "name": "北部城市大道",
        "roadClass": "主步道",
        "width": 16,
        "layer": "roads"
      },
      "geometry": {
        "type": "LineString",
        "coordinates": [
          [
            1704,
            620
          ],
          [
            3200,
            620
          ]
        ]
      }
    },
    {
      "type": "Feature",
      "properties": {
        "id": "R-CW",
        "name": "学院桥头大道",
        "roadClass": "主步道",
        "width": 20,
        "layer": "roads"
      },
      "geometry": {
        "type": "LineString",
        "coordinates": [
          [
            0,
            1250
          ],
          [
            1258,
            1250
          ]
        ]
      }
    },
    {
      "type": "Feature",
      "properties": {
        "id": "B-MAIN",
        "name": "双核主桥",
        "roadClass": "桥梁",
        "width": 20,
        "layer": "roads"
      },
      "geometry": {
        "type": "LineString",
        "coordinates": [
          [
            1258,
            1250
          ],
          [
            1982,
            1250
          ]
        ]
      }
    },
    {
      "type": "Feature",
      "properties": {
        "id": "R-CE",
        "name": "城市中央大道",
        "roadClass": "主步道",
        "width": 20,
        "layer": "roads"
      },
      "geometry": {
        "type": "LineString",
        "coordinates": [
          [
            1982,
            1250
          ],
          [
            3200,
            1250
          ]
        ]
      }
    },
    {
      "type": "Feature",
      "properties": {
        "id": "R-SW",
        "name": "南部学院大道",
        "roadClass": "主步道",
        "width": 16,
        "layer": "roads"
      },
      "geometry": {
        "type": "LineString",
        "coordinates": [
          [
            0,
            2050
          ],
          [
            1452,
            2050
          ]
        ]
      }
    },
    {
      "type": "Feature",
      "properties": {
        "id": "B-S",
        "name": "南部公共桥",
        "roadClass": "桥梁",
        "width": 16,
        "layer": "roads"
      },
      "geometry": {
        "type": "LineString",
        "coordinates": [
          [
            1452,
            2050
          ],
          [
            1740,
            2050
          ]
        ]
      }
    },
    {
      "type": "Feature",
      "properties": {
        "id": "R-SE",
        "name": "南部工坊大道",
        "roadClass": "主步道",
        "width": 16,
        "layer": "roads"
      },
      "geometry": {
        "type": "LineString",
        "coordinates": [
          [
            1740,
            2050
          ],
          [
            3200,
            2050
          ]
        ]
      }
    },
    {
      "type": "Feature",
      "properties": {
        "id": "R-W1",
        "name": "西门学院路",
        "roadClass": "主步道",
        "width": 14,
        "layer": "roads"
      },
      "geometry": {
        "type": "LineString",
        "coordinates": [
          [
            360,
            0
          ],
          [
            360,
            2380
          ]
        ]
      }
    },
    {
      "type": "Feature",
      "properties": {
        "id": "R-W2",
        "name": "学院中路",
        "roadClass": "支路",
        "width": 9,
        "layer": "roads"
      },
      "geometry": {
        "type": "LineString",
        "coordinates": [
          [
            760,
            0
          ],
          [
            760,
            2380
          ]
        ]
      }
    },
    {
      "type": "Feature",
      "properties": {
        "id": "R-W3",
        "name": "钟楼西路",
        "roadClass": "支路",
        "width": 9,
        "layer": "roads"
      },
      "geometry": {
        "type": "LineString",
        "coordinates": [
          [
            1120,
            0
          ],
          [
            1120,
            2380
          ]
        ]
      }
    },
    {
      "type": "Feature",
      "properties": {
        "id": "R-E1",
        "name": "市民东路",
        "roadClass": "主步道",
        "width": 14,
        "layer": "roads"
      },
      "geometry": {
        "type": "LineString",
        "coordinates": [
          [
            2760,
            0
          ],
          [
            2760,
            2380
          ]
        ]
      }
    },
    {
      "type": "Feature",
      "properties": {
        "id": "R-E2",
        "name": "议政东路",
        "roadClass": "支路",
        "width": 9,
        "layer": "roads"
      },
      "geometry": {
        "type": "LineString",
        "coordinates": [
          [
            2350,
            0
          ],
          [
            2350,
            2380
          ]
        ]
      }
    },
    {
      "type": "Feature",
      "properties": {
        "id": "M-V0",
        "name": "河港纵路",
        "roadClass": "支路",
        "width": 9,
        "layer": "roads"
      },
      "geometry": {
        "type": "LineString",
        "coordinates": [
          [
            2020,
            0
          ],
          [
            2020,
            1250
          ]
        ]
      }
    },
    {
      "type": "Feature",
      "properties": {
        "id": "W-V0",
        "name": "封存工坊界路",
        "roadClass": "支路",
        "width": 9,
        "layer": "roads"
      },
      "geometry": {
        "type": "LineString",
        "coordinates": [
          [
            2180,
            1250
          ],
          [
            2180,
            2380
          ]
        ]
      }
    },
    {
      "type": "Feature",
      "properties": {
        "id": "T-01",
        "name": "古讲堂街",
        "roadClass": "支路",
        "width": 8,
        "layer": "roads"
      },
      "geometry": {
        "type": "LineString",
        "coordinates": [
          [
            0,
            360
          ],
          [
            1440,
            360
          ]
        ]
      }
    },
    {
      "type": "Feature",
      "properties": {
        "id": "T-02",
        "name": "图书馆街",
        "roadClass": "支路",
        "width": 8,
        "layer": "roads"
      },
      "geometry": {
        "type": "LineString",
        "coordinates": [
          [
            0,
            820
          ],
          [
            1438,
            820
          ]
        ]
      }
    },
    {
      "type": "Feature",
      "properties": {
        "id": "T-03",
        "name": "学院南街",
        "roadClass": "支路",
        "width": 8,
        "layer": "roads"
      },
      "geometry": {
        "type": "LineString",
        "coordinates": [
          [
            0,
            1050
          ],
          [
            1120,
            1050
          ]
        ]
      }
    },
    {
      "type": "Feature",
      "properties": {
        "id": "T-04",
        "name": "学院北巷",
        "roadClass": "支路",
        "width": 7,
        "layer": "roads"
      },
      "geometry": {
        "type": "LineString",
        "coordinates": [
          [
            360,
            500
          ],
          [
            1120,
            500
          ]
        ]
      }
    },
    {
      "type": "Feature",
      "properties": {
        "id": "T-V1",
        "name": "讲堂西巷",
        "roadClass": "支路",
        "width": 7,
        "layer": "roads"
      },
      "geometry": {
        "type": "LineString",
        "coordinates": [
          [
            560,
            360
          ],
          [
            560,
            1250
          ]
        ]
      }
    },
    {
      "type": "Feature",
      "properties": {
        "id": "T-V2",
        "name": "河岸教学巷",
        "roadClass": "支路",
        "width": 7,
        "layer": "roads"
      },
      "geometry": {
        "type": "LineString",
        "coordinates": [
          [
            1250,
            360
          ],
          [
            1250,
            1250
          ]
        ]
      }
    },
    {
      "type": "Feature",
      "properties": {
        "id": "T-V3",
        "name": "西侧教学巷",
        "roadClass": "支路",
        "width": 7,
        "layer": "roads"
      },
      "geometry": {
        "type": "LineString",
        "coordinates": [
          [
            180,
            360
          ],
          [
            180,
            1250
          ]
        ]
      }
    },
    {
      "type": "Feature",
      "properties": {
        "id": "L-01",
        "name": "灯庭街",
        "roadClass": "支路",
        "width": 8,
        "layer": "roads"
      },
      "geometry": {
        "type": "LineString",
        "coordinates": [
          [
            0,
            1460
          ],
          [
            1260,
            1460
          ]
        ]
      }
    },
    {
      "type": "Feature",
      "properties": {
        "id": "L-02",
        "name": "宿舍街",
        "roadClass": "支路",
        "width": 8,
        "layer": "roads"
      },
      "geometry": {
        "type": "LineString",
        "coordinates": [
          [
            0,
            1760
          ],
          [
            1260,
            1760
          ]
        ]
      }
    },
    {
      "type": "Feature",
      "properties": {
        "id": "L-03",
        "name": "生活服务街",
        "roadClass": "支路",
        "width": 8,
        "layer": "roads"
      },
      "geometry": {
        "type": "LineString",
        "coordinates": [
          [
            0,
            2200
          ],
          [
            1430,
            2200
          ]
        ]
      }
    },
    {
      "type": "Feature",
      "properties": {
        "id": "L-04",
        "name": "生活南街",
        "roadClass": "支路",
        "width": 7,
        "layer": "roads"
      },
      "geometry": {
        "type": "LineString",
        "coordinates": [
          [
            360,
            1900
          ],
          [
            1430,
            1900
          ]
        ]
      }
    },
    {
      "type": "Feature",
      "properties": {
        "id": "L-V0",
        "name": "西门生活巷",
        "roadClass": "支路",
        "width": 7,
        "layer": "roads"
      },
      "geometry": {
        "type": "LineString",
        "coordinates": [
          [
            120,
            1460
          ],
          [
            120,
            1760
          ]
        ]
      }
    },
    {
      "type": "Feature",
      "properties": {
        "id": "L-V1",
        "name": "西岸医馆路",
        "roadClass": "支路",
        "width": 7,
        "layer": "roads"
      },
      "geometry": {
        "type": "LineString",
        "coordinates": [
          [
            520,
            1250
          ],
          [
            520,
            2050
          ]
        ]
      }
    },
    {
      "type": "Feature",
      "properties": {
        "id": "L-V2",
        "name": "生活中巷",
        "roadClass": "支路",
        "width": 7,
        "layer": "roads"
      },
      "geometry": {
        "type": "LineString",
        "coordinates": [
          [
            920,
            1250
          ],
          [
            920,
            2200
          ]
        ]
      }
    },
    {
      "type": "Feature",
      "properties": {
        "id": "L-V3",
        "name": "河岸生活巷",
        "roadClass": "支路",
        "width": 7,
        "layer": "roads"
      },
      "geometry": {
        "type": "LineString",
        "coordinates": [
          [
            1260,
            1250
          ],
          [
            1260,
            2200
          ]
        ]
      }
    },
    {
      "type": "Feature",
      "properties": {
        "id": "M-00",
        "name": "北河门街",
        "roadClass": "支路",
        "width": 8,
        "layer": "roads"
      },
      "geometry": {
        "type": "LineString",
        "coordinates": [
          [
            1730,
            280
          ],
          [
            3200,
            280
          ]
        ]
      }
    },
    {
      "type": "Feature",
      "properties": {
        "id": "M-01",
        "name": "市政北街",
        "roadClass": "支路",
        "width": 8,
        "layer": "roads"
      },
      "geometry": {
        "type": "LineString",
        "coordinates": [
          [
            1715,
            390
          ],
          [
            3200,
            390
          ]
        ]
      }
    },
    {
      "type": "Feature",
      "properties": {
        "id": "M-02",
        "name": "覆顶市集街",
        "roadClass": "支路",
        "width": 9,
        "layer": "roads"
      },
      "geometry": {
        "type": "LineString",
        "coordinates": [
          [
            1785,
            830
          ],
          [
            3200,
            830
          ]
        ]
      }
    },
    {
      "type": "Feature",
      "properties": {
        "id": "M-03",
        "name": "公共剧场街",
        "roadClass": "支路",
        "width": 8,
        "layer": "roads"
      },
      "geometry": {
        "type": "LineString",
        "coordinates": [
          [
            1925,
            1050
          ],
          [
            2760,
            1050
          ]
        ]
      }
    },
    {
      "type": "Feature",
      "properties": {
        "id": "M-04",
        "name": "旅舍街",
        "roadClass": "支路",
        "width": 7,
        "layer": "roads"
      },
      "geometry": {
        "type": "LineString",
        "coordinates": [
          [
            2350,
            1090
          ],
          [
            3200,
            1090
          ]
        ]
      }
    },
    {
      "type": "Feature",
      "properties": {
        "id": "M-V1",
        "name": "市集西路",
        "roadClass": "支路",
        "width": 7,
        "layer": "roads"
      },
      "geometry": {
        "type": "LineString",
        "coordinates": [
          [
            2180,
            390
          ],
          [
            2180,
            1250
          ]
        ]
      }
    },
    {
      "type": "Feature",
      "properties": {
        "id": "M-V2",
        "name": "市集东路",
        "roadClass": "支路",
        "width": 7,
        "layer": "roads"
      },
      "geometry": {
        "type": "LineString",
        "coordinates": [
          [
            2550,
            390
          ],
          [
            2550,
            1250
          ]
        ]
      }
    },
    {
      "type": "Feature",
      "properties": {
        "id": "M-V3",
        "name": "旅舍纵巷",
        "roadClass": "支路",
        "width": 7,
        "layer": "roads"
      },
      "geometry": {
        "type": "LineString",
        "coordinates": [
          [
            3040,
            390
          ],
          [
            3040,
            1250
          ]
        ]
      }
    },
    {
      "type": "Feature",
      "properties": {
        "id": "W-01",
        "name": "总工坊街",
        "roadClass": "主步道",
        "width": 14,
        "layer": "roads"
      },
      "geometry": {
        "type": "LineString",
        "coordinates": [
          [
            2180,
            1450
          ],
          [
            3200,
            1450
          ]
        ]
      }
    },
    {
      "type": "Feature",
      "properties": {
        "id": "W-02",
        "name": "材料交换街",
        "roadClass": "支路",
        "width": 9,
        "layer": "roads"
      },
      "geometry": {
        "type": "LineString",
        "coordinates": [
          [
            2180,
            1730
          ],
          [
            3200,
            1730
          ]
        ]
      }
    },
    {
      "type": "Feature",
      "properties": {
        "id": "W-03",
        "name": "工坊中街",
        "roadClass": "支路",
        "width": 9,
        "layer": "roads"
      },
      "geometry": {
        "type": "LineString",
        "coordinates": [
          [
            2180,
            1900
          ],
          [
            3200,
            1900
          ]
        ]
      }
    },
    {
      "type": "Feature",
      "properties": {
        "id": "W-04",
        "name": "机务南街",
        "roadClass": "支路",
        "width": 9,
        "layer": "roads"
      },
      "geometry": {
        "type": "LineString",
        "coordinates": [
          [
            2180,
            2200
          ],
          [
            3200,
            2200
          ]
        ]
      }
    },
    {
      "type": "Feature",
      "properties": {
        "id": "W-V1",
        "name": "工坊纵路",
        "roadClass": "支路",
        "width": 8,
        "layer": "roads"
      },
      "geometry": {
        "type": "LineString",
        "coordinates": [
          [
            2550,
            1250
          ],
          [
            2550,
            2380
          ]
        ]
      }
    },
    {
      "type": "Feature",
      "properties": {
        "id": "W-V2",
        "name": "货运纵路",
        "roadClass": "维护道",
        "width": 12,
        "layer": "roads"
      },
      "geometry": {
        "type": "LineString",
        "coordinates": [
          [
            2910,
            1250
          ],
          [
            2910,
            2380
          ]
        ]
      }
    },
    {
      "type": "Feature",
      "properties": {
        "id": "W-V3",
        "name": "东侧机务路",
        "roadClass": "支路",
        "width": 8,
        "layer": "roads"
      },
      "geometry": {
        "type": "LineString",
        "coordinates": [
          [
            3040,
            1250
          ],
          [
            3040,
            2380
          ]
        ]
      }
    },
    {
      "type": "Feature",
      "properties": {
        "id": "S-01",
        "name": "封存许可路",
        "roadClass": "受控路",
        "width": 8,
        "layer": "roads"
      },
      "geometry": {
        "type": "LineString",
        "coordinates": [
          [
            1985,
            1450
          ],
          [
            2180,
            1450
          ]
        ]
      }
    },
    {
      "type": "Feature",
      "properties": {
        "id": "S-02",
        "name": "隔离北路",
        "roadClass": "受控路",
        "width": 7,
        "layer": "roads"
      },
      "geometry": {
        "type": "LineString",
        "coordinates": [
          [
            1885,
            1580
          ],
          [
            1885,
            1600
          ],
          [
            2180,
            1600
          ]
        ]
      }
    },
    {
      "type": "Feature",
      "properties": {
        "id": "S-03",
        "name": "封存值守路",
        "roadClass": "受控路",
        "width": 7,
        "layer": "roads"
      },
      "geometry": {
        "type": "LineString",
        "coordinates": [
          [
            1770,
            2260
          ],
          [
            2180,
            2260
          ]
        ]
      }
    },
    {
      "type": "Feature",
      "properties": {
        "id": "S-04",
        "name": "档案北街",
        "roadClass": "受控路",
        "width": 7,
        "layer": "roads"
      },
      "geometry": {
        "type": "LineString",
        "coordinates": [
          [
            2020,
            1600
          ],
          [
            2020,
            1700
          ],
          [
            2180,
            1700
          ]
        ]
      }
    },
    {
      "type": "Feature",
      "properties": {
        "id": "O-01",
        "name": "南部课程联络路",
        "roadClass": "主步道",
        "width": 14,
        "layer": "roads"
      },
      "geometry": {
        "type": "LineString",
        "coordinates": [
          [
            0,
            2380
          ],
          [
            1450,
            2380
          ]
        ]
      }
    },
    {
      "type": "Feature",
      "properties": {
        "id": "O-02",
        "name": "南部后勤联络路",
        "roadClass": "主步道",
        "width": 14,
        "layer": "roads"
      },
      "geometry": {
        "type": "LineString",
        "coordinates": [
          [
            1720,
            2380
          ],
          [
            3200,
            2380
          ]
        ]
      }
    },
    {
      "type": "Feature",
      "properties": {
        "id": "O-03",
        "name": "课程设施南路",
        "roadClass": "支路",
        "width": 8,
        "layer": "roads"
      },
      "geometry": {
        "type": "LineString",
        "coordinates": [
          [
            0,
            2760
          ],
          [
            1450,
            2760
          ]
        ]
      }
    },
    {
      "type": "Feature",
      "properties": {
        "id": "O-04",
        "name": "战术水务南路",
        "roadClass": "支路",
        "width": 8,
        "layer": "roads"
      },
      "geometry": {
        "type": "LineString",
        "coordinates": [
          [
            1720,
            2760
          ],
          [
            3200,
            2760
          ]
        ]
      }
    },
    {
      "type": "Feature",
      "properties": {
        "id": "O-V1",
        "name": "课程场西联络路",
        "roadClass": "支路",
        "width": 8,
        "layer": "roads"
      },
      "geometry": {
        "type": "LineString",
        "coordinates": [
          [
            960,
            2380
          ],
          [
            960,
            2760
          ]
        ]
      }
    },
    {
      "type": "Feature",
      "properties": {
        "id": "O-V2",
        "name": "课程场东联络路",
        "roadClass": "支路",
        "width": 8,
        "layer": "roads"
      },
      "geometry": {
        "type": "LineString",
        "coordinates": [
          [
            2500,
            2380
          ],
          [
            2500,
            2760
          ]
        ]
      }
    },
    {
      "type": "Feature",
      "properties": {
        "id": "O-V3",
        "name": "西南入口路",
        "roadClass": "支路",
        "width": 8,
        "layer": "roads"
      },
      "geometry": {
        "type": "LineString",
        "coordinates": [
          [
            100,
            2380
          ],
          [
            100,
            2800
          ]
        ]
      }
    },
    {
      "type": "Feature",
      "properties": {
        "id": "O-V4",
        "name": "东南入口路",
        "roadClass": "支路",
        "width": 8,
        "layer": "roads"
      },
      "geometry": {
        "type": "LineString",
        "coordinates": [
          [
            3160,
            2380
          ],
          [
            3160,
            2800
          ]
        ]
      }
    },
    {
      "type": "Feature",
      "properties": {
        "id": "TR-OUT-W",
        "name": "外环巨蚓西线",
        "roadClass": "生物列车轨道",
        "width": 10,
        "routeId": "TR-OUT",
        "layer": "roads"
      },
      "geometry": {
        "type": "LineString",
        "coordinates": [
          [
            80,
            180
          ],
          [
            1496,
            180
          ]
        ]
      }
    },
    {
      "type": "Feature",
      "properties": {
        "id": "TR-OUT-NB",
        "name": "外环巨蚓北桥槽",
        "roadClass": "生物列车桥梁",
        "width": 10,
        "routeId": "TR-OUT",
        "layer": "roads"
      },
      "geometry": {
        "type": "LineString",
        "coordinates": [
          [
            1496,
            180
          ],
          [
            1715,
            180
          ]
        ]
      }
    },
    {
      "type": "Feature",
      "properties": {
        "id": "TR-OUT-E",
        "name": "外环巨蚓东线",
        "roadClass": "生物列车轨道",
        "width": 10,
        "routeId": "TR-OUT",
        "layer": "roads"
      },
      "geometry": {
        "type": "LineString",
        "coordinates": [
          [
            1715,
            180
          ],
          [
            3120,
            180
          ],
          [
            3120,
            2620
          ],
          [
            1715,
            2620
          ]
        ]
      }
    },
    {
      "type": "Feature",
      "properties": {
        "id": "TR-OUT-SB",
        "name": "外环巨蚓南桥槽",
        "roadClass": "生物列车桥梁",
        "width": 10,
        "routeId": "TR-OUT",
        "layer": "roads"
      },
      "geometry": {
        "type": "LineString",
        "coordinates": [
          [
            1715,
            2620
          ],
          [
            1455,
            2620
          ]
        ]
      }
    },
    {
      "type": "Feature",
      "properties": {
        "id": "TR-OUT-W2",
        "name": "外环巨蚓西线",
        "roadClass": "生物列车轨道",
        "width": 10,
        "routeId": "TR-OUT",
        "layer": "roads"
      },
      "geometry": {
        "type": "LineString",
        "coordinates": [
          [
            1455,
            2620
          ],
          [
            80,
            2620
          ],
          [
            80,
            180
          ]
        ]
      }
    },
    {
      "type": "Feature",
      "properties": {
        "id": "TR-IN-W",
        "name": "内环巨蚓学院线",
        "roadClass": "生物列车轨道",
        "width": 9,
        "routeId": "TR-IN",
        "layer": "roads"
      },
      "geometry": {
        "type": "LineString",
        "coordinates": [
          [
            560,
            680
          ],
          [
            1180,
            680
          ],
          [
            1180,
            980
          ],
          [
            1050,
            1250
          ],
          [
            1190,
            1600
          ],
          [
            1190,
            1900
          ],
          [
            620,
            1820
          ],
          [
            600,
            1280
          ],
          [
            560,
            680
          ]
        ]
      }
    },
    {
      "type": "Feature",
      "properties": {
        "id": "TR-IN-WB",
        "name": "内环巨蚓学院桥引线",
        "roadClass": "生物列车轨道",
        "width": 9,
        "routeId": "TR-IN",
        "layer": "roads"
      },
      "geometry": {
        "type": "LineString",
        "coordinates": [
          [
            1120,
            1600
          ],
          [
            1315,
            1520
          ]
        ]
      }
    },
    {
      "type": "Feature",
      "properties": {
        "id": "TR-IN-B",
        "name": "双核巨蚓专用桥",
        "roadClass": "生物列车桥梁",
        "width": 9,
        "routeId": "TR-IN",
        "layer": "roads"
      },
      "geometry": {
        "type": "LineString",
        "coordinates": [
          [
            1315,
            1520
          ],
          [
            1920,
            1520
          ]
        ]
      }
    },
    {
      "type": "Feature",
      "properties": {
        "id": "TR-IN-EB",
        "name": "内环巨蚓城市桥引线",
        "roadClass": "生物列车轨道",
        "width": 9,
        "routeId": "TR-IN",
        "layer": "roads"
      },
      "geometry": {
        "type": "LineString",
        "coordinates": [
          [
            1920,
            1520
          ],
          [
            2100,
            1600
          ]
        ]
      }
    },
    {
      "type": "Feature",
      "properties": {
        "id": "TR-IN-E",
        "name": "内环巨蚓城市线",
        "roadClass": "生物列车轨道",
        "width": 9,
        "routeId": "TR-IN",
        "layer": "roads"
      },
      "geometry": {
        "type": "LineString",
        "coordinates": [
          [
            2100,
            1600
          ],
          [
            2050,
            850
          ],
          [
            2650,
            700
          ],
          [
            2920,
            1120
          ],
          [
            2760,
            1780
          ],
          [
            2240,
            1900
          ],
          [
            2100,
            1600
          ]
        ]
      }
    },
    {
      "type": "Feature",
      "properties": {
        "id": "LM-A1",
        "name": "中庭总钟楼",
        "zone": "教学区",
        "frontageRoad": "R-W3",
        "description": "学院时间、调度和公共仪式中心",
        "footprint": 4896,
        "shapeType": "地标切角轮廓",
        "scaleClass": "全城级地标",
        "landmarkTier": "city",
        "houseNumber": 13,
        "doorPlate": "13号",
        "address": "钟楼西路 13号",
        "layer": "buildings"
      },
      "geometry": {
        "type": "Polygon",
        "coordinates": [
          [
            [
              1110.5,
              972
            ],
            [
              1110.5,
              1020
            ],
            [
              1098.5,
              1032
            ],
            [
              1050.5,
              1032
            ],
            [
              1038.5,
              1020
            ],
            [
              1038.5,
              972
            ],
            [
              1050.5,
              960
            ],
            [
              1098.5,
              960
            ],
            [
              1110.5,
              972
            ]
          ]
        ]
      }
    },
    {
      "type": "Feature",
      "properties": {
        "id": "LM-A2",
        "name": "国立学院正厅",
        "zone": "教学区",
        "frontageRoad": "R-CW",
        "description": "学院治理、典礼和跨国学术事务",
        "footprint": 13108,
        "shapeType": "地标切角轮廓",
        "scaleClass": "全城级地标",
        "landmarkTier": "city",
        "houseNumber": 12,
        "doorPlate": "12号",
        "address": "学院桥头大道 12号",
        "layer": "buildings"
      },
      "geometry": {
        "type": "Polygon",
        "coordinates": [
          [
            [
              791,
              1145
            ],
            [
              913,
              1145
            ],
            [
              927,
              1159
            ],
            [
              927,
              1221
            ],
            [
              913,
              1235
            ],
            [
              791,
              1235
            ],
            [
              777,
              1221
            ],
            [
              777,
              1159
            ],
            [
              791,
              1145
            ]
          ]
        ]
      }
    },
    {
      "type": "Feature",
      "properties": {
        "id": "LM-A3",
        "name": "七系总图书馆",
        "zone": "教学区",
        "frontageRoad": "T-02",
        "description": "教学核心与全城知识档案入口",
        "footprint": 16608,
        "shapeType": "地标切角轮廓",
        "scaleClass": "全城级地标",
        "landmarkTier": "city",
        "houseNumber": 14,
        "doorPlate": "14号",
        "address": "图书馆街 14号",
        "layer": "buildings"
      },
      "geometry": {
        "type": "Polygon",
        "coordinates": [
          [
            [
              909,
              711
            ],
            [
              1051,
              711
            ],
            [
              1065,
              725
            ],
            [
              1065,
              797
            ],
            [
              1051,
              811
            ],
            [
              909,
              811
            ],
            [
              895,
              797
            ],
            [
              895,
              725
            ],
            [
              909,
              711
            ]
          ]
        ]
      }
    },
    {
      "type": "Feature",
      "properties": {
        "id": "LM-A4",
        "name": "以太观测院",
        "zone": "教学区",
        "frontageRoad": "T-01",
        "description": "高塔、测量庭院与城市护障观测",
        "footprint": 12833,
        "shapeType": "地标切角轮廓",
        "scaleClass": "全城级地标",
        "landmarkTier": "city",
        "houseNumber": 7,
        "doorPlate": "7号",
        "address": "古讲堂街 7号",
        "layer": "buildings"
      },
      "geometry": {
        "type": "Polygon",
        "coordinates": [
          [
            [
              1272.5,
              369
            ],
            [
              1359.5,
              369
            ],
            [
              1373.5,
              383
            ],
            [
              1373.5,
              470
            ],
            [
              1359.5,
              484
            ],
            [
              1272.5,
              484
            ],
            [
              1258.5,
              470
            ],
            [
              1258.5,
              383
            ],
            [
              1272.5,
              369
            ]
          ]
        ]
      }
    },
    {
      "type": "Feature",
      "properties": {
        "id": "LM-C1",
        "name": "市民议政厅",
        "zone": "市集区",
        "frontageRoad": "R-CE",
        "description": "城市公共治理和市民集会中心",
        "footprint": 14008,
        "shapeType": "地标切角轮廓",
        "scaleClass": "全城级地标",
        "landmarkTier": "city",
        "houseNumber": 6,
        "doorPlate": "6号",
        "address": "城市中央大道 6号",
        "layer": "buildings"
      },
      "geometry": {
        "type": "Polygon",
        "coordinates": [
          [
            [
              2384,
              1145
            ],
            [
              2516,
              1145
            ],
            [
              2530,
              1159
            ],
            [
              2530,
              1221
            ],
            [
              2516,
              1235
            ],
            [
              2384,
              1235
            ],
            [
              2370,
              1221
            ],
            [
              2370,
              1159
            ],
            [
              2384,
              1145
            ]
          ]
        ]
      }
    },
    {
      "type": "Feature",
      "properties": {
        "id": "LM-C2",
        "name": "中央覆顶市集",
        "zone": "市集区",
        "frontageRoad": "M-02",
        "description": "商业、物资和日常生活中心",
        "footprint": 20508,
        "shapeType": "地标切角轮廓",
        "scaleClass": "全城级地标",
        "landmarkTier": "city",
        "houseNumber": 16,
        "doorPlate": "16号",
        "address": "覆顶市集街 16号",
        "layer": "buildings"
      },
      "geometry": {
        "type": "Polygon",
        "coordinates": [
          [
            [
              2796,
              710.5
            ],
            [
              2958,
              710.5
            ],
            [
              2972,
              724.5
            ],
            [
              2972,
              806.5
            ],
            [
              2958,
              820.5
            ],
            [
              2796,
              820.5
            ],
            [
              2782,
              806.5
            ],
            [
              2782,
              724.5
            ],
            [
              2796,
              710.5
            ]
          ]
        ]
      }
    },
    {
      "type": "Feature",
      "properties": {
        "id": "LM-C3",
        "name": "双核中央换乘站",
        "zone": "市集区",
        "frontageRoad": "R-CE",
        "description": "内外环巨蚓换乘与城市门户",
        "footprint": 13108,
        "shapeType": "地标切角轮廓",
        "scaleClass": "全城级地标",
        "landmarkTier": "city",
        "houseNumber": 8,
        "doorPlate": "8号",
        "address": "城市中央大道 8号",
        "layer": "buildings"
      },
      "geometry": {
        "type": "Polygon",
        "coordinates": [
          [
            [
              2581,
              1145
            ],
            [
              2703,
              1145
            ],
            [
              2717,
              1159
            ],
            [
              2717,
              1221
            ],
            [
              2703,
              1235
            ],
            [
              2581,
              1235
            ],
            [
              2567,
              1221
            ],
            [
              2567,
              1159
            ],
            [
              2581,
              1145
            ]
          ]
        ]
      }
    },
    {
      "type": "Feature",
      "properties": {
        "id": "LM-C4",
        "name": "湖岸大医馆",
        "zone": "生活区",
        "frontageRoad": "L-01",
        "description": "公共医疗、灾害响应和学院教学医院",
        "footprint": 12358,
        "shapeType": "地标切角轮廓",
        "scaleClass": "全城级地标",
        "landmarkTier": "city",
        "houseNumber": 20,
        "doorPlate": "20号",
        "address": "灯庭街 20号",
        "layer": "buildings"
      },
      "geometry": {
        "type": "Polygon",
        "coordinates": [
          [
            [
              951,
              1366
            ],
            [
              1073,
              1366
            ],
            [
              1087,
              1380
            ],
            [
              1087,
              1437
            ],
            [
              1073,
              1451
            ],
            [
              951,
              1451
            ],
            [
              937,
              1437
            ],
            [
              937,
              1380
            ],
            [
              951,
              1366
            ]
          ]
        ]
      }
    },
    {
      "type": "Feature",
      "properties": {
        "id": "LM-R1",
        "name": "学院大礼堂",
        "zone": "教学区",
        "frontageRoad": "T-04",
        "description": "课程典礼、演说和公共考试",
        "footprint": 10696.4,
        "shapeType": "地标切角轮廓",
        "scaleClass": "区域级地标",
        "landmarkTier": "regional",
        "houseNumber": 1,
        "doorPlate": "1号",
        "address": "学院北巷 1号",
        "layer": "buildings"
      },
      "geometry": {
        "type": "Polygon",
        "coordinates": [
          [
            [
              582.167,
              508.5
            ],
            [
              689.833,
              508.5
            ],
            [
              703.5,
              522.167
            ],
            [
              703.5,
              576.833
            ],
            [
              689.833,
              590.5
            ],
            [
              582.167,
              590.5
            ],
            [
              568.5,
              576.833
            ],
            [
              568.5,
              522.167
            ],
            [
              582.167,
              508.5
            ]
          ]
        ]
      }
    },
    {
      "type": "Feature",
      "properties": {
        "id": "LM-R2",
        "name": "河岸公共剧场",
        "zone": "市集区",
        "frontageRoad": "M-03",
        "description": "面向两岸的公共剧场",
        "footprint": 11308,
        "shapeType": "地标切角轮廓",
        "scaleClass": "区域级地标",
        "landmarkTier": "regional",
        "houseNumber": 6,
        "doorPlate": "6号",
        "address": "公共剧场街 6号",
        "layer": "buildings"
      },
      "geometry": {
        "type": "Polygon",
        "coordinates": [
          [
            [
              2214,
              951
            ],
            [
              2316,
              951
            ],
            [
              2330,
              965
            ],
            [
              2330,
              1027
            ],
            [
              2316,
              1041
            ],
            [
              2214,
              1041
            ],
            [
              2200,
              1027
            ],
            [
              2200,
              965
            ],
            [
              2214,
              951
            ]
          ]
        ]
      }
    },
    {
      "type": "Feature",
      "properties": {
        "id": "LM-R3",
        "name": "总校准工坊",
        "zone": "工坊区",
        "frontageRoad": "W-01",
        "description": "全城以太仪器校准中心",
        "footprint": 15283,
        "shapeType": "地标切角轮廓",
        "scaleClass": "区域级地标",
        "landmarkTier": "regional",
        "houseNumber": 5,
        "doorPlate": "5号",
        "address": "总工坊街 5号",
        "layer": "buildings"
      },
      "geometry": {
        "type": "Polygon",
        "coordinates": [
          [
            [
              2387.5,
              1462
            ],
            [
              2524.5,
              1462
            ],
            [
              2538.5,
              1476
            ],
            [
              2538.5,
              1543
            ],
            [
              2524.5,
              1557
            ],
            [
              2387.5,
              1557
            ],
            [
              2373.5,
              1543
            ],
            [
              2373.5,
              1476
            ],
            [
              2387.5,
              1462
            ]
          ]
        ]
      }
    },
    {
      "type": "Feature",
      "properties": {
        "id": "LM-R4",
        "name": "材料与货运交换厅",
        "zone": "工坊区",
        "frontageRoad": "W-02",
        "description": "材料交割、货运与装卸调度",
        "footprint": 17608,
        "shapeType": "地标切角轮廓",
        "scaleClass": "区域级地标",
        "landmarkTier": "regional",
        "houseNumber": 8,
        "doorPlate": "8号",
        "address": "材料交换街 8号",
        "layer": "buildings"
      },
      "geometry": {
        "type": "Polygon",
        "coordinates": [
          [
            [
              2572,
              1620.5
            ],
            [
              2724,
              1620.5
            ],
            [
              2738,
              1634.5
            ],
            [
              2738,
              1706.5
            ],
            [
              2724,
              1720.5
            ],
            [
              2572,
              1720.5
            ],
            [
              2558,
              1706.5
            ],
            [
              2558,
              1634.5
            ],
            [
              2572,
              1620.5
            ]
          ]
        ]
      }
    },
    {
      "type": "Feature",
      "properties": {
        "id": "LM-R5",
        "name": "受控总档案库",
        "zone": "封存区",
        "frontageRoad": "S-03",
        "description": "受控文书、遗物与许可记录",
        "footprint": 7000,
        "shapeType": "地标切角轮廓",
        "scaleClass": "区域级地标",
        "landmarkTier": "regional",
        "houseNumber": 1,
        "doorPlate": "1号",
        "address": "封存值守路 1号",
        "layer": "buildings"
      },
      "geometry": {
        "type": "Polygon",
        "coordinates": [
          [
            [
              1836,
              2268.5
            ],
            [
              1936,
              2268.5
            ],
            [
              1946,
              2278.5
            ],
            [
              1946,
              2318.5
            ],
            [
              1936,
              2328.5
            ],
            [
              1836,
              2328.5
            ],
            [
              1826,
              2318.5
            ],
            [
              1826,
              2278.5
            ],
            [
              1836,
              2268.5
            ]
          ]
        ]
      }
    },
    {
      "type": "Feature",
      "properties": {
        "id": "LM-R6",
        "name": "封存隔离塔",
        "zone": "封存区",
        "frontageRoad": "S-01",
        "description": "高风险对象隔离与观察",
        "footprint": 4627.8,
        "shapeType": "地标切角轮廓",
        "scaleClass": "区域级地标",
        "landmarkTier": "regional",
        "houseNumber": 2,
        "doorPlate": "2号",
        "address": "封存许可路 2号",
        "layer": "buildings"
      },
      "geometry": {
        "type": "Polygon",
        "coordinates": [
          [
            [
              2109.667,
              1371
            ],
            [
              2156.333,
              1371
            ],
            [
              2168,
              1382.667
            ],
            [
              2168,
              1429.333
            ],
            [
              2156.333,
              1441
            ],
            [
              2109.667,
              1441
            ],
            [
              2098,
              1429.333
            ],
            [
              2098,
              1382.667
            ],
            [
              2109.667,
              1371
            ]
          ]
        ]
      }
    },
    {
      "type": "Feature",
      "properties": {
        "id": "LM-R7",
        "name": "学院体育场主看台",
        "zone": "郊野／外环",
        "frontageRoad": "O-01",
        "description": "体育场看台、更衣和器材服务",
        "footprint": 10281.9,
        "shapeType": "地标切角轮廓",
        "scaleClass": "区域级地标",
        "landmarkTier": "regional",
        "houseNumber": 11,
        "doorPlate": "11号",
        "address": "南部课程联络路 11号",
        "layer": "buildings"
      },
      "geometry": {
        "type": "Polygon",
        "coordinates": [
          [
            [
              478.167,
              2392
            ],
            [
              649.833,
              2392
            ],
            [
              659,
              2401.167
            ],
            [
              659,
              2437.833
            ],
            [
              649.833,
              2447
            ],
            [
              478.167,
              2447
            ],
            [
              469,
              2437.833
            ],
            [
              469,
              2401.167
            ],
            [
              478.167,
              2392
            ]
          ]
        ]
      }
    },
    {
      "type": "Feature",
      "properties": {
        "id": "LM-R8",
        "name": "护障对抗场控制馆",
        "zone": "郊野／外环",
        "frontageRoad": "O-01",
        "description": "护障控制、裁判记录与急救",
        "footprint": 9181.9,
        "shapeType": "地标切角轮廓",
        "scaleClass": "区域级地标",
        "landmarkTier": "regional",
        "houseNumber": 25,
        "doorPlate": "25号",
        "address": "南部课程联络路 25号",
        "layer": "buildings"
      },
      "geometry": {
        "type": "Polygon",
        "coordinates": [
          [
            [
              1176.167,
              2392
            ],
            [
              1327.833,
              2392
            ],
            [
              1337,
              2401.167
            ],
            [
              1337,
              2437.833
            ],
            [
              1327.833,
              2447
            ],
            [
              1176.167,
              2447
            ],
            [
              1167,
              2437.833
            ],
            [
              1167,
              2401.167
            ],
            [
              1176.167,
              2392
            ]
          ]
        ]
      }
    },
    {
      "type": "Feature",
      "properties": {
        "id": "LM-R9",
        "name": "小队战术场指挥馆",
        "zone": "郊野／外环",
        "frontageRoad": "O-02",
        "description": "战术课程指挥、器材与观察",
        "footprint": 9181.9,
        "shapeType": "地标切角轮廓",
        "scaleClass": "区域级地标",
        "landmarkTier": "regional",
        "houseNumber": 7,
        "doorPlate": "7号",
        "address": "南部后勤联络路 7号",
        "layer": "buildings"
      },
      "geometry": {
        "type": "Polygon",
        "coordinates": [
          [
            [
              2000.167,
              2392
            ],
            [
              2151.833,
              2392
            ],
            [
              2161,
              2401.167
            ],
            [
              2161,
              2437.833
            ],
            [
              2151.833,
              2447
            ],
            [
              2000.167,
              2447
            ],
            [
              1991,
              2437.833
            ],
            [
              1991,
              2401.167
            ],
            [
              2000.167,
              2392
            ]
          ]
        ]
      }
    },
    {
      "type": "Feature",
      "properties": {
        "id": "LM-R10",
        "name": "下游水务与防洪塔",
        "zone": "郊野／外环",
        "frontageRoad": "O-02",
        "description": "下游防洪、水务和生态监测",
        "footprint": 7565.3,
        "shapeType": "地标切角轮廓",
        "scaleClass": "区域级地标",
        "landmarkTier": "regional",
        "houseNumber": 25,
        "doorPlate": "25号",
        "address": "南部后勤联络路 25号",
        "layer": "buildings"
      },
      "geometry": {
        "type": "Polygon",
        "coordinates": [
          [
            [
              2778.833,
              2392
            ],
            [
              2877.167,
              2392
            ],
            [
              2888,
              2402.833
            ],
            [
              2888,
              2446.167
            ],
            [
              2877.167,
              2457
            ],
            [
              2778.833,
              2457
            ],
            [
              2768,
              2446.167
            ],
            [
              2768,
              2402.833
            ],
            [
              2778.833,
              2392
            ]
          ]
        ]
      }
    },
    {
      "type": "Feature",
      "properties": {
        "id": "SV-T01",
        "name": "学生第一食堂",
        "zone": "教学区",
        "frontageRoad": "T-03",
        "description": "面向课程密集时段的学生食堂",
        "footprint": 2560,
        "scaleClass": "日常服务设施",
        "buildingType": "餐饮",
        "sizeSpec": "教学服务-大型",
        "widthMeters": 64,
        "depthMeters": 40,
        "houseNumber": 4,
        "doorPlate": "4号",
        "address": "学院南街 4号",
        "layer": "buildings"
      },
      "geometry": {
        "type": "Polygon",
        "coordinates": [
          [
            [
              594,
              1001
            ],
            [
              658,
              1001
            ],
            [
              658,
              1041
            ],
            [
              594,
              1041
            ],
            [
              594,
              1001
            ]
          ]
        ]
      }
    },
    {
      "type": "Feature",
      "properties": {
        "id": "SV-T02",
        "name": "课本文具店",
        "zone": "教学区",
        "frontageRoad": "T-02",
        "description": "教材、纸张、记录工具与普通文具",
        "footprint": 1440,
        "scaleClass": "日常服务设施",
        "buildingType": "商店",
        "sizeSpec": "教学服务-小型",
        "widthMeters": 48,
        "depthMeters": 30,
        "houseNumber": 2,
        "doorPlate": "2号",
        "address": "图书馆街 2号",
        "layer": "buildings"
      },
      "geometry": {
        "type": "Polygon",
        "coordinates": [
          [
            [
              274,
              781
            ],
            [
              322,
              781
            ],
            [
              322,
              811
            ],
            [
              274,
              811
            ],
            [
              274,
              781
            ]
          ]
        ]
      }
    },
    {
      "type": "Feature",
      "properties": {
        "id": "SV-T03",
        "name": "学院日用品店",
        "zone": "教学区",
        "frontageRoad": "T-04",
        "description": "学生日用品与基础维护用品",
        "footprint": 1440,
        "scaleClass": "日常服务设施",
        "buildingType": "商店",
        "sizeSpec": "教学服务-小型",
        "widthMeters": 48,
        "depthMeters": 30,
        "houseNumber": 5,
        "doorPlate": "5号",
        "address": "学院北巷 5号",
        "layer": "buildings"
      },
      "geometry": {
        "type": "Polygon",
        "coordinates": [
          [
            [
              874,
              508.5
            ],
            [
              922,
              508.5
            ],
            [
              922,
              538.5
            ],
            [
              874,
              538.5
            ],
            [
              874,
              508.5
            ]
          ]
        ]
      }
    },
    {
      "type": "Feature",
      "properties": {
        "id": "SV-T04",
        "name": "学院北站候车厅",
        "zone": "教学区",
        "frontageRoad": "R-NW",
        "description": "连接北部学府大道与巨蚓外环",
        "footprint": 2304,
        "scaleClass": "日常服务设施",
        "buildingType": "车站",
        "sizeSpec": "学院站房-标准",
        "widthMeters": 64,
        "depthMeters": 36,
        "houseNumber": 11,
        "doorPlate": "11号",
        "address": "北部学府大道 11号",
        "layer": "buildings"
      },
      "geometry": {
        "type": "Polygon",
        "coordinates": [
          [
            [
              1178,
              633
            ],
            [
              1242,
              633
            ],
            [
              1242,
              669
            ],
            [
              1178,
              669
            ],
            [
              1178,
              633
            ]
          ]
        ]
      }
    },
    {
      "type": "Feature",
      "properties": {
        "id": "SV-L01",
        "name": "雨灯饭店",
        "zone": "生活区",
        "frontageRoad": "L-01",
        "description": "面向学生、居民与访客的街角饭店",
        "footprint": 2016,
        "scaleClass": "日常服务设施",
        "buildingType": "饭店",
        "sizeSpec": "生活餐饮-标准",
        "widthMeters": 56,
        "depthMeters": 36,
        "houseNumber": 5,
        "doorPlate": "5号",
        "address": "灯庭街 5号",
        "layer": "buildings"
      },
      "geometry": {
        "type": "Polygon",
        "coordinates": [
          [
            [
              270,
              1469
            ],
            [
              326,
              1469
            ],
            [
              326,
              1505
            ],
            [
              270,
              1505
            ],
            [
              270,
              1469
            ]
          ]
        ]
      }
    },
    {
      "type": "Feature",
      "properties": {
        "id": "SV-L02",
        "name": "河岸面包房",
        "zone": "生活区",
        "frontageRoad": "L-01",
        "description": "面包、热食与清晨外带",
        "footprint": 1440,
        "scaleClass": "日常服务设施",
        "buildingType": "商店",
        "sizeSpec": "生活店铺-小型",
        "widthMeters": 48,
        "depthMeters": 30,
        "houseNumber": 19,
        "doorPlate": "19号",
        "address": "灯庭街 19号",
        "layer": "buildings"
      },
      "geometry": {
        "type": "Polygon",
        "coordinates": [
          [
            [
              1058,
              1469
            ],
            [
              1106,
              1469
            ],
            [
              1106,
              1499
            ],
            [
              1058,
              1499
            ],
            [
              1058,
              1469
            ]
          ]
        ]
      }
    },
    {
      "type": "Feature",
      "properties": {
        "id": "SV-L03",
        "name": "西门杂货店",
        "zone": "生活区",
        "frontageRoad": "L-02",
        "description": "家庭杂货与临时补给",
        "footprint": 1440,
        "scaleClass": "日常服务设施",
        "buildingType": "商店",
        "sizeSpec": "生活店铺-小型",
        "widthMeters": 48,
        "depthMeters": 30,
        "houseNumber": 1,
        "doorPlate": "1号",
        "address": "宿舍街 1号",
        "layer": "buildings"
      },
      "geometry": {
        "type": "Polygon",
        "coordinates": [
          [
            [
              98,
              1769
            ],
            [
              146,
              1769
            ],
            [
              146,
              1799
            ],
            [
              98,
              1799
            ],
            [
              98,
              1769
            ]
          ]
        ]
      }
    },
    {
      "type": "Feature",
      "properties": {
        "id": "SV-L04",
        "name": "学生用品合作社",
        "zone": "生活区",
        "frontageRoad": "L-02",
        "description": "学生共同采购与二手用品交换",
        "footprint": 2016,
        "scaleClass": "日常服务设施",
        "buildingType": "商店",
        "sizeSpec": "生活店铺-标准",
        "widthMeters": 56,
        "depthMeters": 36,
        "houseNumber": 13,
        "doorPlate": "13号",
        "address": "宿舍街 13号",
        "layer": "buildings"
      },
      "geometry": {
        "type": "Polygon",
        "coordinates": [
          [
            [
              774,
              1769
            ],
            [
              830,
              1769
            ],
            [
              830,
              1805
            ],
            [
              774,
              1805
            ],
            [
              774,
              1769
            ]
          ]
        ]
      }
    },
    {
      "type": "Feature",
      "properties": {
        "id": "SV-L05",
        "name": "公共浴室与洗衣房",
        "zone": "生活区",
        "frontageRoad": "L-04",
        "description": "公共洗浴、洗衣与织物烘干",
        "footprint": 2560,
        "scaleClass": "日常服务设施",
        "buildingType": "生活服务",
        "sizeSpec": "生活公共服务-大型",
        "widthMeters": 64,
        "depthMeters": 40,
        "houseNumber": 3,
        "doorPlate": "3号",
        "address": "生活南街 3号",
        "layer": "buildings"
      },
      "geometry": {
        "type": "Polygon",
        "coordinates": [
          [
            [
              450,
              1908.5
            ],
            [
              514,
              1908.5
            ],
            [
              514,
              1948.5
            ],
            [
              450,
              1948.5
            ],
            [
              450,
              1908.5
            ]
          ]
        ]
      }
    },
    {
      "type": "Feature",
      "properties": {
        "id": "SV-L06",
        "name": "灯庭诊所",
        "zone": "生活区",
        "frontageRoad": "L-04",
        "description": "日常诊疗、药品与夜间值守",
        "footprint": 2016,
        "scaleClass": "日常服务设施",
        "buildingType": "医疗",
        "sizeSpec": "生活公共服务-标准",
        "widthMeters": 56,
        "depthMeters": 36,
        "houseNumber": 15,
        "doorPlate": "15号",
        "address": "生活南街 15号",
        "layer": "buildings"
      },
      "geometry": {
        "type": "Polygon",
        "coordinates": [
          [
            [
              926,
              1908.5
            ],
            [
              982,
              1908.5
            ],
            [
              982,
              1944.5
            ],
            [
              926,
              1944.5
            ],
            [
              926,
              1908.5
            ]
          ]
        ]
      }
    },
    {
      "type": "Feature",
      "properties": {
        "id": "SV-L07",
        "name": "南生活食堂",
        "zone": "生活区",
        "frontageRoad": "L-03",
        "description": "服务南部宿舍和课程设施",
        "footprint": 2560,
        "scaleClass": "日常服务设施",
        "buildingType": "餐饮",
        "sizeSpec": "生活餐饮-大型",
        "widthMeters": 64,
        "depthMeters": 40,
        "houseNumber": 9,
        "doorPlate": "9号",
        "address": "生活服务街 9号",
        "layer": "buildings"
      },
      "geometry": {
        "type": "Polygon",
        "coordinates": [
          [
            [
              770,
              2209
            ],
            [
              834,
              2209
            ],
            [
              834,
              2249
            ],
            [
              770,
              2249
            ],
            [
              770,
              2209
            ]
          ]
        ]
      }
    },
    {
      "type": "Feature",
      "properties": {
        "id": "SV-L08",
        "name": "生活区站房",
        "zone": "生活区",
        "frontageRoad": "L-02",
        "description": "生活区与巨蚓内环换乘入口",
        "footprint": 2304,
        "scaleClass": "日常服务设施",
        "buildingType": "车站",
        "sizeSpec": "生活站房-标准",
        "widthMeters": 64,
        "depthMeters": 36,
        "houseNumber": 17,
        "doorPlate": "17号",
        "address": "宿舍街 17号",
        "layer": "buildings"
      },
      "geometry": {
        "type": "Polygon",
        "coordinates": [
          [
            [
              1042,
              1769
            ],
            [
              1106,
              1769
            ],
            [
              1106,
              1805
            ],
            [
              1042,
              1805
            ],
            [
              1042,
              1769
            ]
          ]
        ]
      }
    },
    {
      "type": "Feature",
      "properties": {
        "id": "SV-M01",
        "name": "河岸饭店",
        "zone": "市集区",
        "frontageRoad": "M-02",
        "description": "面向河岸剧场与市集客流",
        "footprint": 2280,
        "scaleClass": "日常服务设施",
        "buildingType": "饭店",
        "sizeSpec": "市集餐饮-标准",
        "widthMeters": 60,
        "depthMeters": 38,
        "houseNumber": 8,
        "doorPlate": "8号",
        "address": "覆顶市集街 8号",
        "layer": "buildings"
      },
      "geometry": {
        "type": "Polygon",
        "coordinates": [
          [
            [
              2029,
              782.5
            ],
            [
              2089,
              782.5
            ],
            [
              2089,
              820.5
            ],
            [
              2029,
              820.5
            ],
            [
              2029,
              782.5
            ]
          ]
        ]
      }
    },
    {
      "type": "Feature",
      "properties": {
        "id": "SV-M02",
        "name": "中央食品店",
        "zone": "市集区",
        "frontageRoad": "M-02",
        "description": "食品、调味品与家庭补给",
        "footprint": 1664,
        "scaleClass": "日常服务设施",
        "buildingType": "商店",
        "sizeSpec": "市集店铺-标准",
        "widthMeters": 52,
        "depthMeters": 32,
        "houseNumber": 11,
        "doorPlate": "11号",
        "address": "覆顶市集街 11号",
        "layer": "buildings"
      },
      "geometry": {
        "type": "Polygon",
        "coordinates": [
          [
            [
              2489,
              839.5
            ],
            [
              2541,
              839.5
            ],
            [
              2541,
              871.5
            ],
            [
              2489,
              871.5
            ],
            [
              2489,
              839.5
            ]
          ]
        ]
      }
    },
    {
      "type": "Feature",
      "properties": {
        "id": "SV-M03",
        "name": "市民百货店",
        "zone": "市集区",
        "frontageRoad": "M-02",
        "description": "衣物、器具和常用商品",
        "footprint": 2280,
        "scaleClass": "日常服务设施",
        "buildingType": "商店",
        "sizeSpec": "市集店铺-大型",
        "widthMeters": 60,
        "depthMeters": 38,
        "houseNumber": 23,
        "doorPlate": "23号",
        "address": "覆顶市集街 23号",
        "layer": "buildings"
      },
      "geometry": {
        "type": "Polygon",
        "coordinates": [
          [
            [
              2973,
              839.5
            ],
            [
              3033,
              839.5
            ],
            [
              3033,
              877.5
            ],
            [
              2973,
              877.5
            ],
            [
              2973,
              839.5
            ]
          ]
        ]
      }
    },
    {
      "type": "Feature",
      "properties": {
        "id": "SV-M04",
        "name": "北街旅店",
        "zone": "市集区",
        "frontageRoad": "M-01",
        "description": "短期访客、商旅与家属住宿",
        "footprint": 2560,
        "scaleClass": "日常服务设施",
        "buildingType": "旅店",
        "sizeSpec": "市集旅宿-标准",
        "widthMeters": 64,
        "depthMeters": 40,
        "houseNumber": 15,
        "doorPlate": "15号",
        "address": "市政北街 15号",
        "layer": "buildings"
      },
      "geometry": {
        "type": "Polygon",
        "coordinates": [
          [
            [
              2357,
              399
            ],
            [
              2421,
              399
            ],
            [
              2421,
              439
            ],
            [
              2357,
              439
            ],
            [
              2357,
              399
            ]
          ]
        ]
      }
    },
    {
      "type": "Feature",
      "properties": {
        "id": "SV-M05",
        "name": "邮政与票务所",
        "zone": "市集区",
        "frontageRoad": "M-03",
        "description": "邮政、寄存、票务与路线问询",
        "footprint": 2016,
        "scaleClass": "日常服务设施",
        "buildingType": "公共服务",
        "sizeSpec": "市集公共服务-标准",
        "widthMeters": 56,
        "depthMeters": 36,
        "houseNumber": 14,
        "doorPlate": "14号",
        "address": "公共剧场街 14号",
        "layer": "buildings"
      },
      "geometry": {
        "type": "Polygon",
        "coordinates": [
          [
            [
              2691,
              1005
            ],
            [
              2747,
              1005
            ],
            [
              2747,
              1041
            ],
            [
              2691,
              1041
            ],
            [
              2691,
              1005
            ]
          ]
        ]
      }
    },
    {
      "type": "Feature",
      "properties": {
        "id": "SV-M06",
        "name": "市集站房",
        "zone": "市集区",
        "frontageRoad": "R-NE",
        "description": "城市核心与巨蚓内环换乘入口",
        "footprint": 2304,
        "scaleClass": "日常服务设施",
        "buildingType": "车站",
        "sizeSpec": "市集站房-标准",
        "widthMeters": 64,
        "depthMeters": 36,
        "houseNumber": 9,
        "doorPlate": "9号",
        "address": "北部城市大道 9号",
        "layer": "buildings"
      },
      "geometry": {
        "type": "Polygon",
        "coordinates": [
          [
            [
              2186,
              633
            ],
            [
              2250,
              633
            ],
            [
              2250,
              669
            ],
            [
              2186,
              669
            ],
            [
              2186,
              633
            ]
          ]
        ]
      }
    },
    {
      "type": "Feature",
      "properties": {
        "id": "SV-W01",
        "name": "工坊食堂",
        "zone": "工坊区",
        "frontageRoad": "W-01",
        "description": "工坊轮班人员集中用餐",
        "footprint": 2560,
        "scaleClass": "日常服务设施",
        "buildingType": "餐饮",
        "sizeSpec": "工坊餐饮-大型",
        "widthMeters": 64,
        "depthMeters": 40,
        "houseNumber": 3,
        "doorPlate": "3号",
        "address": "总工坊街 3号",
        "layer": "buildings"
      },
      "geometry": {
        "type": "Polygon",
        "coordinates": [
          [
            [
              2278,
              1462
            ],
            [
              2342,
              1462
            ],
            [
              2342,
              1502
            ],
            [
              2278,
              1502
            ],
            [
              2278,
              1462
            ]
          ]
        ]
      }
    },
    {
      "type": "Feature",
      "properties": {
        "id": "SV-W02",
        "name": "工具与护具店",
        "zone": "工坊区",
        "frontageRoad": "W-01",
        "description": "常用工具、护具与替换零件",
        "footprint": 2280,
        "scaleClass": "日常服务设施",
        "buildingType": "商店",
        "sizeSpec": "工坊店铺-标准",
        "widthMeters": 60,
        "depthMeters": 38,
        "houseNumber": 9,
        "doorPlate": "9号",
        "address": "总工坊街 9号",
        "layer": "buildings"
      },
      "geometry": {
        "type": "Polygon",
        "coordinates": [
          [
            [
              2688,
              1462
            ],
            [
              2748,
              1462
            ],
            [
              2748,
              1500
            ],
            [
              2688,
              1500
            ],
            [
              2688,
              1462
            ]
          ]
        ]
      }
    },
    {
      "type": "Feature",
      "properties": {
        "id": "SV-W03",
        "name": "工坊医务站",
        "zone": "工坊区",
        "frontageRoad": "W-03",
        "description": "工伤处置、洗消与转运",
        "footprint": 2016,
        "scaleClass": "日常服务设施",
        "buildingType": "医疗",
        "sizeSpec": "工坊公共服务-标准",
        "widthMeters": 56,
        "depthMeters": 36,
        "houseNumber": 9,
        "doorPlate": "9号",
        "address": "工坊中街 9号",
        "layer": "buildings"
      },
      "geometry": {
        "type": "Polygon",
        "coordinates": [
          [
            [
              2978,
              1909.5
            ],
            [
              3034,
              1909.5
            ],
            [
              3034,
              1945.5
            ],
            [
              2978,
              1945.5
            ],
            [
              2978,
              1909.5
            ]
          ]
        ]
      }
    },
    {
      "type": "Feature",
      "properties": {
        "id": "SV-W04",
        "name": "工坊换乘站房",
        "zone": "工坊区",
        "frontageRoad": "W-02",
        "description": "客货分流和巨蚓外环换乘",
        "footprint": 2560,
        "scaleClass": "日常服务设施",
        "buildingType": "车站",
        "sizeSpec": "工坊站房-大型",
        "widthMeters": 64,
        "depthMeters": 40,
        "houseNumber": 7,
        "doorPlate": "7号",
        "address": "材料交换街 7号",
        "layer": "buildings"
      },
      "geometry": {
        "type": "Polygon",
        "coordinates": [
          [
            [
              2782,
              1739.5
            ],
            [
              2846,
              1739.5
            ],
            [
              2846,
              1779.5
            ],
            [
              2782,
              1779.5
            ],
            [
              2782,
              1739.5
            ]
          ]
        ]
      }
    },
    {
      "type": "Feature",
      "properties": {
        "id": "SV-O01",
        "name": "北门外环站房",
        "zone": "郊野／外环",
        "frontageRoad": "R-W2",
        "description": "北门检疫与巨蚓外环换乘",
        "footprint": 2304,
        "scaleClass": "日常服务设施",
        "buildingType": "车站",
        "sizeSpec": "外环站房-标准",
        "widthMeters": 64,
        "depthMeters": 36,
        "houseNumber": 2,
        "doorPlate": "2号",
        "address": "学院中路 2号",
        "layer": "buildings"
      },
      "geometry": {
        "type": "Polygon",
        "coordinates": [
          [
            [
              805.5,
              58
            ],
            [
              805.5,
              122
            ],
            [
              769.5,
              122
            ],
            [
              769.5,
              58
            ],
            [
              805.5,
              58
            ]
          ]
        ]
      }
    },
    {
      "type": "Feature",
      "properties": {
        "id": "SV-O02",
        "name": "南门外环站房",
        "zone": "郊野／外环",
        "frontageRoad": "O-V4",
        "description": "南部课程设施与巨蚓外环换乘",
        "footprint": 2304,
        "scaleClass": "日常服务设施",
        "buildingType": "车站",
        "sizeSpec": "外环站房-标准",
        "widthMeters": 64,
        "depthMeters": 36,
        "houseNumber": 1,
        "doorPlate": "1号",
        "address": "东南入口路 1号",
        "layer": "buildings"
      },
      "geometry": {
        "type": "Polygon",
        "coordinates": [
          [
            [
              3151,
              2686
            ],
            [
              3151,
              2750
            ],
            [
              3115,
              2750
            ],
            [
              3115,
              2686
            ],
            [
              3151,
              2686
            ]
          ]
        ]
      }
    },
    {
      "type": "Feature",
      "properties": {
        "id": "B-001",
        "name": "普通教学楼 1",
        "zone": "教学区",
        "frontageRoad": "R-W3",
        "description": "教学区的普通教学楼，按教学区普通模数统一规格并沿街坊基线对齐。",
        "footprint": 2052,
        "scaleClass": "普通建筑",
        "buildingType": "普通教学楼",
        "sizeSpec": "教学区普通模数",
        "widthMeters": 54,
        "depthMeters": 38,
        "alignment": "分区街段基线",
        "streetGapMeters": 8,
        "roadSetbackMeters": 5,
        "houseNumber": 11,
        "doorPlate": "11号",
        "address": "钟楼西路 11号",
        "layer": "buildings"
      },
      "geometry": {
        "type": "Polygon",
        "coordinates": [
          [
            [
              1110.5,
              903
            ],
            [
              1110.5,
              957
            ],
            [
              1072.5,
              957
            ],
            [
              1072.5,
              903
            ],
            [
              1110.5,
              903
            ]
          ]
        ]
      }
    },
    {
      "type": "Feature",
      "properties": {
        "id": "B-002",
        "name": "小型讲堂 1",
        "zone": "教学区",
        "frontageRoad": "R-W3",
        "description": "教学区的小型讲堂，按教学区普通模数统一规格并沿街坊基线对齐。",
        "footprint": 2052,
        "scaleClass": "普通建筑",
        "buildingType": "小型讲堂",
        "sizeSpec": "教学区普通模数",
        "widthMeters": 54,
        "depthMeters": 38,
        "alignment": "分区街段基线",
        "streetGapMeters": 8,
        "roadSetbackMeters": 5,
        "houseNumber": 14,
        "doorPlate": "14号",
        "address": "钟楼西路 14号",
        "layer": "buildings"
      },
      "geometry": {
        "type": "Polygon",
        "coordinates": [
          [
            [
              1167.5,
              903
            ],
            [
              1167.5,
              957
            ],
            [
              1129.5,
              957
            ],
            [
              1129.5,
              903
            ],
            [
              1167.5,
              903
            ]
          ]
        ]
      }
    },
    {
      "type": "Feature",
      "properties": {
        "id": "B-003",
        "name": "实验准备楼 1",
        "zone": "教学区",
        "frontageRoad": "R-W3",
        "description": "教学区的实验准备楼，按教学区普通模数统一规格并沿街坊基线对齐。",
        "footprint": 2052,
        "scaleClass": "普通建筑",
        "buildingType": "实验准备楼",
        "sizeSpec": "教学区普通模数",
        "widthMeters": 54,
        "depthMeters": 38,
        "alignment": "分区街段基线",
        "streetGapMeters": 8,
        "roadSetbackMeters": 5,
        "houseNumber": 16,
        "doorPlate": "16号",
        "address": "钟楼西路 16号",
        "layer": "buildings"
      },
      "geometry": {
        "type": "Polygon",
        "coordinates": [
          [
            [
              1167.5,
              1151
            ],
            [
              1167.5,
              1205
            ],
            [
              1129.5,
              1205
            ],
            [
              1129.5,
              1151
            ],
            [
              1167.5,
              1151
            ]
          ]
        ]
      }
    },
    {
      "type": "Feature",
      "properties": {
        "id": "B-004",
        "name": "普通教学楼 2",
        "zone": "教学区",
        "frontageRoad": "R-W3",
        "description": "教学区的普通教学楼，按教学区普通模数统一规格并沿街坊基线对齐。",
        "footprint": 2052,
        "scaleClass": "普通建筑",
        "buildingType": "普通教学楼",
        "sizeSpec": "教学区普通模数",
        "widthMeters": 54,
        "depthMeters": 38,
        "alignment": "分区街段基线",
        "streetGapMeters": 8,
        "roadSetbackMeters": 5,
        "houseNumber": 9,
        "doorPlate": "9号",
        "address": "钟楼西路 9号",
        "layer": "buildings"
      },
      "geometry": {
        "type": "Polygon",
        "coordinates": [
          [
            [
              1110.5,
              841
            ],
            [
              1110.5,
              895
            ],
            [
              1072.5,
              895
            ],
            [
              1072.5,
              841
            ],
            [
              1110.5,
              841
            ]
          ]
        ]
      }
    },
    {
      "type": "Feature",
      "properties": {
        "id": "B-005",
        "name": "小型讲堂 2",
        "zone": "教学区",
        "frontageRoad": "R-CW",
        "description": "教学区的小型讲堂，按教学区普通模数统一规格并沿街坊基线对齐。",
        "footprint": 2052,
        "scaleClass": "普通建筑",
        "buildingType": "小型讲堂",
        "sizeSpec": "教学区普通模数",
        "widthMeters": 54,
        "depthMeters": 38,
        "alignment": "分区街段基线",
        "streetGapMeters": 8,
        "roadSetbackMeters": 5,
        "houseNumber": 14,
        "doorPlate": "14号",
        "address": "学院桥头大道 14号",
        "layer": "buildings"
      },
      "geometry": {
        "type": "Polygon",
        "coordinates": [
          [
            [
              965,
              1197
            ],
            [
              1019,
              1197
            ],
            [
              1019,
              1235
            ],
            [
              965,
              1235
            ],
            [
              965,
              1197
            ]
          ]
        ]
      }
    },
    {
      "type": "Feature",
      "properties": {
        "id": "B-006",
        "name": "实验准备楼 2",
        "zone": "教学区",
        "frontageRoad": "R-W3",
        "description": "教学区的实验准备楼，按教学区普通模数统一规格并沿街坊基线对齐。",
        "footprint": 2052,
        "scaleClass": "普通建筑",
        "buildingType": "实验准备楼",
        "sizeSpec": "教学区普通模数",
        "widthMeters": 54,
        "depthMeters": 38,
        "alignment": "分区街段基线",
        "streetGapMeters": 8,
        "roadSetbackMeters": 5,
        "houseNumber": 12,
        "doorPlate": "12号",
        "address": "钟楼西路 12号",
        "layer": "buildings"
      },
      "geometry": {
        "type": "Polygon",
        "coordinates": [
          [
            [
              1167.5,
              841
            ],
            [
              1167.5,
              895
            ],
            [
              1129.5,
              895
            ],
            [
              1129.5,
              841
            ],
            [
              1167.5,
              841
            ]
          ]
        ]
      }
    },
    {
      "type": "Feature",
      "properties": {
        "id": "B-007",
        "name": "普通教学楼 3",
        "zone": "教学区",
        "frontageRoad": "T-02",
        "description": "教学区的普通教学楼，按教学区普通模数统一规格并沿街坊基线对齐。",
        "footprint": 2052,
        "scaleClass": "普通建筑",
        "buildingType": "普通教学楼",
        "sizeSpec": "教学区普通模数",
        "widthMeters": 54,
        "depthMeters": 38,
        "alignment": "分区街段基线",
        "streetGapMeters": 8,
        "roadSetbackMeters": 5,
        "houseNumber": 19,
        "doorPlate": "19号",
        "address": "图书馆街 19号",
        "layer": "buildings"
      },
      "geometry": {
        "type": "Polygon",
        "coordinates": [
          [
            [
              965,
              829
            ],
            [
              1019,
              829
            ],
            [
              1019,
              867
            ],
            [
              965,
              867
            ],
            [
              965,
              829
            ]
          ]
        ]
      }
    },
    {
      "type": "Feature",
      "properties": {
        "id": "B-008",
        "name": "小型讲堂 3",
        "zone": "教学区",
        "frontageRoad": "R-CW",
        "description": "教学区的小型讲堂，按教学区普通模数统一规格并沿街坊基线对齐。",
        "footprint": 2052,
        "scaleClass": "普通建筑",
        "buildingType": "小型讲堂",
        "sizeSpec": "教学区普通模数",
        "widthMeters": 54,
        "depthMeters": 38,
        "alignment": "分区街段基线",
        "streetGapMeters": 8,
        "roadSetbackMeters": 5,
        "houseNumber": 17,
        "doorPlate": "17号",
        "address": "学院桥头大道 17号",
        "layer": "buildings"
      },
      "geometry": {
        "type": "Polygon",
        "coordinates": [
          [
            [
              965,
              1265
            ],
            [
              1019,
              1265
            ],
            [
              1019,
              1303
            ],
            [
              965,
              1303
            ],
            [
              965,
              1265
            ]
          ]
        ]
      }
    },
    {
      "type": "Feature",
      "properties": {
        "id": "B-009",
        "name": "实验准备楼 3",
        "zone": "教学区",
        "frontageRoad": "T-02",
        "description": "教学区的实验准备楼，按教学区普通模数统一规格并沿街坊基线对齐。",
        "footprint": 2052,
        "scaleClass": "普通建筑",
        "buildingType": "实验准备楼",
        "sizeSpec": "教学区普通模数",
        "widthMeters": 54,
        "depthMeters": 38,
        "alignment": "分区街段基线",
        "streetGapMeters": 8,
        "roadSetbackMeters": 5,
        "houseNumber": 17,
        "doorPlate": "17号",
        "address": "图书馆街 17号",
        "layer": "buildings"
      },
      "geometry": {
        "type": "Polygon",
        "coordinates": [
          [
            [
              903,
              829
            ],
            [
              957,
              829
            ],
            [
              957,
              867
            ],
            [
              903,
              867
            ],
            [
              903,
              829
            ]
          ]
        ]
      }
    },
    {
      "type": "Feature",
      "properties": {
        "id": "B-010",
        "name": "普通教学楼 4",
        "zone": "教学区",
        "frontageRoad": "R-CW",
        "description": "教学区的普通教学楼，按教学区普通模数统一规格并沿街坊基线对齐。",
        "footprint": 2052,
        "scaleClass": "普通建筑",
        "buildingType": "普通教学楼",
        "sizeSpec": "教学区普通模数",
        "widthMeters": 54,
        "depthMeters": 38,
        "alignment": "分区街段基线",
        "streetGapMeters": 8,
        "roadSetbackMeters": 5,
        "houseNumber": 19,
        "doorPlate": "19号",
        "address": "学院桥头大道 19号",
        "layer": "buildings"
      },
      "geometry": {
        "type": "Polygon",
        "coordinates": [
          [
            [
              1151,
              1265
            ],
            [
              1205,
              1265
            ],
            [
              1205,
              1303
            ],
            [
              1151,
              1303
            ],
            [
              1151,
              1265
            ]
          ]
        ]
      }
    },
    {
      "type": "Feature",
      "properties": {
        "id": "B-011",
        "name": "小型讲堂 4",
        "zone": "教学区",
        "frontageRoad": "T-03",
        "description": "教学区的小型讲堂，按教学区普通模数统一规格并沿街坊基线对齐。",
        "footprint": 2052,
        "scaleClass": "普通建筑",
        "buildingType": "小型讲堂",
        "sizeSpec": "教学区普通模数",
        "widthMeters": 54,
        "depthMeters": 38,
        "alignment": "分区街段基线",
        "streetGapMeters": 8,
        "roadSetbackMeters": 5,
        "houseNumber": 13,
        "doorPlate": "13号",
        "address": "学院南街 13号",
        "layer": "buildings"
      },
      "geometry": {
        "type": "Polygon",
        "coordinates": [
          [
            [
              1027,
              1059
            ],
            [
              1081,
              1059
            ],
            [
              1081,
              1097
            ],
            [
              1027,
              1097
            ],
            [
              1027,
              1059
            ]
          ]
        ]
      }
    },
    {
      "type": "Feature",
      "properties": {
        "id": "B-012",
        "name": "实验准备楼 4",
        "zone": "教学区",
        "frontageRoad": "T-02",
        "description": "教学区的实验准备楼，按教学区普通模数统一规格并沿街坊基线对齐。",
        "footprint": 2052,
        "scaleClass": "普通建筑",
        "buildingType": "实验准备楼",
        "sizeSpec": "教学区普通模数",
        "widthMeters": 54,
        "depthMeters": 38,
        "alignment": "分区街段基线",
        "streetGapMeters": 8,
        "roadSetbackMeters": 5,
        "houseNumber": 15,
        "doorPlate": "15号",
        "address": "图书馆街 15号",
        "layer": "buildings"
      },
      "geometry": {
        "type": "Polygon",
        "coordinates": [
          [
            [
              841,
              829
            ],
            [
              895,
              829
            ],
            [
              895,
              867
            ],
            [
              841,
              867
            ],
            [
              841,
              829
            ]
          ]
        ]
      }
    },
    {
      "type": "Feature",
      "properties": {
        "id": "B-013",
        "name": "普通教学楼 5",
        "zone": "教学区",
        "frontageRoad": "T-02",
        "description": "教学区的普通教学楼，按教学区普通模数统一规格并沿街坊基线对齐。",
        "footprint": 2052,
        "scaleClass": "普通建筑",
        "buildingType": "普通教学楼",
        "sizeSpec": "教学区普通模数",
        "widthMeters": 54,
        "depthMeters": 38,
        "alignment": "分区街段基线",
        "streetGapMeters": 8,
        "roadSetbackMeters": 5,
        "houseNumber": 21,
        "doorPlate": "21号",
        "address": "图书馆街 21号",
        "layer": "buildings"
      },
      "geometry": {
        "type": "Polygon",
        "coordinates": [
          [
            [
              1275,
              829
            ],
            [
              1329,
              829
            ],
            [
              1329,
              867
            ],
            [
              1275,
              867
            ],
            [
              1275,
              829
            ]
          ]
        ]
      }
    },
    {
      "type": "Feature",
      "properties": {
        "id": "B-014",
        "name": "小型讲堂 5",
        "zone": "教学区",
        "frontageRoad": "R-W3",
        "description": "教学区的小型讲堂，按教学区普通模数统一规格并沿街坊基线对齐。",
        "footprint": 2052,
        "scaleClass": "普通建筑",
        "buildingType": "小型讲堂",
        "sizeSpec": "教学区普通模数",
        "widthMeters": 54,
        "depthMeters": 38,
        "alignment": "分区街段基线",
        "streetGapMeters": 8,
        "roadSetbackMeters": 5,
        "houseNumber": 7,
        "doorPlate": "7号",
        "address": "钟楼西路 7号",
        "layer": "buildings"
      },
      "geometry": {
        "type": "Polygon",
        "coordinates": [
          [
            [
              1110.5,
              717
            ],
            [
              1110.5,
              771
            ],
            [
              1072.5,
              771
            ],
            [
              1072.5,
              717
            ],
            [
              1110.5,
              717
            ]
          ]
        ]
      }
    },
    {
      "type": "Feature",
      "properties": {
        "id": "B-015",
        "name": "实验准备楼 5",
        "zone": "教学区",
        "frontageRoad": "T-03",
        "description": "教学区的实验准备楼，按教学区普通模数统一规格并沿街坊基线对齐。",
        "footprint": 2052,
        "scaleClass": "普通建筑",
        "buildingType": "实验准备楼",
        "sizeSpec": "教学区普通模数",
        "widthMeters": 54,
        "depthMeters": 38,
        "alignment": "分区街段基线",
        "streetGapMeters": 8,
        "roadSetbackMeters": 5,
        "houseNumber": 12,
        "doorPlate": "12号",
        "address": "学院南街 12号",
        "layer": "buildings"
      },
      "geometry": {
        "type": "Polygon",
        "coordinates": [
          [
            [
              965,
              1003
            ],
            [
              1019,
              1003
            ],
            [
              1019,
              1041
            ],
            [
              965,
              1041
            ],
            [
              965,
              1003
            ]
          ]
        ]
      }
    },
    {
      "type": "Feature",
      "properties": {
        "id": "B-016",
        "name": "普通教学楼 6",
        "zone": "教学区",
        "frontageRoad": "T-03",
        "description": "教学区的普通教学楼，按教学区普通模数统一规格并沿街坊基线对齐。",
        "footprint": 2052,
        "scaleClass": "普通建筑",
        "buildingType": "普通教学楼",
        "sizeSpec": "教学区普通模数",
        "widthMeters": 54,
        "depthMeters": 38,
        "alignment": "分区街段基线",
        "streetGapMeters": 8,
        "roadSetbackMeters": 5,
        "houseNumber": 11,
        "doorPlate": "11号",
        "address": "学院南街 11号",
        "layer": "buildings"
      },
      "geometry": {
        "type": "Polygon",
        "coordinates": [
          [
            [
              965,
              1059
            ],
            [
              1019,
              1059
            ],
            [
              1019,
              1097
            ],
            [
              965,
              1097
            ],
            [
              965,
              1059
            ]
          ]
        ]
      }
    },
    {
      "type": "Feature",
      "properties": {
        "id": "B-017",
        "name": "小型讲堂 6",
        "zone": "教学区",
        "frontageRoad": "R-W3",
        "description": "教学区的小型讲堂，按教学区普通模数统一规格并沿街坊基线对齐。",
        "footprint": 2052,
        "scaleClass": "普通建筑",
        "buildingType": "小型讲堂",
        "sizeSpec": "教学区普通模数",
        "widthMeters": 54,
        "depthMeters": 38,
        "alignment": "分区街段基线",
        "streetGapMeters": 8,
        "roadSetbackMeters": 5,
        "houseNumber": 10,
        "doorPlate": "10号",
        "address": "钟楼西路 10号",
        "layer": "buildings"
      },
      "geometry": {
        "type": "Polygon",
        "coordinates": [
          [
            [
              1167.5,
              717
            ],
            [
              1167.5,
              771
            ],
            [
              1129.5,
              771
            ],
            [
              1129.5,
              717
            ],
            [
              1167.5,
              717
            ]
          ]
        ]
      }
    },
    {
      "type": "Feature",
      "properties": {
        "id": "B-018",
        "name": "实验准备楼 6",
        "zone": "教学区",
        "frontageRoad": "R-CW",
        "description": "教学区的实验准备楼，按教学区普通模数统一规格并沿街坊基线对齐。",
        "footprint": 2052,
        "scaleClass": "普通建筑",
        "buildingType": "实验准备楼",
        "sizeSpec": "教学区普通模数",
        "widthMeters": 54,
        "depthMeters": 38,
        "alignment": "分区街段基线",
        "streetGapMeters": 8,
        "roadSetbackMeters": 5,
        "houseNumber": 15,
        "doorPlate": "15号",
        "address": "学院桥头大道 15号",
        "layer": "buildings"
      },
      "geometry": {
        "type": "Polygon",
        "coordinates": [
          [
            [
              841,
              1265
            ],
            [
              895,
              1265
            ],
            [
              895,
              1303
            ],
            [
              841,
              1303
            ],
            [
              841,
              1265
            ]
          ]
        ]
      }
    },
    {
      "type": "Feature",
      "properties": {
        "id": "B-019",
        "name": "普通教学楼 7",
        "zone": "教学区",
        "frontageRoad": "T-02",
        "description": "教学区的普通教学楼，按教学区普通模数统一规格并沿街坊基线对齐。",
        "footprint": 2052,
        "scaleClass": "普通建筑",
        "buildingType": "普通教学楼",
        "sizeSpec": "教学区普通模数",
        "widthMeters": 54,
        "depthMeters": 38,
        "alignment": "分区街段基线",
        "streetGapMeters": 8,
        "roadSetbackMeters": 5,
        "houseNumber": 16,
        "doorPlate": "16号",
        "address": "图书馆街 16号",
        "layer": "buildings"
      },
      "geometry": {
        "type": "Polygon",
        "coordinates": [
          [
            [
              1275,
              773
            ],
            [
              1329,
              773
            ],
            [
              1329,
              811
            ],
            [
              1275,
              811
            ],
            [
              1275,
              773
            ]
          ]
        ]
      }
    },
    {
      "type": "Feature",
      "properties": {
        "id": "B-020",
        "name": "小型讲堂 7",
        "zone": "教学区",
        "frontageRoad": "T-02",
        "description": "教学区的小型讲堂，按教学区普通模数统一规格并沿街坊基线对齐。",
        "footprint": 2052,
        "scaleClass": "普通建筑",
        "buildingType": "小型讲堂",
        "sizeSpec": "教学区普通模数",
        "widthMeters": 54,
        "depthMeters": 38,
        "alignment": "分区街段基线",
        "streetGapMeters": 8,
        "roadSetbackMeters": 5,
        "houseNumber": 13,
        "doorPlate": "13号",
        "address": "图书馆街 13号",
        "layer": "buildings"
      },
      "geometry": {
        "type": "Polygon",
        "coordinates": [
          [
            [
              779,
              829
            ],
            [
              833,
              829
            ],
            [
              833,
              867
            ],
            [
              779,
              867
            ],
            [
              779,
              829
            ]
          ]
        ]
      }
    },
    {
      "type": "Feature",
      "properties": {
        "id": "B-021",
        "name": "实验准备楼 7",
        "zone": "教学区",
        "frontageRoad": "T-02",
        "description": "教学区的实验准备楼，按教学区普通模数统一规格并沿街坊基线对齐。",
        "footprint": 2052,
        "scaleClass": "普通建筑",
        "buildingType": "实验准备楼",
        "sizeSpec": "教学区普通模数",
        "widthMeters": 54,
        "depthMeters": 38,
        "alignment": "分区街段基线",
        "streetGapMeters": 8,
        "roadSetbackMeters": 5,
        "houseNumber": 23,
        "doorPlate": "23号",
        "address": "图书馆街 23号",
        "layer": "buildings"
      },
      "geometry": {
        "type": "Polygon",
        "coordinates": [
          [
            [
              1337,
              829
            ],
            [
              1391,
              829
            ],
            [
              1391,
              867
            ],
            [
              1337,
              867
            ],
            [
              1337,
              829
            ]
          ]
        ]
      }
    },
    {
      "type": "Feature",
      "properties": {
        "id": "B-022",
        "name": "普通教学楼 8",
        "zone": "教学区",
        "frontageRoad": "R-CW",
        "description": "教学区的普通教学楼，按教学区普通模数统一规格并沿街坊基线对齐。",
        "footprint": 2052,
        "scaleClass": "普通建筑",
        "buildingType": "普通教学楼",
        "sizeSpec": "教学区普通模数",
        "widthMeters": 54,
        "depthMeters": 38,
        "alignment": "分区街段基线",
        "streetGapMeters": 8,
        "roadSetbackMeters": 5,
        "houseNumber": 13,
        "doorPlate": "13号",
        "address": "学院桥头大道 13号",
        "layer": "buildings"
      },
      "geometry": {
        "type": "Polygon",
        "coordinates": [
          [
            [
              779,
              1265
            ],
            [
              833,
              1265
            ],
            [
              833,
              1303
            ],
            [
              779,
              1303
            ],
            [
              779,
              1265
            ]
          ]
        ]
      }
    },
    {
      "type": "Feature",
      "properties": {
        "id": "B-023",
        "name": "小型讲堂 8",
        "zone": "教学区",
        "frontageRoad": "T-V2",
        "description": "教学区的小型讲堂，按教学区普通模数统一规格并沿街坊基线对齐。",
        "footprint": 2052,
        "scaleClass": "普通建筑",
        "buildingType": "小型讲堂",
        "sizeSpec": "教学区普通模数",
        "widthMeters": 54,
        "depthMeters": 38,
        "alignment": "分区街段基线",
        "streetGapMeters": 8,
        "roadSetbackMeters": 5,
        "houseNumber": 15,
        "doorPlate": "15号",
        "address": "河岸教学巷 15号",
        "layer": "buildings"
      },
      "geometry": {
        "type": "Polygon",
        "coordinates": [
          [
            [
              1241.5,
              1027
            ],
            [
              1241.5,
              1081
            ],
            [
              1203.5,
              1081
            ],
            [
              1203.5,
              1027
            ],
            [
              1241.5,
              1027
            ]
          ]
        ]
      }
    },
    {
      "type": "Feature",
      "properties": {
        "id": "B-024",
        "name": "实验准备楼 8",
        "zone": "教学区",
        "frontageRoad": "T-03",
        "description": "教学区的实验准备楼，按教学区普通模数统一规格并沿街坊基线对齐。",
        "footprint": 2052,
        "scaleClass": "普通建筑",
        "buildingType": "实验准备楼",
        "sizeSpec": "教学区普通模数",
        "widthMeters": 54,
        "depthMeters": 38,
        "alignment": "分区街段基线",
        "streetGapMeters": 8,
        "roadSetbackMeters": 5,
        "houseNumber": 10,
        "doorPlate": "10号",
        "address": "学院南街 10号",
        "layer": "buildings"
      },
      "geometry": {
        "type": "Polygon",
        "coordinates": [
          [
            [
              903,
              1003
            ],
            [
              957,
              1003
            ],
            [
              957,
              1041
            ],
            [
              903,
              1041
            ],
            [
              903,
              1003
            ]
          ]
        ]
      }
    },
    {
      "type": "Feature",
      "properties": {
        "id": "B-025",
        "name": "普通教学楼 9",
        "zone": "教学区",
        "frontageRoad": "T-03",
        "description": "教学区的普通教学楼，按教学区普通模数统一规格并沿街坊基线对齐。",
        "footprint": 2052,
        "scaleClass": "普通建筑",
        "buildingType": "普通教学楼",
        "sizeSpec": "教学区普通模数",
        "widthMeters": 54,
        "depthMeters": 38,
        "alignment": "分区街段基线",
        "streetGapMeters": 8,
        "roadSetbackMeters": 5,
        "houseNumber": 9,
        "doorPlate": "9号",
        "address": "学院南街 9号",
        "layer": "buildings"
      },
      "geometry": {
        "type": "Polygon",
        "coordinates": [
          [
            [
              903,
              1059
            ],
            [
              957,
              1059
            ],
            [
              957,
              1097
            ],
            [
              903,
              1097
            ],
            [
              903,
              1059
            ]
          ]
        ]
      }
    },
    {
      "type": "Feature",
      "properties": {
        "id": "B-026",
        "name": "小型讲堂 9",
        "zone": "教学区",
        "frontageRoad": "T-V2",
        "description": "教学区的小型讲堂，按教学区普通模数统一规格并沿街坊基线对齐。",
        "footprint": 2052,
        "scaleClass": "普通建筑",
        "buildingType": "小型讲堂",
        "sizeSpec": "教学区普通模数",
        "widthMeters": 54,
        "depthMeters": 38,
        "alignment": "分区街段基线",
        "streetGapMeters": 8,
        "roadSetbackMeters": 5,
        "houseNumber": 13,
        "doorPlate": "13号",
        "address": "河岸教学巷 13号",
        "layer": "buildings"
      },
      "geometry": {
        "type": "Polygon",
        "coordinates": [
          [
            [
              1241.5,
              965
            ],
            [
              1241.5,
              1019
            ],
            [
              1203.5,
              1019
            ],
            [
              1203.5,
              965
            ],
            [
              1241.5,
              965
            ]
          ]
        ]
      }
    },
    {
      "type": "Feature",
      "properties": {
        "id": "B-027",
        "name": "实验准备楼 9",
        "zone": "教学区",
        "frontageRoad": "T-02",
        "description": "教学区的实验准备楼，按教学区普通模数统一规格并沿街坊基线对齐。",
        "footprint": 2052,
        "scaleClass": "普通建筑",
        "buildingType": "实验准备楼",
        "sizeSpec": "教学区普通模数",
        "widthMeters": 54,
        "depthMeters": 38,
        "alignment": "分区街段基线",
        "streetGapMeters": 8,
        "roadSetbackMeters": 5,
        "houseNumber": 12,
        "doorPlate": "12号",
        "address": "图书馆街 12号",
        "layer": "buildings"
      },
      "geometry": {
        "type": "Polygon",
        "coordinates": [
          [
            [
              779,
              773
            ],
            [
              833,
              773
            ],
            [
              833,
              811
            ],
            [
              779,
              811
            ],
            [
              779,
              773
            ]
          ]
        ]
      }
    },
    {
      "type": "Feature",
      "properties": {
        "id": "B-028",
        "name": "普通教学楼 10",
        "zone": "教学区",
        "frontageRoad": "T-V2",
        "description": "教学区的普通教学楼，按教学区普通模数统一规格并沿街坊基线对齐。",
        "footprint": 2052,
        "scaleClass": "普通建筑",
        "buildingType": "普通教学楼",
        "sizeSpec": "教学区普通模数",
        "widthMeters": 54,
        "depthMeters": 38,
        "alignment": "分区街段基线",
        "streetGapMeters": 8,
        "roadSetbackMeters": 5,
        "houseNumber": 17,
        "doorPlate": "17号",
        "address": "河岸教学巷 17号",
        "layer": "buildings"
      },
      "geometry": {
        "type": "Polygon",
        "coordinates": [
          [
            [
              1241.5,
              1089
            ],
            [
              1241.5,
              1143
            ],
            [
              1203.5,
              1143
            ],
            [
              1203.5,
              1089
            ],
            [
              1241.5,
              1089
            ]
          ]
        ]
      }
    },
    {
      "type": "Feature",
      "properties": {
        "id": "B-029",
        "name": "小型讲堂 10",
        "zone": "教学区",
        "frontageRoad": "T-02",
        "description": "教学区的小型讲堂，按教学区普通模数统一规格并沿街坊基线对齐。",
        "footprint": 2052,
        "scaleClass": "普通建筑",
        "buildingType": "小型讲堂",
        "sizeSpec": "教学区普通模数",
        "widthMeters": 54,
        "depthMeters": 38,
        "alignment": "分区街段基线",
        "streetGapMeters": 8,
        "roadSetbackMeters": 5,
        "houseNumber": 18,
        "doorPlate": "18号",
        "address": "图书馆街 18号",
        "layer": "buildings"
      },
      "geometry": {
        "type": "Polygon",
        "coordinates": [
          [
            [
              1337,
              773
            ],
            [
              1391,
              773
            ],
            [
              1391,
              811
            ],
            [
              1337,
              811
            ],
            [
              1337,
              773
            ]
          ]
        ]
      }
    },
    {
      "type": "Feature",
      "properties": {
        "id": "B-030",
        "name": "实验准备楼 10",
        "zone": "教学区",
        "frontageRoad": "T-V2",
        "description": "教学区的实验准备楼，按教学区普通模数统一规格并沿街坊基线对齐。",
        "footprint": 2052,
        "scaleClass": "普通建筑",
        "buildingType": "实验准备楼",
        "sizeSpec": "教学区普通模数",
        "widthMeters": 54,
        "depthMeters": 38,
        "alignment": "分区街段基线",
        "streetGapMeters": 8,
        "roadSetbackMeters": 5,
        "houseNumber": 11,
        "doorPlate": "11号",
        "address": "河岸教学巷 11号",
        "layer": "buildings"
      },
      "geometry": {
        "type": "Polygon",
        "coordinates": [
          [
            [
              1241.5,
              903
            ],
            [
              1241.5,
              957
            ],
            [
              1203.5,
              957
            ],
            [
              1203.5,
              903
            ],
            [
              1241.5,
              903
            ]
          ]
        ]
      }
    },
    {
      "type": "Feature",
      "properties": {
        "id": "B-031",
        "name": "普通教学楼 11",
        "zone": "教学区",
        "frontageRoad": "T-V2",
        "description": "教学区的普通教学楼，按教学区普通模数统一规格并沿街坊基线对齐。",
        "footprint": 2052,
        "scaleClass": "普通建筑",
        "buildingType": "普通教学楼",
        "sizeSpec": "教学区普通模数",
        "widthMeters": 54,
        "depthMeters": 38,
        "alignment": "分区街段基线",
        "streetGapMeters": 8,
        "roadSetbackMeters": 5,
        "houseNumber": 19,
        "doorPlate": "19号",
        "address": "河岸教学巷 19号",
        "layer": "buildings"
      },
      "geometry": {
        "type": "Polygon",
        "coordinates": [
          [
            [
              1241.5,
              1151
            ],
            [
              1241.5,
              1205
            ],
            [
              1203.5,
              1205
            ],
            [
              1203.5,
              1151
            ],
            [
              1241.5,
              1151
            ]
          ]
        ]
      }
    },
    {
      "type": "Feature",
      "properties": {
        "id": "B-032",
        "name": "小型讲堂 11",
        "zone": "教学区",
        "frontageRoad": "T-V2",
        "description": "教学区的小型讲堂，按教学区普通模数统一规格并沿街坊基线对齐。",
        "footprint": 2052,
        "scaleClass": "普通建筑",
        "buildingType": "小型讲堂",
        "sizeSpec": "教学区普通模数",
        "widthMeters": 54,
        "depthMeters": 38,
        "alignment": "分区街段基线",
        "streetGapMeters": 8,
        "roadSetbackMeters": 5,
        "houseNumber": 12,
        "doorPlate": "12号",
        "address": "河岸教学巷 12号",
        "layer": "buildings"
      },
      "geometry": {
        "type": "Polygon",
        "coordinates": [
          [
            [
              1296.5,
              1027
            ],
            [
              1296.5,
              1081
            ],
            [
              1258.5,
              1081
            ],
            [
              1258.5,
              1027
            ],
            [
              1296.5,
              1027
            ]
          ]
        ]
      }
    },
    {
      "type": "Feature",
      "properties": {
        "id": "B-033",
        "name": "实验准备楼 11",
        "zone": "教学区",
        "frontageRoad": "T-V2",
        "description": "教学区的实验准备楼，按教学区普通模数统一规格并沿街坊基线对齐。",
        "footprint": 2052,
        "scaleClass": "普通建筑",
        "buildingType": "实验准备楼",
        "sizeSpec": "教学区普通模数",
        "widthMeters": 54,
        "depthMeters": 38,
        "alignment": "分区街段基线",
        "streetGapMeters": 8,
        "roadSetbackMeters": 5,
        "houseNumber": 10,
        "doorPlate": "10号",
        "address": "河岸教学巷 10号",
        "layer": "buildings"
      },
      "geometry": {
        "type": "Polygon",
        "coordinates": [
          [
            [
              1296.5,
              965
            ],
            [
              1296.5,
              1019
            ],
            [
              1258.5,
              1019
            ],
            [
              1258.5,
              965
            ],
            [
              1296.5,
              965
            ]
          ]
        ]
      }
    },
    {
      "type": "Feature",
      "properties": {
        "id": "B-034",
        "name": "普通教学楼 12",
        "zone": "教学区",
        "frontageRoad": "R-CW",
        "description": "教学区的普通教学楼，按教学区普通模数统一规格并沿街坊基线对齐。",
        "footprint": 2052,
        "scaleClass": "普通建筑",
        "buildingType": "普通教学楼",
        "sizeSpec": "教学区普通模数",
        "widthMeters": 54,
        "depthMeters": 38,
        "alignment": "分区街段基线",
        "streetGapMeters": 8,
        "roadSetbackMeters": 5,
        "houseNumber": 10,
        "doorPlate": "10号",
        "address": "学院桥头大道 10号",
        "layer": "buildings"
      },
      "geometry": {
        "type": "Polygon",
        "coordinates": [
          [
            [
              655,
              1197
            ],
            [
              709,
              1197
            ],
            [
              709,
              1235
            ],
            [
              655,
              1235
            ],
            [
              655,
              1197
            ]
          ]
        ]
      }
    },
    {
      "type": "Feature",
      "properties": {
        "id": "B-035",
        "name": "小型讲堂 12",
        "zone": "教学区",
        "frontageRoad": "T-03",
        "description": "教学区的小型讲堂，按教学区普通模数统一规格并沿街坊基线对齐。",
        "footprint": 2052,
        "scaleClass": "普通建筑",
        "buildingType": "小型讲堂",
        "sizeSpec": "教学区普通模数",
        "widthMeters": 54,
        "depthMeters": 38,
        "alignment": "分区街段基线",
        "streetGapMeters": 8,
        "roadSetbackMeters": 5,
        "houseNumber": 8,
        "doorPlate": "8号",
        "address": "学院南街 8号",
        "layer": "buildings"
      },
      "geometry": {
        "type": "Polygon",
        "coordinates": [
          [
            [
              841,
              1003
            ],
            [
              895,
              1003
            ],
            [
              895,
              1041
            ],
            [
              841,
              1041
            ],
            [
              841,
              1003
            ]
          ]
        ]
      }
    },
    {
      "type": "Feature",
      "properties": {
        "id": "B-036",
        "name": "实验准备楼 12",
        "zone": "教学区",
        "frontageRoad": "T-03",
        "description": "教学区的实验准备楼，按教学区普通模数统一规格并沿街坊基线对齐。",
        "footprint": 2052,
        "scaleClass": "普通建筑",
        "buildingType": "实验准备楼",
        "sizeSpec": "教学区普通模数",
        "widthMeters": 54,
        "depthMeters": 38,
        "alignment": "分区街段基线",
        "streetGapMeters": 8,
        "roadSetbackMeters": 5,
        "houseNumber": 7,
        "doorPlate": "7号",
        "address": "学院南街 7号",
        "layer": "buildings"
      },
      "geometry": {
        "type": "Polygon",
        "coordinates": [
          [
            [
              841,
              1059
            ],
            [
              895,
              1059
            ],
            [
              895,
              1097
            ],
            [
              841,
              1097
            ],
            [
              841,
              1059
            ]
          ]
        ]
      }
    },
    {
      "type": "Feature",
      "properties": {
        "id": "B-037",
        "name": "普通教学楼 13",
        "zone": "教学区",
        "frontageRoad": "T-02",
        "description": "教学区的普通教学楼，按教学区普通模数统一规格并沿街坊基线对齐。",
        "footprint": 2052,
        "scaleClass": "普通建筑",
        "buildingType": "普通教学楼",
        "sizeSpec": "教学区普通模数",
        "widthMeters": 54,
        "depthMeters": 38,
        "alignment": "分区街段基线",
        "streetGapMeters": 8,
        "roadSetbackMeters": 5,
        "houseNumber": 11,
        "doorPlate": "11号",
        "address": "图书馆街 11号",
        "layer": "buildings"
      },
      "geometry": {
        "type": "Polygon",
        "coordinates": [
          [
            [
              655,
              829
            ],
            [
              709,
              829
            ],
            [
              709,
              867
            ],
            [
              655,
              867
            ],
            [
              655,
              829
            ]
          ]
        ]
      }
    },
    {
      "type": "Feature",
      "properties": {
        "id": "B-038",
        "name": "小型讲堂 13",
        "zone": "教学区",
        "frontageRoad": "T-V2",
        "description": "教学区的小型讲堂，按教学区普通模数统一规格并沿街坊基线对齐。",
        "footprint": 2052,
        "scaleClass": "普通建筑",
        "buildingType": "小型讲堂",
        "sizeSpec": "教学区普通模数",
        "widthMeters": 54,
        "depthMeters": 38,
        "alignment": "分区街段基线",
        "streetGapMeters": 8,
        "roadSetbackMeters": 5,
        "houseNumber": 8,
        "doorPlate": "8号",
        "address": "河岸教学巷 8号",
        "layer": "buildings"
      },
      "geometry": {
        "type": "Polygon",
        "coordinates": [
          [
            [
              1296.5,
              903
            ],
            [
              1296.5,
              957
            ],
            [
              1258.5,
              957
            ],
            [
              1258.5,
              903
            ],
            [
              1296.5,
              903
            ]
          ]
        ]
      }
    },
    {
      "type": "Feature",
      "properties": {
        "id": "B-039",
        "name": "实验准备楼 13",
        "zone": "教学区",
        "frontageRoad": "T-V2",
        "description": "教学区的实验准备楼，按教学区普通模数统一规格并沿街坊基线对齐。",
        "footprint": 2052,
        "scaleClass": "普通建筑",
        "buildingType": "实验准备楼",
        "sizeSpec": "教学区普通模数",
        "widthMeters": 54,
        "depthMeters": 38,
        "alignment": "分区街段基线",
        "streetGapMeters": 8,
        "roadSetbackMeters": 5,
        "houseNumber": 9,
        "doorPlate": "9号",
        "address": "河岸教学巷 9号",
        "layer": "buildings"
      },
      "geometry": {
        "type": "Polygon",
        "coordinates": [
          [
            [
              1241.5,
              841
            ],
            [
              1241.5,
              895
            ],
            [
              1203.5,
              895
            ],
            [
              1203.5,
              841
            ],
            [
              1241.5,
              841
            ]
          ]
        ]
      }
    },
    {
      "type": "Feature",
      "properties": {
        "id": "B-040",
        "name": "普通教学楼 14",
        "zone": "教学区",
        "frontageRoad": "R-CW",
        "description": "教学区的普通教学楼，按教学区普通模数统一规格并沿街坊基线对齐。",
        "footprint": 2052,
        "scaleClass": "普通建筑",
        "buildingType": "普通教学楼",
        "sizeSpec": "教学区普通模数",
        "widthMeters": 54,
        "depthMeters": 38,
        "alignment": "分区街段基线",
        "streetGapMeters": 8,
        "roadSetbackMeters": 5,
        "houseNumber": 11,
        "doorPlate": "11号",
        "address": "学院桥头大道 11号",
        "layer": "buildings"
      },
      "geometry": {
        "type": "Polygon",
        "coordinates": [
          [
            [
              655,
              1265
            ],
            [
              709,
              1265
            ],
            [
              709,
              1303
            ],
            [
              655,
              1303
            ],
            [
              655,
              1265
            ]
          ]
        ]
      }
    },
    {
      "type": "Feature",
      "properties": {
        "id": "B-041",
        "name": "小型讲堂 14",
        "zone": "教学区",
        "frontageRoad": "T-02",
        "description": "教学区的小型讲堂，按教学区普通模数统一规格并沿街坊基线对齐。",
        "footprint": 2052,
        "scaleClass": "普通建筑",
        "buildingType": "小型讲堂",
        "sizeSpec": "教学区普通模数",
        "widthMeters": 54,
        "depthMeters": 38,
        "alignment": "分区街段基线",
        "streetGapMeters": 8,
        "roadSetbackMeters": 5,
        "houseNumber": 10,
        "doorPlate": "10号",
        "address": "图书馆街 10号",
        "layer": "buildings"
      },
      "geometry": {
        "type": "Polygon",
        "coordinates": [
          [
            [
              655,
              773
            ],
            [
              709,
              773
            ],
            [
              709,
              811
            ],
            [
              655,
              811
            ],
            [
              655,
              773
            ]
          ]
        ]
      }
    },
    {
      "type": "Feature",
      "properties": {
        "id": "B-042",
        "name": "实验准备楼 14",
        "zone": "教学区",
        "frontageRoad": "R-W3",
        "description": "教学区的实验准备楼，按教学区普通模数统一规格并沿街坊基线对齐。",
        "footprint": 2052,
        "scaleClass": "普通建筑",
        "buildingType": "实验准备楼",
        "sizeSpec": "教学区普通模数",
        "widthMeters": 54,
        "depthMeters": 38,
        "alignment": "分区街段基线",
        "streetGapMeters": 8,
        "roadSetbackMeters": 5,
        "houseNumber": 5,
        "doorPlate": "5号",
        "address": "钟楼西路 5号",
        "layer": "buildings"
      },
      "geometry": {
        "type": "Polygon",
        "coordinates": [
          [
            [
              1110.5,
              531
            ],
            [
              1110.5,
              585
            ],
            [
              1072.5,
              585
            ],
            [
              1072.5,
              531
            ],
            [
              1110.5,
              531
            ]
          ]
        ]
      }
    },
    {
      "type": "Feature",
      "properties": {
        "id": "B-043",
        "name": "普通教学楼 15",
        "zone": "教学区",
        "frontageRoad": "T-03",
        "description": "教学区的普通教学楼，按教学区普通模数统一规格并沿街坊基线对齐。",
        "footprint": 2052,
        "scaleClass": "普通建筑",
        "buildingType": "普通教学楼",
        "sizeSpec": "教学区普通模数",
        "widthMeters": 54,
        "depthMeters": 38,
        "alignment": "分区街段基线",
        "streetGapMeters": 8,
        "roadSetbackMeters": 5,
        "houseNumber": 6,
        "doorPlate": "6号",
        "address": "学院南街 6号",
        "layer": "buildings"
      },
      "geometry": {
        "type": "Polygon",
        "coordinates": [
          [
            [
              779,
              1003
            ],
            [
              833,
              1003
            ],
            [
              833,
              1041
            ],
            [
              779,
              1041
            ],
            [
              779,
              1003
            ]
          ]
        ]
      }
    },
    {
      "type": "Feature",
      "properties": {
        "id": "B-044",
        "name": "小型讲堂 15",
        "zone": "教学区",
        "frontageRoad": "T-03",
        "description": "教学区的小型讲堂，按教学区普通模数统一规格并沿街坊基线对齐。",
        "footprint": 2052,
        "scaleClass": "普通建筑",
        "buildingType": "小型讲堂",
        "sizeSpec": "教学区普通模数",
        "widthMeters": 54,
        "depthMeters": 38,
        "alignment": "分区街段基线",
        "streetGapMeters": 8,
        "roadSetbackMeters": 5,
        "houseNumber": 5,
        "doorPlate": "5号",
        "address": "学院南街 5号",
        "layer": "buildings"
      },
      "geometry": {
        "type": "Polygon",
        "coordinates": [
          [
            [
              779,
              1059
            ],
            [
              833,
              1059
            ],
            [
              833,
              1097
            ],
            [
              779,
              1097
            ],
            [
              779,
              1059
            ]
          ]
        ]
      }
    },
    {
      "type": "Feature",
      "properties": {
        "id": "B-045",
        "name": "实验准备楼 15",
        "zone": "教学区",
        "frontageRoad": "R-W3",
        "description": "教学区的实验准备楼，按教学区普通模数统一规格并沿街坊基线对齐。",
        "footprint": 2052,
        "scaleClass": "普通建筑",
        "buildingType": "实验准备楼",
        "sizeSpec": "教学区普通模数",
        "widthMeters": 54,
        "depthMeters": 38,
        "alignment": "分区街段基线",
        "streetGapMeters": 8,
        "roadSetbackMeters": 5,
        "houseNumber": 8,
        "doorPlate": "8号",
        "address": "钟楼西路 8号",
        "layer": "buildings"
      },
      "geometry": {
        "type": "Polygon",
        "coordinates": [
          [
            [
              1167.5,
              531
            ],
            [
              1167.5,
              585
            ],
            [
              1129.5,
              585
            ],
            [
              1129.5,
              531
            ],
            [
              1167.5,
              531
            ]
          ]
        ]
      }
    },
    {
      "type": "Feature",
      "properties": {
        "id": "B-046",
        "name": "普通教学楼 16",
        "zone": "教学区",
        "frontageRoad": "T-02",
        "description": "教学区的普通教学楼，按教学区普通模数统一规格并沿街坊基线对齐。",
        "footprint": 2052,
        "scaleClass": "普通建筑",
        "buildingType": "普通教学楼",
        "sizeSpec": "教学区普通模数",
        "widthMeters": 54,
        "depthMeters": 38,
        "alignment": "分区街段基线",
        "streetGapMeters": 8,
        "roadSetbackMeters": 5,
        "houseNumber": 9,
        "doorPlate": "9号",
        "address": "图书馆街 9号",
        "layer": "buildings"
      },
      "geometry": {
        "type": "Polygon",
        "coordinates": [
          [
            [
              593,
              829
            ],
            [
              647,
              829
            ],
            [
              647,
              867
            ],
            [
              593,
              867
            ],
            [
              593,
              829
            ]
          ]
        ]
      }
    },
    {
      "type": "Feature",
      "properties": {
        "id": "B-047",
        "name": "小型讲堂 16",
        "zone": "教学区",
        "frontageRoad": "L-V3",
        "description": "教学区的小型讲堂，按教学区普通模数统一规格并沿街坊基线对齐。",
        "footprint": 2052,
        "scaleClass": "普通建筑",
        "buildingType": "小型讲堂",
        "sizeSpec": "教学区普通模数",
        "widthMeters": 54,
        "depthMeters": 38,
        "alignment": "分区街段基线",
        "streetGapMeters": 8,
        "roadSetbackMeters": 5,
        "houseNumber": 1,
        "doorPlate": "1号",
        "address": "河岸生活巷 1号",
        "layer": "buildings"
      },
      "geometry": {
        "type": "Polygon",
        "coordinates": [
          [
            [
              1251.5,
              1275
            ],
            [
              1251.5,
              1329
            ],
            [
              1213.5,
              1329
            ],
            [
              1213.5,
              1275
            ],
            [
              1251.5,
              1275
            ]
          ]
        ]
      }
    },
    {
      "type": "Feature",
      "properties": {
        "id": "B-048",
        "name": "实验准备楼 16",
        "zone": "教学区",
        "frontageRoad": "T-02",
        "description": "教学区的实验准备楼，按教学区普通模数统一规格并沿街坊基线对齐。",
        "footprint": 2052,
        "scaleClass": "普通建筑",
        "buildingType": "实验准备楼",
        "sizeSpec": "教学区普通模数",
        "widthMeters": 54,
        "depthMeters": 38,
        "alignment": "分区街段基线",
        "streetGapMeters": 8,
        "roadSetbackMeters": 5,
        "houseNumber": 8,
        "doorPlate": "8号",
        "address": "图书馆街 8号",
        "layer": "buildings"
      },
      "geometry": {
        "type": "Polygon",
        "coordinates": [
          [
            [
              593,
              773
            ],
            [
              647,
              773
            ],
            [
              647,
              811
            ],
            [
              593,
              811
            ],
            [
              593,
              773
            ]
          ]
        ]
      }
    },
    {
      "type": "Feature",
      "properties": {
        "id": "B-049",
        "name": "普通教学楼 17",
        "zone": "教学区",
        "frontageRoad": "T-V2",
        "description": "教学区的普通教学楼，按教学区普通模数统一规格并沿街坊基线对齐。",
        "footprint": 2052,
        "scaleClass": "普通建筑",
        "buildingType": "普通教学楼",
        "sizeSpec": "教学区普通模数",
        "widthMeters": 54,
        "depthMeters": 38,
        "alignment": "分区街段基线",
        "streetGapMeters": 8,
        "roadSetbackMeters": 5,
        "houseNumber": 7,
        "doorPlate": "7号",
        "address": "河岸教学巷 7号",
        "layer": "buildings"
      },
      "geometry": {
        "type": "Polygon",
        "coordinates": [
          [
            [
              1241.5,
              717
            ],
            [
              1241.5,
              771
            ],
            [
              1203.5,
              771
            ],
            [
              1203.5,
              717
            ],
            [
              1241.5,
              717
            ]
          ]
        ]
      }
    },
    {
      "type": "Feature",
      "properties": {
        "id": "B-050",
        "name": "小型讲堂 17",
        "zone": "教学区",
        "frontageRoad": "R-W3",
        "description": "教学区的小型讲堂，按教学区普通模数统一规格并沿街坊基线对齐。",
        "footprint": 2052,
        "scaleClass": "普通建筑",
        "buildingType": "小型讲堂",
        "sizeSpec": "教学区普通模数",
        "widthMeters": 54,
        "depthMeters": 38,
        "alignment": "分区街段基线",
        "streetGapMeters": 8,
        "roadSetbackMeters": 5,
        "houseNumber": 6,
        "doorPlate": "6号",
        "address": "钟楼西路 6号",
        "layer": "buildings"
      },
      "geometry": {
        "type": "Polygon",
        "coordinates": [
          [
            [
              1167.5,
              469
            ],
            [
              1167.5,
              523
            ],
            [
              1129.5,
              523
            ],
            [
              1129.5,
              469
            ],
            [
              1167.5,
              469
            ]
          ]
        ]
      }
    },
    {
      "type": "Feature",
      "properties": {
        "id": "B-051",
        "name": "实验准备楼 17",
        "zone": "教学区",
        "frontageRoad": "R-CW",
        "description": "教学区的实验准备楼，按教学区普通模数统一规格并沿街坊基线对齐。",
        "footprint": 2052,
        "scaleClass": "普通建筑",
        "buildingType": "实验准备楼",
        "sizeSpec": "教学区普通模数",
        "widthMeters": 54,
        "depthMeters": 38,
        "alignment": "分区街段基线",
        "streetGapMeters": 8,
        "roadSetbackMeters": 5,
        "houseNumber": 9,
        "doorPlate": "9号",
        "address": "学院桥头大道 9号",
        "layer": "buildings"
      },
      "geometry": {
        "type": "Polygon",
        "coordinates": [
          [
            [
              531,
              1265
            ],
            [
              585,
              1265
            ],
            [
              585,
              1303
            ],
            [
              531,
              1303
            ],
            [
              531,
              1265
            ]
          ]
        ]
      }
    },
    {
      "type": "Feature",
      "properties": {
        "id": "B-052",
        "name": "普通教学楼 18",
        "zone": "教学区",
        "frontageRoad": "T-V2",
        "description": "教学区的普通教学楼，按教学区普通模数统一规格并沿街坊基线对齐。",
        "footprint": 2052,
        "scaleClass": "普通建筑",
        "buildingType": "普通教学楼",
        "sizeSpec": "教学区普通模数",
        "widthMeters": 54,
        "depthMeters": 38,
        "alignment": "分区街段基线",
        "streetGapMeters": 8,
        "roadSetbackMeters": 5,
        "houseNumber": 6,
        "doorPlate": "6号",
        "address": "河岸教学巷 6号",
        "layer": "buildings"
      },
      "geometry": {
        "type": "Polygon",
        "coordinates": [
          [
            [
              1296.5,
              717
            ],
            [
              1296.5,
              771
            ],
            [
              1258.5,
              771
            ],
            [
              1258.5,
              717
            ],
            [
              1296.5,
              717
            ]
          ]
        ]
      }
    },
    {
      "type": "Feature",
      "properties": {
        "id": "B-053",
        "name": "小型讲堂 18",
        "zone": "教学区",
        "frontageRoad": "R-CW",
        "description": "教学区的小型讲堂，按教学区普通模数统一规格并沿街坊基线对齐。",
        "footprint": 2052,
        "scaleClass": "普通建筑",
        "buildingType": "小型讲堂",
        "sizeSpec": "教学区普通模数",
        "widthMeters": 54,
        "depthMeters": 38,
        "alignment": "分区街段基线",
        "streetGapMeters": 8,
        "roadSetbackMeters": 5,
        "houseNumber": 8,
        "doorPlate": "8号",
        "address": "学院桥头大道 8号",
        "layer": "buildings"
      },
      "geometry": {
        "type": "Polygon",
        "coordinates": [
          [
            [
              469,
              1197
            ],
            [
              523,
              1197
            ],
            [
              523,
              1235
            ],
            [
              469,
              1235
            ],
            [
              469,
              1197
            ]
          ]
        ]
      }
    },
    {
      "type": "Feature",
      "properties": {
        "id": "B-054",
        "name": "实验准备楼 18",
        "zone": "教学区",
        "frontageRoad": "R-W3",
        "description": "教学区的实验准备楼，按教学区普通模数统一规格并沿街坊基线对齐。",
        "footprint": 2052,
        "scaleClass": "普通建筑",
        "buildingType": "实验准备楼",
        "sizeSpec": "教学区普通模数",
        "widthMeters": 54,
        "depthMeters": 38,
        "alignment": "分区街段基线",
        "streetGapMeters": 8,
        "roadSetbackMeters": 5,
        "houseNumber": 3,
        "doorPlate": "3号",
        "address": "钟楼西路 3号",
        "layer": "buildings"
      },
      "geometry": {
        "type": "Polygon",
        "coordinates": [
          [
            [
              1110.5,
              407
            ],
            [
              1110.5,
              461
            ],
            [
              1072.5,
              461
            ],
            [
              1072.5,
              407
            ],
            [
              1110.5,
              407
            ]
          ]
        ]
      }
    },
    {
      "type": "Feature",
      "properties": {
        "id": "B-055",
        "name": "普通教学楼 19",
        "zone": "教学区",
        "frontageRoad": "T-02",
        "description": "教学区的普通教学楼，按教学区普通模数统一规格并沿街坊基线对齐。",
        "footprint": 2052,
        "scaleClass": "普通建筑",
        "buildingType": "普通教学楼",
        "sizeSpec": "教学区普通模数",
        "widthMeters": 54,
        "depthMeters": 38,
        "alignment": "分区街段基线",
        "streetGapMeters": 8,
        "roadSetbackMeters": 5,
        "houseNumber": 7,
        "doorPlate": "7号",
        "address": "图书馆街 7号",
        "layer": "buildings"
      },
      "geometry": {
        "type": "Polygon",
        "coordinates": [
          [
            [
              469,
              829
            ],
            [
              523,
              829
            ],
            [
              523,
              867
            ],
            [
              469,
              867
            ],
            [
              469,
              829
            ]
          ]
        ]
      }
    },
    {
      "type": "Feature",
      "properties": {
        "id": "B-056",
        "name": "小型讲堂 19",
        "zone": "教学区",
        "frontageRoad": "T-03",
        "description": "教学区的小型讲堂，按教学区普通模数统一规格并沿街坊基线对齐。",
        "footprint": 2052,
        "scaleClass": "普通建筑",
        "buildingType": "小型讲堂",
        "sizeSpec": "教学区普通模数",
        "widthMeters": 54,
        "depthMeters": 38,
        "alignment": "分区街段基线",
        "streetGapMeters": 8,
        "roadSetbackMeters": 5,
        "houseNumber": 3,
        "doorPlate": "3号",
        "address": "学院南街 3号",
        "layer": "buildings"
      },
      "geometry": {
        "type": "Polygon",
        "coordinates": [
          [
            [
              655,
              1059
            ],
            [
              709,
              1059
            ],
            [
              709,
              1097
            ],
            [
              655,
              1097
            ],
            [
              655,
              1059
            ]
          ]
        ]
      }
    },
    {
      "type": "Feature",
      "properties": {
        "id": "B-057",
        "name": "实验准备楼 19",
        "zone": "教学区",
        "frontageRoad": "R-W3",
        "description": "教学区的实验准备楼，按教学区普通模数统一规格并沿街坊基线对齐。",
        "footprint": 2052,
        "scaleClass": "普通建筑",
        "buildingType": "实验准备楼",
        "sizeSpec": "教学区普通模数",
        "widthMeters": 54,
        "depthMeters": 38,
        "alignment": "分区街段基线",
        "streetGapMeters": 8,
        "roadSetbackMeters": 5,
        "houseNumber": 4,
        "doorPlate": "4号",
        "address": "钟楼西路 4号",
        "layer": "buildings"
      },
      "geometry": {
        "type": "Polygon",
        "coordinates": [
          [
            [
              1167.5,
              407
            ],
            [
              1167.5,
              461
            ],
            [
              1129.5,
              461
            ],
            [
              1129.5,
              407
            ],
            [
              1167.5,
              407
            ]
          ]
        ]
      }
    },
    {
      "type": "Feature",
      "properties": {
        "id": "B-058",
        "name": "普通教学楼 20",
        "zone": "教学区",
        "frontageRoad": "T-V2",
        "description": "教学区的普通教学楼，按教学区普通模数统一规格并沿街坊基线对齐。",
        "footprint": 2052,
        "scaleClass": "普通建筑",
        "buildingType": "普通教学楼",
        "sizeSpec": "教学区普通模数",
        "widthMeters": 54,
        "depthMeters": 38,
        "alignment": "分区街段基线",
        "streetGapMeters": 8,
        "roadSetbackMeters": 5,
        "houseNumber": 4,
        "doorPlate": "4号",
        "address": "河岸教学巷 4号",
        "layer": "buildings"
      },
      "geometry": {
        "type": "Polygon",
        "coordinates": [
          [
            [
              1296.5,
              655
            ],
            [
              1296.5,
              709
            ],
            [
              1258.5,
              709
            ],
            [
              1258.5,
              655
            ],
            [
              1296.5,
              655
            ]
          ]
        ]
      }
    },
    {
      "type": "Feature",
      "properties": {
        "id": "B-059",
        "name": "小型讲堂 20",
        "zone": "教学区",
        "frontageRoad": "T-02",
        "description": "教学区的小型讲堂，按教学区普通模数统一规格并沿街坊基线对齐。",
        "footprint": 2052,
        "scaleClass": "普通建筑",
        "buildingType": "小型讲堂",
        "sizeSpec": "教学区普通模数",
        "widthMeters": 54,
        "depthMeters": 38,
        "alignment": "分区街段基线",
        "streetGapMeters": 8,
        "roadSetbackMeters": 5,
        "houseNumber": 6,
        "doorPlate": "6号",
        "address": "图书馆街 6号",
        "layer": "buildings"
      },
      "geometry": {
        "type": "Polygon",
        "coordinates": [
          [
            [
              469,
              773
            ],
            [
              523,
              773
            ],
            [
              523,
              811
            ],
            [
              469,
              811
            ],
            [
              469,
              773
            ]
          ]
        ]
      }
    },
    {
      "type": "Feature",
      "properties": {
        "id": "B-060",
        "name": "实验准备楼 20",
        "zone": "教学区",
        "frontageRoad": "R-CW",
        "description": "教学区的实验准备楼，按教学区普通模数统一规格并沿街坊基线对齐。",
        "footprint": 2052,
        "scaleClass": "普通建筑",
        "buildingType": "实验准备楼",
        "sizeSpec": "教学区普通模数",
        "widthMeters": 54,
        "depthMeters": 38,
        "alignment": "分区街段基线",
        "streetGapMeters": 8,
        "roadSetbackMeters": 5,
        "houseNumber": 6,
        "doorPlate": "6号",
        "address": "学院桥头大道 6号",
        "layer": "buildings"
      },
      "geometry": {
        "type": "Polygon",
        "coordinates": [
          [
            [
              407,
              1197
            ],
            [
              461,
              1197
            ],
            [
              461,
              1235
            ],
            [
              407,
              1235
            ],
            [
              407,
              1197
            ]
          ]
        ]
      }
    },
    {
      "type": "Feature",
      "properties": {
        "id": "B-061",
        "name": "普通教学楼 21",
        "zone": "教学区",
        "frontageRoad": "T-02",
        "description": "教学区的普通教学楼，按教学区普通模数统一规格并沿街坊基线对齐。",
        "footprint": 2052,
        "scaleClass": "普通建筑",
        "buildingType": "普通教学楼",
        "sizeSpec": "教学区普通模数",
        "widthMeters": 54,
        "depthMeters": 38,
        "alignment": "分区街段基线",
        "streetGapMeters": 8,
        "roadSetbackMeters": 5,
        "houseNumber": 5,
        "doorPlate": "5号",
        "address": "图书馆街 5号",
        "layer": "buildings"
      },
      "geometry": {
        "type": "Polygon",
        "coordinates": [
          [
            [
              407,
              829
            ],
            [
              461,
              829
            ],
            [
              461,
              867
            ],
            [
              407,
              867
            ],
            [
              407,
              829
            ]
          ]
        ]
      }
    },
    {
      "type": "Feature",
      "properties": {
        "id": "B-062",
        "name": "小型讲堂 21",
        "zone": "教学区",
        "frontageRoad": "R-CW",
        "description": "教学区的小型讲堂，按教学区普通模数统一规格并沿街坊基线对齐。",
        "footprint": 2052,
        "scaleClass": "普通建筑",
        "buildingType": "小型讲堂",
        "sizeSpec": "教学区普通模数",
        "widthMeters": 54,
        "depthMeters": 38,
        "alignment": "分区街段基线",
        "streetGapMeters": 8,
        "roadSetbackMeters": 5,
        "houseNumber": 7,
        "doorPlate": "7号",
        "address": "学院桥头大道 7号",
        "layer": "buildings"
      },
      "geometry": {
        "type": "Polygon",
        "coordinates": [
          [
            [
              407,
              1265
            ],
            [
              461,
              1265
            ],
            [
              461,
              1303
            ],
            [
              407,
              1303
            ],
            [
              407,
              1265
            ]
          ]
        ]
      }
    },
    {
      "type": "Feature",
      "properties": {
        "id": "B-063",
        "name": "实验准备楼 21",
        "zone": "教学区",
        "frontageRoad": "T-02",
        "description": "教学区的实验准备楼，按教学区普通模数统一规格并沿街坊基线对齐。",
        "footprint": 2052,
        "scaleClass": "普通建筑",
        "buildingType": "实验准备楼",
        "sizeSpec": "教学区普通模数",
        "widthMeters": 54,
        "depthMeters": 38,
        "alignment": "分区街段基线",
        "streetGapMeters": 8,
        "roadSetbackMeters": 5,
        "houseNumber": 4,
        "doorPlate": "4号",
        "address": "图书馆街 4号",
        "layer": "buildings"
      },
      "geometry": {
        "type": "Polygon",
        "coordinates": [
          [
            [
              407,
              773
            ],
            [
              461,
              773
            ],
            [
              461,
              811
            ],
            [
              407,
              811
            ],
            [
              407,
              773
            ]
          ]
        ]
      }
    },
    {
      "type": "Feature",
      "properties": {
        "id": "B-064",
        "name": "普通教学楼 22",
        "zone": "教学区",
        "frontageRoad": "T-V2",
        "description": "教学区的普通教学楼，按教学区普通模数统一规格并沿街坊基线对齐。",
        "footprint": 2052,
        "scaleClass": "普通建筑",
        "buildingType": "普通教学楼",
        "sizeSpec": "教学区普通模数",
        "widthMeters": 54,
        "depthMeters": 38,
        "alignment": "分区街段基线",
        "streetGapMeters": 8,
        "roadSetbackMeters": 5,
        "houseNumber": 5,
        "doorPlate": "5号",
        "address": "河岸教学巷 5号",
        "layer": "buildings"
      },
      "geometry": {
        "type": "Polygon",
        "coordinates": [
          [
            [
              1241.5,
              531
            ],
            [
              1241.5,
              585
            ],
            [
              1203.5,
              585
            ],
            [
              1203.5,
              531
            ],
            [
              1241.5,
              531
            ]
          ]
        ]
      }
    },
    {
      "type": "Feature",
      "properties": {
        "id": "B-065",
        "name": "小型讲堂 22",
        "zone": "教学区",
        "frontageRoad": "R-W3",
        "description": "教学区的小型讲堂，按教学区普通模数统一规格并沿街坊基线对齐。",
        "footprint": 2052,
        "scaleClass": "普通建筑",
        "buildingType": "小型讲堂",
        "sizeSpec": "教学区普通模数",
        "widthMeters": 54,
        "depthMeters": 38,
        "alignment": "分区街段基线",
        "streetGapMeters": 8,
        "roadSetbackMeters": 5,
        "houseNumber": 1,
        "doorPlate": "1号",
        "address": "钟楼西路 1号",
        "layer": "buildings"
      },
      "geometry": {
        "type": "Polygon",
        "coordinates": [
          [
            [
              1110.5,
              283
            ],
            [
              1110.5,
              337
            ],
            [
              1072.5,
              337
            ],
            [
              1072.5,
              283
            ],
            [
              1110.5,
              283
            ]
          ]
        ]
      }
    },
    {
      "type": "Feature",
      "properties": {
        "id": "B-066",
        "name": "实验准备楼 22",
        "zone": "教学区",
        "frontageRoad": "R-W3",
        "description": "教学区的实验准备楼，按教学区普通模数统一规格并沿街坊基线对齐。",
        "footprint": 2052,
        "scaleClass": "普通建筑",
        "buildingType": "实验准备楼",
        "sizeSpec": "教学区普通模数",
        "widthMeters": 54,
        "depthMeters": 38,
        "alignment": "分区街段基线",
        "streetGapMeters": 8,
        "roadSetbackMeters": 5,
        "houseNumber": 2,
        "doorPlate": "2号",
        "address": "钟楼西路 2号",
        "layer": "buildings"
      },
      "geometry": {
        "type": "Polygon",
        "coordinates": [
          [
            [
              1167.5,
              283
            ],
            [
              1167.5,
              337
            ],
            [
              1129.5,
              337
            ],
            [
              1129.5,
              283
            ],
            [
              1167.5,
              283
            ]
          ]
        ]
      }
    },
    {
      "type": "Feature",
      "properties": {
        "id": "B-067",
        "name": "普通教学楼 23",
        "zone": "教学区",
        "frontageRoad": "T-04",
        "description": "教学区的普通教学楼，按教学区普通模数统一规格并沿街坊基线对齐。",
        "footprint": 2052,
        "scaleClass": "普通建筑",
        "buildingType": "普通教学楼",
        "sizeSpec": "教学区普通模数",
        "widthMeters": 54,
        "depthMeters": 38,
        "alignment": "分区街段基线",
        "streetGapMeters": 8,
        "roadSetbackMeters": 5,
        "houseNumber": 7,
        "doorPlate": "7号",
        "address": "学院北巷 7号",
        "layer": "buildings"
      },
      "geometry": {
        "type": "Polygon",
        "coordinates": [
          [
            [
              965,
              508.5
            ],
            [
              1019,
              508.5
            ],
            [
              1019,
              546.5
            ],
            [
              965,
              546.5
            ],
            [
              965,
              508.5
            ]
          ]
        ]
      }
    },
    {
      "type": "Feature",
      "properties": {
        "id": "B-068",
        "name": "小型讲堂 23",
        "zone": "教学区",
        "frontageRoad": "T-V2",
        "description": "教学区的小型讲堂，按教学区普通模数统一规格并沿街坊基线对齐。",
        "footprint": 2052,
        "scaleClass": "普通建筑",
        "buildingType": "小型讲堂",
        "sizeSpec": "教学区普通模数",
        "widthMeters": 54,
        "depthMeters": 38,
        "alignment": "分区街段基线",
        "streetGapMeters": 8,
        "roadSetbackMeters": 5,
        "houseNumber": 2,
        "doorPlate": "2号",
        "address": "河岸教学巷 2号",
        "layer": "buildings"
      },
      "geometry": {
        "type": "Polygon",
        "coordinates": [
          [
            [
              1296.5,
              531
            ],
            [
              1296.5,
              585
            ],
            [
              1258.5,
              585
            ],
            [
              1258.5,
              531
            ],
            [
              1296.5,
              531
            ]
          ]
        ]
      }
    },
    {
      "type": "Feature",
      "properties": {
        "id": "B-069",
        "name": "实验准备楼 23",
        "zone": "教学区",
        "frontageRoad": "R-W2",
        "description": "教学区的实验准备楼，按教学区普通模数统一规格并沿街坊基线对齐。",
        "footprint": 2052,
        "scaleClass": "普通建筑",
        "buildingType": "实验准备楼",
        "sizeSpec": "教学区普通模数",
        "widthMeters": 54,
        "depthMeters": 38,
        "alignment": "分区街段基线",
        "streetGapMeters": 8,
        "roadSetbackMeters": 5,
        "houseNumber": 6,
        "doorPlate": "6号",
        "address": "学院中路 6号",
        "layer": "buildings"
      },
      "geometry": {
        "type": "Polygon",
        "coordinates": [
          [
            [
              807.5,
              903
            ],
            [
              807.5,
              957
            ],
            [
              769.5,
              957
            ],
            [
              769.5,
              903
            ],
            [
              807.5,
              903
            ]
          ]
        ]
      }
    },
    {
      "type": "Feature",
      "properties": {
        "id": "B-070",
        "name": "普通教学楼 24",
        "zone": "教学区",
        "frontageRoad": "T-V1",
        "description": "教学区的普通教学楼，按教学区普通模数统一规格并沿街坊基线对齐。",
        "footprint": 2052,
        "scaleClass": "普通建筑",
        "buildingType": "普通教学楼",
        "sizeSpec": "教学区普通模数",
        "widthMeters": 54,
        "depthMeters": 38,
        "alignment": "分区街段基线",
        "streetGapMeters": 8,
        "roadSetbackMeters": 5,
        "houseNumber": 7,
        "doorPlate": "7号",
        "address": "讲堂西巷 7号",
        "layer": "buildings"
      },
      "geometry": {
        "type": "Polygon",
        "coordinates": [
          [
            [
              551.5,
              965
            ],
            [
              551.5,
              1019
            ],
            [
              513.5,
              1019
            ],
            [
              513.5,
              965
            ],
            [
              551.5,
              965
            ]
          ]
        ]
      }
    },
    {
      "type": "Feature",
      "properties": {
        "id": "B-071",
        "name": "小型讲堂 24",
        "zone": "教学区",
        "frontageRoad": "T-V1",
        "description": "教学区的小型讲堂，按教学区普通模数统一规格并沿街坊基线对齐。",
        "footprint": 2052,
        "scaleClass": "普通建筑",
        "buildingType": "小型讲堂",
        "sizeSpec": "教学区普通模数",
        "widthMeters": 54,
        "depthMeters": 38,
        "alignment": "分区街段基线",
        "streetGapMeters": 8,
        "roadSetbackMeters": 5,
        "houseNumber": 9,
        "doorPlate": "9号",
        "address": "讲堂西巷 9号",
        "layer": "buildings"
      },
      "geometry": {
        "type": "Polygon",
        "coordinates": [
          [
            [
              551.5,
              1089
            ],
            [
              551.5,
              1143
            ],
            [
              513.5,
              1143
            ],
            [
              513.5,
              1089
            ],
            [
              551.5,
              1089
            ]
          ]
        ]
      }
    },
    {
      "type": "Feature",
      "properties": {
        "id": "B-072",
        "name": "实验准备楼 24",
        "zone": "教学区",
        "frontageRoad": "T-V1",
        "description": "教学区的实验准备楼，按教学区普通模数统一规格并沿街坊基线对齐。",
        "footprint": 2052,
        "scaleClass": "普通建筑",
        "buildingType": "实验准备楼",
        "sizeSpec": "教学区普通模数",
        "widthMeters": 54,
        "depthMeters": 38,
        "alignment": "分区街段基线",
        "streetGapMeters": 8,
        "roadSetbackMeters": 5,
        "houseNumber": 5,
        "doorPlate": "5号",
        "address": "讲堂西巷 5号",
        "layer": "buildings"
      },
      "geometry": {
        "type": "Polygon",
        "coordinates": [
          [
            [
              551.5,
              903
            ],
            [
              551.5,
              957
            ],
            [
              513.5,
              957
            ],
            [
              513.5,
              903
            ],
            [
              551.5,
              903
            ]
          ]
        ]
      }
    },
    {
      "type": "Feature",
      "properties": {
        "id": "B-073",
        "name": "普通教学楼 25",
        "zone": "教学区",
        "frontageRoad": "R-CW",
        "description": "教学区的普通教学楼，按教学区普通模数统一规格并沿街坊基线对齐。",
        "footprint": 2052,
        "scaleClass": "普通建筑",
        "buildingType": "普通教学楼",
        "sizeSpec": "教学区普通模数",
        "widthMeters": 54,
        "depthMeters": 38,
        "alignment": "分区街段基线",
        "streetGapMeters": 8,
        "roadSetbackMeters": 5,
        "houseNumber": 4,
        "doorPlate": "4号",
        "address": "学院桥头大道 4号",
        "layer": "buildings"
      },
      "geometry": {
        "type": "Polygon",
        "coordinates": [
          [
            [
              283,
              1197
            ],
            [
              337,
              1197
            ],
            [
              337,
              1235
            ],
            [
              283,
              1235
            ],
            [
              283,
              1197
            ]
          ]
        ]
      }
    },
    {
      "type": "Feature",
      "properties": {
        "id": "B-074",
        "name": "小型讲堂 25",
        "zone": "教学区",
        "frontageRoad": "T-V2",
        "description": "教学区的小型讲堂，按教学区普通模数统一规格并沿街坊基线对齐。",
        "footprint": 2052,
        "scaleClass": "普通建筑",
        "buildingType": "小型讲堂",
        "sizeSpec": "教学区普通模数",
        "widthMeters": 54,
        "depthMeters": 38,
        "alignment": "分区街段基线",
        "streetGapMeters": 8,
        "roadSetbackMeters": 5,
        "houseNumber": 3,
        "doorPlate": "3号",
        "address": "河岸教学巷 3号",
        "layer": "buildings"
      },
      "geometry": {
        "type": "Polygon",
        "coordinates": [
          [
            [
              1241.5,
              469
            ],
            [
              1241.5,
              523
            ],
            [
              1203.5,
              523
            ],
            [
              1203.5,
              469
            ],
            [
              1241.5,
              469
            ]
          ]
        ]
      }
    },
    {
      "type": "Feature",
      "properties": {
        "id": "B-075",
        "name": "实验准备楼 25",
        "zone": "教学区",
        "frontageRoad": "R-W2",
        "description": "教学区的实验准备楼，按教学区普通模数统一规格并沿街坊基线对齐。",
        "footprint": 2052,
        "scaleClass": "普通建筑",
        "buildingType": "实验准备楼",
        "sizeSpec": "教学区普通模数",
        "widthMeters": 54,
        "depthMeters": 38,
        "alignment": "分区街段基线",
        "streetGapMeters": 8,
        "roadSetbackMeters": 5,
        "houseNumber": 7,
        "doorPlate": "7号",
        "address": "学院中路 7号",
        "layer": "buildings"
      },
      "geometry": {
        "type": "Polygon",
        "coordinates": [
          [
            [
              750.5,
              965
            ],
            [
              750.5,
              1019
            ],
            [
              712.5,
              1019
            ],
            [
              712.5,
              965
            ],
            [
              750.5,
              965
            ]
          ]
        ]
      }
    },
    {
      "type": "Feature",
      "properties": {
        "id": "B-076",
        "name": "普通教学楼 26",
        "zone": "教学区",
        "frontageRoad": "R-W2",
        "description": "教学区的普通教学楼，按教学区普通模数统一规格并沿街坊基线对齐。",
        "footprint": 2052,
        "scaleClass": "普通建筑",
        "buildingType": "普通教学楼",
        "sizeSpec": "教学区普通模数",
        "widthMeters": 54,
        "depthMeters": 38,
        "alignment": "分区街段基线",
        "streetGapMeters": 8,
        "roadSetbackMeters": 5,
        "houseNumber": 9,
        "doorPlate": "9号",
        "address": "学院中路 9号",
        "layer": "buildings"
      },
      "geometry": {
        "type": "Polygon",
        "coordinates": [
          [
            [
              750.5,
              1089
            ],
            [
              750.5,
              1143
            ],
            [
              712.5,
              1143
            ],
            [
              712.5,
              1089
            ],
            [
              750.5,
              1089
            ]
          ]
        ]
      }
    },
    {
      "type": "Feature",
      "properties": {
        "id": "B-077",
        "name": "小型讲堂 26",
        "zone": "教学区",
        "frontageRoad": "T-02",
        "description": "教学区的小型讲堂，按教学区普通模数统一规格并沿街坊基线对齐。",
        "footprint": 2052,
        "scaleClass": "普通建筑",
        "buildingType": "小型讲堂",
        "sizeSpec": "教学区普通模数",
        "widthMeters": 54,
        "depthMeters": 38,
        "alignment": "分区街段基线",
        "streetGapMeters": 8,
        "roadSetbackMeters": 5,
        "houseNumber": 3,
        "doorPlate": "3号",
        "address": "图书馆街 3号",
        "layer": "buildings"
      },
      "geometry": {
        "type": "Polygon",
        "coordinates": [
          [
            [
              283,
              829
            ],
            [
              337,
              829
            ],
            [
              337,
              867
            ],
            [
              283,
              867
            ],
            [
              283,
              829
            ]
          ]
        ]
      }
    },
    {
      "type": "Feature",
      "properties": {
        "id": "B-078",
        "name": "实验准备楼 26",
        "zone": "教学区",
        "frontageRoad": "T-04",
        "description": "教学区的实验准备楼，按教学区普通模数统一规格并沿街坊基线对齐。",
        "footprint": 2052,
        "scaleClass": "普通建筑",
        "buildingType": "实验准备楼",
        "sizeSpec": "教学区普通模数",
        "widthMeters": 54,
        "depthMeters": 38,
        "alignment": "分区街段基线",
        "streetGapMeters": 8,
        "roadSetbackMeters": 5,
        "houseNumber": 10,
        "doorPlate": "10号",
        "address": "学院北巷 10号",
        "layer": "buildings"
      },
      "geometry": {
        "type": "Polygon",
        "coordinates": [
          [
            [
              965,
              453.5
            ],
            [
              1019,
              453.5
            ],
            [
              1019,
              491.5
            ],
            [
              965,
              491.5
            ],
            [
              965,
              453.5
            ]
          ]
        ]
      }
    },
    {
      "type": "Feature",
      "properties": {
        "id": "B-079",
        "name": "普通教学楼 27",
        "zone": "教学区",
        "frontageRoad": "R-CW",
        "description": "教学区的普通教学楼，按教学区普通模数统一规格并沿街坊基线对齐。",
        "footprint": 2052,
        "scaleClass": "普通建筑",
        "buildingType": "普通教学楼",
        "sizeSpec": "教学区普通模数",
        "widthMeters": 54,
        "depthMeters": 38,
        "alignment": "分区街段基线",
        "streetGapMeters": 8,
        "roadSetbackMeters": 5,
        "houseNumber": 5,
        "doorPlate": "5号",
        "address": "学院桥头大道 5号",
        "layer": "buildings"
      },
      "geometry": {
        "type": "Polygon",
        "coordinates": [
          [
            [
              283,
              1265
            ],
            [
              337,
              1265
            ],
            [
              337,
              1303
            ],
            [
              283,
              1303
            ],
            [
              283,
              1265
            ]
          ]
        ]
      }
    },
    {
      "type": "Feature",
      "properties": {
        "id": "B-080",
        "name": "小型讲堂 27",
        "zone": "教学区",
        "frontageRoad": "R-W2",
        "description": "教学区的小型讲堂，按教学区普通模数统一规格并沿街坊基线对齐。",
        "footprint": 2052,
        "scaleClass": "普通建筑",
        "buildingType": "小型讲堂",
        "sizeSpec": "教学区普通模数",
        "widthMeters": 54,
        "depthMeters": 38,
        "alignment": "分区街段基线",
        "streetGapMeters": 8,
        "roadSetbackMeters": 5,
        "houseNumber": 5,
        "doorPlate": "5号",
        "address": "学院中路 5号",
        "layer": "buildings"
      },
      "geometry": {
        "type": "Polygon",
        "coordinates": [
          [
            [
              750.5,
              903
            ],
            [
              750.5,
              957
            ],
            [
              712.5,
              957
            ],
            [
              712.5,
              903
            ],
            [
              750.5,
              903
            ]
          ]
        ]
      }
    },
    {
      "type": "Feature",
      "properties": {
        "id": "B-081",
        "name": "实验准备楼 27",
        "zone": "教学区",
        "frontageRoad": "T-04",
        "description": "教学区的实验准备楼，按教学区普通模数统一规格并沿街坊基线对齐。",
        "footprint": 2052,
        "scaleClass": "普通建筑",
        "buildingType": "实验准备楼",
        "sizeSpec": "教学区普通模数",
        "widthMeters": 54,
        "depthMeters": 38,
        "alignment": "分区街段基线",
        "streetGapMeters": 8,
        "roadSetbackMeters": 5,
        "houseNumber": 3,
        "doorPlate": "3号",
        "address": "学院北巷 3号",
        "layer": "buildings"
      },
      "geometry": {
        "type": "Polygon",
        "coordinates": [
          [
            [
              779,
              508.5
            ],
            [
              833,
              508.5
            ],
            [
              833,
              546.5
            ],
            [
              779,
              546.5
            ],
            [
              779,
              508.5
            ]
          ]
        ]
      }
    },
    {
      "type": "Feature",
      "properties": {
        "id": "B-082",
        "name": "普通教学楼 28",
        "zone": "教学区",
        "frontageRoad": "R-W2",
        "description": "教学区的普通教学楼，按教学区普通模数统一规格并沿街坊基线对齐。",
        "footprint": 2052,
        "scaleClass": "普通建筑",
        "buildingType": "普通教学楼",
        "sizeSpec": "教学区普通模数",
        "widthMeters": 54,
        "depthMeters": 38,
        "alignment": "分区街段基线",
        "streetGapMeters": 8,
        "roadSetbackMeters": 5,
        "houseNumber": 11,
        "doorPlate": "11号",
        "address": "学院中路 11号",
        "layer": "buildings"
      },
      "geometry": {
        "type": "Polygon",
        "coordinates": [
          [
            [
              750.5,
              1151
            ],
            [
              750.5,
              1205
            ],
            [
              712.5,
              1205
            ],
            [
              712.5,
              1151
            ],
            [
              750.5,
              1151
            ]
          ]
        ]
      }
    },
    {
      "type": "Feature",
      "properties": {
        "id": "B-083",
        "name": "小型讲堂 28",
        "zone": "教学区",
        "frontageRoad": "T-04",
        "description": "教学区的小型讲堂，按教学区普通模数统一规格并沿街坊基线对齐。",
        "footprint": 2052,
        "scaleClass": "普通建筑",
        "buildingType": "小型讲堂",
        "sizeSpec": "教学区普通模数",
        "widthMeters": 54,
        "depthMeters": 38,
        "alignment": "分区街段基线",
        "streetGapMeters": 8,
        "roadSetbackMeters": 5,
        "houseNumber": 8,
        "doorPlate": "8号",
        "address": "学院北巷 8号",
        "layer": "buildings"
      },
      "geometry": {
        "type": "Polygon",
        "coordinates": [
          [
            [
              903,
              453.5
            ],
            [
              957,
              453.5
            ],
            [
              957,
              491.5
            ],
            [
              903,
              491.5
            ],
            [
              903,
              453.5
            ]
          ]
        ]
      }
    },
    {
      "type": "Feature",
      "properties": {
        "id": "B-084",
        "name": "实验准备楼 28",
        "zone": "教学区",
        "frontageRoad": "R-W2",
        "description": "教学区的实验准备楼，按教学区普通模数统一规格并沿街坊基线对齐。",
        "footprint": 2052,
        "scaleClass": "普通建筑",
        "buildingType": "实验准备楼",
        "sizeSpec": "教学区普通模数",
        "widthMeters": 54,
        "depthMeters": 38,
        "alignment": "分区街段基线",
        "streetGapMeters": 8,
        "roadSetbackMeters": 5,
        "houseNumber": 3,
        "doorPlate": "3号",
        "address": "学院中路 3号",
        "layer": "buildings"
      },
      "geometry": {
        "type": "Polygon",
        "coordinates": [
          [
            [
              750.5,
              841
            ],
            [
              750.5,
              895
            ],
            [
              712.5,
              895
            ],
            [
              712.5,
              841
            ],
            [
              750.5,
              841
            ]
          ]
        ]
      }
    },
    {
      "type": "Feature",
      "properties": {
        "id": "B-085",
        "name": "普通教学楼 29",
        "zone": "教学区",
        "frontageRoad": "T-04",
        "description": "教学区的普通教学楼，按教学区普通模数统一规格并沿街坊基线对齐。",
        "footprint": 2052,
        "scaleClass": "普通建筑",
        "buildingType": "普通教学楼",
        "sizeSpec": "教学区普通模数",
        "widthMeters": 54,
        "depthMeters": 38,
        "alignment": "分区街段基线",
        "streetGapMeters": 8,
        "roadSetbackMeters": 5,
        "houseNumber": 6,
        "doorPlate": "6号",
        "address": "学院北巷 6号",
        "layer": "buildings"
      },
      "geometry": {
        "type": "Polygon",
        "coordinates": [
          [
            [
              841,
              453.5
            ],
            [
              895,
              453.5
            ],
            [
              895,
              491.5
            ],
            [
              841,
              491.5
            ],
            [
              841,
              453.5
            ]
          ]
        ]
      }
    },
    {
      "type": "Feature",
      "properties": {
        "id": "B-086",
        "name": "小型讲堂 29",
        "zone": "教学区",
        "frontageRoad": "R-NW",
        "description": "教学区的小型讲堂，按教学区普通模数统一规格并沿街坊基线对齐。",
        "footprint": 2052,
        "scaleClass": "普通建筑",
        "buildingType": "小型讲堂",
        "sizeSpec": "教学区普通模数",
        "widthMeters": 54,
        "depthMeters": 38,
        "alignment": "分区街段基线",
        "streetGapMeters": 8,
        "roadSetbackMeters": 5,
        "houseNumber": 9,
        "doorPlate": "9号",
        "address": "北部学府大道 9号",
        "layer": "buildings"
      },
      "geometry": {
        "type": "Polygon",
        "coordinates": [
          [
            [
              1027,
              633
            ],
            [
              1081,
              633
            ],
            [
              1081,
              671
            ],
            [
              1027,
              671
            ],
            [
              1027,
              633
            ]
          ]
        ]
      }
    },
    {
      "type": "Feature",
      "properties": {
        "id": "B-087",
        "name": "实验准备楼 29",
        "zone": "教学区",
        "frontageRoad": "T-V1",
        "description": "教学区的实验准备楼，按教学区普通模数统一规格并沿街坊基线对齐。",
        "footprint": 2052,
        "scaleClass": "普通建筑",
        "buildingType": "实验准备楼",
        "sizeSpec": "教学区普通模数",
        "widthMeters": 54,
        "depthMeters": 38,
        "alignment": "分区街段基线",
        "streetGapMeters": 8,
        "roadSetbackMeters": 5,
        "houseNumber": 3,
        "doorPlate": "3号",
        "address": "讲堂西巷 3号",
        "layer": "buildings"
      },
      "geometry": {
        "type": "Polygon",
        "coordinates": [
          [
            [
              551.5,
              717
            ],
            [
              551.5,
              771
            ],
            [
              513.5,
              771
            ],
            [
              513.5,
              717
            ],
            [
              551.5,
              717
            ]
          ]
        ]
      }
    },
    {
      "type": "Feature",
      "properties": {
        "id": "B-088",
        "name": "普通教学楼 30",
        "zone": "教学区",
        "frontageRoad": "R-NW",
        "description": "教学区的普通教学楼，按教学区普通模数统一规格并沿街坊基线对齐。",
        "footprint": 2052,
        "scaleClass": "普通建筑",
        "buildingType": "普通教学楼",
        "sizeSpec": "教学区普通模数",
        "widthMeters": 54,
        "depthMeters": 38,
        "alignment": "分区街段基线",
        "streetGapMeters": 8,
        "roadSetbackMeters": 5,
        "houseNumber": 7,
        "doorPlate": "7号",
        "address": "北部学府大道 7号",
        "layer": "buildings"
      },
      "geometry": {
        "type": "Polygon",
        "coordinates": [
          [
            [
              965,
              633
            ],
            [
              1019,
              633
            ],
            [
              1019,
              671
            ],
            [
              965,
              671
            ],
            [
              965,
              633
            ]
          ]
        ]
      }
    },
    {
      "type": "Feature",
      "properties": {
        "id": "B-089",
        "name": "小型讲堂 30",
        "zone": "教学区",
        "frontageRoad": "R-CW",
        "description": "教学区的小型讲堂，按教学区普通模数统一规格并沿街坊基线对齐。",
        "footprint": 2052,
        "scaleClass": "普通建筑",
        "buildingType": "小型讲堂",
        "sizeSpec": "教学区普通模数",
        "widthMeters": 54,
        "depthMeters": 38,
        "alignment": "分区街段基线",
        "streetGapMeters": 8,
        "roadSetbackMeters": 5,
        "houseNumber": 2,
        "doorPlate": "2号",
        "address": "学院桥头大道 2号",
        "layer": "buildings"
      },
      "geometry": {
        "type": "Polygon",
        "coordinates": [
          [
            [
              221,
              1197
            ],
            [
              275,
              1197
            ],
            [
              275,
              1235
            ],
            [
              221,
              1235
            ],
            [
              221,
              1197
            ]
          ]
        ]
      }
    },
    {
      "type": "Feature",
      "properties": {
        "id": "B-090",
        "name": "实验准备楼 30",
        "zone": "教学区",
        "frontageRoad": "T-V2",
        "description": "教学区的实验准备楼，按教学区普通模数统一规格并沿街坊基线对齐。",
        "footprint": 2052,
        "scaleClass": "普通建筑",
        "buildingType": "实验准备楼",
        "sizeSpec": "教学区普通模数",
        "widthMeters": 54,
        "depthMeters": 38,
        "alignment": "分区街段基线",
        "streetGapMeters": 8,
        "roadSetbackMeters": 5,
        "houseNumber": 1,
        "doorPlate": "1号",
        "address": "河岸教学巷 1号",
        "layer": "buildings"
      },
      "geometry": {
        "type": "Polygon",
        "coordinates": [
          [
            [
              1241.5,
              407
            ],
            [
              1241.5,
              461
            ],
            [
              1203.5,
              461
            ],
            [
              1203.5,
              407
            ],
            [
              1241.5,
              407
            ]
          ]
        ]
      }
    },
    {
      "type": "Feature",
      "properties": {
        "id": "B-091",
        "name": "普通教学楼 31",
        "zone": "教学区",
        "frontageRoad": "T-02",
        "description": "教学区的普通教学楼，按教学区普通模数统一规格并沿街坊基线对齐。",
        "footprint": 2052,
        "scaleClass": "普通建筑",
        "buildingType": "普通教学楼",
        "sizeSpec": "教学区普通模数",
        "widthMeters": 54,
        "depthMeters": 38,
        "alignment": "分区街段基线",
        "streetGapMeters": 8,
        "roadSetbackMeters": 5,
        "houseNumber": 1,
        "doorPlate": "1号",
        "address": "图书馆街 1号",
        "layer": "buildings"
      },
      "geometry": {
        "type": "Polygon",
        "coordinates": [
          [
            [
              221,
              829
            ],
            [
              275,
              829
            ],
            [
              275,
              867
            ],
            [
              221,
              867
            ],
            [
              221,
              829
            ]
          ]
        ]
      }
    },
    {
      "type": "Feature",
      "properties": {
        "id": "B-092",
        "name": "小型讲堂 31",
        "zone": "教学区",
        "frontageRoad": "T-04",
        "description": "教学区的小型讲堂，按教学区普通模数统一规格并沿街坊基线对齐。",
        "footprint": 2052,
        "scaleClass": "普通建筑",
        "buildingType": "小型讲堂",
        "sizeSpec": "教学区普通模数",
        "widthMeters": 54,
        "depthMeters": 38,
        "alignment": "分区街段基线",
        "streetGapMeters": 8,
        "roadSetbackMeters": 5,
        "houseNumber": 4,
        "doorPlate": "4号",
        "address": "学院北巷 4号",
        "layer": "buildings"
      },
      "geometry": {
        "type": "Polygon",
        "coordinates": [
          [
            [
              779,
              453.5
            ],
            [
              833,
              453.5
            ],
            [
              833,
              491.5
            ],
            [
              779,
              491.5
            ],
            [
              779,
              453.5
            ]
          ]
        ]
      }
    },
    {
      "type": "Feature",
      "properties": {
        "id": "B-093",
        "name": "实验准备楼 31",
        "zone": "教学区",
        "frontageRoad": "L-V1",
        "description": "教学区的实验准备楼，按教学区普通模数统一规格并沿街坊基线对齐。",
        "footprint": 2052,
        "scaleClass": "普通建筑",
        "buildingType": "实验准备楼",
        "sizeSpec": "教学区普通模数",
        "widthMeters": 54,
        "depthMeters": 38,
        "alignment": "分区街段基线",
        "streetGapMeters": 8,
        "roadSetbackMeters": 5,
        "houseNumber": 1,
        "doorPlate": "1号",
        "address": "西岸医馆路 1号",
        "layer": "buildings"
      },
      "geometry": {
        "type": "Polygon",
        "coordinates": [
          [
            [
              511.5,
              1275
            ],
            [
              511.5,
              1329
            ],
            [
              473.5,
              1329
            ],
            [
              473.5,
              1275
            ],
            [
              511.5,
              1275
            ]
          ]
        ]
      }
    },
    {
      "type": "Feature",
      "properties": {
        "id": "B-094",
        "name": "普通教学楼 32",
        "zone": "教学区",
        "frontageRoad": "R-W2",
        "description": "教学区的普通教学楼，按教学区普通模数统一规格并沿街坊基线对齐。",
        "footprint": 2052,
        "scaleClass": "普通建筑",
        "buildingType": "普通教学楼",
        "sizeSpec": "教学区普通模数",
        "widthMeters": 54,
        "depthMeters": 38,
        "alignment": "分区街段基线",
        "streetGapMeters": 8,
        "roadSetbackMeters": 5,
        "houseNumber": 4,
        "doorPlate": "4号",
        "address": "学院中路 4号",
        "layer": "buildings"
      },
      "geometry": {
        "type": "Polygon",
        "coordinates": [
          [
            [
              807.5,
              717
            ],
            [
              807.5,
              771
            ],
            [
              769.5,
              771
            ],
            [
              769.5,
              717
            ],
            [
              807.5,
              717
            ]
          ]
        ]
      }
    },
    {
      "type": "Feature",
      "properties": {
        "id": "B-095",
        "name": "小型讲堂 32",
        "zone": "教学区",
        "frontageRoad": "R-CW",
        "description": "教学区的小型讲堂，按教学区普通模数统一规格并沿街坊基线对齐。",
        "footprint": 2052,
        "scaleClass": "普通建筑",
        "buildingType": "小型讲堂",
        "sizeSpec": "教学区普通模数",
        "widthMeters": 54,
        "depthMeters": 38,
        "alignment": "分区街段基线",
        "streetGapMeters": 8,
        "roadSetbackMeters": 5,
        "houseNumber": 3,
        "doorPlate": "3号",
        "address": "学院桥头大道 3号",
        "layer": "buildings"
      },
      "geometry": {
        "type": "Polygon",
        "coordinates": [
          [
            [
              221,
              1265
            ],
            [
              275,
              1265
            ],
            [
              275,
              1303
            ],
            [
              221,
              1303
            ],
            [
              221,
              1265
            ]
          ]
        ]
      }
    },
    {
      "type": "Feature",
      "properties": {
        "id": "B-096",
        "name": "实验准备楼 32",
        "zone": "教学区",
        "frontageRoad": "R-NW",
        "description": "教学区的实验准备楼，按教学区普通模数统一规格并沿街坊基线对齐。",
        "footprint": 2052,
        "scaleClass": "普通建筑",
        "buildingType": "实验准备楼",
        "sizeSpec": "教学区普通模数",
        "widthMeters": 54,
        "depthMeters": 38,
        "alignment": "分区街段基线",
        "streetGapMeters": 8,
        "roadSetbackMeters": 5,
        "houseNumber": 5,
        "doorPlate": "5号",
        "address": "北部学府大道 5号",
        "layer": "buildings"
      },
      "geometry": {
        "type": "Polygon",
        "coordinates": [
          [
            [
              903,
              633
            ],
            [
              957,
              633
            ],
            [
              957,
              671
            ],
            [
              903,
              671
            ],
            [
              903,
              633
            ]
          ]
        ]
      }
    },
    {
      "type": "Feature",
      "properties": {
        "id": "B-097",
        "name": "普通教学楼 33",
        "zone": "教学区",
        "frontageRoad": "T-03",
        "description": "教学区的普通教学楼，按教学区普通模数统一规格并沿街坊基线对齐。",
        "footprint": 2052,
        "scaleClass": "普通建筑",
        "buildingType": "普通教学楼",
        "sizeSpec": "教学区普通模数",
        "widthMeters": 54,
        "depthMeters": 38,
        "alignment": "分区街段基线",
        "streetGapMeters": 8,
        "roadSetbackMeters": 5,
        "houseNumber": 2,
        "doorPlate": "2号",
        "address": "学院南街 2号",
        "layer": "buildings"
      },
      "geometry": {
        "type": "Polygon",
        "coordinates": [
          [
            [
              407,
              1003
            ],
            [
              461,
              1003
            ],
            [
              461,
              1041
            ],
            [
              407,
              1041
            ],
            [
              407,
              1003
            ]
          ]
        ]
      }
    },
    {
      "type": "Feature",
      "properties": {
        "id": "B-098",
        "name": "小型讲堂 33",
        "zone": "教学区",
        "frontageRoad": "T-03",
        "description": "教学区的小型讲堂，按教学区普通模数统一规格并沿街坊基线对齐。",
        "footprint": 2052,
        "scaleClass": "普通建筑",
        "buildingType": "小型讲堂",
        "sizeSpec": "教学区普通模数",
        "widthMeters": 54,
        "depthMeters": 38,
        "alignment": "分区街段基线",
        "streetGapMeters": 8,
        "roadSetbackMeters": 5,
        "houseNumber": 1,
        "doorPlate": "1号",
        "address": "学院南街 1号",
        "layer": "buildings"
      },
      "geometry": {
        "type": "Polygon",
        "coordinates": [
          [
            [
              407,
              1059
            ],
            [
              461,
              1059
            ],
            [
              461,
              1097
            ],
            [
              407,
              1097
            ],
            [
              407,
              1059
            ]
          ]
        ]
      }
    },
    {
      "type": "Feature",
      "properties": {
        "id": "B-099",
        "name": "实验准备楼 33",
        "zone": "教学区",
        "frontageRoad": "R-W2",
        "description": "教学区的实验准备楼，按教学区普通模数统一规格并沿街坊基线对齐。",
        "footprint": 2052,
        "scaleClass": "普通建筑",
        "buildingType": "实验准备楼",
        "sizeSpec": "教学区普通模数",
        "widthMeters": 54,
        "depthMeters": 38,
        "alignment": "分区街段基线",
        "streetGapMeters": 8,
        "roadSetbackMeters": 5,
        "houseNumber": 13,
        "doorPlate": "13号",
        "address": "学院中路 13号",
        "layer": "buildings"
      },
      "geometry": {
        "type": "Polygon",
        "coordinates": [
          [
            [
              750.5,
              1275
            ],
            [
              750.5,
              1329
            ],
            [
              712.5,
              1329
            ],
            [
              712.5,
              1275
            ],
            [
              750.5,
              1275
            ]
          ]
        ]
      }
    },
    {
      "type": "Feature",
      "properties": {
        "id": "B-100",
        "name": "普通教学楼 34",
        "zone": "教学区",
        "frontageRoad": "T-V1",
        "description": "教学区的普通教学楼，按教学区普通模数统一规格并沿街坊基线对齐。",
        "footprint": 2052,
        "scaleClass": "普通建筑",
        "buildingType": "普通教学楼",
        "sizeSpec": "教学区普通模数",
        "widthMeters": 54,
        "depthMeters": 38,
        "alignment": "分区街段基线",
        "streetGapMeters": 8,
        "roadSetbackMeters": 5,
        "houseNumber": 1,
        "doorPlate": "1号",
        "address": "讲堂西巷 1号",
        "layer": "buildings"
      },
      "geometry": {
        "type": "Polygon",
        "coordinates": [
          [
            [
              551.5,
              655
            ],
            [
              551.5,
              709
            ],
            [
              513.5,
              709
            ],
            [
              513.5,
              655
            ],
            [
              551.5,
              655
            ]
          ]
        ]
      }
    },
    {
      "type": "Feature",
      "properties": {
        "id": "B-101",
        "name": "小型讲堂 34",
        "zone": "教学区",
        "frontageRoad": "T-01",
        "description": "教学区的小型讲堂，按教学区普通模数统一规格并沿街坊基线对齐。",
        "footprint": 2052,
        "scaleClass": "普通建筑",
        "buildingType": "小型讲堂",
        "sizeSpec": "教学区普通模数",
        "widthMeters": 54,
        "depthMeters": 38,
        "alignment": "分区街段基线",
        "streetGapMeters": 8,
        "roadSetbackMeters": 5,
        "houseNumber": 5,
        "doorPlate": "5号",
        "address": "古讲堂街 5号",
        "layer": "buildings"
      },
      "geometry": {
        "type": "Polygon",
        "coordinates": [
          [
            [
              965,
              369
            ],
            [
              1019,
              369
            ],
            [
              1019,
              407
            ],
            [
              965,
              407
            ],
            [
              965,
              369
            ]
          ]
        ]
      }
    },
    {
      "type": "Feature",
      "properties": {
        "id": "B-102",
        "name": "实验准备楼 34",
        "zone": "教学区",
        "frontageRoad": "R-NW",
        "description": "教学区的实验准备楼，按教学区普通模数统一规格并沿街坊基线对齐。",
        "footprint": 2052,
        "scaleClass": "普通建筑",
        "buildingType": "实验准备楼",
        "sizeSpec": "教学区普通模数",
        "widthMeters": 54,
        "depthMeters": 38,
        "alignment": "分区街段基线",
        "streetGapMeters": 8,
        "roadSetbackMeters": 5,
        "houseNumber": 3,
        "doorPlate": "3号",
        "address": "北部学府大道 3号",
        "layer": "buildings"
      },
      "geometry": {
        "type": "Polygon",
        "coordinates": [
          [
            [
              841,
              633
            ],
            [
              895,
              633
            ],
            [
              895,
              671
            ],
            [
              841,
              671
            ],
            [
              841,
              633
            ]
          ]
        ]
      }
    },
    {
      "type": "Feature",
      "properties": {
        "id": "B-103",
        "name": "普通教学楼 35",
        "zone": "教学区",
        "frontageRoad": "T-01",
        "description": "教学区的普通教学楼，按教学区普通模数统一规格并沿街坊基线对齐。",
        "footprint": 2052,
        "scaleClass": "普通建筑",
        "buildingType": "普通教学楼",
        "sizeSpec": "教学区普通模数",
        "widthMeters": 54,
        "depthMeters": 38,
        "alignment": "分区街段基线",
        "streetGapMeters": 8,
        "roadSetbackMeters": 5,
        "houseNumber": 3,
        "doorPlate": "3号",
        "address": "古讲堂街 3号",
        "layer": "buildings"
      },
      "geometry": {
        "type": "Polygon",
        "coordinates": [
          [
            [
              903,
              369
            ],
            [
              957,
              369
            ],
            [
              957,
              407
            ],
            [
              903,
              407
            ],
            [
              903,
              369
            ]
          ]
        ]
      }
    },
    {
      "type": "Feature",
      "properties": {
        "id": "B-104",
        "name": "小型讲堂 35",
        "zone": "教学区",
        "frontageRoad": "R-W2",
        "description": "教学区的小型讲堂，按教学区普通模数统一规格并沿街坊基线对齐。",
        "footprint": 2052,
        "scaleClass": "普通建筑",
        "buildingType": "小型讲堂",
        "sizeSpec": "教学区普通模数",
        "widthMeters": 54,
        "depthMeters": 38,
        "alignment": "分区街段基线",
        "streetGapMeters": 8,
        "roadSetbackMeters": 5,
        "houseNumber": 1,
        "doorPlate": "1号",
        "address": "学院中路 1号",
        "layer": "buildings"
      },
      "geometry": {
        "type": "Polygon",
        "coordinates": [
          [
            [
              750.5,
              717
            ],
            [
              750.5,
              771
            ],
            [
              712.5,
              771
            ],
            [
              712.5,
              717
            ],
            [
              750.5,
              717
            ]
          ]
        ]
      }
    },
    {
      "type": "Feature",
      "properties": {
        "id": "B-105",
        "name": "实验准备楼 35",
        "zone": "教学区",
        "frontageRoad": "R-NW",
        "description": "教学区的实验准备楼，按教学区普通模数统一规格并沿街坊基线对齐。",
        "footprint": 2052,
        "scaleClass": "普通建筑",
        "buildingType": "实验准备楼",
        "sizeSpec": "教学区普通模数",
        "widthMeters": 54,
        "depthMeters": 38,
        "alignment": "分区街段基线",
        "streetGapMeters": 8,
        "roadSetbackMeters": 5,
        "houseNumber": 4,
        "doorPlate": "4号",
        "address": "北部学府大道 4号",
        "layer": "buildings"
      },
      "geometry": {
        "type": "Polygon",
        "coordinates": [
          [
            [
              965,
              569
            ],
            [
              1019,
              569
            ],
            [
              1019,
              607
            ],
            [
              965,
              607
            ],
            [
              965,
              569
            ]
          ]
        ]
      }
    },
    {
      "type": "Feature",
      "properties": {
        "id": "B-106",
        "name": "普通教学楼 36",
        "zone": "教学区",
        "frontageRoad": "T-01",
        "description": "教学区的普通教学楼，按教学区普通模数统一规格并沿街坊基线对齐。",
        "footprint": 2052,
        "scaleClass": "普通建筑",
        "buildingType": "普通教学楼",
        "sizeSpec": "教学区普通模数",
        "widthMeters": 54,
        "depthMeters": 38,
        "alignment": "分区街段基线",
        "streetGapMeters": 8,
        "roadSetbackMeters": 5,
        "houseNumber": 1,
        "doorPlate": "1号",
        "address": "古讲堂街 1号",
        "layer": "buildings"
      },
      "geometry": {
        "type": "Polygon",
        "coordinates": [
          [
            [
              841,
              369
            ],
            [
              895,
              369
            ],
            [
              895,
              407
            ],
            [
              841,
              407
            ],
            [
              841,
              369
            ]
          ]
        ]
      }
    },
    {
      "type": "Feature",
      "properties": {
        "id": "B-107",
        "name": "小型讲堂 36",
        "zone": "教学区",
        "frontageRoad": "T-04",
        "description": "教学区的小型讲堂，按教学区普通模数统一规格并沿街坊基线对齐。",
        "footprint": 2052,
        "scaleClass": "普通建筑",
        "buildingType": "小型讲堂",
        "sizeSpec": "教学区普通模数",
        "widthMeters": 54,
        "depthMeters": 38,
        "alignment": "分区街段基线",
        "streetGapMeters": 8,
        "roadSetbackMeters": 5,
        "houseNumber": 2,
        "doorPlate": "2号",
        "address": "学院北巷 2号",
        "layer": "buildings"
      },
      "geometry": {
        "type": "Polygon",
        "coordinates": [
          [
            [
              655,
              453.5
            ],
            [
              709,
              453.5
            ],
            [
              709,
              491.5
            ],
            [
              655,
              491.5
            ],
            [
              655,
              453.5
            ]
          ]
        ]
      }
    },
    {
      "type": "Feature",
      "properties": {
        "id": "B-108",
        "name": "实验准备楼 36",
        "zone": "教学区",
        "frontageRoad": "R-NW",
        "description": "教学区的实验准备楼，按教学区普通模数统一规格并沿街坊基线对齐。",
        "footprint": 2052,
        "scaleClass": "普通建筑",
        "buildingType": "实验准备楼",
        "sizeSpec": "教学区普通模数",
        "widthMeters": 54,
        "depthMeters": 38,
        "alignment": "分区街段基线",
        "streetGapMeters": 8,
        "roadSetbackMeters": 5,
        "houseNumber": 1,
        "doorPlate": "1号",
        "address": "北部学府大道 1号",
        "layer": "buildings"
      },
      "geometry": {
        "type": "Polygon",
        "coordinates": [
          [
            [
              779,
              633
            ],
            [
              833,
              633
            ],
            [
              833,
              671
            ],
            [
              779,
              671
            ],
            [
              779,
              633
            ]
          ]
        ]
      }
    },
    {
      "type": "Feature",
      "properties": {
        "id": "B-109",
        "name": "普通教学楼 37",
        "zone": "教学区",
        "frontageRoad": "R-CW",
        "description": "教学区的普通教学楼，按教学区普通模数统一规格并沿街坊基线对齐。",
        "footprint": 2052,
        "scaleClass": "普通建筑",
        "buildingType": "普通教学楼",
        "sizeSpec": "教学区普通模数",
        "widthMeters": 54,
        "depthMeters": 38,
        "alignment": "分区街段基线",
        "streetGapMeters": 8,
        "roadSetbackMeters": 5,
        "houseNumber": 1,
        "doorPlate": "1号",
        "address": "学院桥头大道 1号",
        "layer": "buildings"
      },
      "geometry": {
        "type": "Polygon",
        "coordinates": [
          [
            [
              159,
              1265
            ],
            [
              213,
              1265
            ],
            [
              213,
              1303
            ],
            [
              159,
              1303
            ],
            [
              159,
              1265
            ]
          ]
        ]
      }
    },
    {
      "type": "Feature",
      "properties": {
        "id": "B-110",
        "name": "小型讲堂 37",
        "zone": "教学区",
        "frontageRoad": "R-NW",
        "description": "教学区的小型讲堂，按教学区普通模数统一规格并沿街坊基线对齐。",
        "footprint": 2052,
        "scaleClass": "普通建筑",
        "buildingType": "小型讲堂",
        "sizeSpec": "教学区普通模数",
        "widthMeters": 54,
        "depthMeters": 38,
        "alignment": "分区街段基线",
        "streetGapMeters": 8,
        "roadSetbackMeters": 5,
        "houseNumber": 2,
        "doorPlate": "2号",
        "address": "北部学府大道 2号",
        "layer": "buildings"
      },
      "geometry": {
        "type": "Polygon",
        "coordinates": [
          [
            [
              903,
              569
            ],
            [
              957,
              569
            ],
            [
              957,
              607
            ],
            [
              903,
              607
            ],
            [
              903,
              569
            ]
          ]
        ]
      }
    },
    {
      "type": "Feature",
      "properties": {
        "id": "B-111",
        "name": "实验准备楼 37",
        "zone": "教学区",
        "frontageRoad": "R-NW",
        "description": "教学区的实验准备楼，按教学区普通模数统一规格并沿街坊基线对齐。",
        "footprint": 2052,
        "scaleClass": "普通建筑",
        "buildingType": "实验准备楼",
        "sizeSpec": "教学区普通模数",
        "widthMeters": 54,
        "depthMeters": 38,
        "alignment": "分区街段基线",
        "streetGapMeters": 8,
        "roadSetbackMeters": 5,
        "houseNumber": 13,
        "doorPlate": "13号",
        "address": "北部学府大道 13号",
        "layer": "buildings"
      },
      "geometry": {
        "type": "Polygon",
        "coordinates": [
          [
            [
              1337,
              633
            ],
            [
              1391,
              633
            ],
            [
              1391,
              671
            ],
            [
              1337,
              671
            ],
            [
              1337,
              633
            ]
          ]
        ]
      }
    },
    {
      "type": "Feature",
      "properties": {
        "id": "B-112",
        "name": "标准生活街屋 1",
        "zone": "生活区",
        "frontageRoad": "R-W3",
        "description": "生活区的标准生活街屋，按生活区普通模数统一规格并沿街坊基线对齐。",
        "footprint": 1800,
        "scaleClass": "普通建筑",
        "buildingType": "标准生活街屋",
        "sizeSpec": "生活区普通模数",
        "widthMeters": 50,
        "depthMeters": 36,
        "alignment": "分区街段基线",
        "streetGapMeters": 8,
        "roadSetbackMeters": 5,
        "houseNumber": 15,
        "doorPlate": "15号",
        "address": "钟楼西路 15号",
        "layer": "buildings"
      },
      "geometry": {
        "type": "Polygon",
        "coordinates": [
          [
            [
              1110.5,
              1541
            ],
            [
              1110.5,
              1591
            ],
            [
              1074.5,
              1591
            ],
            [
              1074.5,
              1541
            ],
            [
              1110.5,
              1541
            ]
          ]
        ]
      }
    },
    {
      "type": "Feature",
      "properties": {
        "id": "B-113",
        "name": "学生宿舍 1",
        "zone": "生活区",
        "frontageRoad": "L-01",
        "description": "生活区的学生宿舍，按生活区普通模数统一规格并沿街坊基线对齐。",
        "footprint": 1800,
        "scaleClass": "普通建筑",
        "buildingType": "学生宿舍",
        "sizeSpec": "生活区普通模数",
        "widthMeters": 50,
        "depthMeters": 36,
        "alignment": "分区街段基线",
        "streetGapMeters": 8,
        "roadSetbackMeters": 5,
        "houseNumber": 17,
        "doorPlate": "17号",
        "address": "灯庭街 17号",
        "layer": "buildings"
      },
      "geometry": {
        "type": "Polygon",
        "coordinates": [
          [
            [
              961,
              1469
            ],
            [
              1011,
              1469
            ],
            [
              1011,
              1505
            ],
            [
              961,
              1505
            ],
            [
              961,
              1469
            ]
          ]
        ]
      }
    },
    {
      "type": "Feature",
      "properties": {
        "id": "B-114",
        "name": "家庭公寓 1",
        "zone": "生活区",
        "frontageRoad": "R-W3",
        "description": "生活区的家庭公寓，按生活区普通模数统一规格并沿街坊基线对齐。",
        "footprint": 1800,
        "scaleClass": "普通建筑",
        "buildingType": "家庭公寓",
        "sizeSpec": "生活区普通模数",
        "widthMeters": 50,
        "depthMeters": 36,
        "alignment": "分区街段基线",
        "streetGapMeters": 8,
        "roadSetbackMeters": 5,
        "houseNumber": 17,
        "doorPlate": "17号",
        "address": "钟楼西路 17号",
        "layer": "buildings"
      },
      "geometry": {
        "type": "Polygon",
        "coordinates": [
          [
            [
              1110.5,
              1599
            ],
            [
              1110.5,
              1649
            ],
            [
              1074.5,
              1649
            ],
            [
              1074.5,
              1599
            ],
            [
              1110.5,
              1599
            ]
          ]
        ]
      }
    },
    {
      "type": "Feature",
      "properties": {
        "id": "B-115",
        "name": "标准生活街屋 2",
        "zone": "生活区",
        "frontageRoad": "R-W3",
        "description": "生活区的标准生活街屋，按生活区普通模数统一规格并沿街坊基线对齐。",
        "footprint": 1800,
        "scaleClass": "普通建筑",
        "buildingType": "标准生活街屋",
        "sizeSpec": "生活区普通模数",
        "widthMeters": 50,
        "depthMeters": 36,
        "alignment": "分区街段基线",
        "streetGapMeters": 8,
        "roadSetbackMeters": 5,
        "houseNumber": 19,
        "doorPlate": "19号",
        "address": "钟楼西路 19号",
        "layer": "buildings"
      },
      "geometry": {
        "type": "Polygon",
        "coordinates": [
          [
            [
              1110.5,
              1657
            ],
            [
              1110.5,
              1707
            ],
            [
              1074.5,
              1707
            ],
            [
              1074.5,
              1657
            ],
            [
              1110.5,
              1657
            ]
          ]
        ]
      }
    },
    {
      "type": "Feature",
      "properties": {
        "id": "B-116",
        "name": "学生宿舍 2",
        "zone": "生活区",
        "frontageRoad": "R-W3",
        "description": "生活区的学生宿舍，按生活区普通模数统一规格并沿街坊基线对齐。",
        "footprint": 1800,
        "scaleClass": "普通建筑",
        "buildingType": "学生宿舍",
        "sizeSpec": "生活区普通模数",
        "widthMeters": 50,
        "depthMeters": 36,
        "alignment": "分区街段基线",
        "streetGapMeters": 8,
        "roadSetbackMeters": 5,
        "houseNumber": 20,
        "doorPlate": "20号",
        "address": "钟楼西路 20号",
        "layer": "buildings"
      },
      "geometry": {
        "type": "Polygon",
        "coordinates": [
          [
            [
              1165.5,
              1657
            ],
            [
              1165.5,
              1707
            ],
            [
              1129.5,
              1707
            ],
            [
              1129.5,
              1657
            ],
            [
              1165.5,
              1657
            ]
          ]
        ]
      }
    },
    {
      "type": "Feature",
      "properties": {
        "id": "B-117",
        "name": "家庭公寓 2",
        "zone": "生活区",
        "frontageRoad": "L-01",
        "description": "生活区的家庭公寓，按生活区普通模数统一规格并沿街坊基线对齐。",
        "footprint": 1800,
        "scaleClass": "普通建筑",
        "buildingType": "家庭公寓",
        "sizeSpec": "生活区普通模数",
        "widthMeters": 50,
        "depthMeters": 36,
        "alignment": "分区街段基线",
        "streetGapMeters": 8,
        "roadSetbackMeters": 5,
        "houseNumber": 15,
        "doorPlate": "15号",
        "address": "灯庭街 15号",
        "layer": "buildings"
      },
      "geometry": {
        "type": "Polygon",
        "coordinates": [
          [
            [
              845,
              1469
            ],
            [
              895,
              1469
            ],
            [
              895,
              1505
            ],
            [
              845,
              1505
            ],
            [
              845,
              1469
            ]
          ]
        ]
      }
    },
    {
      "type": "Feature",
      "properties": {
        "id": "B-118",
        "name": "标准生活街屋 3",
        "zone": "生活区",
        "frontageRoad": "R-W3",
        "description": "生活区的标准生活街屋，按生活区普通模数统一规格并沿街坊基线对齐。",
        "footprint": 1800,
        "scaleClass": "普通建筑",
        "buildingType": "标准生活街屋",
        "sizeSpec": "生活区普通模数",
        "widthMeters": 50,
        "depthMeters": 36,
        "alignment": "分区街段基线",
        "streetGapMeters": 8,
        "roadSetbackMeters": 5,
        "houseNumber": 18,
        "doorPlate": "18号",
        "address": "钟楼西路 18号",
        "layer": "buildings"
      },
      "geometry": {
        "type": "Polygon",
        "coordinates": [
          [
            [
              1165.5,
              1367
            ],
            [
              1165.5,
              1417
            ],
            [
              1129.5,
              1417
            ],
            [
              1129.5,
              1367
            ],
            [
              1165.5,
              1367
            ]
          ]
        ]
      }
    },
    {
      "type": "Feature",
      "properties": {
        "id": "B-119",
        "name": "学生宿舍 3",
        "zone": "生活区",
        "frontageRoad": "L-01",
        "description": "生活区的学生宿舍，按生活区普通模数统一规格并沿街坊基线对齐。",
        "footprint": 1800,
        "scaleClass": "普通建筑",
        "buildingType": "学生宿舍",
        "sizeSpec": "生活区普通模数",
        "widthMeters": 50,
        "depthMeters": 36,
        "alignment": "分区街段基线",
        "streetGapMeters": 8,
        "roadSetbackMeters": 5,
        "houseNumber": 18,
        "doorPlate": "18号",
        "address": "灯庭街 18号",
        "layer": "buildings"
      },
      "geometry": {
        "type": "Polygon",
        "coordinates": [
          [
            [
              845,
              1415
            ],
            [
              895,
              1415
            ],
            [
              895,
              1451
            ],
            [
              845,
              1451
            ],
            [
              845,
              1415
            ]
          ]
        ]
      }
    },
    {
      "type": "Feature",
      "properties": {
        "id": "B-120",
        "name": "家庭公寓 3",
        "zone": "生活区",
        "frontageRoad": "L-01",
        "description": "生活区的家庭公寓，按生活区普通模数统一规格并沿街坊基线对齐。",
        "footprint": 1800,
        "scaleClass": "普通建筑",
        "buildingType": "家庭公寓",
        "sizeSpec": "生活区普通模数",
        "widthMeters": 50,
        "depthMeters": 36,
        "alignment": "分区街段基线",
        "streetGapMeters": 8,
        "roadSetbackMeters": 5,
        "houseNumber": 13,
        "doorPlate": "13号",
        "address": "灯庭街 13号",
        "layer": "buildings"
      },
      "geometry": {
        "type": "Polygon",
        "coordinates": [
          [
            [
              787,
              1469
            ],
            [
              837,
              1469
            ],
            [
              837,
              1505
            ],
            [
              787,
              1505
            ],
            [
              787,
              1469
            ]
          ]
        ]
      }
    },
    {
      "type": "Feature",
      "properties": {
        "id": "B-121",
        "name": "标准生活街屋 4",
        "zone": "生活区",
        "frontageRoad": "L-01",
        "description": "生活区的标准生活街屋，按生活区普通模数统一规格并沿街坊基线对齐。",
        "footprint": 1800,
        "scaleClass": "普通建筑",
        "buildingType": "标准生活街屋",
        "sizeSpec": "生活区普通模数",
        "widthMeters": 50,
        "depthMeters": 36,
        "alignment": "分区街段基线",
        "streetGapMeters": 8,
        "roadSetbackMeters": 5,
        "houseNumber": 16,
        "doorPlate": "16号",
        "address": "灯庭街 16号",
        "layer": "buildings"
      },
      "geometry": {
        "type": "Polygon",
        "coordinates": [
          [
            [
              787,
              1415
            ],
            [
              837,
              1415
            ],
            [
              837,
              1451
            ],
            [
              787,
              1451
            ],
            [
              787,
              1415
            ]
          ]
        ]
      }
    },
    {
      "type": "Feature",
      "properties": {
        "id": "B-122",
        "name": "学生宿舍 4",
        "zone": "生活区",
        "frontageRoad": "R-W3",
        "description": "生活区的学生宿舍，按生活区普通模数统一规格并沿街坊基线对齐。",
        "footprint": 1800,
        "scaleClass": "普通建筑",
        "buildingType": "学生宿舍",
        "sizeSpec": "生活区普通模数",
        "widthMeters": 50,
        "depthMeters": 36,
        "alignment": "分区街段基线",
        "streetGapMeters": 8,
        "roadSetbackMeters": 5,
        "houseNumber": 22,
        "doorPlate": "22号",
        "address": "钟楼西路 22号",
        "layer": "buildings"
      },
      "geometry": {
        "type": "Polygon",
        "coordinates": [
          [
            [
              1165.5,
              1773
            ],
            [
              1165.5,
              1823
            ],
            [
              1129.5,
              1823
            ],
            [
              1129.5,
              1773
            ],
            [
              1165.5,
              1773
            ]
          ]
        ]
      }
    },
    {
      "type": "Feature",
      "properties": {
        "id": "B-123",
        "name": "家庭公寓 4",
        "zone": "生活区",
        "frontageRoad": "L-V2",
        "description": "生活区的家庭公寓，按生活区普通模数统一规格并沿街坊基线对齐。",
        "footprint": 1800,
        "scaleClass": "普通建筑",
        "buildingType": "家庭公寓",
        "sizeSpec": "生活区普通模数",
        "widthMeters": 50,
        "depthMeters": 36,
        "alignment": "分区街段基线",
        "streetGapMeters": 8,
        "roadSetbackMeters": 5,
        "houseNumber": 2,
        "doorPlate": "2号",
        "address": "生活中巷 2号",
        "layer": "buildings"
      },
      "geometry": {
        "type": "Polygon",
        "coordinates": [
          [
            [
              964.5,
              1541
            ],
            [
              964.5,
              1591
            ],
            [
              928.5,
              1591
            ],
            [
              928.5,
              1541
            ],
            [
              964.5,
              1541
            ]
          ]
        ]
      }
    },
    {
      "type": "Feature",
      "properties": {
        "id": "B-124",
        "name": "标准生活街屋 5",
        "zone": "生活区",
        "frontageRoad": "R-W3",
        "description": "生活区的标准生活街屋，按生活区普通模数统一规格并沿街坊基线对齐。",
        "footprint": 1800,
        "scaleClass": "普通建筑",
        "buildingType": "标准生活街屋",
        "sizeSpec": "生活区普通模数",
        "widthMeters": 50,
        "depthMeters": 36,
        "alignment": "分区街段基线",
        "streetGapMeters": 8,
        "roadSetbackMeters": 5,
        "houseNumber": 24,
        "doorPlate": "24号",
        "address": "钟楼西路 24号",
        "layer": "buildings"
      },
      "geometry": {
        "type": "Polygon",
        "coordinates": [
          [
            [
              1165.5,
              1831
            ],
            [
              1165.5,
              1881
            ],
            [
              1129.5,
              1881
            ],
            [
              1129.5,
              1831
            ],
            [
              1165.5,
              1831
            ]
          ]
        ]
      }
    },
    {
      "type": "Feature",
      "properties": {
        "id": "B-125",
        "name": "学生宿舍 5",
        "zone": "生活区",
        "frontageRoad": "L-V2",
        "description": "生活区的学生宿舍，按生活区普通模数统一规格并沿街坊基线对齐。",
        "footprint": 1800,
        "scaleClass": "普通建筑",
        "buildingType": "学生宿舍",
        "sizeSpec": "生活区普通模数",
        "widthMeters": 50,
        "depthMeters": 36,
        "alignment": "分区街段基线",
        "streetGapMeters": 8,
        "roadSetbackMeters": 5,
        "houseNumber": 4,
        "doorPlate": "4号",
        "address": "生活中巷 4号",
        "layer": "buildings"
      },
      "geometry": {
        "type": "Polygon",
        "coordinates": [
          [
            [
              964.5,
              1599
            ],
            [
              964.5,
              1649
            ],
            [
              928.5,
              1649
            ],
            [
              928.5,
              1599
            ],
            [
              964.5,
              1599
            ]
          ]
        ]
      }
    },
    {
      "type": "Feature",
      "properties": {
        "id": "B-126",
        "name": "家庭公寓 5",
        "zone": "生活区",
        "frontageRoad": "L-01",
        "description": "生活区的家庭公寓，按生活区普通模数统一规格并沿街坊基线对齐。",
        "footprint": 1800,
        "scaleClass": "普通建筑",
        "buildingType": "家庭公寓",
        "sizeSpec": "生活区普通模数",
        "widthMeters": 50,
        "depthMeters": 36,
        "alignment": "分区街段基线",
        "streetGapMeters": 8,
        "roadSetbackMeters": 5,
        "houseNumber": 11,
        "doorPlate": "11号",
        "address": "灯庭街 11号",
        "layer": "buildings"
      },
      "geometry": {
        "type": "Polygon",
        "coordinates": [
          [
            [
              671,
              1469
            ],
            [
              721,
              1469
            ],
            [
              721,
              1505
            ],
            [
              671,
              1505
            ],
            [
              671,
              1469
            ]
          ]
        ]
      }
    },
    {
      "type": "Feature",
      "properties": {
        "id": "B-127",
        "name": "标准生活街屋 6",
        "zone": "生活区",
        "frontageRoad": "L-01",
        "description": "生活区的标准生活街屋，按生活区普通模数统一规格并沿街坊基线对齐。",
        "footprint": 1800,
        "scaleClass": "普通建筑",
        "buildingType": "标准生活街屋",
        "sizeSpec": "生活区普通模数",
        "widthMeters": 50,
        "depthMeters": 36,
        "alignment": "分区街段基线",
        "streetGapMeters": 8,
        "roadSetbackMeters": 5,
        "houseNumber": 14,
        "doorPlate": "14号",
        "address": "灯庭街 14号",
        "layer": "buildings"
      },
      "geometry": {
        "type": "Polygon",
        "coordinates": [
          [
            [
              671,
              1415
            ],
            [
              721,
              1415
            ],
            [
              721,
              1451
            ],
            [
              671,
              1451
            ],
            [
              671,
              1415
            ]
          ]
        ]
      }
    },
    {
      "type": "Feature",
      "properties": {
        "id": "B-128",
        "name": "学生宿舍 6",
        "zone": "生活区",
        "frontageRoad": "L-V2",
        "description": "生活区的学生宿舍，按生活区普通模数统一规格并沿街坊基线对齐。",
        "footprint": 1800,
        "scaleClass": "普通建筑",
        "buildingType": "学生宿舍",
        "sizeSpec": "生活区普通模数",
        "widthMeters": 50,
        "depthMeters": 36,
        "alignment": "分区街段基线",
        "streetGapMeters": 8,
        "roadSetbackMeters": 5,
        "houseNumber": 1,
        "doorPlate": "1号",
        "address": "生活中巷 1号",
        "layer": "buildings"
      },
      "geometry": {
        "type": "Polygon",
        "coordinates": [
          [
            [
              911.5,
              1541
            ],
            [
              911.5,
              1591
            ],
            [
              875.5,
              1591
            ],
            [
              875.5,
              1541
            ],
            [
              911.5,
              1541
            ]
          ]
        ]
      }
    },
    {
      "type": "Feature",
      "properties": {
        "id": "B-129",
        "name": "家庭公寓 6",
        "zone": "生活区",
        "frontageRoad": "L-V2",
        "description": "生活区的家庭公寓，按生活区普通模数统一规格并沿街坊基线对齐。",
        "footprint": 1800,
        "scaleClass": "普通建筑",
        "buildingType": "家庭公寓",
        "sizeSpec": "生活区普通模数",
        "widthMeters": 50,
        "depthMeters": 36,
        "alignment": "分区街段基线",
        "streetGapMeters": 8,
        "roadSetbackMeters": 5,
        "houseNumber": 6,
        "doorPlate": "6号",
        "address": "生活中巷 6号",
        "layer": "buildings"
      },
      "geometry": {
        "type": "Polygon",
        "coordinates": [
          [
            [
              964.5,
              1657
            ],
            [
              964.5,
              1707
            ],
            [
              928.5,
              1707
            ],
            [
              928.5,
              1657
            ],
            [
              964.5,
              1657
            ]
          ]
        ]
      }
    },
    {
      "type": "Feature",
      "properties": {
        "id": "B-130",
        "name": "标准生活街屋 7",
        "zone": "生活区",
        "frontageRoad": "L-V2",
        "description": "生活区的标准生活街屋，按生活区普通模数统一规格并沿街坊基线对齐。",
        "footprint": 1800,
        "scaleClass": "普通建筑",
        "buildingType": "标准生活街屋",
        "sizeSpec": "生活区普通模数",
        "widthMeters": 50,
        "depthMeters": 36,
        "alignment": "分区街段基线",
        "streetGapMeters": 8,
        "roadSetbackMeters": 5,
        "houseNumber": 3,
        "doorPlate": "3号",
        "address": "生活中巷 3号",
        "layer": "buildings"
      },
      "geometry": {
        "type": "Polygon",
        "coordinates": [
          [
            [
              911.5,
              1599
            ],
            [
              911.5,
              1649
            ],
            [
              875.5,
              1649
            ],
            [
              875.5,
              1599
            ],
            [
              911.5,
              1599
            ]
          ]
        ]
      }
    },
    {
      "type": "Feature",
      "properties": {
        "id": "B-131",
        "name": "学生宿舍 7",
        "zone": "生活区",
        "frontageRoad": "L-02",
        "description": "生活区的学生宿舍，按生活区普通模数统一规格并沿街坊基线对齐。",
        "footprint": 1800,
        "scaleClass": "普通建筑",
        "buildingType": "学生宿舍",
        "sizeSpec": "生活区普通模数",
        "widthMeters": 50,
        "depthMeters": 36,
        "alignment": "分区街段基线",
        "streetGapMeters": 8,
        "roadSetbackMeters": 5,
        "houseNumber": 20,
        "doorPlate": "20号",
        "address": "宿舍街 20号",
        "layer": "buildings"
      },
      "geometry": {
        "type": "Polygon",
        "coordinates": [
          [
            [
              1019,
              1715
            ],
            [
              1069,
              1715
            ],
            [
              1069,
              1751
            ],
            [
              1019,
              1751
            ],
            [
              1019,
              1715
            ]
          ]
        ]
      }
    },
    {
      "type": "Feature",
      "properties": {
        "id": "B-132",
        "name": "家庭公寓 7",
        "zone": "生活区",
        "frontageRoad": "L-02",
        "description": "生活区的家庭公寓，按生活区普通模数统一规格并沿街坊基线对齐。",
        "footprint": 1800,
        "scaleClass": "普通建筑",
        "buildingType": "家庭公寓",
        "sizeSpec": "生活区普通模数",
        "widthMeters": 50,
        "depthMeters": 36,
        "alignment": "分区街段基线",
        "streetGapMeters": 8,
        "roadSetbackMeters": 5,
        "houseNumber": 18,
        "doorPlate": "18号",
        "address": "宿舍街 18号",
        "layer": "buildings"
      },
      "geometry": {
        "type": "Polygon",
        "coordinates": [
          [
            [
              961,
              1715
            ],
            [
              1011,
              1715
            ],
            [
              1011,
              1751
            ],
            [
              961,
              1751
            ],
            [
              961,
              1715
            ]
          ]
        ]
      }
    },
    {
      "type": "Feature",
      "properties": {
        "id": "B-133",
        "name": "标准生活街屋 8",
        "zone": "生活区",
        "frontageRoad": "L-V2",
        "description": "生活区的标准生活街屋，按生活区普通模数统一规格并沿街坊基线对齐。",
        "footprint": 1800,
        "scaleClass": "普通建筑",
        "buildingType": "标准生活街屋",
        "sizeSpec": "生活区普通模数",
        "widthMeters": 50,
        "depthMeters": 36,
        "alignment": "分区街段基线",
        "streetGapMeters": 8,
        "roadSetbackMeters": 5,
        "houseNumber": 5,
        "doorPlate": "5号",
        "address": "生活中巷 5号",
        "layer": "buildings"
      },
      "geometry": {
        "type": "Polygon",
        "coordinates": [
          [
            [
              911.5,
              1657
            ],
            [
              911.5,
              1707
            ],
            [
              875.5,
              1707
            ],
            [
              875.5,
              1657
            ],
            [
              911.5,
              1657
            ]
          ]
        ]
      }
    },
    {
      "type": "Feature",
      "properties": {
        "id": "B-134",
        "name": "学生宿舍 8",
        "zone": "生活区",
        "frontageRoad": "R-W3",
        "description": "生活区的学生宿舍，按生活区普通模数统一规格并沿街坊基线对齐。",
        "footprint": 1800,
        "scaleClass": "普通建筑",
        "buildingType": "学生宿舍",
        "sizeSpec": "生活区普通模数",
        "widthMeters": 50,
        "depthMeters": 36,
        "alignment": "分区街段基线",
        "streetGapMeters": 8,
        "roadSetbackMeters": 5,
        "houseNumber": 21,
        "doorPlate": "21号",
        "address": "钟楼西路 21号",
        "layer": "buildings"
      },
      "geometry": {
        "type": "Polygon",
        "coordinates": [
          [
            [
              1110.5,
              1947
            ],
            [
              1110.5,
              1997
            ],
            [
              1074.5,
              1997
            ],
            [
              1074.5,
              1947
            ],
            [
              1110.5,
              1947
            ]
          ]
        ]
      }
    },
    {
      "type": "Feature",
      "properties": {
        "id": "B-135",
        "name": "家庭公寓 8",
        "zone": "生活区",
        "frontageRoad": "R-W3",
        "description": "生活区的家庭公寓，按生活区普通模数统一规格并沿街坊基线对齐。",
        "footprint": 1800,
        "scaleClass": "普通建筑",
        "buildingType": "家庭公寓",
        "sizeSpec": "生活区普通模数",
        "widthMeters": 50,
        "depthMeters": 36,
        "alignment": "分区街段基线",
        "streetGapMeters": 8,
        "roadSetbackMeters": 5,
        "houseNumber": 26,
        "doorPlate": "26号",
        "address": "钟楼西路 26号",
        "layer": "buildings"
      },
      "geometry": {
        "type": "Polygon",
        "coordinates": [
          [
            [
              1165.5,
              1947
            ],
            [
              1165.5,
              1997
            ],
            [
              1129.5,
              1997
            ],
            [
              1129.5,
              1947
            ],
            [
              1165.5,
              1947
            ]
          ]
        ]
      }
    },
    {
      "type": "Feature",
      "properties": {
        "id": "B-136",
        "name": "标准生活街屋 9",
        "zone": "生活区",
        "frontageRoad": "L-V3",
        "description": "生活区的标准生活街屋，按生活区普通模数统一规格并沿街坊基线对齐。",
        "footprint": 1800,
        "scaleClass": "普通建筑",
        "buildingType": "标准生活街屋",
        "sizeSpec": "生活区普通模数",
        "widthMeters": 50,
        "depthMeters": 36,
        "alignment": "分区街段基线",
        "streetGapMeters": 8,
        "roadSetbackMeters": 5,
        "houseNumber": 3,
        "doorPlate": "3号",
        "address": "河岸生活巷 3号",
        "layer": "buildings"
      },
      "geometry": {
        "type": "Polygon",
        "coordinates": [
          [
            [
              1251.5,
              1657
            ],
            [
              1251.5,
              1707
            ],
            [
              1215.5,
              1707
            ],
            [
              1215.5,
              1657
            ],
            [
              1251.5,
              1657
            ]
          ]
        ]
      }
    },
    {
      "type": "Feature",
      "properties": {
        "id": "B-137",
        "name": "学生宿舍 9",
        "zone": "生活区",
        "frontageRoad": "L-02",
        "description": "生活区的学生宿舍，按生活区普通模数统一规格并沿街坊基线对齐。",
        "footprint": 1800,
        "scaleClass": "普通建筑",
        "buildingType": "学生宿舍",
        "sizeSpec": "生活区普通模数",
        "widthMeters": 50,
        "depthMeters": 36,
        "alignment": "分区街段基线",
        "streetGapMeters": 8,
        "roadSetbackMeters": 5,
        "houseNumber": 15,
        "doorPlate": "15号",
        "address": "宿舍街 15号",
        "layer": "buildings"
      },
      "geometry": {
        "type": "Polygon",
        "coordinates": [
          [
            [
              961,
              1769
            ],
            [
              1011,
              1769
            ],
            [
              1011,
              1805
            ],
            [
              961,
              1805
            ],
            [
              961,
              1769
            ]
          ]
        ]
      }
    },
    {
      "type": "Feature",
      "properties": {
        "id": "B-138",
        "name": "家庭公寓 9",
        "zone": "生活区",
        "frontageRoad": "L-02",
        "description": "生活区的家庭公寓，按生活区普通模数统一规格并沿街坊基线对齐。",
        "footprint": 1800,
        "scaleClass": "普通建筑",
        "buildingType": "家庭公寓",
        "sizeSpec": "生活区普通模数",
        "widthMeters": 50,
        "depthMeters": 36,
        "alignment": "分区街段基线",
        "streetGapMeters": 8,
        "roadSetbackMeters": 5,
        "houseNumber": 16,
        "doorPlate": "16号",
        "address": "宿舍街 16号",
        "layer": "buildings"
      },
      "geometry": {
        "type": "Polygon",
        "coordinates": [
          [
            [
              845,
              1715
            ],
            [
              895,
              1715
            ],
            [
              895,
              1751
            ],
            [
              845,
              1751
            ],
            [
              845,
              1715
            ]
          ]
        ]
      }
    },
    {
      "type": "Feature",
      "properties": {
        "id": "B-139",
        "name": "标准生活街屋 10",
        "zone": "生活区",
        "frontageRoad": "L-V2",
        "description": "生活区的标准生活街屋，按生活区普通模数统一规格并沿街坊基线对齐。",
        "footprint": 1800,
        "scaleClass": "普通建筑",
        "buildingType": "标准生活街屋",
        "sizeSpec": "生活区普通模数",
        "widthMeters": 50,
        "depthMeters": 36,
        "alignment": "分区街段基线",
        "streetGapMeters": 8,
        "roadSetbackMeters": 5,
        "houseNumber": 7,
        "doorPlate": "7号",
        "address": "生活中巷 7号",
        "layer": "buildings"
      },
      "geometry": {
        "type": "Polygon",
        "coordinates": [
          [
            [
              911.5,
              1773
            ],
            [
              911.5,
              1823
            ],
            [
              875.5,
              1823
            ],
            [
              875.5,
              1773
            ],
            [
              911.5,
              1773
            ]
          ]
        ]
      }
    },
    {
      "type": "Feature",
      "properties": {
        "id": "B-140",
        "name": "学生宿舍 10",
        "zone": "生活区",
        "frontageRoad": "L-02",
        "description": "生活区的学生宿舍，按生活区普通模数统一规格并沿街坊基线对齐。",
        "footprint": 1800,
        "scaleClass": "普通建筑",
        "buildingType": "学生宿舍",
        "sizeSpec": "生活区普通模数",
        "widthMeters": 50,
        "depthMeters": 36,
        "alignment": "分区街段基线",
        "streetGapMeters": 8,
        "roadSetbackMeters": 5,
        "houseNumber": 14,
        "doorPlate": "14号",
        "address": "宿舍街 14号",
        "layer": "buildings"
      },
      "geometry": {
        "type": "Polygon",
        "coordinates": [
          [
            [
              787,
              1715
            ],
            [
              837,
              1715
            ],
            [
              837,
              1751
            ],
            [
              787,
              1751
            ],
            [
              787,
              1715
            ]
          ]
        ]
      }
    },
    {
      "type": "Feature",
      "properties": {
        "id": "B-141",
        "name": "家庭公寓 10",
        "zone": "生活区",
        "frontageRoad": "L-V3",
        "description": "生活区的家庭公寓，按生活区普通模数统一规格并沿街坊基线对齐。",
        "footprint": 1800,
        "scaleClass": "普通建筑",
        "buildingType": "家庭公寓",
        "sizeSpec": "生活区普通模数",
        "widthMeters": 50,
        "depthMeters": 36,
        "alignment": "分区街段基线",
        "streetGapMeters": 8,
        "roadSetbackMeters": 5,
        "houseNumber": 5,
        "doorPlate": "5号",
        "address": "河岸生活巷 5号",
        "layer": "buildings"
      },
      "geometry": {
        "type": "Polygon",
        "coordinates": [
          [
            [
              1251.5,
              1773
            ],
            [
              1251.5,
              1823
            ],
            [
              1215.5,
              1823
            ],
            [
              1215.5,
              1773
            ],
            [
              1251.5,
              1773
            ]
          ]
        ]
      }
    },
    {
      "type": "Feature",
      "properties": {
        "id": "B-142",
        "name": "标准生活街屋 11",
        "zone": "生活区",
        "frontageRoad": "R-W3",
        "description": "生活区的标准生活街屋，按生活区普通模数统一规格并沿街坊基线对齐。",
        "footprint": 1800,
        "scaleClass": "普通建筑",
        "buildingType": "标准生活街屋",
        "sizeSpec": "生活区普通模数",
        "widthMeters": 50,
        "depthMeters": 36,
        "alignment": "分区街段基线",
        "streetGapMeters": 8,
        "roadSetbackMeters": 5,
        "houseNumber": 23,
        "doorPlate": "23号",
        "address": "钟楼西路 23号",
        "layer": "buildings"
      },
      "geometry": {
        "type": "Polygon",
        "coordinates": [
          [
            [
              1110.5,
              2063
            ],
            [
              1110.5,
              2113
            ],
            [
              1074.5,
              2113
            ],
            [
              1074.5,
              2063
            ],
            [
              1110.5,
              2063
            ]
          ]
        ]
      }
    },
    {
      "type": "Feature",
      "properties": {
        "id": "B-143",
        "name": "学生宿舍 11",
        "zone": "生活区",
        "frontageRoad": "R-W3",
        "description": "生活区的学生宿舍，按生活区普通模数统一规格并沿街坊基线对齐。",
        "footprint": 1800,
        "scaleClass": "普通建筑",
        "buildingType": "学生宿舍",
        "sizeSpec": "生活区普通模数",
        "widthMeters": 50,
        "depthMeters": 36,
        "alignment": "分区街段基线",
        "streetGapMeters": 8,
        "roadSetbackMeters": 5,
        "houseNumber": 28,
        "doorPlate": "28号",
        "address": "钟楼西路 28号",
        "layer": "buildings"
      },
      "geometry": {
        "type": "Polygon",
        "coordinates": [
          [
            [
              1165.5,
              2063
            ],
            [
              1165.5,
              2113
            ],
            [
              1129.5,
              2113
            ],
            [
              1129.5,
              2063
            ],
            [
              1165.5,
              2063
            ]
          ]
        ]
      }
    },
    {
      "type": "Feature",
      "properties": {
        "id": "B-144",
        "name": "家庭公寓 11",
        "zone": "生活区",
        "frontageRoad": "L-V3",
        "description": "生活区的家庭公寓，按生活区普通模数统一规格并沿街坊基线对齐。",
        "footprint": 1800,
        "scaleClass": "普通建筑",
        "buildingType": "家庭公寓",
        "sizeSpec": "生活区普通模数",
        "widthMeters": 50,
        "depthMeters": 36,
        "alignment": "分区街段基线",
        "streetGapMeters": 8,
        "roadSetbackMeters": 5,
        "houseNumber": 2,
        "doorPlate": "2号",
        "address": "河岸生活巷 2号",
        "layer": "buildings"
      },
      "geometry": {
        "type": "Polygon",
        "coordinates": [
          [
            [
              1304.5,
              1773
            ],
            [
              1304.5,
              1823
            ],
            [
              1268.5,
              1823
            ],
            [
              1268.5,
              1773
            ],
            [
              1304.5,
              1773
            ]
          ]
        ]
      }
    },
    {
      "type": "Feature",
      "properties": {
        "id": "B-145",
        "name": "标准生活街屋 12",
        "zone": "生活区",
        "frontageRoad": "L-01",
        "description": "生活区的标准生活街屋，按生活区普通模数统一规格并沿街坊基线对齐。",
        "footprint": 1800,
        "scaleClass": "普通建筑",
        "buildingType": "标准生活街屋",
        "sizeSpec": "生活区普通模数",
        "widthMeters": 50,
        "depthMeters": 36,
        "alignment": "分区街段基线",
        "streetGapMeters": 8,
        "roadSetbackMeters": 5,
        "houseNumber": 9,
        "doorPlate": "9号",
        "address": "灯庭街 9号",
        "layer": "buildings"
      },
      "geometry": {
        "type": "Polygon",
        "coordinates": [
          [
            [
              439,
              1469
            ],
            [
              489,
              1469
            ],
            [
              489,
              1505
            ],
            [
              439,
              1505
            ],
            [
              439,
              1469
            ]
          ]
        ]
      }
    },
    {
      "type": "Feature",
      "properties": {
        "id": "B-146",
        "name": "学生宿舍 12",
        "zone": "生活区",
        "frontageRoad": "L-V3",
        "description": "生活区的学生宿舍，按生活区普通模数统一规格并沿街坊基线对齐。",
        "footprint": 1800,
        "scaleClass": "普通建筑",
        "buildingType": "学生宿舍",
        "sizeSpec": "生活区普通模数",
        "widthMeters": 50,
        "depthMeters": 36,
        "alignment": "分区街段基线",
        "streetGapMeters": 8,
        "roadSetbackMeters": 5,
        "houseNumber": 7,
        "doorPlate": "7号",
        "address": "河岸生活巷 7号",
        "layer": "buildings"
      },
      "geometry": {
        "type": "Polygon",
        "coordinates": [
          [
            [
              1251.5,
              1831
            ],
            [
              1251.5,
              1881
            ],
            [
              1215.5,
              1881
            ],
            [
              1215.5,
              1831
            ],
            [
              1251.5,
              1831
            ]
          ]
        ]
      }
    },
    {
      "type": "Feature",
      "properties": {
        "id": "B-147",
        "name": "家庭公寓 12",
        "zone": "生活区",
        "frontageRoad": "L-01",
        "description": "生活区的家庭公寓，按生活区普通模数统一规格并沿街坊基线对齐。",
        "footprint": 1800,
        "scaleClass": "普通建筑",
        "buildingType": "家庭公寓",
        "sizeSpec": "生活区普通模数",
        "widthMeters": 50,
        "depthMeters": 36,
        "alignment": "分区街段基线",
        "streetGapMeters": 8,
        "roadSetbackMeters": 5,
        "houseNumber": 12,
        "doorPlate": "12号",
        "address": "灯庭街 12号",
        "layer": "buildings"
      },
      "geometry": {
        "type": "Polygon",
        "coordinates": [
          [
            [
              439,
              1415
            ],
            [
              489,
              1415
            ],
            [
              489,
              1451
            ],
            [
              439,
              1451
            ],
            [
              439,
              1415
            ]
          ]
        ]
      }
    },
    {
      "type": "Feature",
      "properties": {
        "id": "B-148",
        "name": "标准生活街屋 13",
        "zone": "生活区",
        "frontageRoad": "L-04",
        "description": "生活区的标准生活街屋，按生活区普通模数统一规格并沿街坊基线对齐。",
        "footprint": 1800,
        "scaleClass": "普通建筑",
        "buildingType": "标准生活街屋",
        "sizeSpec": "生活区普通模数",
        "widthMeters": 50,
        "depthMeters": 36,
        "alignment": "分区街段基线",
        "streetGapMeters": 8,
        "roadSetbackMeters": 5,
        "houseNumber": 17,
        "doorPlate": "17号",
        "address": "生活南街 17号",
        "layer": "buildings"
      },
      "geometry": {
        "type": "Polygon",
        "coordinates": [
          [
            [
              1019,
              1908.5
            ],
            [
              1069,
              1908.5
            ],
            [
              1069,
              1944.5
            ],
            [
              1019,
              1944.5
            ],
            [
              1019,
              1908.5
            ]
          ]
        ]
      }
    },
    {
      "type": "Feature",
      "properties": {
        "id": "B-149",
        "name": "学生宿舍 13",
        "zone": "生活区",
        "frontageRoad": "R-W3",
        "description": "生活区的学生宿舍，按生活区普通模数统一规格并沿街坊基线对齐。",
        "footprint": 1800,
        "scaleClass": "普通建筑",
        "buildingType": "学生宿舍",
        "sizeSpec": "生活区普通模数",
        "widthMeters": 50,
        "depthMeters": 36,
        "alignment": "分区街段基线",
        "streetGapMeters": 8,
        "roadSetbackMeters": 5,
        "houseNumber": 25,
        "doorPlate": "25号",
        "address": "钟楼西路 25号",
        "layer": "buildings"
      },
      "geometry": {
        "type": "Polygon",
        "coordinates": [
          [
            [
              1110.5,
              2121
            ],
            [
              1110.5,
              2171
            ],
            [
              1074.5,
              2171
            ],
            [
              1074.5,
              2121
            ],
            [
              1110.5,
              2121
            ]
          ]
        ]
      }
    },
    {
      "type": "Feature",
      "properties": {
        "id": "B-150",
        "name": "家庭公寓 13",
        "zone": "生活区",
        "frontageRoad": "R-W3",
        "description": "生活区的家庭公寓，按生活区普通模数统一规格并沿街坊基线对齐。",
        "footprint": 1800,
        "scaleClass": "普通建筑",
        "buildingType": "家庭公寓",
        "sizeSpec": "生活区普通模数",
        "widthMeters": 50,
        "depthMeters": 36,
        "alignment": "分区街段基线",
        "streetGapMeters": 8,
        "roadSetbackMeters": 5,
        "houseNumber": 30,
        "doorPlate": "30号",
        "address": "钟楼西路 30号",
        "layer": "buildings"
      },
      "geometry": {
        "type": "Polygon",
        "coordinates": [
          [
            [
              1165.5,
              2121
            ],
            [
              1165.5,
              2171
            ],
            [
              1129.5,
              2171
            ],
            [
              1129.5,
              2121
            ],
            [
              1165.5,
              2121
            ]
          ]
        ]
      }
    },
    {
      "type": "Feature",
      "properties": {
        "id": "B-151",
        "name": "标准生活街屋 14",
        "zone": "生活区",
        "frontageRoad": "L-02",
        "description": "生活区的标准生活街屋，按生活区普通模数统一规格并沿街坊基线对齐。",
        "footprint": 1800,
        "scaleClass": "普通建筑",
        "buildingType": "标准生活街屋",
        "sizeSpec": "生活区普通模数",
        "widthMeters": 50,
        "depthMeters": 36,
        "alignment": "分区街段基线",
        "streetGapMeters": 8,
        "roadSetbackMeters": 5,
        "houseNumber": 12,
        "doorPlate": "12号",
        "address": "宿舍街 12号",
        "layer": "buildings"
      },
      "geometry": {
        "type": "Polygon",
        "coordinates": [
          [
            [
              671,
              1715
            ],
            [
              721,
              1715
            ],
            [
              721,
              1751
            ],
            [
              671,
              1751
            ],
            [
              671,
              1715
            ]
          ]
        ]
      }
    },
    {
      "type": "Feature",
      "properties": {
        "id": "B-152",
        "name": "学生宿舍 14",
        "zone": "生活区",
        "frontageRoad": "L-V3",
        "description": "生活区的学生宿舍，按生活区普通模数统一规格并沿街坊基线对齐。",
        "footprint": 1800,
        "scaleClass": "普通建筑",
        "buildingType": "学生宿舍",
        "sizeSpec": "生活区普通模数",
        "widthMeters": 50,
        "depthMeters": 36,
        "alignment": "分区街段基线",
        "streetGapMeters": 8,
        "roadSetbackMeters": 5,
        "houseNumber": 4,
        "doorPlate": "4号",
        "address": "河岸生活巷 4号",
        "layer": "buildings"
      },
      "geometry": {
        "type": "Polygon",
        "coordinates": [
          [
            [
              1304.5,
              1831
            ],
            [
              1304.5,
              1881
            ],
            [
              1268.5,
              1881
            ],
            [
              1268.5,
              1831
            ],
            [
              1304.5,
              1831
            ]
          ]
        ]
      }
    },
    {
      "type": "Feature",
      "properties": {
        "id": "B-153",
        "name": "家庭公寓 14",
        "zone": "生活区",
        "frontageRoad": "L-04",
        "description": "生活区的家庭公寓，按生活区普通模数统一规格并沿街坊基线对齐。",
        "footprint": 1800,
        "scaleClass": "普通建筑",
        "buildingType": "家庭公寓",
        "sizeSpec": "生活区普通模数",
        "widthMeters": 50,
        "depthMeters": 36,
        "alignment": "分区街段基线",
        "streetGapMeters": 8,
        "roadSetbackMeters": 5,
        "houseNumber": 19,
        "doorPlate": "19号",
        "address": "生活南街 19号",
        "layer": "buildings"
      },
      "geometry": {
        "type": "Polygon",
        "coordinates": [
          [
            [
              1135,
              1908.5
            ],
            [
              1185,
              1908.5
            ],
            [
              1185,
              1944.5
            ],
            [
              1135,
              1944.5
            ],
            [
              1135,
              1908.5
            ]
          ]
        ]
      }
    },
    {
      "type": "Feature",
      "properties": {
        "id": "B-154",
        "name": "标准生活街屋 15",
        "zone": "生活区",
        "frontageRoad": "L-04",
        "description": "生活区的标准生活街屋，按生活区普通模数统一规格并沿街坊基线对齐。",
        "footprint": 1800,
        "scaleClass": "普通建筑",
        "buildingType": "标准生活街屋",
        "sizeSpec": "生活区普通模数",
        "widthMeters": 50,
        "depthMeters": 36,
        "alignment": "分区街段基线",
        "streetGapMeters": 8,
        "roadSetbackMeters": 5,
        "houseNumber": 13,
        "doorPlate": "13号",
        "address": "生活南街 13号",
        "layer": "buildings"
      },
      "geometry": {
        "type": "Polygon",
        "coordinates": [
          [
            [
              845,
              1908.5
            ],
            [
              895,
              1908.5
            ],
            [
              895,
              1944.5
            ],
            [
              845,
              1944.5
            ],
            [
              845,
              1908.5
            ]
          ]
        ]
      }
    },
    {
      "type": "Feature",
      "properties": {
        "id": "B-155",
        "name": "学生宿舍 15",
        "zone": "生活区",
        "frontageRoad": "L-04",
        "description": "生活区的学生宿舍，按生活区普通模数统一规格并沿街坊基线对齐。",
        "footprint": 1800,
        "scaleClass": "普通建筑",
        "buildingType": "学生宿舍",
        "sizeSpec": "生活区普通模数",
        "widthMeters": 50,
        "depthMeters": 36,
        "alignment": "分区街段基线",
        "streetGapMeters": 8,
        "roadSetbackMeters": 5,
        "houseNumber": 21,
        "doorPlate": "21号",
        "address": "生活南街 21号",
        "layer": "buildings"
      },
      "geometry": {
        "type": "Polygon",
        "coordinates": [
          [
            [
              1193,
              1908.5
            ],
            [
              1243,
              1908.5
            ],
            [
              1243,
              1944.5
            ],
            [
              1193,
              1944.5
            ],
            [
              1193,
              1908.5
            ]
          ]
        ]
      }
    },
    {
      "type": "Feature",
      "properties": {
        "id": "B-156",
        "name": "家庭公寓 15",
        "zone": "生活区",
        "frontageRoad": "L-01",
        "description": "生活区的家庭公寓，按生活区普通模数统一规格并沿街坊基线对齐。",
        "footprint": 1800,
        "scaleClass": "普通建筑",
        "buildingType": "家庭公寓",
        "sizeSpec": "生活区普通模数",
        "widthMeters": 50,
        "depthMeters": 36,
        "alignment": "分区街段基线",
        "streetGapMeters": 8,
        "roadSetbackMeters": 5,
        "houseNumber": 7,
        "doorPlate": "7号",
        "address": "灯庭街 7号",
        "layer": "buildings"
      },
      "geometry": {
        "type": "Polygon",
        "coordinates": [
          [
            [
              381,
              1469
            ],
            [
              431,
              1469
            ],
            [
              431,
              1505
            ],
            [
              381,
              1505
            ],
            [
              381,
              1469
            ]
          ]
        ]
      }
    },
    {
      "type": "Feature",
      "properties": {
        "id": "B-157",
        "name": "标准生活街屋 16",
        "zone": "生活区",
        "frontageRoad": "L-02",
        "description": "生活区的标准生活街屋，按生活区普通模数统一规格并沿街坊基线对齐。",
        "footprint": 1800,
        "scaleClass": "普通建筑",
        "buildingType": "标准生活街屋",
        "sizeSpec": "生活区普通模数",
        "widthMeters": 50,
        "depthMeters": 36,
        "alignment": "分区街段基线",
        "streetGapMeters": 8,
        "roadSetbackMeters": 5,
        "houseNumber": 11,
        "doorPlate": "11号",
        "address": "宿舍街 11号",
        "layer": "buildings"
      },
      "geometry": {
        "type": "Polygon",
        "coordinates": [
          [
            [
              671,
              1769
            ],
            [
              721,
              1769
            ],
            [
              721,
              1805
            ],
            [
              671,
              1805
            ],
            [
              671,
              1769
            ]
          ]
        ]
      }
    },
    {
      "type": "Feature",
      "properties": {
        "id": "B-158",
        "name": "学生宿舍 16",
        "zone": "生活区",
        "frontageRoad": "L-01",
        "description": "生活区的学生宿舍，按生活区普通模数统一规格并沿街坊基线对齐。",
        "footprint": 1800,
        "scaleClass": "普通建筑",
        "buildingType": "学生宿舍",
        "sizeSpec": "生活区普通模数",
        "widthMeters": 50,
        "depthMeters": 36,
        "alignment": "分区街段基线",
        "streetGapMeters": 8,
        "roadSetbackMeters": 5,
        "houseNumber": 10,
        "doorPlate": "10号",
        "address": "灯庭街 10号",
        "layer": "buildings"
      },
      "geometry": {
        "type": "Polygon",
        "coordinates": [
          [
            [
              381,
              1415
            ],
            [
              431,
              1415
            ],
            [
              431,
              1451
            ],
            [
              381,
              1451
            ],
            [
              381,
              1415
            ]
          ]
        ]
      }
    },
    {
      "type": "Feature",
      "properties": {
        "id": "B-159",
        "name": "家庭公寓 16",
        "zone": "生活区",
        "frontageRoad": "L-V2",
        "description": "生活区的家庭公寓，按生活区普通模数统一规格并沿街坊基线对齐。",
        "footprint": 1800,
        "scaleClass": "普通建筑",
        "buildingType": "家庭公寓",
        "sizeSpec": "生活区普通模数",
        "widthMeters": 50,
        "depthMeters": 36,
        "alignment": "分区街段基线",
        "streetGapMeters": 8,
        "roadSetbackMeters": 5,
        "houseNumber": 8,
        "doorPlate": "8号",
        "address": "生活中巷 8号",
        "layer": "buildings"
      },
      "geometry": {
        "type": "Polygon",
        "coordinates": [
          [
            [
              964.5,
              1947
            ],
            [
              964.5,
              1997
            ],
            [
              928.5,
              1997
            ],
            [
              928.5,
              1947
            ],
            [
              964.5,
              1947
            ]
          ]
        ]
      }
    },
    {
      "type": "Feature",
      "properties": {
        "id": "B-160",
        "name": "标准生活街屋 17",
        "zone": "生活区",
        "frontageRoad": "L-04",
        "description": "生活区的标准生活街屋，按生活区普通模数统一规格并沿街坊基线对齐。",
        "footprint": 1800,
        "scaleClass": "普通建筑",
        "buildingType": "标准生活街屋",
        "sizeSpec": "生活区普通模数",
        "widthMeters": 50,
        "depthMeters": 36,
        "alignment": "分区街段基线",
        "streetGapMeters": 8,
        "roadSetbackMeters": 5,
        "houseNumber": 11,
        "doorPlate": "11号",
        "address": "生活南街 11号",
        "layer": "buildings"
      },
      "geometry": {
        "type": "Polygon",
        "coordinates": [
          [
            [
              787,
              1908.5
            ],
            [
              837,
              1908.5
            ],
            [
              837,
              1944.5
            ],
            [
              787,
              1944.5
            ],
            [
              787,
              1908.5
            ]
          ]
        ]
      }
    },
    {
      "type": "Feature",
      "properties": {
        "id": "B-161",
        "name": "学生宿舍 17",
        "zone": "生活区",
        "frontageRoad": "L-V2",
        "description": "生活区的学生宿舍，按生活区普通模数统一规格并沿街坊基线对齐。",
        "footprint": 1800,
        "scaleClass": "普通建筑",
        "buildingType": "学生宿舍",
        "sizeSpec": "生活区普通模数",
        "widthMeters": 50,
        "depthMeters": 36,
        "alignment": "分区街段基线",
        "streetGapMeters": 8,
        "roadSetbackMeters": 5,
        "houseNumber": 9,
        "doorPlate": "9号",
        "address": "生活中巷 9号",
        "layer": "buildings"
      },
      "geometry": {
        "type": "Polygon",
        "coordinates": [
          [
            [
              911.5,
              1947
            ],
            [
              911.5,
              1997
            ],
            [
              875.5,
              1997
            ],
            [
              875.5,
              1947
            ],
            [
              911.5,
              1947
            ]
          ]
        ]
      }
    },
    {
      "type": "Feature",
      "properties": {
        "id": "B-162",
        "name": "家庭公寓 17",
        "zone": "生活区",
        "frontageRoad": "L-V3",
        "description": "生活区的家庭公寓，按生活区普通模数统一规格并沿街坊基线对齐。",
        "footprint": 1800,
        "scaleClass": "普通建筑",
        "buildingType": "家庭公寓",
        "sizeSpec": "生活区普通模数",
        "widthMeters": 50,
        "depthMeters": 36,
        "alignment": "分区街段基线",
        "streetGapMeters": 8,
        "roadSetbackMeters": 5,
        "houseNumber": 9,
        "doorPlate": "9号",
        "address": "河岸生活巷 9号",
        "layer": "buildings"
      },
      "geometry": {
        "type": "Polygon",
        "coordinates": [
          [
            [
              1251.5,
              1947
            ],
            [
              1251.5,
              1997
            ],
            [
              1215.5,
              1997
            ],
            [
              1215.5,
              1947
            ],
            [
              1251.5,
              1947
            ]
          ]
        ]
      }
    },
    {
      "type": "Feature",
      "properties": {
        "id": "B-163",
        "name": "标准生活街屋 18",
        "zone": "生活区",
        "frontageRoad": "L-04",
        "description": "生活区的标准生活街屋，按生活区普通模数统一规格并沿街坊基线对齐。",
        "footprint": 1800,
        "scaleClass": "普通建筑",
        "buildingType": "标准生活街屋",
        "sizeSpec": "生活区普通模数",
        "widthMeters": 50,
        "depthMeters": 36,
        "alignment": "分区街段基线",
        "streetGapMeters": 8,
        "roadSetbackMeters": 5,
        "houseNumber": 8,
        "doorPlate": "8号",
        "address": "生活南街 8号",
        "layer": "buildings"
      },
      "geometry": {
        "type": "Polygon",
        "coordinates": [
          [
            [
              671,
              1855.5
            ],
            [
              721,
              1855.5
            ],
            [
              721,
              1891.5
            ],
            [
              671,
              1891.5
            ],
            [
              671,
              1855.5
            ]
          ]
        ]
      }
    },
    {
      "type": "Feature",
      "properties": {
        "id": "B-164",
        "name": "学生宿舍 18",
        "zone": "生活区",
        "frontageRoad": "R-W2",
        "description": "生活区的学生宿舍，按生活区普通模数统一规格并沿街坊基线对齐。",
        "footprint": 1800,
        "scaleClass": "普通建筑",
        "buildingType": "学生宿舍",
        "sizeSpec": "生活区普通模数",
        "widthMeters": 50,
        "depthMeters": 36,
        "alignment": "分区街段基线",
        "streetGapMeters": 8,
        "roadSetbackMeters": 5,
        "houseNumber": 8,
        "doorPlate": "8号",
        "address": "学院中路 8号",
        "layer": "buildings"
      },
      "geometry": {
        "type": "Polygon",
        "coordinates": [
          [
            [
              805.5,
              1541
            ],
            [
              805.5,
              1591
            ],
            [
              769.5,
              1591
            ],
            [
              769.5,
              1541
            ],
            [
              805.5,
              1541
            ]
          ]
        ]
      }
    },
    {
      "type": "Feature",
      "properties": {
        "id": "B-165",
        "name": "家庭公寓 18",
        "zone": "生活区",
        "frontageRoad": "R-W2",
        "description": "生活区的家庭公寓，按生活区普通模数统一规格并沿街坊基线对齐。",
        "footprint": 1800,
        "scaleClass": "普通建筑",
        "buildingType": "家庭公寓",
        "sizeSpec": "生活区普通模数",
        "widthMeters": 50,
        "depthMeters": 36,
        "alignment": "分区街段基线",
        "streetGapMeters": 8,
        "roadSetbackMeters": 5,
        "houseNumber": 10,
        "doorPlate": "10号",
        "address": "学院中路 10号",
        "layer": "buildings"
      },
      "geometry": {
        "type": "Polygon",
        "coordinates": [
          [
            [
              805.5,
              1599
            ],
            [
              805.5,
              1649
            ],
            [
              769.5,
              1649
            ],
            [
              769.5,
              1599
            ],
            [
              805.5,
              1599
            ]
          ]
        ]
      }
    },
    {
      "type": "Feature",
      "properties": {
        "id": "B-166",
        "name": "标准生活街屋 19",
        "zone": "生活区",
        "frontageRoad": "L-V3",
        "description": "生活区的标准生活街屋，按生活区普通模数统一规格并沿街坊基线对齐。",
        "footprint": 1800,
        "scaleClass": "普通建筑",
        "buildingType": "标准生活街屋",
        "sizeSpec": "生活区普通模数",
        "widthMeters": 50,
        "depthMeters": 36,
        "alignment": "分区街段基线",
        "streetGapMeters": 8,
        "roadSetbackMeters": 5,
        "houseNumber": 6,
        "doorPlate": "6号",
        "address": "河岸生活巷 6号",
        "layer": "buildings"
      },
      "geometry": {
        "type": "Polygon",
        "coordinates": [
          [
            [
              1304.5,
              1947
            ],
            [
              1304.5,
              1997
            ],
            [
              1268.5,
              1997
            ],
            [
              1268.5,
              1947
            ],
            [
              1304.5,
              1947
            ]
          ]
        ]
      }
    },
    {
      "type": "Feature",
      "properties": {
        "id": "B-167",
        "name": "学生宿舍 19",
        "zone": "生活区",
        "frontageRoad": "L-V1",
        "description": "生活区的学生宿舍，按生活区普通模数统一规格并沿街坊基线对齐。",
        "footprint": 1800,
        "scaleClass": "普通建筑",
        "buildingType": "学生宿舍",
        "sizeSpec": "生活区普通模数",
        "widthMeters": 50,
        "depthMeters": 36,
        "alignment": "分区街段基线",
        "streetGapMeters": 8,
        "roadSetbackMeters": 5,
        "houseNumber": 6,
        "doorPlate": "6号",
        "address": "西岸医馆路 6号",
        "layer": "buildings"
      },
      "geometry": {
        "type": "Polygon",
        "coordinates": [
          [
            [
              564.5,
              1541
            ],
            [
              564.5,
              1591
            ],
            [
              528.5,
              1591
            ],
            [
              528.5,
              1541
            ],
            [
              564.5,
              1541
            ]
          ]
        ]
      }
    },
    {
      "type": "Feature",
      "properties": {
        "id": "B-168",
        "name": "家庭公寓 19",
        "zone": "生活区",
        "frontageRoad": "R-W3",
        "description": "生活区的家庭公寓，按生活区普通模数统一规格并沿街坊基线对齐。",
        "footprint": 1800,
        "scaleClass": "普通建筑",
        "buildingType": "家庭公寓",
        "sizeSpec": "生活区普通模数",
        "widthMeters": 50,
        "depthMeters": 36,
        "alignment": "分区街段基线",
        "streetGapMeters": 8,
        "roadSetbackMeters": 5,
        "houseNumber": 27,
        "doorPlate": "27号",
        "address": "钟楼西路 27号",
        "layer": "buildings"
      },
      "geometry": {
        "type": "Polygon",
        "coordinates": [
          [
            [
              1110.5,
              2237
            ],
            [
              1110.5,
              2287
            ],
            [
              1074.5,
              2287
            ],
            [
              1074.5,
              2237
            ],
            [
              1110.5,
              2237
            ]
          ]
        ]
      }
    },
    {
      "type": "Feature",
      "properties": {
        "id": "B-169",
        "name": "标准生活街屋 20",
        "zone": "生活区",
        "frontageRoad": "L-02",
        "description": "生活区的标准生活街屋，按生活区普通模数统一规格并沿街坊基线对齐。",
        "footprint": 1800,
        "scaleClass": "普通建筑",
        "buildingType": "标准生活街屋",
        "sizeSpec": "生活区普通模数",
        "widthMeters": 50,
        "depthMeters": 36,
        "alignment": "分区街段基线",
        "streetGapMeters": 8,
        "roadSetbackMeters": 5,
        "houseNumber": 10,
        "doorPlate": "10号",
        "address": "宿舍街 10号",
        "layer": "buildings"
      },
      "geometry": {
        "type": "Polygon",
        "coordinates": [
          [
            [
              555,
              1715
            ],
            [
              605,
              1715
            ],
            [
              605,
              1751
            ],
            [
              555,
              1751
            ],
            [
              555,
              1715
            ]
          ]
        ]
      }
    },
    {
      "type": "Feature",
      "properties": {
        "id": "B-170",
        "name": "学生宿舍 20",
        "zone": "生活区",
        "frontageRoad": "L-V1",
        "description": "生活区的学生宿舍，按生活区普通模数统一规格并沿街坊基线对齐。",
        "footprint": 1800,
        "scaleClass": "普通建筑",
        "buildingType": "学生宿舍",
        "sizeSpec": "生活区普通模数",
        "widthMeters": 50,
        "depthMeters": 36,
        "alignment": "分区街段基线",
        "streetGapMeters": 8,
        "roadSetbackMeters": 5,
        "houseNumber": 4,
        "doorPlate": "4号",
        "address": "西岸医馆路 4号",
        "layer": "buildings"
      },
      "geometry": {
        "type": "Polygon",
        "coordinates": [
          [
            [
              564.5,
              1483
            ],
            [
              564.5,
              1533
            ],
            [
              528.5,
              1533
            ],
            [
              528.5,
              1483
            ],
            [
              564.5,
              1483
            ]
          ]
        ]
      }
    },
    {
      "type": "Feature",
      "properties": {
        "id": "B-171",
        "name": "家庭公寓 20",
        "zone": "生活区",
        "frontageRoad": "L-V1",
        "description": "生活区的家庭公寓，按生活区普通模数统一规格并沿街坊基线对齐。",
        "footprint": 1800,
        "scaleClass": "普通建筑",
        "buildingType": "家庭公寓",
        "sizeSpec": "生活区普通模数",
        "widthMeters": 50,
        "depthMeters": 36,
        "alignment": "分区街段基线",
        "streetGapMeters": 8,
        "roadSetbackMeters": 5,
        "houseNumber": 8,
        "doorPlate": "8号",
        "address": "西岸医馆路 8号",
        "layer": "buildings"
      },
      "geometry": {
        "type": "Polygon",
        "coordinates": [
          [
            [
              564.5,
              1599
            ],
            [
              564.5,
              1649
            ],
            [
              528.5,
              1649
            ],
            [
              528.5,
              1599
            ],
            [
              564.5,
              1599
            ]
          ]
        ]
      }
    },
    {
      "type": "Feature",
      "properties": {
        "id": "B-172",
        "name": "标准生活街屋 21",
        "zone": "生活区",
        "frontageRoad": "R-W3",
        "description": "生活区的标准生活街屋，按生活区普通模数统一规格并沿街坊基线对齐。",
        "footprint": 1800,
        "scaleClass": "普通建筑",
        "buildingType": "标准生活街屋",
        "sizeSpec": "生活区普通模数",
        "widthMeters": 50,
        "depthMeters": 36,
        "alignment": "分区街段基线",
        "streetGapMeters": 8,
        "roadSetbackMeters": 5,
        "houseNumber": 32,
        "doorPlate": "32号",
        "address": "钟楼西路 32号",
        "layer": "buildings"
      },
      "geometry": {
        "type": "Polygon",
        "coordinates": [
          [
            [
              1165.5,
              2237
            ],
            [
              1165.5,
              2287
            ],
            [
              1129.5,
              2287
            ],
            [
              1129.5,
              2237
            ],
            [
              1165.5,
              2237
            ]
          ]
        ]
      }
    },
    {
      "type": "Feature",
      "properties": {
        "id": "B-173",
        "name": "学生宿舍 21",
        "zone": "生活区",
        "frontageRoad": "R-W2",
        "description": "生活区的学生宿舍，按生活区普通模数统一规格并沿街坊基线对齐。",
        "footprint": 1800,
        "scaleClass": "普通建筑",
        "buildingType": "学生宿舍",
        "sizeSpec": "生活区普通模数",
        "widthMeters": 50,
        "depthMeters": 36,
        "alignment": "分区街段基线",
        "streetGapMeters": 8,
        "roadSetbackMeters": 5,
        "houseNumber": 12,
        "doorPlate": "12号",
        "address": "学院中路 12号",
        "layer": "buildings"
      },
      "geometry": {
        "type": "Polygon",
        "coordinates": [
          [
            [
              805.5,
              1657
            ],
            [
              805.5,
              1707
            ],
            [
              769.5,
              1707
            ],
            [
              769.5,
              1657
            ],
            [
              805.5,
              1657
            ]
          ]
        ]
      }
    },
    {
      "type": "Feature",
      "properties": {
        "id": "B-174",
        "name": "家庭公寓 21",
        "zone": "生活区",
        "frontageRoad": "L-04",
        "description": "生活区的家庭公寓，按生活区普通模数统一规格并沿街坊基线对齐。",
        "footprint": 1800,
        "scaleClass": "普通建筑",
        "buildingType": "家庭公寓",
        "sizeSpec": "生活区普通模数",
        "widthMeters": 50,
        "depthMeters": 36,
        "alignment": "分区街段基线",
        "streetGapMeters": 8,
        "roadSetbackMeters": 5,
        "houseNumber": 9,
        "doorPlate": "9号",
        "address": "生活南街 9号",
        "layer": "buildings"
      },
      "geometry": {
        "type": "Polygon",
        "coordinates": [
          [
            [
              671,
              1908.5
            ],
            [
              721,
              1908.5
            ],
            [
              721,
              1944.5
            ],
            [
              671,
              1944.5
            ],
            [
              671,
              1908.5
            ]
          ]
        ]
      }
    },
    {
      "type": "Feature",
      "properties": {
        "id": "B-175",
        "name": "标准生活街屋 22",
        "zone": "生活区",
        "frontageRoad": "L-V1",
        "description": "生活区的标准生活街屋，按生活区普通模数统一规格并沿街坊基线对齐。",
        "footprint": 1800,
        "scaleClass": "普通建筑",
        "buildingType": "标准生活街屋",
        "sizeSpec": "生活区普通模数",
        "widthMeters": 50,
        "depthMeters": 36,
        "alignment": "分区街段基线",
        "streetGapMeters": 8,
        "roadSetbackMeters": 5,
        "houseNumber": 10,
        "doorPlate": "10号",
        "address": "西岸医馆路 10号",
        "layer": "buildings"
      },
      "geometry": {
        "type": "Polygon",
        "coordinates": [
          [
            [
              564.5,
              1657
            ],
            [
              564.5,
              1707
            ],
            [
              528.5,
              1707
            ],
            [
              528.5,
              1657
            ],
            [
              564.5,
              1657
            ]
          ]
        ]
      }
    },
    {
      "type": "Feature",
      "properties": {
        "id": "B-176",
        "name": "学生宿舍 22",
        "zone": "生活区",
        "frontageRoad": "L-04",
        "description": "生活区的学生宿舍，按生活区普通模数统一规格并沿街坊基线对齐。",
        "footprint": 1800,
        "scaleClass": "普通建筑",
        "buildingType": "学生宿舍",
        "sizeSpec": "生活区普通模数",
        "widthMeters": 50,
        "depthMeters": 36,
        "alignment": "分区街段基线",
        "streetGapMeters": 8,
        "roadSetbackMeters": 5,
        "houseNumber": 6,
        "doorPlate": "6号",
        "address": "生活南街 6号",
        "layer": "buildings"
      },
      "geometry": {
        "type": "Polygon",
        "coordinates": [
          [
            [
              613,
              1855.5
            ],
            [
              663,
              1855.5
            ],
            [
              663,
              1891.5
            ],
            [
              613,
              1891.5
            ],
            [
              613,
              1855.5
            ]
          ]
        ]
      }
    },
    {
      "type": "Feature",
      "properties": {
        "id": "B-177",
        "name": "家庭公寓 22",
        "zone": "生活区",
        "frontageRoad": "L-02",
        "description": "生活区的家庭公寓，按生活区普通模数统一规格并沿街坊基线对齐。",
        "footprint": 1800,
        "scaleClass": "普通建筑",
        "buildingType": "家庭公寓",
        "sizeSpec": "生活区普通模数",
        "widthMeters": 50,
        "depthMeters": 36,
        "alignment": "分区街段基线",
        "streetGapMeters": 8,
        "roadSetbackMeters": 5,
        "houseNumber": 9,
        "doorPlate": "9号",
        "address": "宿舍街 9号",
        "layer": "buildings"
      },
      "geometry": {
        "type": "Polygon",
        "coordinates": [
          [
            [
              555,
              1769
            ],
            [
              605,
              1769
            ],
            [
              605,
              1805
            ],
            [
              555,
              1805
            ],
            [
              555,
              1769
            ]
          ]
        ]
      }
    },
    {
      "type": "Feature",
      "properties": {
        "id": "B-178",
        "name": "标准生活街屋 23",
        "zone": "生活区",
        "frontageRoad": "L-V1",
        "description": "生活区的标准生活街屋，按生活区普通模数统一规格并沿街坊基线对齐。",
        "footprint": 1800,
        "scaleClass": "普通建筑",
        "buildingType": "标准生活街屋",
        "sizeSpec": "生活区普通模数",
        "widthMeters": 50,
        "depthMeters": 36,
        "alignment": "分区街段基线",
        "streetGapMeters": 8,
        "roadSetbackMeters": 5,
        "houseNumber": 2,
        "doorPlate": "2号",
        "address": "西岸医馆路 2号",
        "layer": "buildings"
      },
      "geometry": {
        "type": "Polygon",
        "coordinates": [
          [
            [
              564.5,
              1367
            ],
            [
              564.5,
              1417
            ],
            [
              528.5,
              1417
            ],
            [
              528.5,
              1367
            ],
            [
              564.5,
              1367
            ]
          ]
        ]
      }
    },
    {
      "type": "Feature",
      "properties": {
        "id": "B-179",
        "name": "学生宿舍 23",
        "zone": "生活区",
        "frontageRoad": "L-01",
        "description": "生活区的学生宿舍，按生活区普通模数统一规格并沿街坊基线对齐。",
        "footprint": 1800,
        "scaleClass": "普通建筑",
        "buildingType": "学生宿舍",
        "sizeSpec": "生活区普通模数",
        "widthMeters": 50,
        "depthMeters": 36,
        "alignment": "分区街段基线",
        "streetGapMeters": 8,
        "roadSetbackMeters": 5,
        "houseNumber": 8,
        "doorPlate": "8号",
        "address": "灯庭街 8号",
        "layer": "buildings"
      },
      "geometry": {
        "type": "Polygon",
        "coordinates": [
          [
            [
              265,
              1415
            ],
            [
              315,
              1415
            ],
            [
              315,
              1451
            ],
            [
              265,
              1451
            ],
            [
              265,
              1415
            ]
          ]
        ]
      }
    },
    {
      "type": "Feature",
      "properties": {
        "id": "B-180",
        "name": "家庭公寓 23",
        "zone": "生活区",
        "frontageRoad": "L-V2",
        "description": "生活区的家庭公寓，按生活区普通模数统一规格并沿街坊基线对齐。",
        "footprint": 1800,
        "scaleClass": "普通建筑",
        "buildingType": "家庭公寓",
        "sizeSpec": "生活区普通模数",
        "widthMeters": 50,
        "depthMeters": 36,
        "alignment": "分区街段基线",
        "streetGapMeters": 8,
        "roadSetbackMeters": 5,
        "houseNumber": 10,
        "doorPlate": "10号",
        "address": "生活中巷 10号",
        "layer": "buildings"
      },
      "geometry": {
        "type": "Polygon",
        "coordinates": [
          [
            [
              964.5,
              2063
            ],
            [
              964.5,
              2113
            ],
            [
              928.5,
              2113
            ],
            [
              928.5,
              2063
            ],
            [
              964.5,
              2063
            ]
          ]
        ]
      }
    },
    {
      "type": "Feature",
      "properties": {
        "id": "B-181",
        "name": "标准生活街屋 24",
        "zone": "生活区",
        "frontageRoad": "L-V1",
        "description": "生活区的标准生活街屋，按生活区普通模数统一规格并沿街坊基线对齐。",
        "footprint": 1800,
        "scaleClass": "普通建筑",
        "buildingType": "标准生活街屋",
        "sizeSpec": "生活区普通模数",
        "widthMeters": 50,
        "depthMeters": 36,
        "alignment": "分区街段基线",
        "streetGapMeters": 8,
        "roadSetbackMeters": 5,
        "houseNumber": 3,
        "doorPlate": "3号",
        "address": "西岸医馆路 3号",
        "layer": "buildings"
      },
      "geometry": {
        "type": "Polygon",
        "coordinates": [
          [
            [
              511.5,
              1541
            ],
            [
              511.5,
              1591
            ],
            [
              475.5,
              1591
            ],
            [
              475.5,
              1541
            ],
            [
              511.5,
              1541
            ]
          ]
        ]
      }
    },
    {
      "type": "Feature",
      "properties": {
        "id": "B-182",
        "name": "学生宿舍 24",
        "zone": "生活区",
        "frontageRoad": "L-04",
        "description": "生活区的学生宿舍，按生活区普通模数统一规格并沿街坊基线对齐。",
        "footprint": 1800,
        "scaleClass": "普通建筑",
        "buildingType": "学生宿舍",
        "sizeSpec": "生活区普通模数",
        "widthMeters": 50,
        "depthMeters": 36,
        "alignment": "分区街段基线",
        "streetGapMeters": 8,
        "roadSetbackMeters": 5,
        "houseNumber": 7,
        "doorPlate": "7号",
        "address": "生活南街 7号",
        "layer": "buildings"
      },
      "geometry": {
        "type": "Polygon",
        "coordinates": [
          [
            [
              613,
              1908.5
            ],
            [
              663,
              1908.5
            ],
            [
              663,
              1944.5
            ],
            [
              613,
              1944.5
            ],
            [
              613,
              1908.5
            ]
          ]
        ]
      }
    },
    {
      "type": "Feature",
      "properties": {
        "id": "B-183",
        "name": "家庭公寓 24",
        "zone": "生活区",
        "frontageRoad": "L-V1",
        "description": "生活区的家庭公寓，按生活区普通模数统一规格并沿街坊基线对齐。",
        "footprint": 1800,
        "scaleClass": "普通建筑",
        "buildingType": "家庭公寓",
        "sizeSpec": "生活区普通模数",
        "widthMeters": 50,
        "depthMeters": 36,
        "alignment": "分区街段基线",
        "streetGapMeters": 8,
        "roadSetbackMeters": 5,
        "houseNumber": 5,
        "doorPlate": "5号",
        "address": "西岸医馆路 5号",
        "layer": "buildings"
      },
      "geometry": {
        "type": "Polygon",
        "coordinates": [
          [
            [
              511.5,
              1599
            ],
            [
              511.5,
              1649
            ],
            [
              475.5,
              1649
            ],
            [
              475.5,
              1599
            ],
            [
              511.5,
              1599
            ]
          ]
        ]
      }
    },
    {
      "type": "Feature",
      "properties": {
        "id": "B-184",
        "name": "标准生活街屋 25",
        "zone": "生活区",
        "frontageRoad": "R-W3",
        "description": "生活区的标准生活街屋，按生活区普通模数统一规格并沿街坊基线对齐。",
        "footprint": 1800,
        "scaleClass": "普通建筑",
        "buildingType": "标准生活街屋",
        "sizeSpec": "生活区普通模数",
        "widthMeters": 50,
        "depthMeters": 36,
        "alignment": "分区街段基线",
        "streetGapMeters": 8,
        "roadSetbackMeters": 5,
        "houseNumber": 29,
        "doorPlate": "29号",
        "address": "钟楼西路 29号",
        "layer": "buildings"
      },
      "geometry": {
        "type": "Polygon",
        "coordinates": [
          [
            [
              1110.5,
              2295
            ],
            [
              1110.5,
              2345
            ],
            [
              1074.5,
              2345
            ],
            [
              1074.5,
              2295
            ],
            [
              1110.5,
              2295
            ]
          ]
        ]
      }
    },
    {
      "type": "Feature",
      "properties": {
        "id": "B-185",
        "name": "学生宿舍 25",
        "zone": "生活区",
        "frontageRoad": "R-W3",
        "description": "生活区的学生宿舍，按生活区普通模数统一规格并沿街坊基线对齐。",
        "footprint": 1800,
        "scaleClass": "普通建筑",
        "buildingType": "学生宿舍",
        "sizeSpec": "生活区普通模数",
        "widthMeters": 50,
        "depthMeters": 36,
        "alignment": "分区街段基线",
        "streetGapMeters": 8,
        "roadSetbackMeters": 5,
        "houseNumber": 34,
        "doorPlate": "34号",
        "address": "钟楼西路 34号",
        "layer": "buildings"
      },
      "geometry": {
        "type": "Polygon",
        "coordinates": [
          [
            [
              1165.5,
              2295
            ],
            [
              1165.5,
              2345
            ],
            [
              1129.5,
              2345
            ],
            [
              1129.5,
              2295
            ],
            [
              1165.5,
              2295
            ]
          ]
        ]
      }
    },
    {
      "type": "Feature",
      "properties": {
        "id": "B-186",
        "name": "家庭公寓 25",
        "zone": "生活区",
        "frontageRoad": "L-V2",
        "description": "生活区的家庭公寓，按生活区普通模数统一规格并沿街坊基线对齐。",
        "footprint": 1800,
        "scaleClass": "普通建筑",
        "buildingType": "家庭公寓",
        "sizeSpec": "生活区普通模数",
        "widthMeters": 50,
        "depthMeters": 36,
        "alignment": "分区街段基线",
        "streetGapMeters": 8,
        "roadSetbackMeters": 5,
        "houseNumber": 11,
        "doorPlate": "11号",
        "address": "生活中巷 11号",
        "layer": "buildings"
      },
      "geometry": {
        "type": "Polygon",
        "coordinates": [
          [
            [
              911.5,
              2063
            ],
            [
              911.5,
              2113
            ],
            [
              875.5,
              2113
            ],
            [
              875.5,
              2063
            ],
            [
              911.5,
              2063
            ]
          ]
        ]
      }
    },
    {
      "type": "Feature",
      "properties": {
        "id": "B-187",
        "name": "标准生活街屋 26",
        "zone": "生活区",
        "frontageRoad": "L-V1",
        "description": "生活区的标准生活街屋，按生活区普通模数统一规格并沿街坊基线对齐。",
        "footprint": 1800,
        "scaleClass": "普通建筑",
        "buildingType": "标准生活街屋",
        "sizeSpec": "生活区普通模数",
        "widthMeters": 50,
        "depthMeters": 36,
        "alignment": "分区街段基线",
        "streetGapMeters": 8,
        "roadSetbackMeters": 5,
        "houseNumber": 7,
        "doorPlate": "7号",
        "address": "西岸医馆路 7号",
        "layer": "buildings"
      },
      "geometry": {
        "type": "Polygon",
        "coordinates": [
          [
            [
              511.5,
              1657
            ],
            [
              511.5,
              1707
            ],
            [
              475.5,
              1707
            ],
            [
              475.5,
              1657
            ],
            [
              511.5,
              1657
            ]
          ]
        ]
      }
    },
    {
      "type": "Feature",
      "properties": {
        "id": "B-188",
        "name": "学生宿舍 26",
        "zone": "生活区",
        "frontageRoad": "L-04",
        "description": "生活区的学生宿舍，按生活区普通模数统一规格并沿街坊基线对齐。",
        "footprint": 1800,
        "scaleClass": "普通建筑",
        "buildingType": "学生宿舍",
        "sizeSpec": "生活区普通模数",
        "widthMeters": 50,
        "depthMeters": 36,
        "alignment": "分区街段基线",
        "streetGapMeters": 8,
        "roadSetbackMeters": 5,
        "houseNumber": 4,
        "doorPlate": "4号",
        "address": "生活南街 4号",
        "layer": "buildings"
      },
      "geometry": {
        "type": "Polygon",
        "coordinates": [
          [
            [
              555,
              1855.5
            ],
            [
              605,
              1855.5
            ],
            [
              605,
              1891.5
            ],
            [
              555,
              1891.5
            ],
            [
              555,
              1855.5
            ]
          ]
        ]
      }
    },
    {
      "type": "Feature",
      "properties": {
        "id": "B-189",
        "name": "家庭公寓 26",
        "zone": "生活区",
        "frontageRoad": "L-V3",
        "description": "生活区的家庭公寓，按生活区普通模数统一规格并沿街坊基线对齐。",
        "footprint": 1800,
        "scaleClass": "普通建筑",
        "buildingType": "家庭公寓",
        "sizeSpec": "生活区普通模数",
        "widthMeters": 50,
        "depthMeters": 36,
        "alignment": "分区街段基线",
        "streetGapMeters": 8,
        "roadSetbackMeters": 5,
        "houseNumber": 11,
        "doorPlate": "11号",
        "address": "河岸生活巷 11号",
        "layer": "buildings"
      },
      "geometry": {
        "type": "Polygon",
        "coordinates": [
          [
            [
              1251.5,
              2063
            ],
            [
              1251.5,
              2113
            ],
            [
              1215.5,
              2113
            ],
            [
              1215.5,
              2063
            ],
            [
              1251.5,
              2063
            ]
          ]
        ]
      }
    },
    {
      "type": "Feature",
      "properties": {
        "id": "B-190",
        "name": "标准生活街屋 27",
        "zone": "生活区",
        "frontageRoad": "L-01",
        "description": "生活区的标准生活街屋，按生活区普通模数统一规格并沿街坊基线对齐。",
        "footprint": 1800,
        "scaleClass": "普通建筑",
        "buildingType": "标准生活街屋",
        "sizeSpec": "生活区普通模数",
        "widthMeters": 50,
        "depthMeters": 36,
        "alignment": "分区街段基线",
        "streetGapMeters": 8,
        "roadSetbackMeters": 5,
        "houseNumber": 3,
        "doorPlate": "3号",
        "address": "灯庭街 3号",
        "layer": "buildings"
      },
      "geometry": {
        "type": "Polygon",
        "coordinates": [
          [
            [
              207,
              1469
            ],
            [
              257,
              1469
            ],
            [
              257,
              1505
            ],
            [
              207,
              1505
            ],
            [
              207,
              1469
            ]
          ]
        ]
      }
    },
    {
      "type": "Feature",
      "properties": {
        "id": "B-191",
        "name": "学生宿舍 27",
        "zone": "生活区",
        "frontageRoad": "L-V3",
        "description": "生活区的学生宿舍，按生活区普通模数统一规格并沿街坊基线对齐。",
        "footprint": 1800,
        "scaleClass": "普通建筑",
        "buildingType": "学生宿舍",
        "sizeSpec": "生活区普通模数",
        "widthMeters": 50,
        "depthMeters": 36,
        "alignment": "分区街段基线",
        "streetGapMeters": 8,
        "roadSetbackMeters": 5,
        "houseNumber": 8,
        "doorPlate": "8号",
        "address": "河岸生活巷 8号",
        "layer": "buildings"
      },
      "geometry": {
        "type": "Polygon",
        "coordinates": [
          [
            [
              1304.5,
              2063
            ],
            [
              1304.5,
              2113
            ],
            [
              1268.5,
              2113
            ],
            [
              1268.5,
              2063
            ],
            [
              1304.5,
              2063
            ]
          ]
        ]
      }
    },
    {
      "type": "Feature",
      "properties": {
        "id": "B-192",
        "name": "家庭公寓 27",
        "zone": "生活区",
        "frontageRoad": "L-04",
        "description": "生活区的家庭公寓，按生活区普通模数统一规格并沿街坊基线对齐。",
        "footprint": 1800,
        "scaleClass": "普通建筑",
        "buildingType": "家庭公寓",
        "sizeSpec": "生活区普通模数",
        "widthMeters": 50,
        "depthMeters": 36,
        "alignment": "分区街段基线",
        "streetGapMeters": 8,
        "roadSetbackMeters": 5,
        "houseNumber": 5,
        "doorPlate": "5号",
        "address": "生活南街 5号",
        "layer": "buildings"
      },
      "geometry": {
        "type": "Polygon",
        "coordinates": [
          [
            [
              555,
              1908.5
            ],
            [
              605,
              1908.5
            ],
            [
              605,
              1944.5
            ],
            [
              555,
              1944.5
            ],
            [
              555,
              1908.5
            ]
          ]
        ]
      }
    },
    {
      "type": "Feature",
      "properties": {
        "id": "B-193",
        "name": "标准生活街屋 28",
        "zone": "生活区",
        "frontageRoad": "L-01",
        "description": "生活区的标准生活街屋，按生活区普通模数统一规格并沿街坊基线对齐。",
        "footprint": 1800,
        "scaleClass": "普通建筑",
        "buildingType": "标准生活街屋",
        "sizeSpec": "生活区普通模数",
        "widthMeters": 50,
        "depthMeters": 36,
        "alignment": "分区街段基线",
        "streetGapMeters": 8,
        "roadSetbackMeters": 5,
        "houseNumber": 6,
        "doorPlate": "6号",
        "address": "灯庭街 6号",
        "layer": "buildings"
      },
      "geometry": {
        "type": "Polygon",
        "coordinates": [
          [
            [
              207,
              1415
            ],
            [
              257,
              1415
            ],
            [
              257,
              1451
            ],
            [
              207,
              1451
            ],
            [
              207,
              1415
            ]
          ]
        ]
      }
    },
    {
      "type": "Feature",
      "properties": {
        "id": "B-194",
        "name": "学生宿舍 28",
        "zone": "生活区",
        "frontageRoad": "L-V1",
        "description": "生活区的学生宿舍，按生活区普通模数统一规格并沿街坊基线对齐。",
        "footprint": 1800,
        "scaleClass": "普通建筑",
        "buildingType": "学生宿舍",
        "sizeSpec": "生活区普通模数",
        "widthMeters": 50,
        "depthMeters": 36,
        "alignment": "分区街段基线",
        "streetGapMeters": 8,
        "roadSetbackMeters": 5,
        "houseNumber": 9,
        "doorPlate": "9号",
        "address": "西岸医馆路 9号",
        "layer": "buildings"
      },
      "geometry": {
        "type": "Polygon",
        "coordinates": [
          [
            [
              511.5,
              1773
            ],
            [
              511.5,
              1823
            ],
            [
              475.5,
              1823
            ],
            [
              475.5,
              1773
            ],
            [
              511.5,
              1773
            ]
          ]
        ]
      }
    },
    {
      "type": "Feature",
      "properties": {
        "id": "B-195",
        "name": "家庭公寓 28",
        "zone": "生活区",
        "frontageRoad": "L-V2",
        "description": "生活区的家庭公寓，按生活区普通模数统一规格并沿街坊基线对齐。",
        "footprint": 1800,
        "scaleClass": "普通建筑",
        "buildingType": "家庭公寓",
        "sizeSpec": "生活区普通模数",
        "widthMeters": 50,
        "depthMeters": 36,
        "alignment": "分区街段基线",
        "streetGapMeters": 8,
        "roadSetbackMeters": 5,
        "houseNumber": 12,
        "doorPlate": "12号",
        "address": "生活中巷 12号",
        "layer": "buildings"
      },
      "geometry": {
        "type": "Polygon",
        "coordinates": [
          [
            [
              964.5,
              2121
            ],
            [
              964.5,
              2171
            ],
            [
              928.5,
              2171
            ],
            [
              928.5,
              2121
            ],
            [
              964.5,
              2121
            ]
          ]
        ]
      }
    },
    {
      "type": "Feature",
      "properties": {
        "id": "B-196",
        "name": "标准生活街屋 29",
        "zone": "生活区",
        "frontageRoad": "L-02",
        "description": "生活区的标准生活街屋，按生活区普通模数统一规格并沿街坊基线对齐。",
        "footprint": 1800,
        "scaleClass": "普通建筑",
        "buildingType": "标准生活街屋",
        "sizeSpec": "生活区普通模数",
        "widthMeters": 50,
        "depthMeters": 36,
        "alignment": "分区街段基线",
        "streetGapMeters": 8,
        "roadSetbackMeters": 5,
        "houseNumber": 8,
        "doorPlate": "8号",
        "address": "宿舍街 8号",
        "layer": "buildings"
      },
      "geometry": {
        "type": "Polygon",
        "coordinates": [
          [
            [
              439,
              1715
            ],
            [
              489,
              1715
            ],
            [
              489,
              1751
            ],
            [
              439,
              1751
            ],
            [
              439,
              1715
            ]
          ]
        ]
      }
    },
    {
      "type": "Feature",
      "properties": {
        "id": "B-197",
        "name": "学生宿舍 29",
        "zone": "生活区",
        "frontageRoad": "L-V2",
        "description": "生活区的学生宿舍，按生活区普通模数统一规格并沿街坊基线对齐。",
        "footprint": 1800,
        "scaleClass": "普通建筑",
        "buildingType": "学生宿舍",
        "sizeSpec": "生活区普通模数",
        "widthMeters": 50,
        "depthMeters": 36,
        "alignment": "分区街段基线",
        "streetGapMeters": 8,
        "roadSetbackMeters": 5,
        "houseNumber": 13,
        "doorPlate": "13号",
        "address": "生活中巷 13号",
        "layer": "buildings"
      },
      "geometry": {
        "type": "Polygon",
        "coordinates": [
          [
            [
              911.5,
              2121
            ],
            [
              911.5,
              2171
            ],
            [
              875.5,
              2171
            ],
            [
              875.5,
              2121
            ],
            [
              911.5,
              2121
            ]
          ]
        ]
      }
    },
    {
      "type": "Feature",
      "properties": {
        "id": "B-198",
        "name": "家庭公寓 29",
        "zone": "生活区",
        "frontageRoad": "L-03",
        "description": "生活区的家庭公寓，按生活区普通模数统一规格并沿街坊基线对齐。",
        "footprint": 1800,
        "scaleClass": "普通建筑",
        "buildingType": "家庭公寓",
        "sizeSpec": "生活区普通模数",
        "widthMeters": 50,
        "depthMeters": 36,
        "alignment": "分区街段基线",
        "streetGapMeters": 8,
        "roadSetbackMeters": 5,
        "houseNumber": 14,
        "doorPlate": "14号",
        "address": "生活服务街 14号",
        "layer": "buildings"
      },
      "geometry": {
        "type": "Polygon",
        "coordinates": [
          [
            [
              1019,
              2155
            ],
            [
              1069,
              2155
            ],
            [
              1069,
              2191
            ],
            [
              1019,
              2191
            ],
            [
              1019,
              2155
            ]
          ]
        ]
      }
    },
    {
      "type": "Feature",
      "properties": {
        "id": "B-199",
        "name": "标准生活街屋 30",
        "zone": "生活区",
        "frontageRoad": "L-V1",
        "description": "生活区的标准生活街屋，按生活区普通模数统一规格并沿街坊基线对齐。",
        "footprint": 1800,
        "scaleClass": "普通建筑",
        "buildingType": "标准生活街屋",
        "sizeSpec": "生活区普通模数",
        "widthMeters": 50,
        "depthMeters": 36,
        "alignment": "分区街段基线",
        "streetGapMeters": 8,
        "roadSetbackMeters": 5,
        "houseNumber": 11,
        "doorPlate": "11号",
        "address": "西岸医馆路 11号",
        "layer": "buildings"
      },
      "geometry": {
        "type": "Polygon",
        "coordinates": [
          [
            [
              511.5,
              1831
            ],
            [
              511.5,
              1881
            ],
            [
              475.5,
              1881
            ],
            [
              475.5,
              1831
            ],
            [
              511.5,
              1831
            ]
          ]
        ]
      }
    },
    {
      "type": "Feature",
      "properties": {
        "id": "B-200",
        "name": "学生宿舍 30",
        "zone": "生活区",
        "frontageRoad": "L-V3",
        "description": "生活区的学生宿舍，按生活区普通模数统一规格并沿街坊基线对齐。",
        "footprint": 1800,
        "scaleClass": "普通建筑",
        "buildingType": "学生宿舍",
        "sizeSpec": "生活区普通模数",
        "widthMeters": 50,
        "depthMeters": 36,
        "alignment": "分区街段基线",
        "streetGapMeters": 8,
        "roadSetbackMeters": 5,
        "houseNumber": 13,
        "doorPlate": "13号",
        "address": "河岸生活巷 13号",
        "layer": "buildings"
      },
      "geometry": {
        "type": "Polygon",
        "coordinates": [
          [
            [
              1251.5,
              2121
            ],
            [
              1251.5,
              2171
            ],
            [
              1215.5,
              2171
            ],
            [
              1215.5,
              2121
            ],
            [
              1251.5,
              2121
            ]
          ]
        ]
      }
    },
    {
      "type": "Feature",
      "properties": {
        "id": "B-201",
        "name": "家庭公寓 30",
        "zone": "生活区",
        "frontageRoad": "L-V3",
        "description": "生活区的家庭公寓，按生活区普通模数统一规格并沿街坊基线对齐。",
        "footprint": 1800,
        "scaleClass": "普通建筑",
        "buildingType": "家庭公寓",
        "sizeSpec": "生活区普通模数",
        "widthMeters": 50,
        "depthMeters": 36,
        "alignment": "分区街段基线",
        "streetGapMeters": 8,
        "roadSetbackMeters": 5,
        "houseNumber": 10,
        "doorPlate": "10号",
        "address": "河岸生活巷 10号",
        "layer": "buildings"
      },
      "geometry": {
        "type": "Polygon",
        "coordinates": [
          [
            [
              1304.5,
              2121
            ],
            [
              1304.5,
              2171
            ],
            [
              1268.5,
              2171
            ],
            [
              1268.5,
              2121
            ],
            [
              1304.5,
              2121
            ]
          ]
        ]
      }
    },
    {
      "type": "Feature",
      "properties": {
        "id": "B-202",
        "name": "标准生活街屋 31",
        "zone": "生活区",
        "frontageRoad": "L-01",
        "description": "生活区的标准生活街屋，按生活区普通模数统一规格并沿街坊基线对齐。",
        "footprint": 1800,
        "scaleClass": "普通建筑",
        "buildingType": "标准生活街屋",
        "sizeSpec": "生活区普通模数",
        "widthMeters": 50,
        "depthMeters": 36,
        "alignment": "分区街段基线",
        "streetGapMeters": 8,
        "roadSetbackMeters": 5,
        "houseNumber": 1,
        "doorPlate": "1号",
        "address": "灯庭街 1号",
        "layer": "buildings"
      },
      "geometry": {
        "type": "Polygon",
        "coordinates": [
          [
            [
              149,
              1469
            ],
            [
              199,
              1469
            ],
            [
              199,
              1505
            ],
            [
              149,
              1505
            ],
            [
              149,
              1469
            ]
          ]
        ]
      }
    },
    {
      "type": "Feature",
      "properties": {
        "id": "B-203",
        "name": "学生宿舍 31",
        "zone": "生活区",
        "frontageRoad": "L-V1",
        "description": "生活区的学生宿舍，按生活区普通模数统一规格并沿街坊基线对齐。",
        "footprint": 1800,
        "scaleClass": "普通建筑",
        "buildingType": "学生宿舍",
        "sizeSpec": "生活区普通模数",
        "widthMeters": 50,
        "depthMeters": 36,
        "alignment": "分区街段基线",
        "streetGapMeters": 8,
        "roadSetbackMeters": 5,
        "houseNumber": 12,
        "doorPlate": "12号",
        "address": "西岸医馆路 12号",
        "layer": "buildings"
      },
      "geometry": {
        "type": "Polygon",
        "coordinates": [
          [
            [
              564.5,
              1947
            ],
            [
              564.5,
              1997
            ],
            [
              528.5,
              1997
            ],
            [
              528.5,
              1947
            ],
            [
              564.5,
              1947
            ]
          ]
        ]
      }
    },
    {
      "type": "Feature",
      "properties": {
        "id": "B-204",
        "name": "家庭公寓 31",
        "zone": "生活区",
        "frontageRoad": "L-01",
        "description": "生活区的家庭公寓，按生活区普通模数统一规格并沿街坊基线对齐。",
        "footprint": 1800,
        "scaleClass": "普通建筑",
        "buildingType": "家庭公寓",
        "sizeSpec": "生活区普通模数",
        "widthMeters": 50,
        "depthMeters": 36,
        "alignment": "分区街段基线",
        "streetGapMeters": 8,
        "roadSetbackMeters": 5,
        "houseNumber": 4,
        "doorPlate": "4号",
        "address": "灯庭街 4号",
        "layer": "buildings"
      },
      "geometry": {
        "type": "Polygon",
        "coordinates": [
          [
            [
              149,
              1415
            ],
            [
              199,
              1415
            ],
            [
              199,
              1451
            ],
            [
              149,
              1451
            ],
            [
              149,
              1415
            ]
          ]
        ]
      }
    },
    {
      "type": "Feature",
      "properties": {
        "id": "B-205",
        "name": "标准生活街屋 32",
        "zone": "生活区",
        "frontageRoad": "L-02",
        "description": "生活区的标准生活街屋，按生活区普通模数统一规格并沿街坊基线对齐。",
        "footprint": 1800,
        "scaleClass": "普通建筑",
        "buildingType": "标准生活街屋",
        "sizeSpec": "生活区普通模数",
        "widthMeters": 50,
        "depthMeters": 36,
        "alignment": "分区街段基线",
        "streetGapMeters": 8,
        "roadSetbackMeters": 5,
        "houseNumber": 6,
        "doorPlate": "6号",
        "address": "宿舍街 6号",
        "layer": "buildings"
      },
      "geometry": {
        "type": "Polygon",
        "coordinates": [
          [
            [
              381,
              1715
            ],
            [
              431,
              1715
            ],
            [
              431,
              1751
            ],
            [
              381,
              1751
            ],
            [
              381,
              1715
            ]
          ]
        ]
      }
    },
    {
      "type": "Feature",
      "properties": {
        "id": "B-206",
        "name": "学生宿舍 32",
        "zone": "生活区",
        "frontageRoad": "L-03",
        "description": "生活区的学生宿舍，按生活区普通模数统一规格并沿街坊基线对齐。",
        "footprint": 1800,
        "scaleClass": "普通建筑",
        "buildingType": "学生宿舍",
        "sizeSpec": "生活区普通模数",
        "widthMeters": 50,
        "depthMeters": 36,
        "alignment": "分区街段基线",
        "streetGapMeters": 8,
        "roadSetbackMeters": 5,
        "houseNumber": 12,
        "doorPlate": "12号",
        "address": "生活服务街 12号",
        "layer": "buildings"
      },
      "geometry": {
        "type": "Polygon",
        "coordinates": [
          [
            [
              787,
              2155
            ],
            [
              837,
              2155
            ],
            [
              837,
              2191
            ],
            [
              787,
              2191
            ],
            [
              787,
              2155
            ]
          ]
        ]
      }
    },
    {
      "type": "Feature",
      "properties": {
        "id": "B-207",
        "name": "家庭公寓 32",
        "zone": "生活区",
        "frontageRoad": "L-02",
        "description": "生活区的家庭公寓，按生活区普通模数统一规格并沿街坊基线对齐。",
        "footprint": 1800,
        "scaleClass": "普通建筑",
        "buildingType": "家庭公寓",
        "sizeSpec": "生活区普通模数",
        "widthMeters": 50,
        "depthMeters": 36,
        "alignment": "分区街段基线",
        "streetGapMeters": 8,
        "roadSetbackMeters": 5,
        "houseNumber": 7,
        "doorPlate": "7号",
        "address": "宿舍街 7号",
        "layer": "buildings"
      },
      "geometry": {
        "type": "Polygon",
        "coordinates": [
          [
            [
              381,
              1769
            ],
            [
              431,
              1769
            ],
            [
              431,
              1805
            ],
            [
              381,
              1805
            ],
            [
              381,
              1769
            ]
          ]
        ]
      }
    },
    {
      "type": "Feature",
      "properties": {
        "id": "B-208",
        "name": "标准生活街屋 33",
        "zone": "生活区",
        "frontageRoad": "L-03",
        "description": "生活区的标准生活街屋，按生活区普通模数统一规格并沿街坊基线对齐。",
        "footprint": 1800,
        "scaleClass": "普通建筑",
        "buildingType": "标准生活街屋",
        "sizeSpec": "生活区普通模数",
        "widthMeters": 50,
        "depthMeters": 36,
        "alignment": "分区街段基线",
        "streetGapMeters": 8,
        "roadSetbackMeters": 5,
        "houseNumber": 17,
        "doorPlate": "17号",
        "address": "生活服务街 17号",
        "layer": "buildings"
      },
      "geometry": {
        "type": "Polygon",
        "coordinates": [
          [
            [
              1019,
              2209
            ],
            [
              1069,
              2209
            ],
            [
              1069,
              2245
            ],
            [
              1019,
              2245
            ],
            [
              1019,
              2209
            ]
          ]
        ]
      }
    },
    {
      "type": "Feature",
      "properties": {
        "id": "B-209",
        "name": "学生宿舍 33",
        "zone": "生活区",
        "frontageRoad": "L-03",
        "description": "生活区的学生宿舍，按生活区普通模数统一规格并沿街坊基线对齐。",
        "footprint": 1800,
        "scaleClass": "普通建筑",
        "buildingType": "学生宿舍",
        "sizeSpec": "生活区普通模数",
        "widthMeters": 50,
        "depthMeters": 36,
        "alignment": "分区街段基线",
        "streetGapMeters": 8,
        "roadSetbackMeters": 5,
        "houseNumber": 15,
        "doorPlate": "15号",
        "address": "生活服务街 15号",
        "layer": "buildings"
      },
      "geometry": {
        "type": "Polygon",
        "coordinates": [
          [
            [
              961,
              2209
            ],
            [
              1011,
              2209
            ],
            [
              1011,
              2245
            ],
            [
              961,
              2245
            ],
            [
              961,
              2209
            ]
          ]
        ]
      }
    },
    {
      "type": "Feature",
      "properties": {
        "id": "B-210",
        "name": "家庭公寓 33",
        "zone": "生活区",
        "frontageRoad": "L-03",
        "description": "生活区的家庭公寓，按生活区普通模数统一规格并沿街坊基线对齐。",
        "footprint": 1800,
        "scaleClass": "普通建筑",
        "buildingType": "家庭公寓",
        "sizeSpec": "生活区普通模数",
        "widthMeters": 50,
        "depthMeters": 36,
        "alignment": "分区街段基线",
        "streetGapMeters": 8,
        "roadSetbackMeters": 5,
        "houseNumber": 13,
        "doorPlate": "13号",
        "address": "生活服务街 13号",
        "layer": "buildings"
      },
      "geometry": {
        "type": "Polygon",
        "coordinates": [
          [
            [
              903,
              2209
            ],
            [
              953,
              2209
            ],
            [
              953,
              2245
            ],
            [
              903,
              2245
            ],
            [
              903,
              2209
            ]
          ]
        ]
      }
    },
    {
      "type": "Feature",
      "properties": {
        "id": "B-211",
        "name": "标准生活街屋 34",
        "zone": "生活区",
        "frontageRoad": "L-03",
        "description": "生活区的标准生活街屋，按生活区普通模数统一规格并沿街坊基线对齐。",
        "footprint": 1800,
        "scaleClass": "普通建筑",
        "buildingType": "标准生活街屋",
        "sizeSpec": "生活区普通模数",
        "widthMeters": 50,
        "depthMeters": 36,
        "alignment": "分区街段基线",
        "streetGapMeters": 8,
        "roadSetbackMeters": 5,
        "houseNumber": 16,
        "doorPlate": "16号",
        "address": "生活服务街 16号",
        "layer": "buildings"
      },
      "geometry": {
        "type": "Polygon",
        "coordinates": [
          [
            [
              1309,
              2155
            ],
            [
              1359,
              2155
            ],
            [
              1359,
              2191
            ],
            [
              1309,
              2191
            ],
            [
              1309,
              2155
            ]
          ]
        ]
      }
    },
    {
      "type": "Feature",
      "properties": {
        "id": "B-212",
        "name": "学生宿舍 34",
        "zone": "生活区",
        "frontageRoad": "R-SW",
        "description": "生活区的学生宿舍，按生活区普通模数统一规格并沿街坊基线对齐。",
        "footprint": 1800,
        "scaleClass": "普通建筑",
        "buildingType": "学生宿舍",
        "sizeSpec": "生活区普通模数",
        "widthMeters": 50,
        "depthMeters": 36,
        "alignment": "分区街段基线",
        "streetGapMeters": 8,
        "roadSetbackMeters": 5,
        "houseNumber": 12,
        "doorPlate": "12号",
        "address": "南部学院大道 12号",
        "layer": "buildings"
      },
      "geometry": {
        "type": "Polygon",
        "coordinates": [
          [
            [
              1019,
              2001
            ],
            [
              1069,
              2001
            ],
            [
              1069,
              2037
            ],
            [
              1019,
              2037
            ],
            [
              1019,
              2001
            ]
          ]
        ]
      }
    },
    {
      "type": "Feature",
      "properties": {
        "id": "B-213",
        "name": "家庭公寓 34",
        "zone": "生活区",
        "frontageRoad": "R-SW",
        "description": "生活区的家庭公寓，按生活区普通模数统一规格并沿街坊基线对齐。",
        "footprint": 1800,
        "scaleClass": "普通建筑",
        "buildingType": "家庭公寓",
        "sizeSpec": "生活区普通模数",
        "widthMeters": 50,
        "depthMeters": 36,
        "alignment": "分区街段基线",
        "streetGapMeters": 8,
        "roadSetbackMeters": 5,
        "houseNumber": 10,
        "doorPlate": "10号",
        "address": "南部学院大道 10号",
        "layer": "buildings"
      },
      "geometry": {
        "type": "Polygon",
        "coordinates": [
          [
            [
              961,
              2001
            ],
            [
              1011,
              2001
            ],
            [
              1011,
              2037
            ],
            [
              961,
              2037
            ],
            [
              961,
              2001
            ]
          ]
        ]
      }
    },
    {
      "type": "Feature",
      "properties": {
        "id": "B-214",
        "name": "标准生活街屋 35",
        "zone": "生活区",
        "frontageRoad": "L-03",
        "description": "生活区的标准生活街屋，按生活区普通模数统一规格并沿街坊基线对齐。",
        "footprint": 1800,
        "scaleClass": "普通建筑",
        "buildingType": "标准生活街屋",
        "sizeSpec": "生活区普通模数",
        "widthMeters": 50,
        "depthMeters": 36,
        "alignment": "分区街段基线",
        "streetGapMeters": 8,
        "roadSetbackMeters": 5,
        "houseNumber": 11,
        "doorPlate": "11号",
        "address": "生活服务街 11号",
        "layer": "buildings"
      },
      "geometry": {
        "type": "Polygon",
        "coordinates": [
          [
            [
              845,
              2209
            ],
            [
              895,
              2209
            ],
            [
              895,
              2245
            ],
            [
              845,
              2245
            ],
            [
              845,
              2209
            ]
          ]
        ]
      }
    },
    {
      "type": "Feature",
      "properties": {
        "id": "B-215",
        "name": "学生宿舍 35",
        "zone": "生活区",
        "frontageRoad": "L-03",
        "description": "生活区的学生宿舍，按生活区普通模数统一规格并沿街坊基线对齐。",
        "footprint": 1800,
        "scaleClass": "普通建筑",
        "buildingType": "学生宿舍",
        "sizeSpec": "生活区普通模数",
        "widthMeters": 50,
        "depthMeters": 36,
        "alignment": "分区街段基线",
        "streetGapMeters": 8,
        "roadSetbackMeters": 5,
        "houseNumber": 19,
        "doorPlate": "19号",
        "address": "生活服务街 19号",
        "layer": "buildings"
      },
      "geometry": {
        "type": "Polygon",
        "coordinates": [
          [
            [
              1193,
              2209
            ],
            [
              1243,
              2209
            ],
            [
              1243,
              2245
            ],
            [
              1193,
              2245
            ],
            [
              1193,
              2209
            ]
          ]
        ]
      }
    },
    {
      "type": "Feature",
      "properties": {
        "id": "B-216",
        "name": "家庭公寓 35",
        "zone": "生活区",
        "frontageRoad": "R-SW",
        "description": "生活区的家庭公寓，按生活区普通模数统一规格并沿街坊基线对齐。",
        "footprint": 1800,
        "scaleClass": "普通建筑",
        "buildingType": "家庭公寓",
        "sizeSpec": "生活区普通模数",
        "widthMeters": 50,
        "depthMeters": 36,
        "alignment": "分区街段基线",
        "streetGapMeters": 8,
        "roadSetbackMeters": 5,
        "houseNumber": 14,
        "doorPlate": "14号",
        "address": "南部学院大道 14号",
        "layer": "buildings"
      },
      "geometry": {
        "type": "Polygon",
        "coordinates": [
          [
            [
              1135,
              2001
            ],
            [
              1185,
              2001
            ],
            [
              1185,
              2037
            ],
            [
              1135,
              2037
            ],
            [
              1135,
              2001
            ]
          ]
        ]
      }
    },
    {
      "type": "Feature",
      "properties": {
        "id": "B-217",
        "name": "标准生活街屋 36",
        "zone": "生活区",
        "frontageRoad": "L-01",
        "description": "生活区的标准生活街屋，按生活区普通模数统一规格并沿街坊基线对齐。",
        "footprint": 1800,
        "scaleClass": "普通建筑",
        "buildingType": "标准生活街屋",
        "sizeSpec": "生活区普通模数",
        "widthMeters": 50,
        "depthMeters": 36,
        "alignment": "分区街段基线",
        "streetGapMeters": 8,
        "roadSetbackMeters": 5,
        "houseNumber": 2,
        "doorPlate": "2号",
        "address": "灯庭街 2号",
        "layer": "buildings"
      },
      "geometry": {
        "type": "Polygon",
        "coordinates": [
          [
            [
              91,
              1415
            ],
            [
              141,
              1415
            ],
            [
              141,
              1451
            ],
            [
              91,
              1451
            ],
            [
              91,
              1415
            ]
          ]
        ]
      }
    },
    {
      "type": "Feature",
      "properties": {
        "id": "B-218",
        "name": "学生宿舍 36",
        "zone": "生活区",
        "frontageRoad": "L-03",
        "description": "生活区的学生宿舍，按生活区普通模数统一规格并沿街坊基线对齐。",
        "footprint": 1800,
        "scaleClass": "普通建筑",
        "buildingType": "学生宿舍",
        "sizeSpec": "生活区普通模数",
        "widthMeters": 50,
        "depthMeters": 36,
        "alignment": "分区街段基线",
        "streetGapMeters": 8,
        "roadSetbackMeters": 5,
        "houseNumber": 10,
        "doorPlate": "10号",
        "address": "生活服务街 10号",
        "layer": "buildings"
      },
      "geometry": {
        "type": "Polygon",
        "coordinates": [
          [
            [
              671,
              2155
            ],
            [
              721,
              2155
            ],
            [
              721,
              2191
            ],
            [
              671,
              2191
            ],
            [
              671,
              2155
            ]
          ]
        ]
      }
    },
    {
      "type": "Feature",
      "properties": {
        "id": "B-219",
        "name": "家庭公寓 36",
        "zone": "生活区",
        "frontageRoad": "L-04",
        "description": "生活区的家庭公寓，按生活区普通模数统一规格并沿街坊基线对齐。",
        "footprint": 1800,
        "scaleClass": "普通建筑",
        "buildingType": "家庭公寓",
        "sizeSpec": "生活区普通模数",
        "widthMeters": 50,
        "depthMeters": 36,
        "alignment": "分区街段基线",
        "streetGapMeters": 8,
        "roadSetbackMeters": 5,
        "houseNumber": 2,
        "doorPlate": "2号",
        "address": "生活南街 2号",
        "layer": "buildings"
      },
      "geometry": {
        "type": "Polygon",
        "coordinates": [
          [
            [
              381,
              1855.5
            ],
            [
              431,
              1855.5
            ],
            [
              431,
              1891.5
            ],
            [
              381,
              1891.5
            ],
            [
              381,
              1855.5
            ]
          ]
        ]
      }
    },
    {
      "type": "Feature",
      "properties": {
        "id": "B-220",
        "name": "标准生活街屋 37",
        "zone": "生活区",
        "frontageRoad": "R-W2",
        "description": "生活区的标准生活街屋，按生活区普通模数统一规格并沿街坊基线对齐。",
        "footprint": 1800,
        "scaleClass": "普通建筑",
        "buildingType": "标准生活街屋",
        "sizeSpec": "生活区普通模数",
        "widthMeters": 50,
        "depthMeters": 36,
        "alignment": "分区街段基线",
        "streetGapMeters": 8,
        "roadSetbackMeters": 5,
        "houseNumber": 14,
        "doorPlate": "14号",
        "address": "学院中路 14号",
        "layer": "buildings"
      },
      "geometry": {
        "type": "Polygon",
        "coordinates": [
          [
            [
              805.5,
              1947
            ],
            [
              805.5,
              1997
            ],
            [
              769.5,
              1997
            ],
            [
              769.5,
              1947
            ],
            [
              805.5,
              1947
            ]
          ]
        ]
      }
    },
    {
      "type": "Feature",
      "properties": {
        "id": "B-221",
        "name": "学生宿舍 37",
        "zone": "生活区",
        "frontageRoad": "L-03",
        "description": "生活区的学生宿舍，按生活区普通模数统一规格并沿街坊基线对齐。",
        "footprint": 1800,
        "scaleClass": "普通建筑",
        "buildingType": "学生宿舍",
        "sizeSpec": "生活区普通模数",
        "widthMeters": 50,
        "depthMeters": 36,
        "alignment": "分区街段基线",
        "streetGapMeters": 8,
        "roadSetbackMeters": 5,
        "houseNumber": 18,
        "doorPlate": "18号",
        "address": "生活服务街 18号",
        "layer": "buildings"
      },
      "geometry": {
        "type": "Polygon",
        "coordinates": [
          [
            [
              1367,
              2155
            ],
            [
              1417,
              2155
            ],
            [
              1417,
              2191
            ],
            [
              1367,
              2191
            ],
            [
              1367,
              2155
            ]
          ]
        ]
      }
    },
    {
      "type": "Feature",
      "properties": {
        "id": "B-222",
        "name": "家庭公寓 37",
        "zone": "生活区",
        "frontageRoad": "L-03",
        "description": "生活区的家庭公寓，按生活区普通模数统一规格并沿街坊基线对齐。",
        "footprint": 1800,
        "scaleClass": "普通建筑",
        "buildingType": "家庭公寓",
        "sizeSpec": "生活区普通模数",
        "widthMeters": 50,
        "depthMeters": 36,
        "alignment": "分区街段基线",
        "streetGapMeters": 8,
        "roadSetbackMeters": 5,
        "houseNumber": 21,
        "doorPlate": "21号",
        "address": "生活服务街 21号",
        "layer": "buildings"
      },
      "geometry": {
        "type": "Polygon",
        "coordinates": [
          [
            [
              1251,
              2209
            ],
            [
              1301,
              2209
            ],
            [
              1301,
              2245
            ],
            [
              1251,
              2245
            ],
            [
              1251,
              2209
            ]
          ]
        ]
      }
    },
    {
      "type": "Feature",
      "properties": {
        "id": "B-223",
        "name": "标准生活街屋 38",
        "zone": "生活区",
        "frontageRoad": "R-SW",
        "description": "生活区的标准生活街屋，按生活区普通模数统一规格并沿街坊基线对齐。",
        "footprint": 1800,
        "scaleClass": "普通建筑",
        "buildingType": "标准生活街屋",
        "sizeSpec": "生活区普通模数",
        "widthMeters": 50,
        "depthMeters": 36,
        "alignment": "分区街段基线",
        "streetGapMeters": 8,
        "roadSetbackMeters": 5,
        "houseNumber": 8,
        "doorPlate": "8号",
        "address": "南部学院大道 8号",
        "layer": "buildings"
      },
      "geometry": {
        "type": "Polygon",
        "coordinates": [
          [
            [
              845,
              2001
            ],
            [
              895,
              2001
            ],
            [
              895,
              2037
            ],
            [
              845,
              2037
            ],
            [
              845,
              2001
            ]
          ]
        ]
      }
    },
    {
      "type": "Feature",
      "properties": {
        "id": "B-224",
        "name": "学生宿舍 38",
        "zone": "生活区",
        "frontageRoad": "R-SW",
        "description": "生活区的学生宿舍，按生活区普通模数统一规格并沿街坊基线对齐。",
        "footprint": 1800,
        "scaleClass": "普通建筑",
        "buildingType": "学生宿舍",
        "sizeSpec": "生活区普通模数",
        "widthMeters": 50,
        "depthMeters": 36,
        "alignment": "分区街段基线",
        "streetGapMeters": 8,
        "roadSetbackMeters": 5,
        "houseNumber": 16,
        "doorPlate": "16号",
        "address": "南部学院大道 16号",
        "layer": "buildings"
      },
      "geometry": {
        "type": "Polygon",
        "coordinates": [
          [
            [
              1193,
              2001
            ],
            [
              1243,
              2001
            ],
            [
              1243,
              2037
            ],
            [
              1193,
              2037
            ],
            [
              1193,
              2001
            ]
          ]
        ]
      }
    },
    {
      "type": "Feature",
      "properties": {
        "id": "B-225",
        "name": "家庭公寓 38",
        "zone": "生活区",
        "frontageRoad": "L-04",
        "description": "生活区的家庭公寓，按生活区普通模数统一规格并沿街坊基线对齐。",
        "footprint": 1800,
        "scaleClass": "普通建筑",
        "buildingType": "家庭公寓",
        "sizeSpec": "生活区普通模数",
        "widthMeters": 50,
        "depthMeters": 36,
        "alignment": "分区街段基线",
        "streetGapMeters": 8,
        "roadSetbackMeters": 5,
        "houseNumber": 1,
        "doorPlate": "1号",
        "address": "生活南街 1号",
        "layer": "buildings"
      },
      "geometry": {
        "type": "Polygon",
        "coordinates": [
          [
            [
              381,
              1908.5
            ],
            [
              431,
              1908.5
            ],
            [
              431,
              1944.5
            ],
            [
              381,
              1944.5
            ],
            [
              381,
              1908.5
            ]
          ]
        ]
      }
    },
    {
      "type": "Feature",
      "properties": {
        "id": "B-226",
        "name": "标准生活街屋 39",
        "zone": "生活区",
        "frontageRoad": "L-03",
        "description": "生活区的标准生活街屋，按生活区普通模数统一规格并沿街坊基线对齐。",
        "footprint": 1800,
        "scaleClass": "普通建筑",
        "buildingType": "标准生活街屋",
        "sizeSpec": "生活区普通模数",
        "widthMeters": 50,
        "depthMeters": 36,
        "alignment": "分区街段基线",
        "streetGapMeters": 8,
        "roadSetbackMeters": 5,
        "houseNumber": 23,
        "doorPlate": "23号",
        "address": "生活服务街 23号",
        "layer": "buildings"
      },
      "geometry": {
        "type": "Polygon",
        "coordinates": [
          [
            [
              1309,
              2209
            ],
            [
              1359,
              2209
            ],
            [
              1359,
              2245
            ],
            [
              1309,
              2245
            ],
            [
              1309,
              2209
            ]
          ]
        ]
      }
    },
    {
      "type": "Feature",
      "properties": {
        "id": "B-227",
        "name": "学生宿舍 39",
        "zone": "生活区",
        "frontageRoad": "L-03",
        "description": "生活区的学生宿舍，按生活区普通模数统一规格并沿街坊基线对齐。",
        "footprint": 1800,
        "scaleClass": "普通建筑",
        "buildingType": "学生宿舍",
        "sizeSpec": "生活区普通模数",
        "widthMeters": 50,
        "depthMeters": 36,
        "alignment": "分区街段基线",
        "streetGapMeters": 8,
        "roadSetbackMeters": 5,
        "houseNumber": 8,
        "doorPlate": "8号",
        "address": "生活服务街 8号",
        "layer": "buildings"
      },
      "geometry": {
        "type": "Polygon",
        "coordinates": [
          [
            [
              613,
              2155
            ],
            [
              663,
              2155
            ],
            [
              663,
              2191
            ],
            [
              613,
              2191
            ],
            [
              613,
              2155
            ]
          ]
        ]
      }
    },
    {
      "type": "Feature",
      "properties": {
        "id": "B-228",
        "name": "家庭公寓 39",
        "zone": "生活区",
        "frontageRoad": "R-SW",
        "description": "生活区的家庭公寓，按生活区普通模数统一规格并沿街坊基线对齐。",
        "footprint": 1800,
        "scaleClass": "普通建筑",
        "buildingType": "家庭公寓",
        "sizeSpec": "生活区普通模数",
        "widthMeters": 50,
        "depthMeters": 36,
        "alignment": "分区街段基线",
        "streetGapMeters": 8,
        "roadSetbackMeters": 5,
        "houseNumber": 6,
        "doorPlate": "6号",
        "address": "南部学院大道 6号",
        "layer": "buildings"
      },
      "geometry": {
        "type": "Polygon",
        "coordinates": [
          [
            [
              787,
              2001
            ],
            [
              837,
              2001
            ],
            [
              837,
              2037
            ],
            [
              787,
              2037
            ],
            [
              787,
              2001
            ]
          ]
        ]
      }
    },
    {
      "type": "Feature",
      "properties": {
        "id": "B-229",
        "name": "标准生活街屋 40",
        "zone": "生活区",
        "frontageRoad": "R-W2",
        "description": "生活区的标准生活街屋，按生活区普通模数统一规格并沿街坊基线对齐。",
        "footprint": 1800,
        "scaleClass": "普通建筑",
        "buildingType": "标准生活街屋",
        "sizeSpec": "生活区普通模数",
        "widthMeters": 50,
        "depthMeters": 36,
        "alignment": "分区街段基线",
        "streetGapMeters": 8,
        "roadSetbackMeters": 5,
        "houseNumber": 15,
        "doorPlate": "15号",
        "address": "学院中路 15号",
        "layer": "buildings"
      },
      "geometry": {
        "type": "Polygon",
        "coordinates": [
          [
            [
              750.5,
              1947
            ],
            [
              750.5,
              1997
            ],
            [
              714.5,
              1997
            ],
            [
              714.5,
              1947
            ],
            [
              750.5,
              1947
            ]
          ]
        ]
      }
    },
    {
      "type": "Feature",
      "properties": {
        "id": "B-230",
        "name": "学生宿舍 40",
        "zone": "生活区",
        "frontageRoad": "R-SW",
        "description": "生活区的学生宿舍，按生活区普通模数统一规格并沿街坊基线对齐。",
        "footprint": 1800,
        "scaleClass": "普通建筑",
        "buildingType": "学生宿舍",
        "sizeSpec": "生活区普通模数",
        "widthMeters": 50,
        "depthMeters": 36,
        "alignment": "分区街段基线",
        "streetGapMeters": 8,
        "roadSetbackMeters": 5,
        "houseNumber": 3,
        "doorPlate": "3号",
        "address": "南部学院大道 3号",
        "layer": "buildings"
      },
      "geometry": {
        "type": "Polygon",
        "coordinates": [
          [
            [
              1019,
              2063
            ],
            [
              1069,
              2063
            ],
            [
              1069,
              2099
            ],
            [
              1019,
              2099
            ],
            [
              1019,
              2063
            ]
          ]
        ]
      }
    },
    {
      "type": "Feature",
      "properties": {
        "id": "B-231",
        "name": "家庭公寓 40",
        "zone": "生活区",
        "frontageRoad": "L-03",
        "description": "生活区的家庭公寓，按生活区普通模数统一规格并沿街坊基线对齐。",
        "footprint": 1800,
        "scaleClass": "普通建筑",
        "buildingType": "家庭公寓",
        "sizeSpec": "生活区普通模数",
        "widthMeters": 50,
        "depthMeters": 36,
        "alignment": "分区街段基线",
        "streetGapMeters": 8,
        "roadSetbackMeters": 5,
        "houseNumber": 7,
        "doorPlate": "7号",
        "address": "生活服务街 7号",
        "layer": "buildings"
      },
      "geometry": {
        "type": "Polygon",
        "coordinates": [
          [
            [
              671,
              2209
            ],
            [
              721,
              2209
            ],
            [
              721,
              2245
            ],
            [
              671,
              2245
            ],
            [
              671,
              2209
            ]
          ]
        ]
      }
    },
    {
      "type": "Feature",
      "properties": {
        "id": "B-232",
        "name": "标准生活街屋 41",
        "zone": "生活区",
        "frontageRoad": "L-03",
        "description": "生活区的标准生活街屋，按生活区普通模数统一规格并沿街坊基线对齐。",
        "footprint": 1800,
        "scaleClass": "普通建筑",
        "buildingType": "标准生活街屋",
        "sizeSpec": "生活区普通模数",
        "widthMeters": 50,
        "depthMeters": 36,
        "alignment": "分区街段基线",
        "streetGapMeters": 8,
        "roadSetbackMeters": 5,
        "houseNumber": 25,
        "doorPlate": "25号",
        "address": "生活服务街 25号",
        "layer": "buildings"
      },
      "geometry": {
        "type": "Polygon",
        "coordinates": [
          [
            [
              1367,
              2209
            ],
            [
              1417,
              2209
            ],
            [
              1417,
              2245
            ],
            [
              1367,
              2245
            ],
            [
              1367,
              2209
            ]
          ]
        ]
      }
    },
    {
      "type": "Feature",
      "properties": {
        "id": "B-233",
        "name": "学生宿舍 41",
        "zone": "生活区",
        "frontageRoad": "L-02",
        "description": "生活区的学生宿舍，按生活区普通模数统一规格并沿街坊基线对齐。",
        "footprint": 1800,
        "scaleClass": "普通建筑",
        "buildingType": "学生宿舍",
        "sizeSpec": "生活区普通模数",
        "widthMeters": 50,
        "depthMeters": 36,
        "alignment": "分区街段基线",
        "streetGapMeters": 8,
        "roadSetbackMeters": 5,
        "houseNumber": 4,
        "doorPlate": "4号",
        "address": "宿舍街 4号",
        "layer": "buildings"
      },
      "geometry": {
        "type": "Polygon",
        "coordinates": [
          [
            [
              265,
              1715
            ],
            [
              315,
              1715
            ],
            [
              315,
              1751
            ],
            [
              265,
              1751
            ],
            [
              265,
              1715
            ]
          ]
        ]
      }
    },
    {
      "type": "Feature",
      "properties": {
        "id": "B-234",
        "name": "家庭公寓 41",
        "zone": "生活区",
        "frontageRoad": "L-03",
        "description": "生活区的家庭公寓，按生活区普通模数统一规格并沿街坊基线对齐。",
        "footprint": 1800,
        "scaleClass": "普通建筑",
        "buildingType": "家庭公寓",
        "sizeSpec": "生活区普通模数",
        "widthMeters": 50,
        "depthMeters": 36,
        "alignment": "分区街段基线",
        "streetGapMeters": 8,
        "roadSetbackMeters": 5,
        "houseNumber": 6,
        "doorPlate": "6号",
        "address": "生活服务街 6号",
        "layer": "buildings"
      },
      "geometry": {
        "type": "Polygon",
        "coordinates": [
          [
            [
              555,
              2155
            ],
            [
              605,
              2155
            ],
            [
              605,
              2191
            ],
            [
              555,
              2191
            ],
            [
              555,
              2155
            ]
          ]
        ]
      }
    },
    {
      "type": "Feature",
      "properties": {
        "id": "B-235",
        "name": "标准生活街屋 42",
        "zone": "生活区",
        "frontageRoad": "L-02",
        "description": "生活区的标准生活街屋，按生活区普通模数统一规格并沿街坊基线对齐。",
        "footprint": 1800,
        "scaleClass": "普通建筑",
        "buildingType": "标准生活街屋",
        "sizeSpec": "生活区普通模数",
        "widthMeters": 50,
        "depthMeters": 36,
        "alignment": "分区街段基线",
        "streetGapMeters": 8,
        "roadSetbackMeters": 5,
        "houseNumber": 5,
        "doorPlate": "5号",
        "address": "宿舍街 5号",
        "layer": "buildings"
      },
      "geometry": {
        "type": "Polygon",
        "coordinates": [
          [
            [
              265,
              1769
            ],
            [
              315,
              1769
            ],
            [
              315,
              1805
            ],
            [
              265,
              1805
            ],
            [
              265,
              1769
            ]
          ]
        ]
      }
    },
    {
      "type": "Feature",
      "properties": {
        "id": "B-236",
        "name": "学生宿舍 42",
        "zone": "生活区",
        "frontageRoad": "L-03",
        "description": "生活区的学生宿舍，按生活区普通模数统一规格并沿街坊基线对齐。",
        "footprint": 1800,
        "scaleClass": "普通建筑",
        "buildingType": "学生宿舍",
        "sizeSpec": "生活区普通模数",
        "widthMeters": 50,
        "depthMeters": 36,
        "alignment": "分区街段基线",
        "streetGapMeters": 8,
        "roadSetbackMeters": 5,
        "houseNumber": 5,
        "doorPlate": "5号",
        "address": "生活服务街 5号",
        "layer": "buildings"
      },
      "geometry": {
        "type": "Polygon",
        "coordinates": [
          [
            [
              613,
              2209
            ],
            [
              663,
              2209
            ],
            [
              663,
              2245
            ],
            [
              613,
              2245
            ],
            [
              613,
              2209
            ]
          ]
        ]
      }
    },
    {
      "type": "Feature",
      "properties": {
        "id": "B-237",
        "name": "家庭公寓 42",
        "zone": "生活区",
        "frontageRoad": "R-SW",
        "description": "生活区的家庭公寓，按生活区普通模数统一规格并沿街坊基线对齐。",
        "footprint": 1800,
        "scaleClass": "普通建筑",
        "buildingType": "家庭公寓",
        "sizeSpec": "生活区普通模数",
        "widthMeters": 50,
        "depthMeters": 36,
        "alignment": "分区街段基线",
        "streetGapMeters": 8,
        "roadSetbackMeters": 5,
        "houseNumber": 1,
        "doorPlate": "1号",
        "address": "南部学院大道 1号",
        "layer": "buildings"
      },
      "geometry": {
        "type": "Polygon",
        "coordinates": [
          [
            [
              787,
              2063
            ],
            [
              837,
              2063
            ],
            [
              837,
              2099
            ],
            [
              787,
              2099
            ],
            [
              787,
              2063
            ]
          ]
        ]
      }
    },
    {
      "type": "Feature",
      "properties": {
        "id": "B-238",
        "name": "标准生活街屋 43",
        "zone": "生活区",
        "frontageRoad": "R-SW",
        "description": "生活区的标准生活街屋，按生活区普通模数统一规格并沿街坊基线对齐。",
        "footprint": 1800,
        "scaleClass": "普通建筑",
        "buildingType": "标准生活街屋",
        "sizeSpec": "生活区普通模数",
        "widthMeters": 50,
        "depthMeters": 36,
        "alignment": "分区街段基线",
        "streetGapMeters": 8,
        "roadSetbackMeters": 5,
        "houseNumber": 4,
        "doorPlate": "4号",
        "address": "南部学院大道 4号",
        "layer": "buildings"
      },
      "geometry": {
        "type": "Polygon",
        "coordinates": [
          [
            [
              671,
              2001
            ],
            [
              721,
              2001
            ],
            [
              721,
              2037
            ],
            [
              671,
              2037
            ],
            [
              671,
              2001
            ]
          ]
        ]
      }
    },
    {
      "type": "Feature",
      "properties": {
        "id": "B-239",
        "name": "学生宿舍 43",
        "zone": "生活区",
        "frontageRoad": "L-03",
        "description": "生活区的学生宿舍，按生活区普通模数统一规格并沿街坊基线对齐。",
        "footprint": 1800,
        "scaleClass": "普通建筑",
        "buildingType": "学生宿舍",
        "sizeSpec": "生活区普通模数",
        "widthMeters": 50,
        "depthMeters": 36,
        "alignment": "分区街段基线",
        "streetGapMeters": 8,
        "roadSetbackMeters": 5,
        "houseNumber": 4,
        "doorPlate": "4号",
        "address": "生活服务街 4号",
        "layer": "buildings"
      },
      "geometry": {
        "type": "Polygon",
        "coordinates": [
          [
            [
              497,
              2155
            ],
            [
              547,
              2155
            ],
            [
              547,
              2191
            ],
            [
              497,
              2191
            ],
            [
              497,
              2155
            ]
          ]
        ]
      }
    },
    {
      "type": "Feature",
      "properties": {
        "id": "B-240",
        "name": "家庭公寓 43",
        "zone": "生活区",
        "frontageRoad": "L-03",
        "description": "生活区的家庭公寓，按生活区普通模数统一规格并沿街坊基线对齐。",
        "footprint": 1800,
        "scaleClass": "普通建筑",
        "buildingType": "家庭公寓",
        "sizeSpec": "生活区普通模数",
        "widthMeters": 50,
        "depthMeters": 36,
        "alignment": "分区街段基线",
        "streetGapMeters": 8,
        "roadSetbackMeters": 5,
        "houseNumber": 3,
        "doorPlate": "3号",
        "address": "生活服务街 3号",
        "layer": "buildings"
      },
      "geometry": {
        "type": "Polygon",
        "coordinates": [
          [
            [
              555,
              2209
            ],
            [
              605,
              2209
            ],
            [
              605,
              2245
            ],
            [
              555,
              2245
            ],
            [
              555,
              2209
            ]
          ]
        ]
      }
    },
    {
      "type": "Feature",
      "properties": {
        "id": "B-241",
        "name": "标准生活街屋 44",
        "zone": "生活区",
        "frontageRoad": "R-SW",
        "description": "生活区的标准生活街屋，按生活区普通模数统一规格并沿街坊基线对齐。",
        "footprint": 1800,
        "scaleClass": "普通建筑",
        "buildingType": "标准生活街屋",
        "sizeSpec": "生活区普通模数",
        "widthMeters": 50,
        "depthMeters": 36,
        "alignment": "分区街段基线",
        "streetGapMeters": 8,
        "roadSetbackMeters": 5,
        "houseNumber": 5,
        "doorPlate": "5号",
        "address": "南部学院大道 5号",
        "layer": "buildings"
      },
      "geometry": {
        "type": "Polygon",
        "coordinates": [
          [
            [
              1309,
              2063
            ],
            [
              1359,
              2063
            ],
            [
              1359,
              2099
            ],
            [
              1309,
              2099
            ],
            [
              1309,
              2063
            ]
          ]
        ]
      }
    },
    {
      "type": "Feature",
      "properties": {
        "id": "B-242",
        "name": "学生宿舍 44",
        "zone": "生活区",
        "frontageRoad": "L-02",
        "description": "生活区的学生宿舍，按生活区普通模数统一规格并沿街坊基线对齐。",
        "footprint": 1800,
        "scaleClass": "普通建筑",
        "buildingType": "学生宿舍",
        "sizeSpec": "生活区普通模数",
        "widthMeters": 50,
        "depthMeters": 36,
        "alignment": "分区街段基线",
        "streetGapMeters": 8,
        "roadSetbackMeters": 5,
        "houseNumber": 2,
        "doorPlate": "2号",
        "address": "宿舍街 2号",
        "layer": "buildings"
      },
      "geometry": {
        "type": "Polygon",
        "coordinates": [
          [
            [
              207,
              1715
            ],
            [
              257,
              1715
            ],
            [
              257,
              1751
            ],
            [
              207,
              1751
            ],
            [
              207,
              1715
            ]
          ]
        ]
      }
    },
    {
      "type": "Feature",
      "properties": {
        "id": "B-243",
        "name": "家庭公寓 44",
        "zone": "生活区",
        "frontageRoad": "R-SW",
        "description": "生活区的家庭公寓，按生活区普通模数统一规格并沿街坊基线对齐。",
        "footprint": 1800,
        "scaleClass": "普通建筑",
        "buildingType": "家庭公寓",
        "sizeSpec": "生活区普通模数",
        "widthMeters": 50,
        "depthMeters": 36,
        "alignment": "分区街段基线",
        "streetGapMeters": 8,
        "roadSetbackMeters": 5,
        "houseNumber": 2,
        "doorPlate": "2号",
        "address": "南部学院大道 2号",
        "layer": "buildings"
      },
      "geometry": {
        "type": "Polygon",
        "coordinates": [
          [
            [
              613,
              2001
            ],
            [
              663,
              2001
            ],
            [
              663,
              2037
            ],
            [
              613,
              2037
            ],
            [
              613,
              2001
            ]
          ]
        ]
      }
    },
    {
      "type": "Feature",
      "properties": {
        "id": "B-244",
        "name": "标准生活街屋 45",
        "zone": "生活区",
        "frontageRoad": "R-W2",
        "description": "生活区的标准生活街屋，按生活区普通模数统一规格并沿街坊基线对齐。",
        "footprint": 1800,
        "scaleClass": "普通建筑",
        "buildingType": "标准生活街屋",
        "sizeSpec": "生活区普通模数",
        "widthMeters": 50,
        "depthMeters": 36,
        "alignment": "分区街段基线",
        "streetGapMeters": 8,
        "roadSetbackMeters": 5,
        "houseNumber": 17,
        "doorPlate": "17号",
        "address": "学院中路 17号",
        "layer": "buildings"
      },
      "geometry": {
        "type": "Polygon",
        "coordinates": [
          [
            [
              750.5,
              2063
            ],
            [
              750.5,
              2113
            ],
            [
              714.5,
              2113
            ],
            [
              714.5,
              2063
            ],
            [
              750.5,
              2063
            ]
          ]
        ]
      }
    },
    {
      "type": "Feature",
      "properties": {
        "id": "B-245",
        "name": "学生宿舍 45",
        "zone": "生活区",
        "frontageRoad": "L-02",
        "description": "生活区的学生宿舍，按生活区普通模数统一规格并沿街坊基线对齐。",
        "footprint": 1800,
        "scaleClass": "普通建筑",
        "buildingType": "学生宿舍",
        "sizeSpec": "生活区普通模数",
        "widthMeters": 50,
        "depthMeters": 36,
        "alignment": "分区街段基线",
        "streetGapMeters": 8,
        "roadSetbackMeters": 5,
        "houseNumber": 3,
        "doorPlate": "3号",
        "address": "宿舍街 3号",
        "layer": "buildings"
      },
      "geometry": {
        "type": "Polygon",
        "coordinates": [
          [
            [
              207,
              1769
            ],
            [
              257,
              1769
            ],
            [
              257,
              1805
            ],
            [
              207,
              1805
            ],
            [
              207,
              1769
            ]
          ]
        ]
      }
    },
    {
      "type": "Feature",
      "properties": {
        "id": "B-246",
        "name": "家庭公寓 45",
        "zone": "生活区",
        "frontageRoad": "L-03",
        "description": "生活区的家庭公寓，按生活区普通模数统一规格并沿街坊基线对齐。",
        "footprint": 1800,
        "scaleClass": "普通建筑",
        "buildingType": "家庭公寓",
        "sizeSpec": "生活区普通模数",
        "widthMeters": 50,
        "depthMeters": 36,
        "alignment": "分区街段基线",
        "streetGapMeters": 8,
        "roadSetbackMeters": 5,
        "houseNumber": 2,
        "doorPlate": "2号",
        "address": "生活服务街 2号",
        "layer": "buildings"
      },
      "geometry": {
        "type": "Polygon",
        "coordinates": [
          [
            [
              439,
              2155
            ],
            [
              489,
              2155
            ],
            [
              489,
              2191
            ],
            [
              439,
              2191
            ],
            [
              439,
              2155
            ]
          ]
        ]
      }
    },
    {
      "type": "Feature",
      "properties": {
        "id": "B-247",
        "name": "标准生活街屋 46",
        "zone": "生活区",
        "frontageRoad": "L-03",
        "description": "生活区的标准生活街屋，按生活区普通模数统一规格并沿街坊基线对齐。",
        "footprint": 1800,
        "scaleClass": "普通建筑",
        "buildingType": "标准生活街屋",
        "sizeSpec": "生活区普通模数",
        "widthMeters": 50,
        "depthMeters": 36,
        "alignment": "分区街段基线",
        "streetGapMeters": 8,
        "roadSetbackMeters": 5,
        "houseNumber": 1,
        "doorPlate": "1号",
        "address": "生活服务街 1号",
        "layer": "buildings"
      },
      "geometry": {
        "type": "Polygon",
        "coordinates": [
          [
            [
              497,
              2209
            ],
            [
              547,
              2209
            ],
            [
              547,
              2245
            ],
            [
              497,
              2245
            ],
            [
              497,
              2209
            ]
          ]
        ]
      }
    },
    {
      "type": "Feature",
      "properties": {
        "id": "B-248",
        "name": "学生宿舍 46",
        "zone": "生活区",
        "frontageRoad": "R-SW",
        "description": "生活区的学生宿舍，按生活区普通模数统一规格并沿街坊基线对齐。",
        "footprint": 1800,
        "scaleClass": "普通建筑",
        "buildingType": "学生宿舍",
        "sizeSpec": "生活区普通模数",
        "widthMeters": 50,
        "depthMeters": 36,
        "alignment": "分区街段基线",
        "streetGapMeters": 8,
        "roadSetbackMeters": 5,
        "houseNumber": 7,
        "doorPlate": "7号",
        "address": "南部学院大道 7号",
        "layer": "buildings"
      },
      "geometry": {
        "type": "Polygon",
        "coordinates": [
          [
            [
              1367,
              2063
            ],
            [
              1417,
              2063
            ],
            [
              1417,
              2099
            ],
            [
              1367,
              2099
            ],
            [
              1367,
              2063
            ]
          ]
        ]
      }
    },
    {
      "type": "Feature",
      "properties": {
        "id": "B-249",
        "name": "临街商住楼 1",
        "zone": "市集区",
        "frontageRoad": "M-03",
        "description": "市集区的临街商住楼，按市集区普通模数统一规格并沿街坊基线对齐。",
        "footprint": 1872,
        "scaleClass": "普通建筑",
        "buildingType": "临街商住楼",
        "sizeSpec": "市集区普通模数",
        "widthMeters": 52,
        "depthMeters": 36,
        "alignment": "分区街段基线",
        "streetGapMeters": 8,
        "roadSetbackMeters": 5,
        "houseNumber": 3,
        "doorPlate": "3号",
        "address": "公共剧场街 3号",
        "layer": "buildings"
      },
      "geometry": {
        "type": "Polygon",
        "coordinates": [
          [
            [
              2194,
              1059
            ],
            [
              2246,
              1059
            ],
            [
              2246,
              1095
            ],
            [
              2194,
              1095
            ],
            [
              2194,
              1059
            ]
          ]
        ]
      }
    },
    {
      "type": "Feature",
      "properties": {
        "id": "B-250",
        "name": "标准街铺 1",
        "zone": "市集区",
        "frontageRoad": "M-03",
        "description": "市集区的标准街铺，按市集区普通模数统一规格并沿街坊基线对齐。",
        "footprint": 1872,
        "scaleClass": "普通建筑",
        "buildingType": "标准街铺",
        "sizeSpec": "市集区普通模数",
        "widthMeters": 52,
        "depthMeters": 36,
        "alignment": "分区街段基线",
        "streetGapMeters": 8,
        "roadSetbackMeters": 5,
        "houseNumber": 5,
        "doorPlate": "5号",
        "address": "公共剧场街 5号",
        "layer": "buildings"
      },
      "geometry": {
        "type": "Polygon",
        "coordinates": [
          [
            [
              2254,
              1059
            ],
            [
              2306,
              1059
            ],
            [
              2306,
              1095
            ],
            [
              2254,
              1095
            ],
            [
              2254,
              1059
            ]
          ]
        ]
      }
    },
    {
      "type": "Feature",
      "properties": {
        "id": "B-251",
        "name": "旅舍住宅 1",
        "zone": "市集区",
        "frontageRoad": "R-CE",
        "description": "市集区的旅舍住宅，按市集区普通模数统一规格并沿街坊基线对齐。",
        "footprint": 1872,
        "scaleClass": "普通建筑",
        "buildingType": "旅舍住宅",
        "sizeSpec": "市集区普通模数",
        "widthMeters": 52,
        "depthMeters": 36,
        "alignment": "分区街段基线",
        "streetGapMeters": 8,
        "roadSetbackMeters": 5,
        "houseNumber": 2,
        "doorPlate": "2号",
        "address": "城市中央大道 2号",
        "layer": "buildings"
      },
      "geometry": {
        "type": "Polygon",
        "coordinates": [
          [
            [
              2194,
              1199
            ],
            [
              2246,
              1199
            ],
            [
              2246,
              1235
            ],
            [
              2194,
              1235
            ],
            [
              2194,
              1199
            ]
          ]
        ]
      }
    },
    {
      "type": "Feature",
      "properties": {
        "id": "B-252",
        "name": "临街商住楼 2",
        "zone": "市集区",
        "frontageRoad": "R-E2",
        "description": "市集区的临街商住楼，按市集区普通模数统一规格并沿街坊基线对齐。",
        "footprint": 1872,
        "scaleClass": "普通建筑",
        "buildingType": "临街商住楼",
        "sizeSpec": "市集区普通模数",
        "widthMeters": 52,
        "depthMeters": 36,
        "alignment": "分区街段基线",
        "streetGapMeters": 8,
        "roadSetbackMeters": 5,
        "houseNumber": 11,
        "doorPlate": "11号",
        "address": "议政东路 11号",
        "layer": "buildings"
      },
      "geometry": {
        "type": "Polygon",
        "coordinates": [
          [
            [
              2340.5,
              1114
            ],
            [
              2340.5,
              1166
            ],
            [
              2304.5,
              1166
            ],
            [
              2304.5,
              1114
            ],
            [
              2340.5,
              1114
            ]
          ]
        ]
      }
    },
    {
      "type": "Feature",
      "properties": {
        "id": "B-253",
        "name": "标准街铺 2",
        "zone": "市集区",
        "frontageRoad": "R-CE",
        "description": "市集区的标准街铺，按市集区普通模数统一规格并沿街坊基线对齐。",
        "footprint": 1872,
        "scaleClass": "普通建筑",
        "buildingType": "标准街铺",
        "sizeSpec": "市集区普通模数",
        "widthMeters": 52,
        "depthMeters": 36,
        "alignment": "分区街段基线",
        "streetGapMeters": 8,
        "roadSetbackMeters": 5,
        "houseNumber": 4,
        "doorPlate": "4号",
        "address": "城市中央大道 4号",
        "layer": "buildings"
      },
      "geometry": {
        "type": "Polygon",
        "coordinates": [
          [
            [
              2254,
              1199
            ],
            [
              2306,
              1199
            ],
            [
              2306,
              1235
            ],
            [
              2254,
              1235
            ],
            [
              2254,
              1199
            ]
          ]
        ]
      }
    },
    {
      "type": "Feature",
      "properties": {
        "id": "B-254",
        "name": "旅舍住宅 2",
        "zone": "市集区",
        "frontageRoad": "M-03",
        "description": "市集区的旅舍住宅，按市集区普通模数统一规格并沿街坊基线对齐。",
        "footprint": 1872,
        "scaleClass": "普通建筑",
        "buildingType": "旅舍住宅",
        "sizeSpec": "市集区普通模数",
        "widthMeters": 52,
        "depthMeters": 36,
        "alignment": "分区街段基线",
        "streetGapMeters": 8,
        "roadSetbackMeters": 5,
        "houseNumber": 4,
        "doorPlate": "4号",
        "address": "公共剧场街 4号",
        "layer": "buildings"
      },
      "geometry": {
        "type": "Polygon",
        "coordinates": [
          [
            [
              2074,
              1005
            ],
            [
              2126,
              1005
            ],
            [
              2126,
              1041
            ],
            [
              2074,
              1041
            ],
            [
              2074,
              1005
            ]
          ]
        ]
      }
    },
    {
      "type": "Feature",
      "properties": {
        "id": "B-255",
        "name": "临街商住楼 3",
        "zone": "市集区",
        "frontageRoad": "R-CE",
        "description": "市集区的临街商住楼，按市集区普通模数统一规格并沿街坊基线对齐。",
        "footprint": 1872,
        "scaleClass": "普通建筑",
        "buildingType": "临街商住楼",
        "sizeSpec": "市集区普通模数",
        "widthMeters": 52,
        "depthMeters": 36,
        "alignment": "分区街段基线",
        "streetGapMeters": 8,
        "roadSetbackMeters": 5,
        "houseNumber": 3,
        "doorPlate": "3号",
        "address": "城市中央大道 3号",
        "layer": "buildings"
      },
      "geometry": {
        "type": "Polygon",
        "coordinates": [
          [
            [
              2194,
              1265
            ],
            [
              2246,
              1265
            ],
            [
              2246,
              1301
            ],
            [
              2194,
              1301
            ],
            [
              2194,
              1265
            ]
          ]
        ]
      }
    },
    {
      "type": "Feature",
      "properties": {
        "id": "B-256",
        "name": "标准街铺 3",
        "zone": "市集区",
        "frontageRoad": "R-CE",
        "description": "市集区的标准街铺，按市集区普通模数统一规格并沿街坊基线对齐。",
        "footprint": 1872,
        "scaleClass": "普通建筑",
        "buildingType": "标准街铺",
        "sizeSpec": "市集区普通模数",
        "widthMeters": 52,
        "depthMeters": 36,
        "alignment": "分区街段基线",
        "streetGapMeters": 8,
        "roadSetbackMeters": 5,
        "houseNumber": 5,
        "doorPlate": "5号",
        "address": "城市中央大道 5号",
        "layer": "buildings"
      },
      "geometry": {
        "type": "Polygon",
        "coordinates": [
          [
            [
              2254,
              1265
            ],
            [
              2306,
              1265
            ],
            [
              2306,
              1301
            ],
            [
              2254,
              1301
            ],
            [
              2254,
              1265
            ]
          ]
        ]
      }
    },
    {
      "type": "Feature",
      "properties": {
        "id": "B-257",
        "name": "旅舍住宅 3",
        "zone": "市集区",
        "frontageRoad": "M-03",
        "description": "市集区的旅舍住宅，按市集区普通模数统一规格并沿街坊基线对齐。",
        "footprint": 1872,
        "scaleClass": "普通建筑",
        "buildingType": "旅舍住宅",
        "sizeSpec": "市集区普通模数",
        "widthMeters": 52,
        "depthMeters": 36,
        "alignment": "分区街段基线",
        "streetGapMeters": 8,
        "roadSetbackMeters": 5,
        "houseNumber": 8,
        "doorPlate": "8号",
        "address": "公共剧场街 8号",
        "layer": "buildings"
      },
      "geometry": {
        "type": "Polygon",
        "coordinates": [
          [
            [
              2374,
              1005
            ],
            [
              2426,
              1005
            ],
            [
              2426,
              1041
            ],
            [
              2374,
              1041
            ],
            [
              2374,
              1005
            ]
          ]
        ]
      }
    },
    {
      "type": "Feature",
      "properties": {
        "id": "B-258",
        "name": "临街商住楼 4",
        "zone": "市集区",
        "frontageRoad": "R-E2",
        "description": "市集区的临街商住楼，按市集区普通模数统一规格并沿街坊基线对齐。",
        "footprint": 1872,
        "scaleClass": "普通建筑",
        "buildingType": "临街商住楼",
        "sizeSpec": "市集区普通模数",
        "widthMeters": 52,
        "depthMeters": 36,
        "alignment": "分区街段基线",
        "streetGapMeters": 8,
        "roadSetbackMeters": 5,
        "houseNumber": 12,
        "doorPlate": "12号",
        "address": "议政东路 12号",
        "layer": "buildings"
      },
      "geometry": {
        "type": "Polygon",
        "coordinates": [
          [
            [
              2395.5,
              934
            ],
            [
              2395.5,
              986
            ],
            [
              2359.5,
              986
            ],
            [
              2359.5,
              934
            ],
            [
              2395.5,
              934
            ]
          ]
        ]
      }
    },
    {
      "type": "Feature",
      "properties": {
        "id": "B-259",
        "name": "标准街铺 4",
        "zone": "市集区",
        "frontageRoad": "R-E2",
        "description": "市集区的标准街铺，按市集区普通模数统一规格并沿街坊基线对齐。",
        "footprint": 1872,
        "scaleClass": "普通建筑",
        "buildingType": "标准街铺",
        "sizeSpec": "市集区普通模数",
        "widthMeters": 52,
        "depthMeters": 36,
        "alignment": "分区街段基线",
        "streetGapMeters": 8,
        "roadSetbackMeters": 5,
        "houseNumber": 9,
        "doorPlate": "9号",
        "address": "议政东路 9号",
        "layer": "buildings"
      },
      "geometry": {
        "type": "Polygon",
        "coordinates": [
          [
            [
              2340.5,
              874
            ],
            [
              2340.5,
              926
            ],
            [
              2304.5,
              926
            ],
            [
              2304.5,
              874
            ],
            [
              2340.5,
              874
            ]
          ]
        ]
      }
    },
    {
      "type": "Feature",
      "properties": {
        "id": "B-260",
        "name": "旅舍住宅 4",
        "zone": "市集区",
        "frontageRoad": "R-CE",
        "description": "市集区的旅舍住宅，按市集区普通模数统一规格并沿街坊基线对齐。",
        "footprint": 1872,
        "scaleClass": "普通建筑",
        "buildingType": "旅舍住宅",
        "sizeSpec": "市集区普通模数",
        "widthMeters": 52,
        "depthMeters": 36,
        "alignment": "分区街段基线",
        "streetGapMeters": 8,
        "roadSetbackMeters": 5,
        "houseNumber": 1,
        "doorPlate": "1号",
        "address": "城市中央大道 1号",
        "layer": "buildings"
      },
      "geometry": {
        "type": "Polygon",
        "coordinates": [
          [
            [
              2014,
              1265
            ],
            [
              2066,
              1265
            ],
            [
              2066,
              1301
            ],
            [
              2014,
              1301
            ],
            [
              2014,
              1265
            ]
          ]
        ]
      }
    },
    {
      "type": "Feature",
      "properties": {
        "id": "B-261",
        "name": "临街商住楼 5",
        "zone": "市集区",
        "frontageRoad": "R-CE",
        "description": "市集区的临街商住楼，按市集区普通模数统一规格并沿街坊基线对齐。",
        "footprint": 1872,
        "scaleClass": "普通建筑",
        "buildingType": "临街商住楼",
        "sizeSpec": "市集区普通模数",
        "widthMeters": 52,
        "depthMeters": 36,
        "alignment": "分区街段基线",
        "streetGapMeters": 8,
        "roadSetbackMeters": 5,
        "houseNumber": 7,
        "doorPlate": "7号",
        "address": "城市中央大道 7号",
        "layer": "buildings"
      },
      "geometry": {
        "type": "Polygon",
        "coordinates": [
          [
            [
              2374,
              1265
            ],
            [
              2426,
              1265
            ],
            [
              2426,
              1301
            ],
            [
              2374,
              1301
            ],
            [
              2374,
              1265
            ]
          ]
        ]
      }
    },
    {
      "type": "Feature",
      "properties": {
        "id": "B-262",
        "name": "标准街铺 5",
        "zone": "市集区",
        "frontageRoad": "M-03",
        "description": "市集区的标准街铺，按市集区普通模数统一规格并沿街坊基线对齐。",
        "footprint": 1872,
        "scaleClass": "普通建筑",
        "buildingType": "标准街铺",
        "sizeSpec": "市集区普通模数",
        "widthMeters": 52,
        "depthMeters": 36,
        "alignment": "分区街段基线",
        "streetGapMeters": 8,
        "roadSetbackMeters": 5,
        "houseNumber": 1,
        "doorPlate": "1号",
        "address": "公共剧场街 1号",
        "layer": "buildings"
      },
      "geometry": {
        "type": "Polygon",
        "coordinates": [
          [
            [
              1954,
              1059
            ],
            [
              2006,
              1059
            ],
            [
              2006,
              1095
            ],
            [
              1954,
              1095
            ],
            [
              1954,
              1059
            ]
          ]
        ]
      }
    },
    {
      "type": "Feature",
      "properties": {
        "id": "B-263",
        "name": "旅舍住宅 5",
        "zone": "市集区",
        "frontageRoad": "M-V1",
        "description": "市集区的旅舍住宅，按市集区普通模数统一规格并沿街坊基线对齐。",
        "footprint": 1872,
        "scaleClass": "普通建筑",
        "buildingType": "旅舍住宅",
        "sizeSpec": "市集区普通模数",
        "widthMeters": 52,
        "depthMeters": 36,
        "alignment": "分区街段基线",
        "streetGapMeters": 8,
        "roadSetbackMeters": 5,
        "houseNumber": 8,
        "doorPlate": "8号",
        "address": "市集西路 8号",
        "layer": "buildings"
      },
      "geometry": {
        "type": "Polygon",
        "coordinates": [
          [
            [
              2224.5,
              1114
            ],
            [
              2224.5,
              1166
            ],
            [
              2188.5,
              1166
            ],
            [
              2188.5,
              1114
            ],
            [
              2224.5,
              1114
            ]
          ]
        ]
      }
    },
    {
      "type": "Feature",
      "properties": {
        "id": "B-264",
        "name": "临街商住楼 6",
        "zone": "市集区",
        "frontageRoad": "M-03",
        "description": "市集区的临街商住楼，按市集区普通模数统一规格并沿街坊基线对齐。",
        "footprint": 1872,
        "scaleClass": "普通建筑",
        "buildingType": "临街商住楼",
        "sizeSpec": "市集区普通模数",
        "widthMeters": 52,
        "depthMeters": 36,
        "alignment": "分区街段基线",
        "streetGapMeters": 8,
        "roadSetbackMeters": 5,
        "houseNumber": 2,
        "doorPlate": "2号",
        "address": "公共剧场街 2号",
        "layer": "buildings"
      },
      "geometry": {
        "type": "Polygon",
        "coordinates": [
          [
            [
              1954,
              1005
            ],
            [
              2006,
              1005
            ],
            [
              2006,
              1041
            ],
            [
              1954,
              1041
            ],
            [
              1954,
              1005
            ]
          ]
        ]
      }
    },
    {
      "type": "Feature",
      "properties": {
        "id": "B-265",
        "name": "标准街铺 6",
        "zone": "市集区",
        "frontageRoad": "M-03",
        "description": "市集区的标准街铺，按市集区普通模数统一规格并沿街坊基线对齐。",
        "footprint": 1872,
        "scaleClass": "普通建筑",
        "buildingType": "标准街铺",
        "sizeSpec": "市集区普通模数",
        "widthMeters": 52,
        "depthMeters": 36,
        "alignment": "分区街段基线",
        "streetGapMeters": 8,
        "roadSetbackMeters": 5,
        "houseNumber": 10,
        "doorPlate": "10号",
        "address": "公共剧场街 10号",
        "layer": "buildings"
      },
      "geometry": {
        "type": "Polygon",
        "coordinates": [
          [
            [
              2434,
              1005
            ],
            [
              2486,
              1005
            ],
            [
              2486,
              1041
            ],
            [
              2434,
              1041
            ],
            [
              2434,
              1005
            ]
          ]
        ]
      }
    },
    {
      "type": "Feature",
      "properties": {
        "id": "B-266",
        "name": "旅舍住宅 6",
        "zone": "市集区",
        "frontageRoad": "M-02",
        "description": "市集区的旅舍住宅，按市集区普通模数统一规格并沿街坊基线对齐。",
        "footprint": 1872,
        "scaleClass": "普通建筑",
        "buildingType": "旅舍住宅",
        "sizeSpec": "市集区普通模数",
        "widthMeters": 52,
        "depthMeters": 36,
        "alignment": "分区街段基线",
        "streetGapMeters": 8,
        "roadSetbackMeters": 5,
        "houseNumber": 7,
        "doorPlate": "7号",
        "address": "覆顶市集街 7号",
        "layer": "buildings"
      },
      "geometry": {
        "type": "Polygon",
        "coordinates": [
          [
            [
              2194,
              839.5
            ],
            [
              2246,
              839.5
            ],
            [
              2246,
              875.5
            ],
            [
              2194,
              875.5
            ],
            [
              2194,
              839.5
            ]
          ]
        ]
      }
    },
    {
      "type": "Feature",
      "properties": {
        "id": "B-267",
        "name": "临街商住楼 7",
        "zone": "市集区",
        "frontageRoad": "R-E2",
        "description": "市集区的临街商住楼，按市集区普通模数统一规格并沿街坊基线对齐。",
        "footprint": 1872,
        "scaleClass": "普通建筑",
        "buildingType": "临街商住楼",
        "sizeSpec": "市集区普通模数",
        "widthMeters": 52,
        "depthMeters": 36,
        "alignment": "分区街段基线",
        "streetGapMeters": 8,
        "roadSetbackMeters": 5,
        "houseNumber": 10,
        "doorPlate": "10号",
        "address": "议政东路 10号",
        "layer": "buildings"
      },
      "geometry": {
        "type": "Polygon",
        "coordinates": [
          [
            [
              2395.5,
              874
            ],
            [
              2395.5,
              926
            ],
            [
              2359.5,
              926
            ],
            [
              2359.5,
              874
            ],
            [
              2395.5,
              874
            ]
          ]
        ]
      }
    },
    {
      "type": "Feature",
      "properties": {
        "id": "B-268",
        "name": "标准街铺 7",
        "zone": "市集区",
        "frontageRoad": "M-V1",
        "description": "市集区的标准街铺，按市集区普通模数统一规格并沿街坊基线对齐。",
        "footprint": 1872,
        "scaleClass": "普通建筑",
        "buildingType": "标准街铺",
        "sizeSpec": "市集区普通模数",
        "widthMeters": 52,
        "depthMeters": 36,
        "alignment": "分区街段基线",
        "streetGapMeters": 8,
        "roadSetbackMeters": 5,
        "houseNumber": 15,
        "doorPlate": "15号",
        "address": "市集西路 15号",
        "layer": "buildings"
      },
      "geometry": {
        "type": "Polygon",
        "coordinates": [
          [
            [
              2171.5,
              1114
            ],
            [
              2171.5,
              1166
            ],
            [
              2135.5,
              1166
            ],
            [
              2135.5,
              1114
            ],
            [
              2171.5,
              1114
            ]
          ]
        ]
      }
    },
    {
      "type": "Feature",
      "properties": {
        "id": "B-269",
        "name": "旅舍住宅 7",
        "zone": "市集区",
        "frontageRoad": "R-CE",
        "description": "市集区的旅舍住宅，按市集区普通模数统一规格并沿街坊基线对齐。",
        "footprint": 1872,
        "scaleClass": "普通建筑",
        "buildingType": "旅舍住宅",
        "sizeSpec": "市集区普通模数",
        "widthMeters": 52,
        "depthMeters": 36,
        "alignment": "分区街段基线",
        "streetGapMeters": 8,
        "roadSetbackMeters": 5,
        "houseNumber": 9,
        "doorPlate": "9号",
        "address": "城市中央大道 9号",
        "layer": "buildings"
      },
      "geometry": {
        "type": "Polygon",
        "coordinates": [
          [
            [
              2434,
              1265
            ],
            [
              2486,
              1265
            ],
            [
              2486,
              1301
            ],
            [
              2434,
              1301
            ],
            [
              2434,
              1265
            ]
          ]
        ]
      }
    },
    {
      "type": "Feature",
      "properties": {
        "id": "B-270",
        "name": "临街商住楼 8",
        "zone": "市集区",
        "frontageRoad": "M-V1",
        "description": "市集区的临街商住楼，按市集区普通模数统一规格并沿街坊基线对齐。",
        "footprint": 1872,
        "scaleClass": "普通建筑",
        "buildingType": "临街商住楼",
        "sizeSpec": "市集区普通模数",
        "widthMeters": 52,
        "depthMeters": 36,
        "alignment": "分区街段基线",
        "streetGapMeters": 8,
        "roadSetbackMeters": 5,
        "houseNumber": 17,
        "doorPlate": "17号",
        "address": "市集西路 17号",
        "layer": "buildings"
      },
      "geometry": {
        "type": "Polygon",
        "coordinates": [
          [
            [
              2171.5,
              1174
            ],
            [
              2171.5,
              1226
            ],
            [
              2135.5,
              1226
            ],
            [
              2135.5,
              1174
            ],
            [
              2171.5,
              1174
            ]
          ]
        ]
      }
    },
    {
      "type": "Feature",
      "properties": {
        "id": "B-271",
        "name": "标准街铺 8",
        "zone": "市集区",
        "frontageRoad": "M-02",
        "description": "市集区的标准街铺，按市集区普通模数统一规格并沿街坊基线对齐。",
        "footprint": 1872,
        "scaleClass": "普通建筑",
        "buildingType": "标准街铺",
        "sizeSpec": "市集区普通模数",
        "widthMeters": 52,
        "depthMeters": 36,
        "alignment": "分区街段基线",
        "streetGapMeters": 8,
        "roadSetbackMeters": 5,
        "houseNumber": 5,
        "doorPlate": "5号",
        "address": "覆顶市集街 5号",
        "layer": "buildings"
      },
      "geometry": {
        "type": "Polygon",
        "coordinates": [
          [
            [
              1954,
              839.5
            ],
            [
              2006,
              839.5
            ],
            [
              2006,
              875.5
            ],
            [
              1954,
              875.5
            ],
            [
              1954,
              839.5
            ]
          ]
        ]
      }
    },
    {
      "type": "Feature",
      "properties": {
        "id": "B-272",
        "name": "旅舍住宅 8",
        "zone": "市集区",
        "frontageRoad": "M-02",
        "description": "市集区的旅舍住宅，按市集区普通模数统一规格并沿街坊基线对齐。",
        "footprint": 1872,
        "scaleClass": "普通建筑",
        "buildingType": "旅舍住宅",
        "sizeSpec": "市集区普通模数",
        "widthMeters": 52,
        "depthMeters": 36,
        "alignment": "分区街段基线",
        "streetGapMeters": 8,
        "roadSetbackMeters": 5,
        "houseNumber": 9,
        "doorPlate": "9号",
        "address": "覆顶市集街 9号",
        "layer": "buildings"
      },
      "geometry": {
        "type": "Polygon",
        "coordinates": [
          [
            [
              2434,
              839.5
            ],
            [
              2486,
              839.5
            ],
            [
              2486,
              875.5
            ],
            [
              2434,
              875.5
            ],
            [
              2434,
              839.5
            ]
          ]
        ]
      }
    },
    {
      "type": "Feature",
      "properties": {
        "id": "B-273",
        "name": "临街商住楼 9",
        "zone": "市集区",
        "frontageRoad": "M-02",
        "description": "市集区的临街商住楼，按市集区普通模数统一规格并沿街坊基线对齐。",
        "footprint": 1872,
        "scaleClass": "普通建筑",
        "buildingType": "临街商住楼",
        "sizeSpec": "市集区普通模数",
        "widthMeters": 52,
        "depthMeters": 36,
        "alignment": "分区街段基线",
        "streetGapMeters": 8,
        "roadSetbackMeters": 5,
        "houseNumber": 10,
        "doorPlate": "10号",
        "address": "覆顶市集街 10号",
        "layer": "buildings"
      },
      "geometry": {
        "type": "Polygon",
        "coordinates": [
          [
            [
              2374,
              784.5
            ],
            [
              2426,
              784.5
            ],
            [
              2426,
              820.5
            ],
            [
              2374,
              820.5
            ],
            [
              2374,
              784.5
            ]
          ]
        ]
      }
    },
    {
      "type": "Feature",
      "properties": {
        "id": "B-274",
        "name": "标准街铺 9",
        "zone": "市集区",
        "frontageRoad": "M-V1",
        "description": "市集区的标准街铺，按市集区普通模数统一规格并沿街坊基线对齐。",
        "footprint": 1872,
        "scaleClass": "普通建筑",
        "buildingType": "标准街铺",
        "sizeSpec": "市集区普通模数",
        "widthMeters": 52,
        "depthMeters": 36,
        "alignment": "分区街段基线",
        "streetGapMeters": 8,
        "roadSetbackMeters": 5,
        "houseNumber": 13,
        "doorPlate": "13号",
        "address": "市集西路 13号",
        "layer": "buildings"
      },
      "geometry": {
        "type": "Polygon",
        "coordinates": [
          [
            [
              2171.5,
              934
            ],
            [
              2171.5,
              986
            ],
            [
              2135.5,
              986
            ],
            [
              2135.5,
              934
            ],
            [
              2171.5,
              934
            ]
          ]
        ]
      }
    },
    {
      "type": "Feature",
      "properties": {
        "id": "B-275",
        "name": "旅舍住宅 9",
        "zone": "市集区",
        "frontageRoad": "M-02",
        "description": "市集区的旅舍住宅，按市集区普通模数统一规格并沿街坊基线对齐。",
        "footprint": 1872,
        "scaleClass": "普通建筑",
        "buildingType": "旅舍住宅",
        "sizeSpec": "市集区普通模数",
        "widthMeters": 52,
        "depthMeters": 36,
        "alignment": "分区街段基线",
        "streetGapMeters": 8,
        "roadSetbackMeters": 5,
        "houseNumber": 6,
        "doorPlate": "6号",
        "address": "覆顶市集街 6号",
        "layer": "buildings"
      },
      "geometry": {
        "type": "Polygon",
        "coordinates": [
          [
            [
              1954,
              784.5
            ],
            [
              2006,
              784.5
            ],
            [
              2006,
              820.5
            ],
            [
              1954,
              820.5
            ],
            [
              1954,
              784.5
            ]
          ]
        ]
      }
    },
    {
      "type": "Feature",
      "properties": {
        "id": "B-276",
        "name": "临街商住楼 10",
        "zone": "市集区",
        "frontageRoad": "M-02",
        "description": "市集区的临街商住楼，按市集区普通模数统一规格并沿街坊基线对齐。",
        "footprint": 1872,
        "scaleClass": "普通建筑",
        "buildingType": "临街商住楼",
        "sizeSpec": "市集区普通模数",
        "widthMeters": 52,
        "depthMeters": 36,
        "alignment": "分区街段基线",
        "streetGapMeters": 8,
        "roadSetbackMeters": 5,
        "houseNumber": 12,
        "doorPlate": "12号",
        "address": "覆顶市集街 12号",
        "layer": "buildings"
      },
      "geometry": {
        "type": "Polygon",
        "coordinates": [
          [
            [
              2434,
              784.5
            ],
            [
              2486,
              784.5
            ],
            [
              2486,
              820.5
            ],
            [
              2434,
              820.5
            ],
            [
              2434,
              784.5
            ]
          ]
        ]
      }
    },
    {
      "type": "Feature",
      "properties": {
        "id": "B-277",
        "name": "标准街铺 10",
        "zone": "市集区",
        "frontageRoad": "M-02",
        "description": "市集区的标准街铺，按市集区普通模数统一规格并沿街坊基线对齐。",
        "footprint": 1872,
        "scaleClass": "普通建筑",
        "buildingType": "标准街铺",
        "sizeSpec": "市集区普通模数",
        "widthMeters": 52,
        "depthMeters": 36,
        "alignment": "分区街段基线",
        "streetGapMeters": 8,
        "roadSetbackMeters": 5,
        "houseNumber": 3,
        "doorPlate": "3号",
        "address": "覆顶市集街 3号",
        "layer": "buildings"
      },
      "geometry": {
        "type": "Polygon",
        "coordinates": [
          [
            [
              1894,
              839.5
            ],
            [
              1946,
              839.5
            ],
            [
              1946,
              875.5
            ],
            [
              1894,
              875.5
            ],
            [
              1894,
              839.5
            ]
          ]
        ]
      }
    },
    {
      "type": "Feature",
      "properties": {
        "id": "B-278",
        "name": "旅舍住宅 10",
        "zone": "市集区",
        "frontageRoad": "M-04",
        "description": "市集区的旅舍住宅，按市集区普通模数统一规格并沿街坊基线对齐。",
        "footprint": 1872,
        "scaleClass": "普通建筑",
        "buildingType": "旅舍住宅",
        "sizeSpec": "市集区普通模数",
        "widthMeters": 52,
        "depthMeters": 36,
        "alignment": "分区街段基线",
        "streetGapMeters": 8,
        "roadSetbackMeters": 5,
        "houseNumber": 1,
        "doorPlate": "1号",
        "address": "旅舍街 1号",
        "layer": "buildings"
      },
      "geometry": {
        "type": "Polygon",
        "coordinates": [
          [
            [
              2374,
              1098.5
            ],
            [
              2426,
              1098.5
            ],
            [
              2426,
              1134.5
            ],
            [
              2374,
              1134.5
            ],
            [
              2374,
              1098.5
            ]
          ]
        ]
      }
    },
    {
      "type": "Feature",
      "properties": {
        "id": "B-279",
        "name": "临街商住楼 11",
        "zone": "市集区",
        "frontageRoad": "R-E2",
        "description": "市集区的临街商住楼，按市集区普通模数统一规格并沿街坊基线对齐。",
        "footprint": 1872,
        "scaleClass": "普通建筑",
        "buildingType": "临街商住楼",
        "sizeSpec": "市集区普通模数",
        "widthMeters": 52,
        "depthMeters": 36,
        "alignment": "分区街段基线",
        "streetGapMeters": 8,
        "roadSetbackMeters": 5,
        "houseNumber": 7,
        "doorPlate": "7号",
        "address": "议政东路 7号",
        "layer": "buildings"
      },
      "geometry": {
        "type": "Polygon",
        "coordinates": [
          [
            [
              2340.5,
              694
            ],
            [
              2340.5,
              746
            ],
            [
              2304.5,
              746
            ],
            [
              2304.5,
              694
            ],
            [
              2340.5,
              694
            ]
          ]
        ]
      }
    },
    {
      "type": "Feature",
      "properties": {
        "id": "B-280",
        "name": "标准街铺 11",
        "zone": "市集区",
        "frontageRoad": "R-E2",
        "description": "市集区的标准街铺，按市集区普通模数统一规格并沿街坊基线对齐。",
        "footprint": 1872,
        "scaleClass": "普通建筑",
        "buildingType": "标准街铺",
        "sizeSpec": "市集区普通模数",
        "widthMeters": 52,
        "depthMeters": 36,
        "alignment": "分区街段基线",
        "streetGapMeters": 8,
        "roadSetbackMeters": 5,
        "houseNumber": 8,
        "doorPlate": "8号",
        "address": "议政东路 8号",
        "layer": "buildings"
      },
      "geometry": {
        "type": "Polygon",
        "coordinates": [
          [
            [
              2395.5,
              694
            ],
            [
              2395.5,
              746
            ],
            [
              2359.5,
              746
            ],
            [
              2359.5,
              694
            ],
            [
              2395.5,
              694
            ]
          ]
        ]
      }
    },
    {
      "type": "Feature",
      "properties": {
        "id": "B-281",
        "name": "旅舍住宅 11",
        "zone": "市集区",
        "frontageRoad": "M-03",
        "description": "市集区的旅舍住宅，按市集区普通模数统一规格并沿街坊基线对齐。",
        "footprint": 1872,
        "scaleClass": "普通建筑",
        "buildingType": "旅舍住宅",
        "sizeSpec": "市集区普通模数",
        "widthMeters": 52,
        "depthMeters": 36,
        "alignment": "分区街段基线",
        "streetGapMeters": 8,
        "roadSetbackMeters": 5,
        "houseNumber": 12,
        "doorPlate": "12号",
        "address": "公共剧场街 12号",
        "layer": "buildings"
      },
      "geometry": {
        "type": "Polygon",
        "coordinates": [
          [
            [
              2614,
              1005
            ],
            [
              2666,
              1005
            ],
            [
              2666,
              1041
            ],
            [
              2614,
              1041
            ],
            [
              2614,
              1005
            ]
          ]
        ]
      }
    },
    {
      "type": "Feature",
      "properties": {
        "id": "B-282",
        "name": "临街商住楼 12",
        "zone": "市集区",
        "frontageRoad": "W-V0",
        "description": "市集区的临街商住楼，按市集区普通模数统一规格并沿街坊基线对齐。",
        "footprint": 1872,
        "scaleClass": "普通建筑",
        "buildingType": "临街商住楼",
        "sizeSpec": "市集区普通模数",
        "widthMeters": 52,
        "depthMeters": 36,
        "alignment": "分区街段基线",
        "streetGapMeters": 8,
        "roadSetbackMeters": 5,
        "houseNumber": 1,
        "doorPlate": "1号",
        "address": "封存工坊界路 1号",
        "layer": "buildings"
      },
      "geometry": {
        "type": "Polygon",
        "coordinates": [
          [
            [
              2170.5,
              1294
            ],
            [
              2170.5,
              1346
            ],
            [
              2134.5,
              1346
            ],
            [
              2134.5,
              1294
            ],
            [
              2170.5,
              1294
            ]
          ]
        ]
      }
    },
    {
      "type": "Feature",
      "properties": {
        "id": "B-283",
        "name": "标准街铺 12",
        "zone": "市集区",
        "frontageRoad": "M-02",
        "description": "市集区的标准街铺，按市集区普通模数统一规格并沿街坊基线对齐。",
        "footprint": 1872,
        "scaleClass": "普通建筑",
        "buildingType": "标准街铺",
        "sizeSpec": "市集区普通模数",
        "widthMeters": 52,
        "depthMeters": 36,
        "alignment": "分区街段基线",
        "streetGapMeters": 8,
        "roadSetbackMeters": 5,
        "houseNumber": 4,
        "doorPlate": "4号",
        "address": "覆顶市集街 4号",
        "layer": "buildings"
      },
      "geometry": {
        "type": "Polygon",
        "coordinates": [
          [
            [
              1894,
              784.5
            ],
            [
              1946,
              784.5
            ],
            [
              1946,
              820.5
            ],
            [
              1894,
              820.5
            ],
            [
              1894,
              784.5
            ]
          ]
        ]
      }
    },
    {
      "type": "Feature",
      "properties": {
        "id": "B-284",
        "name": "旅舍住宅 12",
        "zone": "市集区",
        "frontageRoad": "M-02",
        "description": "市集区的旅舍住宅，按市集区普通模数统一规格并沿街坊基线对齐。",
        "footprint": 1872,
        "scaleClass": "普通建筑",
        "buildingType": "旅舍住宅",
        "sizeSpec": "市集区普通模数",
        "widthMeters": 52,
        "depthMeters": 36,
        "alignment": "分区街段基线",
        "streetGapMeters": 8,
        "roadSetbackMeters": 5,
        "houseNumber": 1,
        "doorPlate": "1号",
        "address": "覆顶市集街 1号",
        "layer": "buildings"
      },
      "geometry": {
        "type": "Polygon",
        "coordinates": [
          [
            [
              1834,
              839.5
            ],
            [
              1886,
              839.5
            ],
            [
              1886,
              875.5
            ],
            [
              1834,
              875.5
            ],
            [
              1834,
              839.5
            ]
          ]
        ]
      }
    },
    {
      "type": "Feature",
      "properties": {
        "id": "B-285",
        "name": "临街商住楼 13",
        "zone": "市集区",
        "frontageRoad": "M-V0",
        "description": "市集区的临街商住楼，按市集区普通模数统一规格并沿街坊基线对齐。",
        "footprint": 1872,
        "scaleClass": "普通建筑",
        "buildingType": "临街商住楼",
        "sizeSpec": "市集区普通模数",
        "widthMeters": 52,
        "depthMeters": 36,
        "alignment": "分区街段基线",
        "streetGapMeters": 8,
        "roadSetbackMeters": 5,
        "houseNumber": 11,
        "doorPlate": "11号",
        "address": "河港纵路 11号",
        "layer": "buildings"
      },
      "geometry": {
        "type": "Polygon",
        "coordinates": [
          [
            [
              2010.5,
              1114
            ],
            [
              2010.5,
              1166
            ],
            [
              1974.5,
              1166
            ],
            [
              1974.5,
              1114
            ],
            [
              2010.5,
              1114
            ]
          ]
        ]
      }
    },
    {
      "type": "Feature",
      "properties": {
        "id": "B-286",
        "name": "标准街铺 13",
        "zone": "市集区",
        "frontageRoad": "M-V1",
        "description": "市集区的标准街铺，按市集区普通模数统一规格并沿街坊基线对齐。",
        "footprint": 1872,
        "scaleClass": "普通建筑",
        "buildingType": "标准街铺",
        "sizeSpec": "市集区普通模数",
        "widthMeters": 52,
        "depthMeters": 36,
        "alignment": "分区街段基线",
        "streetGapMeters": 8,
        "roadSetbackMeters": 5,
        "houseNumber": 11,
        "doorPlate": "11号",
        "address": "市集西路 11号",
        "layer": "buildings"
      },
      "geometry": {
        "type": "Polygon",
        "coordinates": [
          [
            [
              2171.5,
              874
            ],
            [
              2171.5,
              926
            ],
            [
              2135.5,
              926
            ],
            [
              2135.5,
              874
            ],
            [
              2171.5,
              874
            ]
          ]
        ]
      }
    },
    {
      "type": "Feature",
      "properties": {
        "id": "B-287",
        "name": "旅舍住宅 13",
        "zone": "市集区",
        "frontageRoad": "R-CE",
        "description": "市集区的旅舍住宅，按市集区普通模数统一规格并沿街坊基线对齐。",
        "footprint": 1872,
        "scaleClass": "普通建筑",
        "buildingType": "旅舍住宅",
        "sizeSpec": "市集区普通模数",
        "widthMeters": 52,
        "depthMeters": 36,
        "alignment": "分区街段基线",
        "streetGapMeters": 8,
        "roadSetbackMeters": 5,
        "houseNumber": 11,
        "doorPlate": "11号",
        "address": "城市中央大道 11号",
        "layer": "buildings"
      },
      "geometry": {
        "type": "Polygon",
        "coordinates": [
          [
            [
              2614,
              1265
            ],
            [
              2666,
              1265
            ],
            [
              2666,
              1301
            ],
            [
              2614,
              1301
            ],
            [
              2614,
              1265
            ]
          ]
        ]
      }
    },
    {
      "type": "Feature",
      "properties": {
        "id": "B-288",
        "name": "临街商住楼 14",
        "zone": "市集区",
        "frontageRoad": "M-04",
        "description": "市集区的临街商住楼，按市集区普通模数统一规格并沿街坊基线对齐。",
        "footprint": 1872,
        "scaleClass": "普通建筑",
        "buildingType": "临街商住楼",
        "sizeSpec": "市集区普通模数",
        "widthMeters": 52,
        "depthMeters": 36,
        "alignment": "分区街段基线",
        "streetGapMeters": 8,
        "roadSetbackMeters": 5,
        "houseNumber": 3,
        "doorPlate": "3号",
        "address": "旅舍街 3号",
        "layer": "buildings"
      },
      "geometry": {
        "type": "Polygon",
        "coordinates": [
          [
            [
              2434,
              1098.5
            ],
            [
              2486,
              1098.5
            ],
            [
              2486,
              1134.5
            ],
            [
              2434,
              1134.5
            ],
            [
              2434,
              1098.5
            ]
          ]
        ]
      }
    },
    {
      "type": "Feature",
      "properties": {
        "id": "B-289",
        "name": "标准街铺 14",
        "zone": "市集区",
        "frontageRoad": "R-E2",
        "description": "市集区的标准街铺，按市集区普通模数统一规格并沿街坊基线对齐。",
        "footprint": 1872,
        "scaleClass": "普通建筑",
        "buildingType": "标准街铺",
        "sizeSpec": "市集区普通模数",
        "widthMeters": 52,
        "depthMeters": 36,
        "alignment": "分区街段基线",
        "streetGapMeters": 8,
        "roadSetbackMeters": 5,
        "houseNumber": 5,
        "doorPlate": "5号",
        "address": "议政东路 5号",
        "layer": "buildings"
      },
      "geometry": {
        "type": "Polygon",
        "coordinates": [
          [
            [
              2340.5,
              634
            ],
            [
              2340.5,
              686
            ],
            [
              2304.5,
              686
            ],
            [
              2304.5,
              634
            ],
            [
              2340.5,
              634
            ]
          ]
        ]
      }
    },
    {
      "type": "Feature",
      "properties": {
        "id": "B-290",
        "name": "旅舍住宅 14",
        "zone": "市集区",
        "frontageRoad": "M-02",
        "description": "市集区的旅舍住宅，按市集区普通模数统一规格并沿街坊基线对齐。",
        "footprint": 1872,
        "scaleClass": "普通建筑",
        "buildingType": "旅舍住宅",
        "sizeSpec": "市集区普通模数",
        "widthMeters": 52,
        "depthMeters": 36,
        "alignment": "分区街段基线",
        "streetGapMeters": 8,
        "roadSetbackMeters": 5,
        "houseNumber": 2,
        "doorPlate": "2号",
        "address": "覆顶市集街 2号",
        "layer": "buildings"
      },
      "geometry": {
        "type": "Polygon",
        "coordinates": [
          [
            [
              1834,
              784.5
            ],
            [
              1886,
              784.5
            ],
            [
              1886,
              820.5
            ],
            [
              1834,
              820.5
            ],
            [
              1834,
              784.5
            ]
          ]
        ]
      }
    },
    {
      "type": "Feature",
      "properties": {
        "id": "B-291",
        "name": "临街商住楼 15",
        "zone": "市集区",
        "frontageRoad": "R-E2",
        "description": "市集区的临街商住楼，按市集区普通模数统一规格并沿街坊基线对齐。",
        "footprint": 1872,
        "scaleClass": "普通建筑",
        "buildingType": "临街商住楼",
        "sizeSpec": "市集区普通模数",
        "widthMeters": 52,
        "depthMeters": 36,
        "alignment": "分区街段基线",
        "streetGapMeters": 8,
        "roadSetbackMeters": 5,
        "houseNumber": 6,
        "doorPlate": "6号",
        "address": "议政东路 6号",
        "layer": "buildings"
      },
      "geometry": {
        "type": "Polygon",
        "coordinates": [
          [
            [
              2395.5,
              634
            ],
            [
              2395.5,
              686
            ],
            [
              2359.5,
              686
            ],
            [
              2359.5,
              634
            ],
            [
              2395.5,
              634
            ]
          ]
        ]
      }
    },
    {
      "type": "Feature",
      "properties": {
        "id": "B-292",
        "name": "标准街铺 15",
        "zone": "市集区",
        "frontageRoad": "M-02",
        "description": "市集区的标准街铺，按市集区普通模数统一规格并沿街坊基线对齐。",
        "footprint": 1872,
        "scaleClass": "普通建筑",
        "buildingType": "标准街铺",
        "sizeSpec": "市集区普通模数",
        "widthMeters": 52,
        "depthMeters": 36,
        "alignment": "分区街段基线",
        "streetGapMeters": 8,
        "roadSetbackMeters": 5,
        "houseNumber": 13,
        "doorPlate": "13号",
        "address": "覆顶市集街 13号",
        "layer": "buildings"
      },
      "geometry": {
        "type": "Polygon",
        "coordinates": [
          [
            [
              2614,
              839.5
            ],
            [
              2666,
              839.5
            ],
            [
              2666,
              875.5
            ],
            [
              2614,
              875.5
            ],
            [
              2614,
              839.5
            ]
          ]
        ]
      }
    },
    {
      "type": "Feature",
      "properties": {
        "id": "B-293",
        "name": "旅舍住宅 15",
        "zone": "市集区",
        "frontageRoad": "M-V0",
        "description": "市集区的旅舍住宅，按市集区普通模数统一规格并沿街坊基线对齐。",
        "footprint": 1872,
        "scaleClass": "普通建筑",
        "buildingType": "旅舍住宅",
        "sizeSpec": "市集区普通模数",
        "widthMeters": 52,
        "depthMeters": 36,
        "alignment": "分区街段基线",
        "streetGapMeters": 8,
        "roadSetbackMeters": 5,
        "houseNumber": 9,
        "doorPlate": "9号",
        "address": "河港纵路 9号",
        "layer": "buildings"
      },
      "geometry": {
        "type": "Polygon",
        "coordinates": [
          [
            [
              2010.5,
              934
            ],
            [
              2010.5,
              986
            ],
            [
              1974.5,
              986
            ],
            [
              1974.5,
              934
            ],
            [
              2010.5,
              934
            ]
          ]
        ]
      }
    },
    {
      "type": "Feature",
      "properties": {
        "id": "B-294",
        "name": "临街商住楼 16",
        "zone": "市集区",
        "frontageRoad": "R-CE",
        "description": "市集区的临街商住楼，按市集区普通模数统一规格并沿街坊基线对齐。",
        "footprint": 1872,
        "scaleClass": "普通建筑",
        "buildingType": "临街商住楼",
        "sizeSpec": "市集区普通模数",
        "widthMeters": 52,
        "depthMeters": 36,
        "alignment": "分区街段基线",
        "streetGapMeters": 8,
        "roadSetbackMeters": 5,
        "houseNumber": 13,
        "doorPlate": "13号",
        "address": "城市中央大道 13号",
        "layer": "buildings"
      },
      "geometry": {
        "type": "Polygon",
        "coordinates": [
          [
            [
              2674,
              1265
            ],
            [
              2726,
              1265
            ],
            [
              2726,
              1301
            ],
            [
              2674,
              1301
            ],
            [
              2674,
              1265
            ]
          ]
        ]
      }
    },
    {
      "type": "Feature",
      "properties": {
        "id": "B-295",
        "name": "标准街铺 16",
        "zone": "市集区",
        "frontageRoad": "M-02",
        "description": "市集区的标准街铺，按市集区普通模数统一规格并沿街坊基线对齐。",
        "footprint": 1872,
        "scaleClass": "普通建筑",
        "buildingType": "标准街铺",
        "sizeSpec": "市集区普通模数",
        "widthMeters": 52,
        "depthMeters": 36,
        "alignment": "分区街段基线",
        "streetGapMeters": 8,
        "roadSetbackMeters": 5,
        "houseNumber": 14,
        "doorPlate": "14号",
        "address": "覆顶市集街 14号",
        "layer": "buildings"
      },
      "geometry": {
        "type": "Polygon",
        "coordinates": [
          [
            [
              2614,
              784.5
            ],
            [
              2666,
              784.5
            ],
            [
              2666,
              820.5
            ],
            [
              2614,
              820.5
            ],
            [
              2614,
              784.5
            ]
          ]
        ]
      }
    },
    {
      "type": "Feature",
      "properties": {
        "id": "B-296",
        "name": "旅舍住宅 16",
        "zone": "市集区",
        "frontageRoad": "M-02",
        "description": "市集区的旅舍住宅，按市集区普通模数统一规格并沿街坊基线对齐。",
        "footprint": 1872,
        "scaleClass": "普通建筑",
        "buildingType": "旅舍住宅",
        "sizeSpec": "市集区普通模数",
        "widthMeters": 52,
        "depthMeters": 36,
        "alignment": "分区街段基线",
        "streetGapMeters": 8,
        "roadSetbackMeters": 5,
        "houseNumber": 15,
        "doorPlate": "15号",
        "address": "覆顶市集街 15号",
        "layer": "buildings"
      },
      "geometry": {
        "type": "Polygon",
        "coordinates": [
          [
            [
              2674,
              839.5
            ],
            [
              2726,
              839.5
            ],
            [
              2726,
              875.5
            ],
            [
              2674,
              875.5
            ],
            [
              2674,
              839.5
            ]
          ]
        ]
      }
    },
    {
      "type": "Feature",
      "properties": {
        "id": "B-297",
        "name": "临街商住楼 17",
        "zone": "市集区",
        "frontageRoad": "M-V2",
        "description": "市集区的临街商住楼，按市集区普通模数统一规格并沿街坊基线对齐。",
        "footprint": 1872,
        "scaleClass": "普通建筑",
        "buildingType": "临街商住楼",
        "sizeSpec": "市集区普通模数",
        "widthMeters": 52,
        "depthMeters": 36,
        "alignment": "分区街段基线",
        "streetGapMeters": 8,
        "roadSetbackMeters": 5,
        "houseNumber": 11,
        "doorPlate": "11号",
        "address": "市集东路 11号",
        "layer": "buildings"
      },
      "geometry": {
        "type": "Polygon",
        "coordinates": [
          [
            [
              2541.5,
              934
            ],
            [
              2541.5,
              986
            ],
            [
              2505.5,
              986
            ],
            [
              2505.5,
              934
            ],
            [
              2541.5,
              934
            ]
          ]
        ]
      }
    },
    {
      "type": "Feature",
      "properties": {
        "id": "B-298",
        "name": "标准街铺 17",
        "zone": "市集区",
        "frontageRoad": "M-V1",
        "description": "市集区的标准街铺，按市集区普通模数统一规格并沿街坊基线对齐。",
        "footprint": 1872,
        "scaleClass": "普通建筑",
        "buildingType": "标准街铺",
        "sizeSpec": "市集区普通模数",
        "widthMeters": 52,
        "depthMeters": 36,
        "alignment": "分区街段基线",
        "streetGapMeters": 8,
        "roadSetbackMeters": 5,
        "houseNumber": 9,
        "doorPlate": "9号",
        "address": "市集西路 9号",
        "layer": "buildings"
      },
      "geometry": {
        "type": "Polygon",
        "coordinates": [
          [
            [
              2171.5,
              754
            ],
            [
              2171.5,
              806
            ],
            [
              2135.5,
              806
            ],
            [
              2135.5,
              754
            ],
            [
              2171.5,
              754
            ]
          ]
        ]
      }
    },
    {
      "type": "Feature",
      "properties": {
        "id": "B-299",
        "name": "旅舍住宅 17",
        "zone": "市集区",
        "frontageRoad": "W-V1",
        "description": "市集区的旅舍住宅，按市集区普通模数统一规格并沿街坊基线对齐。",
        "footprint": 1872,
        "scaleClass": "普通建筑",
        "buildingType": "旅舍住宅",
        "sizeSpec": "市集区普通模数",
        "widthMeters": 52,
        "depthMeters": 36,
        "alignment": "分区街段基线",
        "streetGapMeters": 8,
        "roadSetbackMeters": 5,
        "houseNumber": 1,
        "doorPlate": "1号",
        "address": "工坊纵路 1号",
        "layer": "buildings"
      },
      "geometry": {
        "type": "Polygon",
        "coordinates": [
          [
            [
              2541,
              1294
            ],
            [
              2541,
              1346
            ],
            [
              2505,
              1346
            ],
            [
              2505,
              1294
            ],
            [
              2541,
              1294
            ]
          ]
        ]
      }
    },
    {
      "type": "Feature",
      "properties": {
        "id": "B-300",
        "name": "临街商住楼 18",
        "zone": "市集区",
        "frontageRoad": "R-E2",
        "description": "市集区的临街商住楼，按市集区普通模数统一规格并沿街坊基线对齐。",
        "footprint": 1872,
        "scaleClass": "普通建筑",
        "buildingType": "临街商住楼",
        "sizeSpec": "市集区普通模数",
        "widthMeters": 52,
        "depthMeters": 36,
        "alignment": "分区街段基线",
        "streetGapMeters": 8,
        "roadSetbackMeters": 5,
        "houseNumber": 3,
        "doorPlate": "3号",
        "address": "议政东路 3号",
        "layer": "buildings"
      },
      "geometry": {
        "type": "Polygon",
        "coordinates": [
          [
            [
              2340.5,
              514
            ],
            [
              2340.5,
              566
            ],
            [
              2304.5,
              566
            ],
            [
              2304.5,
              514
            ],
            [
              2340.5,
              514
            ]
          ]
        ]
      }
    },
    {
      "type": "Feature",
      "properties": {
        "id": "B-301",
        "name": "标准街铺 18",
        "zone": "市集区",
        "frontageRoad": "M-V2",
        "description": "市集区的标准街铺，按市集区普通模数统一规格并沿街坊基线对齐。",
        "footprint": 1872,
        "scaleClass": "普通建筑",
        "buildingType": "标准街铺",
        "sizeSpec": "市集区普通模数",
        "widthMeters": 52,
        "depthMeters": 36,
        "alignment": "分区街段基线",
        "streetGapMeters": 8,
        "roadSetbackMeters": 5,
        "houseNumber": 9,
        "doorPlate": "9号",
        "address": "市集东路 9号",
        "layer": "buildings"
      },
      "geometry": {
        "type": "Polygon",
        "coordinates": [
          [
            [
              2541.5,
              874
            ],
            [
              2541.5,
              926
            ],
            [
              2505.5,
              926
            ],
            [
              2505.5,
              874
            ],
            [
              2541.5,
              874
            ]
          ]
        ]
      }
    },
    {
      "type": "Feature",
      "properties": {
        "id": "B-302",
        "name": "旅舍住宅 18",
        "zone": "市集区",
        "frontageRoad": "R-E2",
        "description": "市集区的旅舍住宅，按市集区普通模数统一规格并沿街坊基线对齐。",
        "footprint": 1872,
        "scaleClass": "普通建筑",
        "buildingType": "旅舍住宅",
        "sizeSpec": "市集区普通模数",
        "widthMeters": 52,
        "depthMeters": 36,
        "alignment": "分区街段基线",
        "streetGapMeters": 8,
        "roadSetbackMeters": 5,
        "houseNumber": 4,
        "doorPlate": "4号",
        "address": "议政东路 4号",
        "layer": "buildings"
      },
      "geometry": {
        "type": "Polygon",
        "coordinates": [
          [
            [
              2395.5,
              514
            ],
            [
              2395.5,
              566
            ],
            [
              2359.5,
              566
            ],
            [
              2359.5,
              514
            ],
            [
              2395.5,
              514
            ]
          ]
        ]
      }
    },
    {
      "type": "Feature",
      "properties": {
        "id": "B-303",
        "name": "临街商住楼 19",
        "zone": "市集区",
        "frontageRoad": "R-CE",
        "description": "市集区的临街商住楼，按市集区普通模数统一规格并沿街坊基线对齐。",
        "footprint": 1872,
        "scaleClass": "普通建筑",
        "buildingType": "临街商住楼",
        "sizeSpec": "市集区普通模数",
        "widthMeters": 52,
        "depthMeters": 36,
        "alignment": "分区街段基线",
        "streetGapMeters": 8,
        "roadSetbackMeters": 5,
        "houseNumber": 10,
        "doorPlate": "10号",
        "address": "城市中央大道 10号",
        "layer": "buildings"
      },
      "geometry": {
        "type": "Polygon",
        "coordinates": [
          [
            [
              2794,
              1199
            ],
            [
              2846,
              1199
            ],
            [
              2846,
              1235
            ],
            [
              2794,
              1235
            ],
            [
              2794,
              1199
            ]
          ]
        ]
      }
    },
    {
      "type": "Feature",
      "properties": {
        "id": "B-304",
        "name": "标准街铺 19",
        "zone": "市集区",
        "frontageRoad": "M-V2",
        "description": "市集区的标准街铺，按市集区普通模数统一规格并沿街坊基线对齐。",
        "footprint": 1872,
        "scaleClass": "普通建筑",
        "buildingType": "标准街铺",
        "sizeSpec": "市集区普通模数",
        "widthMeters": 52,
        "depthMeters": 36,
        "alignment": "分区街段基线",
        "streetGapMeters": 8,
        "roadSetbackMeters": 5,
        "houseNumber": 12,
        "doorPlate": "12号",
        "address": "市集东路 12号",
        "layer": "buildings"
      },
      "geometry": {
        "type": "Polygon",
        "coordinates": [
          [
            [
              2594.5,
              934
            ],
            [
              2594.5,
              986
            ],
            [
              2558.5,
              986
            ],
            [
              2558.5,
              934
            ],
            [
              2594.5,
              934
            ]
          ]
        ]
      }
    },
    {
      "type": "Feature",
      "properties": {
        "id": "B-305",
        "name": "旅舍住宅 19",
        "zone": "市集区",
        "frontageRoad": "M-V1",
        "description": "市集区的旅舍住宅，按市集区普通模数统一规格并沿街坊基线对齐。",
        "footprint": 1872,
        "scaleClass": "普通建筑",
        "buildingType": "旅舍住宅",
        "sizeSpec": "市集区普通模数",
        "widthMeters": 52,
        "depthMeters": 36,
        "alignment": "分区街段基线",
        "streetGapMeters": 8,
        "roadSetbackMeters": 5,
        "houseNumber": 6,
        "doorPlate": "6号",
        "address": "市集西路 6号",
        "layer": "buildings"
      },
      "geometry": {
        "type": "Polygon",
        "coordinates": [
          [
            [
              2224.5,
              694
            ],
            [
              2224.5,
              746
            ],
            [
              2188.5,
              746
            ],
            [
              2188.5,
              694
            ],
            [
              2224.5,
              694
            ]
          ]
        ]
      }
    },
    {
      "type": "Feature",
      "properties": {
        "id": "B-306",
        "name": "临街商住楼 20",
        "zone": "市集区",
        "frontageRoad": "R-CE",
        "description": "市集区的临街商住楼，按市集区普通模数统一规格并沿街坊基线对齐。",
        "footprint": 1872,
        "scaleClass": "普通建筑",
        "buildingType": "临街商住楼",
        "sizeSpec": "市集区普通模数",
        "widthMeters": 52,
        "depthMeters": 36,
        "alignment": "分区街段基线",
        "streetGapMeters": 8,
        "roadSetbackMeters": 5,
        "houseNumber": 15,
        "doorPlate": "15号",
        "address": "城市中央大道 15号",
        "layer": "buildings"
      },
      "geometry": {
        "type": "Polygon",
        "coordinates": [
          [
            [
              2794,
              1265
            ],
            [
              2846,
              1265
            ],
            [
              2846,
              1301
            ],
            [
              2794,
              1301
            ],
            [
              2794,
              1265
            ]
          ]
        ]
      }
    },
    {
      "type": "Feature",
      "properties": {
        "id": "B-307",
        "name": "标准街铺 20",
        "zone": "市集区",
        "frontageRoad": "M-V1",
        "description": "市集区的标准街铺，按市集区普通模数统一规格并沿街坊基线对齐。",
        "footprint": 1872,
        "scaleClass": "普通建筑",
        "buildingType": "标准街铺",
        "sizeSpec": "市集区普通模数",
        "widthMeters": 52,
        "depthMeters": 36,
        "alignment": "分区街段基线",
        "streetGapMeters": 8,
        "roadSetbackMeters": 5,
        "houseNumber": 7,
        "doorPlate": "7号",
        "address": "市集西路 7号",
        "layer": "buildings"
      },
      "geometry": {
        "type": "Polygon",
        "coordinates": [
          [
            [
              2171.5,
              694
            ],
            [
              2171.5,
              746
            ],
            [
              2135.5,
              746
            ],
            [
              2135.5,
              694
            ],
            [
              2171.5,
              694
            ]
          ]
        ]
      }
    },
    {
      "type": "Feature",
      "properties": {
        "id": "B-308",
        "name": "旅舍住宅 20",
        "zone": "市集区",
        "frontageRoad": "W-V1",
        "description": "市集区的旅舍住宅，按市集区普通模数统一规格并沿街坊基线对齐。",
        "footprint": 1872,
        "scaleClass": "普通建筑",
        "buildingType": "旅舍住宅",
        "sizeSpec": "市集区普通模数",
        "widthMeters": 52,
        "depthMeters": 36,
        "alignment": "分区街段基线",
        "streetGapMeters": 8,
        "roadSetbackMeters": 5,
        "houseNumber": 2,
        "doorPlate": "2号",
        "address": "工坊纵路 2号",
        "layer": "buildings"
      },
      "geometry": {
        "type": "Polygon",
        "coordinates": [
          [
            [
              2595,
              1294
            ],
            [
              2595,
              1346
            ],
            [
              2559,
              1346
            ],
            [
              2559,
              1294
            ],
            [
              2595,
              1294
            ]
          ]
        ]
      }
    },
    {
      "type": "Feature",
      "properties": {
        "id": "B-309",
        "name": "临街商住楼 21",
        "zone": "市集区",
        "frontageRoad": "M-V2",
        "description": "市集区的临街商住楼，按市集区普通模数统一规格并沿街坊基线对齐。",
        "footprint": 1872,
        "scaleClass": "普通建筑",
        "buildingType": "临街商住楼",
        "sizeSpec": "市集区普通模数",
        "widthMeters": 52,
        "depthMeters": 36,
        "alignment": "分区街段基线",
        "streetGapMeters": 8,
        "roadSetbackMeters": 5,
        "houseNumber": 10,
        "doorPlate": "10号",
        "address": "市集东路 10号",
        "layer": "buildings"
      },
      "geometry": {
        "type": "Polygon",
        "coordinates": [
          [
            [
              2594.5,
              874
            ],
            [
              2594.5,
              926
            ],
            [
              2558.5,
              926
            ],
            [
              2558.5,
              874
            ],
            [
              2594.5,
              874
            ]
          ]
        ]
      }
    },
    {
      "type": "Feature",
      "properties": {
        "id": "B-310",
        "name": "标准街铺 21",
        "zone": "市集区",
        "frontageRoad": "M-04",
        "description": "市集区的标准街铺，按市集区普通模数统一规格并沿街坊基线对齐。",
        "footprint": 1872,
        "scaleClass": "普通建筑",
        "buildingType": "标准街铺",
        "sizeSpec": "市集区普通模数",
        "widthMeters": 52,
        "depthMeters": 36,
        "alignment": "分区街段基线",
        "streetGapMeters": 8,
        "roadSetbackMeters": 5,
        "houseNumber": 5,
        "doorPlate": "5号",
        "address": "旅舍街 5号",
        "layer": "buildings"
      },
      "geometry": {
        "type": "Polygon",
        "coordinates": [
          [
            [
              2614,
              1098.5
            ],
            [
              2666,
              1098.5
            ],
            [
              2666,
              1134.5
            ],
            [
              2614,
              1134.5
            ],
            [
              2614,
              1098.5
            ]
          ]
        ]
      }
    },
    {
      "type": "Feature",
      "properties": {
        "id": "B-311",
        "name": "旅舍住宅 21",
        "zone": "市集区",
        "frontageRoad": "R-E2",
        "description": "市集区的旅舍住宅，按市集区普通模数统一规格并沿街坊基线对齐。",
        "footprint": 1872,
        "scaleClass": "普通建筑",
        "buildingType": "旅舍住宅",
        "sizeSpec": "市集区普通模数",
        "widthMeters": 52,
        "depthMeters": 36,
        "alignment": "分区街段基线",
        "streetGapMeters": 8,
        "roadSetbackMeters": 5,
        "houseNumber": 1,
        "doorPlate": "1号",
        "address": "议政东路 1号",
        "layer": "buildings"
      },
      "geometry": {
        "type": "Polygon",
        "coordinates": [
          [
            [
              2340.5,
              454
            ],
            [
              2340.5,
              506
            ],
            [
              2304.5,
              506
            ],
            [
              2304.5,
              454
            ],
            [
              2340.5,
              454
            ]
          ]
        ]
      }
    },
    {
      "type": "Feature",
      "properties": {
        "id": "B-312",
        "name": "临街商住楼 22",
        "zone": "市集区",
        "frontageRoad": "M-02",
        "description": "市集区的临街商住楼，按市集区普通模数统一规格并沿街坊基线对齐。",
        "footprint": 1872,
        "scaleClass": "普通建筑",
        "buildingType": "临街商住楼",
        "sizeSpec": "市集区普通模数",
        "widthMeters": 52,
        "depthMeters": 36,
        "alignment": "分区街段基线",
        "streetGapMeters": 8,
        "roadSetbackMeters": 5,
        "houseNumber": 17,
        "doorPlate": "17号",
        "address": "覆顶市集街 17号",
        "layer": "buildings"
      },
      "geometry": {
        "type": "Polygon",
        "coordinates": [
          [
            [
              2794,
              839.5
            ],
            [
              2846,
              839.5
            ],
            [
              2846,
              875.5
            ],
            [
              2794,
              875.5
            ],
            [
              2794,
              839.5
            ]
          ]
        ]
      }
    },
    {
      "type": "Feature",
      "properties": {
        "id": "B-313",
        "name": "标准街铺 22",
        "zone": "市集区",
        "frontageRoad": "M-V0",
        "description": "市集区的标准街铺，按市集区普通模数统一规格并沿街坊基线对齐。",
        "footprint": 1872,
        "scaleClass": "普通建筑",
        "buildingType": "标准街铺",
        "sizeSpec": "市集区普通模数",
        "widthMeters": 52,
        "depthMeters": 36,
        "alignment": "分区街段基线",
        "streetGapMeters": 8,
        "roadSetbackMeters": 5,
        "houseNumber": 8,
        "doorPlate": "8号",
        "address": "河港纵路 8号",
        "layer": "buildings"
      },
      "geometry": {
        "type": "Polygon",
        "coordinates": [
          [
            [
              2065.5,
              694
            ],
            [
              2065.5,
              746
            ],
            [
              2029.5,
              746
            ],
            [
              2029.5,
              694
            ],
            [
              2065.5,
              694
            ]
          ]
        ]
      }
    },
    {
      "type": "Feature",
      "properties": {
        "id": "B-314",
        "name": "旅舍住宅 22",
        "zone": "市集区",
        "frontageRoad": "R-E2",
        "description": "市集区的旅舍住宅，按市集区普通模数统一规格并沿街坊基线对齐。",
        "footprint": 1872,
        "scaleClass": "普通建筑",
        "buildingType": "旅舍住宅",
        "sizeSpec": "市集区普通模数",
        "widthMeters": 52,
        "depthMeters": 36,
        "alignment": "分区街段基线",
        "streetGapMeters": 8,
        "roadSetbackMeters": 5,
        "houseNumber": 2,
        "doorPlate": "2号",
        "address": "议政东路 2号",
        "layer": "buildings"
      },
      "geometry": {
        "type": "Polygon",
        "coordinates": [
          [
            [
              2395.5,
              454
            ],
            [
              2395.5,
              506
            ],
            [
              2359.5,
              506
            ],
            [
              2359.5,
              454
            ],
            [
              2395.5,
              454
            ]
          ]
        ]
      }
    },
    {
      "type": "Feature",
      "properties": {
        "id": "B-315",
        "name": "临街商住楼 23",
        "zone": "市集区",
        "frontageRoad": "M-V2",
        "description": "市集区的临街商住楼，按市集区普通模数统一规格并沿街坊基线对齐。",
        "footprint": 1872,
        "scaleClass": "普通建筑",
        "buildingType": "临街商住楼",
        "sizeSpec": "市集区普通模数",
        "widthMeters": 52,
        "depthMeters": 36,
        "alignment": "分区街段基线",
        "streetGapMeters": 8,
        "roadSetbackMeters": 5,
        "houseNumber": 7,
        "doorPlate": "7号",
        "address": "市集东路 7号",
        "layer": "buildings"
      },
      "geometry": {
        "type": "Polygon",
        "coordinates": [
          [
            [
              2541.5,
              754
            ],
            [
              2541.5,
              806
            ],
            [
              2505.5,
              806
            ],
            [
              2505.5,
              754
            ],
            [
              2541.5,
              754
            ]
          ]
        ]
      }
    },
    {
      "type": "Feature",
      "properties": {
        "id": "B-316",
        "name": "标准街铺 23",
        "zone": "市集区",
        "frontageRoad": "M-V0",
        "description": "市集区的标准街铺，按市集区普通模数统一规格并沿街坊基线对齐。",
        "footprint": 1872,
        "scaleClass": "普通建筑",
        "buildingType": "标准街铺",
        "sizeSpec": "市集区普通模数",
        "widthMeters": 52,
        "depthMeters": 36,
        "alignment": "分区街段基线",
        "streetGapMeters": 8,
        "roadSetbackMeters": 5,
        "houseNumber": 7,
        "doorPlate": "7号",
        "address": "河港纵路 7号",
        "layer": "buildings"
      },
      "geometry": {
        "type": "Polygon",
        "coordinates": [
          [
            [
              2010.5,
              694
            ],
            [
              2010.5,
              746
            ],
            [
              1974.5,
              746
            ],
            [
              1974.5,
              694
            ],
            [
              2010.5,
              694
            ]
          ]
        ]
      }
    },
    {
      "type": "Feature",
      "properties": {
        "id": "B-317",
        "name": "旅舍住宅 23",
        "zone": "市集区",
        "frontageRoad": "M-V1",
        "description": "市集区的旅舍住宅，按市集区普通模数统一规格并沿街坊基线对齐。",
        "footprint": 1872,
        "scaleClass": "普通建筑",
        "buildingType": "旅舍住宅",
        "sizeSpec": "市集区普通模数",
        "widthMeters": 52,
        "depthMeters": 36,
        "alignment": "分区街段基线",
        "streetGapMeters": 8,
        "roadSetbackMeters": 5,
        "houseNumber": 5,
        "doorPlate": "5号",
        "address": "市集西路 5号",
        "layer": "buildings"
      },
      "geometry": {
        "type": "Polygon",
        "coordinates": [
          [
            [
              2171.5,
              634
            ],
            [
              2171.5,
              686
            ],
            [
              2135.5,
              686
            ],
            [
              2135.5,
              634
            ],
            [
              2171.5,
              634
            ]
          ]
        ]
      }
    },
    {
      "type": "Feature",
      "properties": {
        "id": "B-318",
        "name": "临街商住楼 24",
        "zone": "市集区",
        "frontageRoad": "M-04",
        "description": "市集区的临街商住楼，按市集区普通模数统一规格并沿街坊基线对齐。",
        "footprint": 1872,
        "scaleClass": "普通建筑",
        "buildingType": "临街商住楼",
        "sizeSpec": "市集区普通模数",
        "widthMeters": 52,
        "depthMeters": 36,
        "alignment": "分区街段基线",
        "streetGapMeters": 8,
        "roadSetbackMeters": 5,
        "houseNumber": 7,
        "doorPlate": "7号",
        "address": "旅舍街 7号",
        "layer": "buildings"
      },
      "geometry": {
        "type": "Polygon",
        "coordinates": [
          [
            [
              2674,
              1098.5
            ],
            [
              2726,
              1098.5
            ],
            [
              2726,
              1134.5
            ],
            [
              2674,
              1134.5
            ],
            [
              2674,
              1098.5
            ]
          ]
        ]
      }
    },
    {
      "type": "Feature",
      "properties": {
        "id": "B-319",
        "name": "标准街铺 24",
        "zone": "市集区",
        "frontageRoad": "M-02",
        "description": "市集区的标准街铺，按市集区普通模数统一规格并沿街坊基线对齐。",
        "footprint": 1872,
        "scaleClass": "普通建筑",
        "buildingType": "标准街铺",
        "sizeSpec": "市集区普通模数",
        "widthMeters": 52,
        "depthMeters": 36,
        "alignment": "分区街段基线",
        "streetGapMeters": 8,
        "roadSetbackMeters": 5,
        "houseNumber": 19,
        "doorPlate": "19号",
        "address": "覆顶市集街 19号",
        "layer": "buildings"
      },
      "geometry": {
        "type": "Polygon",
        "coordinates": [
          [
            [
              2854,
              839.5
            ],
            [
              2906,
              839.5
            ],
            [
              2906,
              875.5
            ],
            [
              2854,
              875.5
            ],
            [
              2854,
              839.5
            ]
          ]
        ]
      }
    },
    {
      "type": "Feature",
      "properties": {
        "id": "B-320",
        "name": "旅舍住宅 24",
        "zone": "市集区",
        "frontageRoad": "M-V0",
        "description": "市集区的旅舍住宅，按市集区普通模数统一规格并沿街坊基线对齐。",
        "footprint": 1872,
        "scaleClass": "普通建筑",
        "buildingType": "旅舍住宅",
        "sizeSpec": "市集区普通模数",
        "widthMeters": 52,
        "depthMeters": 36,
        "alignment": "分区街段基线",
        "streetGapMeters": 8,
        "roadSetbackMeters": 5,
        "houseNumber": 6,
        "doorPlate": "6号",
        "address": "河港纵路 6号",
        "layer": "buildings"
      },
      "geometry": {
        "type": "Polygon",
        "coordinates": [
          [
            [
              2065.5,
              634
            ],
            [
              2065.5,
              686
            ],
            [
              2029.5,
              686
            ],
            [
              2029.5,
              634
            ],
            [
              2065.5,
              634
            ]
          ]
        ]
      }
    },
    {
      "type": "Feature",
      "properties": {
        "id": "B-321",
        "name": "临街商住楼 25",
        "zone": "市集区",
        "frontageRoad": "M-V2",
        "description": "市集区的临街商住楼，按市集区普通模数统一规格并沿街坊基线对齐。",
        "footprint": 1872,
        "scaleClass": "普通建筑",
        "buildingType": "临街商住楼",
        "sizeSpec": "市集区普通模数",
        "widthMeters": 52,
        "depthMeters": 36,
        "alignment": "分区街段基线",
        "streetGapMeters": 8,
        "roadSetbackMeters": 5,
        "houseNumber": 8,
        "doorPlate": "8号",
        "address": "市集东路 8号",
        "layer": "buildings"
      },
      "geometry": {
        "type": "Polygon",
        "coordinates": [
          [
            [
              2594.5,
              754
            ],
            [
              2594.5,
              806
            ],
            [
              2558.5,
              806
            ],
            [
              2558.5,
              754
            ],
            [
              2594.5,
              754
            ]
          ]
        ]
      }
    },
    {
      "type": "Feature",
      "properties": {
        "id": "B-322",
        "name": "标准街铺 25",
        "zone": "市集区",
        "frontageRoad": "R-CE",
        "description": "市集区的标准街铺，按市集区普通模数统一规格并沿街坊基线对齐。",
        "footprint": 1872,
        "scaleClass": "普通建筑",
        "buildingType": "标准街铺",
        "sizeSpec": "市集区普通模数",
        "widthMeters": 52,
        "depthMeters": 36,
        "alignment": "分区街段基线",
        "streetGapMeters": 8,
        "roadSetbackMeters": 5,
        "houseNumber": 12,
        "doorPlate": "12号",
        "address": "城市中央大道 12号",
        "layer": "buildings"
      },
      "geometry": {
        "type": "Polygon",
        "coordinates": [
          [
            [
              2914,
              1199
            ],
            [
              2966,
              1199
            ],
            [
              2966,
              1235
            ],
            [
              2914,
              1235
            ],
            [
              2914,
              1199
            ]
          ]
        ]
      }
    },
    {
      "type": "Feature",
      "properties": {
        "id": "B-323",
        "name": "旅舍住宅 25",
        "zone": "市集区",
        "frontageRoad": "M-V0",
        "description": "市集区的旅舍住宅，按市集区普通模数统一规格并沿街坊基线对齐。",
        "footprint": 1872,
        "scaleClass": "普通建筑",
        "buildingType": "旅舍住宅",
        "sizeSpec": "市集区普通模数",
        "widthMeters": 52,
        "depthMeters": 36,
        "alignment": "分区街段基线",
        "streetGapMeters": 8,
        "roadSetbackMeters": 5,
        "houseNumber": 5,
        "doorPlate": "5号",
        "address": "河港纵路 5号",
        "layer": "buildings"
      },
      "geometry": {
        "type": "Polygon",
        "coordinates": [
          [
            [
              2010.5,
              634
            ],
            [
              2010.5,
              686
            ],
            [
              1974.5,
              686
            ],
            [
              1974.5,
              634
            ],
            [
              2010.5,
              634
            ]
          ]
        ]
      }
    },
    {
      "type": "Feature",
      "properties": {
        "id": "B-324",
        "name": "临街商住楼 26",
        "zone": "市集区",
        "frontageRoad": "M-02",
        "description": "市集区的临街商住楼，按市集区普通模数统一规格并沿街坊基线对齐。",
        "footprint": 1872,
        "scaleClass": "普通建筑",
        "buildingType": "临街商住楼",
        "sizeSpec": "市集区普通模数",
        "widthMeters": 52,
        "depthMeters": 36,
        "alignment": "分区街段基线",
        "streetGapMeters": 8,
        "roadSetbackMeters": 5,
        "houseNumber": 21,
        "doorPlate": "21号",
        "address": "覆顶市集街 21号",
        "layer": "buildings"
      },
      "geometry": {
        "type": "Polygon",
        "coordinates": [
          [
            [
              2914,
              839.5
            ],
            [
              2966,
              839.5
            ],
            [
              2966,
              875.5
            ],
            [
              2914,
              875.5
            ],
            [
              2914,
              839.5
            ]
          ]
        ]
      }
    },
    {
      "type": "Feature",
      "properties": {
        "id": "B-325",
        "name": "标准街铺 26",
        "zone": "市集区",
        "frontageRoad": "M-V2",
        "description": "市集区的标准街铺，按市集区普通模数统一规格并沿街坊基线对齐。",
        "footprint": 1872,
        "scaleClass": "普通建筑",
        "buildingType": "标准街铺",
        "sizeSpec": "市集区普通模数",
        "widthMeters": 52,
        "depthMeters": 36,
        "alignment": "分区街段基线",
        "streetGapMeters": 8,
        "roadSetbackMeters": 5,
        "houseNumber": 5,
        "doorPlate": "5号",
        "address": "市集东路 5号",
        "layer": "buildings"
      },
      "geometry": {
        "type": "Polygon",
        "coordinates": [
          [
            [
              2541.5,
              634
            ],
            [
              2541.5,
              686
            ],
            [
              2505.5,
              686
            ],
            [
              2505.5,
              634
            ],
            [
              2541.5,
              634
            ]
          ]
        ]
      }
    },
    {
      "type": "Feature",
      "properties": {
        "id": "B-326",
        "name": "旅舍住宅 26",
        "zone": "市集区",
        "frontageRoad": "R-CE",
        "description": "市集区的旅舍住宅，按市集区普通模数统一规格并沿街坊基线对齐。",
        "footprint": 1872,
        "scaleClass": "普通建筑",
        "buildingType": "旅舍住宅",
        "sizeSpec": "市集区普通模数",
        "widthMeters": 52,
        "depthMeters": 36,
        "alignment": "分区街段基线",
        "streetGapMeters": 8,
        "roadSetbackMeters": 5,
        "houseNumber": 14,
        "doorPlate": "14号",
        "address": "城市中央大道 14号",
        "layer": "buildings"
      },
      "geometry": {
        "type": "Polygon",
        "coordinates": [
          [
            [
              2974,
              1199
            ],
            [
              3026,
              1199
            ],
            [
              3026,
              1235
            ],
            [
              2974,
              1235
            ],
            [
              2974,
              1199
            ]
          ]
        ]
      }
    },
    {
      "type": "Feature",
      "properties": {
        "id": "B-327",
        "name": "临街商住楼 27",
        "zone": "市集区",
        "frontageRoad": "R-CE",
        "description": "市集区的临街商住楼，按市集区普通模数统一规格并沿街坊基线对齐。",
        "footprint": 1872,
        "scaleClass": "普通建筑",
        "buildingType": "临街商住楼",
        "sizeSpec": "市集区普通模数",
        "widthMeters": 52,
        "depthMeters": 36,
        "alignment": "分区街段基线",
        "streetGapMeters": 8,
        "roadSetbackMeters": 5,
        "houseNumber": 17,
        "doorPlate": "17号",
        "address": "城市中央大道 17号",
        "layer": "buildings"
      },
      "geometry": {
        "type": "Polygon",
        "coordinates": [
          [
            [
              2974,
              1265
            ],
            [
              3026,
              1265
            ],
            [
              3026,
              1301
            ],
            [
              2974,
              1301
            ],
            [
              2974,
              1265
            ]
          ]
        ]
      }
    },
    {
      "type": "Feature",
      "properties": {
        "id": "B-328",
        "name": "标准街铺 27",
        "zone": "市集区",
        "frontageRoad": "M-V1",
        "description": "市集区的标准街铺，按市集区普通模数统一规格并沿街坊基线对齐。",
        "footprint": 1872,
        "scaleClass": "普通建筑",
        "buildingType": "标准街铺",
        "sizeSpec": "市集区普通模数",
        "widthMeters": 52,
        "depthMeters": 36,
        "alignment": "分区街段基线",
        "streetGapMeters": 8,
        "roadSetbackMeters": 5,
        "houseNumber": 4,
        "doorPlate": "4号",
        "address": "市集西路 4号",
        "layer": "buildings"
      },
      "geometry": {
        "type": "Polygon",
        "coordinates": [
          [
            [
              2224.5,
              514
            ],
            [
              2224.5,
              566
            ],
            [
              2188.5,
              566
            ],
            [
              2188.5,
              514
            ],
            [
              2224.5,
              514
            ]
          ]
        ]
      }
    },
    {
      "type": "Feature",
      "properties": {
        "id": "B-329",
        "name": "旅舍住宅 27",
        "zone": "市集区",
        "frontageRoad": "M-V2",
        "description": "市集区的旅舍住宅，按市集区普通模数统一规格并沿街坊基线对齐。",
        "footprint": 1872,
        "scaleClass": "普通建筑",
        "buildingType": "旅舍住宅",
        "sizeSpec": "市集区普通模数",
        "widthMeters": 52,
        "depthMeters": 36,
        "alignment": "分区街段基线",
        "streetGapMeters": 8,
        "roadSetbackMeters": 5,
        "houseNumber": 6,
        "doorPlate": "6号",
        "address": "市集东路 6号",
        "layer": "buildings"
      },
      "geometry": {
        "type": "Polygon",
        "coordinates": [
          [
            [
              2594.5,
              634
            ],
            [
              2594.5,
              686
            ],
            [
              2558.5,
              686
            ],
            [
              2558.5,
              634
            ],
            [
              2594.5,
              634
            ]
          ]
        ]
      }
    },
    {
      "type": "Feature",
      "properties": {
        "id": "B-330",
        "name": "临街商住楼 28",
        "zone": "市集区",
        "frontageRoad": "M-V1",
        "description": "市集区的临街商住楼，按市集区普通模数统一规格并沿街坊基线对齐。",
        "footprint": 1872,
        "scaleClass": "普通建筑",
        "buildingType": "临街商住楼",
        "sizeSpec": "市集区普通模数",
        "widthMeters": 52,
        "depthMeters": 36,
        "alignment": "分区街段基线",
        "streetGapMeters": 8,
        "roadSetbackMeters": 5,
        "houseNumber": 3,
        "doorPlate": "3号",
        "address": "市集西路 3号",
        "layer": "buildings"
      },
      "geometry": {
        "type": "Polygon",
        "coordinates": [
          [
            [
              2171.5,
              514
            ],
            [
              2171.5,
              566
            ],
            [
              2135.5,
              566
            ],
            [
              2135.5,
              514
            ],
            [
              2171.5,
              514
            ]
          ]
        ]
      }
    },
    {
      "type": "Feature",
      "properties": {
        "id": "B-331",
        "name": "标准街铺 28",
        "zone": "市集区",
        "frontageRoad": "M-04",
        "description": "市集区的标准街铺，按市集区普通模数统一规格并沿街坊基线对齐。",
        "footprint": 1872,
        "scaleClass": "普通建筑",
        "buildingType": "标准街铺",
        "sizeSpec": "市集区普通模数",
        "widthMeters": 52,
        "depthMeters": 36,
        "alignment": "分区街段基线",
        "streetGapMeters": 8,
        "roadSetbackMeters": 5,
        "houseNumber": 9,
        "doorPlate": "9号",
        "address": "旅舍街 9号",
        "layer": "buildings"
      },
      "geometry": {
        "type": "Polygon",
        "coordinates": [
          [
            [
              2794,
              1098.5
            ],
            [
              2846,
              1098.5
            ],
            [
              2846,
              1134.5
            ],
            [
              2794,
              1134.5
            ],
            [
              2794,
              1098.5
            ]
          ]
        ]
      }
    },
    {
      "type": "Feature",
      "properties": {
        "id": "B-332",
        "name": "旅舍住宅 28",
        "zone": "市集区",
        "frontageRoad": "M-04",
        "description": "市集区的旅舍住宅，按市集区普通模数统一规格并沿街坊基线对齐。",
        "footprint": 1872,
        "scaleClass": "普通建筑",
        "buildingType": "旅舍住宅",
        "sizeSpec": "市集区普通模数",
        "widthMeters": 52,
        "depthMeters": 36,
        "alignment": "分区街段基线",
        "streetGapMeters": 8,
        "roadSetbackMeters": 5,
        "houseNumber": 2,
        "doorPlate": "2号",
        "address": "旅舍街 2号",
        "layer": "buildings"
      },
      "geometry": {
        "type": "Polygon",
        "coordinates": [
          [
            [
              2794,
              1045.5
            ],
            [
              2846,
              1045.5
            ],
            [
              2846,
              1081.5
            ],
            [
              2794,
              1081.5
            ],
            [
              2794,
              1045.5
            ]
          ]
        ]
      }
    },
    {
      "type": "Feature",
      "properties": {
        "id": "B-333",
        "name": "临街商住楼 29",
        "zone": "市集区",
        "frontageRoad": "M-V0",
        "description": "市集区的临街商住楼，按市集区普通模数统一规格并沿街坊基线对齐。",
        "footprint": 1872,
        "scaleClass": "普通建筑",
        "buildingType": "临街商住楼",
        "sizeSpec": "市集区普通模数",
        "widthMeters": 52,
        "depthMeters": 36,
        "alignment": "分区街段基线",
        "streetGapMeters": 8,
        "roadSetbackMeters": 5,
        "houseNumber": 4,
        "doorPlate": "4号",
        "address": "河港纵路 4号",
        "layer": "buildings"
      },
      "geometry": {
        "type": "Polygon",
        "coordinates": [
          [
            [
              2065.5,
              514
            ],
            [
              2065.5,
              566
            ],
            [
              2029.5,
              566
            ],
            [
              2029.5,
              514
            ],
            [
              2065.5,
              514
            ]
          ]
        ]
      }
    },
    {
      "type": "Feature",
      "properties": {
        "id": "B-334",
        "name": "标准街铺 29",
        "zone": "市集区",
        "frontageRoad": "M-02",
        "description": "市集区的标准街铺，按市集区普通模数统一规格并沿街坊基线对齐。",
        "footprint": 1872,
        "scaleClass": "普通建筑",
        "buildingType": "标准街铺",
        "sizeSpec": "市集区普通模数",
        "widthMeters": 52,
        "depthMeters": 36,
        "alignment": "分区街段基线",
        "streetGapMeters": 8,
        "roadSetbackMeters": 5,
        "houseNumber": 18,
        "doorPlate": "18号",
        "address": "覆顶市集街 18号",
        "layer": "buildings"
      },
      "geometry": {
        "type": "Polygon",
        "coordinates": [
          [
            [
              2974,
              784.5
            ],
            [
              3026,
              784.5
            ],
            [
              3026,
              820.5
            ],
            [
              2974,
              820.5
            ],
            [
              2974,
              784.5
            ]
          ]
        ]
      }
    },
    {
      "type": "Feature",
      "properties": {
        "id": "B-335",
        "name": "旅舍住宅 29",
        "zone": "市集区",
        "frontageRoad": "M-V0",
        "description": "市集区的旅舍住宅，按市集区普通模数统一规格并沿街坊基线对齐。",
        "footprint": 1872,
        "scaleClass": "普通建筑",
        "buildingType": "旅舍住宅",
        "sizeSpec": "市集区普通模数",
        "widthMeters": 52,
        "depthMeters": 36,
        "alignment": "分区街段基线",
        "streetGapMeters": 8,
        "roadSetbackMeters": 5,
        "houseNumber": 3,
        "doorPlate": "3号",
        "address": "河港纵路 3号",
        "layer": "buildings"
      },
      "geometry": {
        "type": "Polygon",
        "coordinates": [
          [
            [
              2010.5,
              514
            ],
            [
              2010.5,
              566
            ],
            [
              1974.5,
              566
            ],
            [
              1974.5,
              514
            ],
            [
              2010.5,
              514
            ]
          ]
        ]
      }
    },
    {
      "type": "Feature",
      "properties": {
        "id": "B-336",
        "name": "临街商住楼 30",
        "zone": "市集区",
        "frontageRoad": "M-V1",
        "description": "市集区的临街商住楼，按市集区普通模数统一规格并沿街坊基线对齐。",
        "footprint": 1872,
        "scaleClass": "普通建筑",
        "buildingType": "临街商住楼",
        "sizeSpec": "市集区普通模数",
        "widthMeters": 52,
        "depthMeters": 36,
        "alignment": "分区街段基线",
        "streetGapMeters": 8,
        "roadSetbackMeters": 5,
        "houseNumber": 2,
        "doorPlate": "2号",
        "address": "市集西路 2号",
        "layer": "buildings"
      },
      "geometry": {
        "type": "Polygon",
        "coordinates": [
          [
            [
              2224.5,
              454
            ],
            [
              2224.5,
              506
            ],
            [
              2188.5,
              506
            ],
            [
              2188.5,
              454
            ],
            [
              2224.5,
              454
            ]
          ]
        ]
      }
    },
    {
      "type": "Feature",
      "properties": {
        "id": "B-337",
        "name": "标准街铺 30",
        "zone": "市集区",
        "frontageRoad": "M-V1",
        "description": "市集区的标准街铺，按市集区普通模数统一规格并沿街坊基线对齐。",
        "footprint": 1872,
        "scaleClass": "普通建筑",
        "buildingType": "标准街铺",
        "sizeSpec": "市集区普通模数",
        "widthMeters": 52,
        "depthMeters": 36,
        "alignment": "分区街段基线",
        "streetGapMeters": 8,
        "roadSetbackMeters": 5,
        "houseNumber": 1,
        "doorPlate": "1号",
        "address": "市集西路 1号",
        "layer": "buildings"
      },
      "geometry": {
        "type": "Polygon",
        "coordinates": [
          [
            [
              2171.5,
              454
            ],
            [
              2171.5,
              506
            ],
            [
              2135.5,
              506
            ],
            [
              2135.5,
              454
            ],
            [
              2171.5,
              454
            ]
          ]
        ]
      }
    },
    {
      "type": "Feature",
      "properties": {
        "id": "B-338",
        "name": "旅舍住宅 30",
        "zone": "市集区",
        "frontageRoad": "M-V2",
        "description": "市集区的旅舍住宅，按市集区普通模数统一规格并沿街坊基线对齐。",
        "footprint": 1872,
        "scaleClass": "普通建筑",
        "buildingType": "旅舍住宅",
        "sizeSpec": "市集区普通模数",
        "widthMeters": 52,
        "depthMeters": 36,
        "alignment": "分区街段基线",
        "streetGapMeters": 8,
        "roadSetbackMeters": 5,
        "houseNumber": 3,
        "doorPlate": "3号",
        "address": "市集东路 3号",
        "layer": "buildings"
      },
      "geometry": {
        "type": "Polygon",
        "coordinates": [
          [
            [
              2541.5,
              514
            ],
            [
              2541.5,
              566
            ],
            [
              2505.5,
              566
            ],
            [
              2505.5,
              514
            ],
            [
              2541.5,
              514
            ]
          ]
        ]
      }
    },
    {
      "type": "Feature",
      "properties": {
        "id": "B-339",
        "name": "临街商住楼 31",
        "zone": "市集区",
        "frontageRoad": "M-V0",
        "description": "市集区的临街商住楼，按市集区普通模数统一规格并沿街坊基线对齐。",
        "footprint": 1872,
        "scaleClass": "普通建筑",
        "buildingType": "临街商住楼",
        "sizeSpec": "市集区普通模数",
        "widthMeters": 52,
        "depthMeters": 36,
        "alignment": "分区街段基线",
        "streetGapMeters": 8,
        "roadSetbackMeters": 5,
        "houseNumber": 2,
        "doorPlate": "2号",
        "address": "河港纵路 2号",
        "layer": "buildings"
      },
      "geometry": {
        "type": "Polygon",
        "coordinates": [
          [
            [
              2065.5,
              454
            ],
            [
              2065.5,
              506
            ],
            [
              2029.5,
              506
            ],
            [
              2029.5,
              454
            ],
            [
              2065.5,
              454
            ]
          ]
        ]
      }
    },
    {
      "type": "Feature",
      "properties": {
        "id": "B-340",
        "name": "标准街铺 31",
        "zone": "市集区",
        "frontageRoad": "M-V0",
        "description": "市集区的标准街铺，按市集区普通模数统一规格并沿街坊基线对齐。",
        "footprint": 1872,
        "scaleClass": "普通建筑",
        "buildingType": "标准街铺",
        "sizeSpec": "市集区普通模数",
        "widthMeters": 52,
        "depthMeters": 36,
        "alignment": "分区街段基线",
        "streetGapMeters": 8,
        "roadSetbackMeters": 5,
        "houseNumber": 1,
        "doorPlate": "1号",
        "address": "河港纵路 1号",
        "layer": "buildings"
      },
      "geometry": {
        "type": "Polygon",
        "coordinates": [
          [
            [
              2010.5,
              454
            ],
            [
              2010.5,
              506
            ],
            [
              1974.5,
              506
            ],
            [
              1974.5,
              454
            ],
            [
              2010.5,
              454
            ]
          ]
        ]
      }
    },
    {
      "type": "Feature",
      "properties": {
        "id": "B-341",
        "name": "旅舍住宅 31",
        "zone": "市集区",
        "frontageRoad": "M-V2",
        "description": "市集区的旅舍住宅，按市集区普通模数统一规格并沿街坊基线对齐。",
        "footprint": 1872,
        "scaleClass": "普通建筑",
        "buildingType": "旅舍住宅",
        "sizeSpec": "市集区普通模数",
        "widthMeters": 52,
        "depthMeters": 36,
        "alignment": "分区街段基线",
        "streetGapMeters": 8,
        "roadSetbackMeters": 5,
        "houseNumber": 4,
        "doorPlate": "4号",
        "address": "市集东路 4号",
        "layer": "buildings"
      },
      "geometry": {
        "type": "Polygon",
        "coordinates": [
          [
            [
              2594.5,
              514
            ],
            [
              2594.5,
              566
            ],
            [
              2558.5,
              566
            ],
            [
              2558.5,
              514
            ],
            [
              2594.5,
              514
            ]
          ]
        ]
      }
    },
    {
      "type": "Feature",
      "properties": {
        "id": "B-342",
        "name": "临街商住楼 32",
        "zone": "市集区",
        "frontageRoad": "M-01",
        "description": "市集区的临街商住楼，按市集区普通模数统一规格并沿街坊基线对齐。",
        "footprint": 1872,
        "scaleClass": "普通建筑",
        "buildingType": "临街商住楼",
        "sizeSpec": "市集区普通模数",
        "widthMeters": 52,
        "depthMeters": 36,
        "alignment": "分区街段基线",
        "streetGapMeters": 8,
        "roadSetbackMeters": 5,
        "houseNumber": 11,
        "doorPlate": "11号",
        "address": "市政北街 11号",
        "layer": "buildings"
      },
      "geometry": {
        "type": "Polygon",
        "coordinates": [
          [
            [
              2194,
              399
            ],
            [
              2246,
              399
            ],
            [
              2246,
              435
            ],
            [
              2194,
              435
            ],
            [
              2194,
              399
            ]
          ]
        ]
      }
    },
    {
      "type": "Feature",
      "properties": {
        "id": "B-343",
        "name": "标准街铺 32",
        "zone": "市集区",
        "frontageRoad": "R-NE",
        "description": "市集区的标准街铺，按市集区普通模数统一规格并沿街坊基线对齐。",
        "footprint": 1872,
        "scaleClass": "普通建筑",
        "buildingType": "标准街铺",
        "sizeSpec": "市集区普通模数",
        "widthMeters": 52,
        "depthMeters": 36,
        "alignment": "分区街段基线",
        "streetGapMeters": 8,
        "roadSetbackMeters": 5,
        "houseNumber": 7,
        "doorPlate": "7号",
        "address": "北部城市大道 7号",
        "layer": "buildings"
      },
      "geometry": {
        "type": "Polygon",
        "coordinates": [
          [
            [
              2074,
              633
            ],
            [
              2126,
              633
            ],
            [
              2126,
              669
            ],
            [
              2074,
              669
            ],
            [
              2074,
              633
            ]
          ]
        ]
      }
    },
    {
      "type": "Feature",
      "properties": {
        "id": "B-344",
        "name": "旅舍住宅 32",
        "zone": "市集区",
        "frontageRoad": "M-01",
        "description": "市集区的旅舍住宅，按市集区普通模数统一规格并沿街坊基线对齐。",
        "footprint": 1872,
        "scaleClass": "普通建筑",
        "buildingType": "旅舍住宅",
        "sizeSpec": "市集区普通模数",
        "widthMeters": 52,
        "depthMeters": 36,
        "alignment": "分区街段基线",
        "streetGapMeters": 8,
        "roadSetbackMeters": 5,
        "houseNumber": 13,
        "doorPlate": "13号",
        "address": "市政北街 13号",
        "layer": "buildings"
      },
      "geometry": {
        "type": "Polygon",
        "coordinates": [
          [
            [
              2254,
              399
            ],
            [
              2306,
              399
            ],
            [
              2306,
              435
            ],
            [
              2254,
              435
            ],
            [
              2254,
              399
            ]
          ]
        ]
      }
    },
    {
      "type": "Feature",
      "properties": {
        "id": "B-345",
        "name": "临街商住楼 33",
        "zone": "市集区",
        "frontageRoad": "M-V2",
        "description": "市集区的临街商住楼，按市集区普通模数统一规格并沿街坊基线对齐。",
        "footprint": 1872,
        "scaleClass": "普通建筑",
        "buildingType": "临街商住楼",
        "sizeSpec": "市集区普通模数",
        "widthMeters": 52,
        "depthMeters": 36,
        "alignment": "分区街段基线",
        "streetGapMeters": 8,
        "roadSetbackMeters": 5,
        "houseNumber": 1,
        "doorPlate": "1号",
        "address": "市集东路 1号",
        "layer": "buildings"
      },
      "geometry": {
        "type": "Polygon",
        "coordinates": [
          [
            [
              2541.5,
              454
            ],
            [
              2541.5,
              506
            ],
            [
              2505.5,
              506
            ],
            [
              2505.5,
              454
            ],
            [
              2541.5,
              454
            ]
          ]
        ]
      }
    },
    {
      "type": "Feature",
      "properties": {
        "id": "B-346",
        "name": "标准街铺 33",
        "zone": "市集区",
        "frontageRoad": "M-01",
        "description": "市集区的标准街铺，按市集区普通模数统一规格并沿街坊基线对齐。",
        "footprint": 1872,
        "scaleClass": "普通建筑",
        "buildingType": "标准街铺",
        "sizeSpec": "市集区普通模数",
        "widthMeters": 52,
        "depthMeters": 36,
        "alignment": "分区街段基线",
        "streetGapMeters": 8,
        "roadSetbackMeters": 5,
        "houseNumber": 9,
        "doorPlate": "9号",
        "address": "市政北街 9号",
        "layer": "buildings"
      },
      "geometry": {
        "type": "Polygon",
        "coordinates": [
          [
            [
              2074,
              399
            ],
            [
              2126,
              399
            ],
            [
              2126,
              435
            ],
            [
              2074,
              435
            ],
            [
              2074,
              399
            ]
          ]
        ]
      }
    },
    {
      "type": "Feature",
      "properties": {
        "id": "B-347",
        "name": "旅舍住宅 33",
        "zone": "市集区",
        "frontageRoad": "M-04",
        "description": "市集区的旅舍住宅，按市集区普通模数统一规格并沿街坊基线对齐。",
        "footprint": 1872,
        "scaleClass": "普通建筑",
        "buildingType": "旅舍住宅",
        "sizeSpec": "市集区普通模数",
        "widthMeters": 52,
        "depthMeters": 36,
        "alignment": "分区街段基线",
        "streetGapMeters": 8,
        "roadSetbackMeters": 5,
        "houseNumber": 4,
        "doorPlate": "4号",
        "address": "旅舍街 4号",
        "layer": "buildings"
      },
      "geometry": {
        "type": "Polygon",
        "coordinates": [
          [
            [
              2914,
              1045.5
            ],
            [
              2966,
              1045.5
            ],
            [
              2966,
              1081.5
            ],
            [
              2914,
              1081.5
            ],
            [
              2914,
              1045.5
            ]
          ]
        ]
      }
    },
    {
      "type": "Feature",
      "properties": {
        "id": "B-348",
        "name": "临街商住楼 34",
        "zone": "市集区",
        "frontageRoad": "M-V2",
        "description": "市集区的临街商住楼，按市集区普通模数统一规格并沿街坊基线对齐。",
        "footprint": 1872,
        "scaleClass": "普通建筑",
        "buildingType": "临街商住楼",
        "sizeSpec": "市集区普通模数",
        "widthMeters": 52,
        "depthMeters": 36,
        "alignment": "分区街段基线",
        "streetGapMeters": 8,
        "roadSetbackMeters": 5,
        "houseNumber": 2,
        "doorPlate": "2号",
        "address": "市集东路 2号",
        "layer": "buildings"
      },
      "geometry": {
        "type": "Polygon",
        "coordinates": [
          [
            [
              2594.5,
              454
            ],
            [
              2594.5,
              506
            ],
            [
              2558.5,
              506
            ],
            [
              2558.5,
              454
            ],
            [
              2594.5,
              454
            ]
          ]
        ]
      }
    },
    {
      "type": "Feature",
      "properties": {
        "id": "B-349",
        "name": "标准街铺 34",
        "zone": "市集区",
        "frontageRoad": "M-01",
        "description": "市集区的标准街铺，按市集区普通模数统一规格并沿街坊基线对齐。",
        "footprint": 1872,
        "scaleClass": "普通建筑",
        "buildingType": "标准街铺",
        "sizeSpec": "市集区普通模数",
        "widthMeters": 52,
        "depthMeters": 36,
        "alignment": "分区街段基线",
        "streetGapMeters": 8,
        "roadSetbackMeters": 5,
        "houseNumber": 7,
        "doorPlate": "7号",
        "address": "市政北街 7号",
        "layer": "buildings"
      },
      "geometry": {
        "type": "Polygon",
        "coordinates": [
          [
            [
              1954,
              399
            ],
            [
              2006,
              399
            ],
            [
              2006,
              435
            ],
            [
              1954,
              435
            ],
            [
              1954,
              399
            ]
          ]
        ]
      }
    },
    {
      "type": "Feature",
      "properties": {
        "id": "B-350",
        "name": "旅舍住宅 34",
        "zone": "市集区",
        "frontageRoad": "M-01",
        "description": "市集区的旅舍住宅，按市集区普通模数统一规格并沿街坊基线对齐。",
        "footprint": 1872,
        "scaleClass": "普通建筑",
        "buildingType": "旅舍住宅",
        "sizeSpec": "市集区普通模数",
        "widthMeters": 52,
        "depthMeters": 36,
        "alignment": "分区街段基线",
        "streetGapMeters": 8,
        "roadSetbackMeters": 5,
        "houseNumber": 17,
        "doorPlate": "17号",
        "address": "市政北街 17号",
        "layer": "buildings"
      },
      "geometry": {
        "type": "Polygon",
        "coordinates": [
          [
            [
              2434,
              399
            ],
            [
              2486,
              399
            ],
            [
              2486,
              435
            ],
            [
              2434,
              435
            ],
            [
              2434,
              399
            ]
          ]
        ]
      }
    },
    {
      "type": "Feature",
      "properties": {
        "id": "B-351",
        "name": "临街商住楼 35",
        "zone": "市集区",
        "frontageRoad": "W-V2",
        "description": "市集区的临街商住楼，按市集区普通模数统一规格并沿街坊基线对齐。",
        "footprint": 1872,
        "scaleClass": "普通建筑",
        "buildingType": "临街商住楼",
        "sizeSpec": "市集区普通模数",
        "widthMeters": 52,
        "depthMeters": 36,
        "alignment": "分区街段基线",
        "streetGapMeters": 8,
        "roadSetbackMeters": 5,
        "houseNumber": 2,
        "doorPlate": "2号",
        "address": "货运纵路 2号",
        "layer": "buildings"
      },
      "geometry": {
        "type": "Polygon",
        "coordinates": [
          [
            [
              2957,
              1294
            ],
            [
              2957,
              1346
            ],
            [
              2921,
              1346
            ],
            [
              2921,
              1294
            ],
            [
              2957,
              1294
            ]
          ]
        ]
      }
    },
    {
      "type": "Feature",
      "properties": {
        "id": "B-352",
        "name": "标准街铺 35",
        "zone": "市集区",
        "frontageRoad": "R-NE",
        "description": "市集区的标准街铺，按市集区普通模数统一规格并沿街坊基线对齐。",
        "footprint": 1872,
        "scaleClass": "普通建筑",
        "buildingType": "标准街铺",
        "sizeSpec": "市集区普通模数",
        "widthMeters": 52,
        "depthMeters": 36,
        "alignment": "分区街段基线",
        "streetGapMeters": 8,
        "roadSetbackMeters": 5,
        "houseNumber": 11,
        "doorPlate": "11号",
        "address": "北部城市大道 11号",
        "layer": "buildings"
      },
      "geometry": {
        "type": "Polygon",
        "coordinates": [
          [
            [
              2434,
              633
            ],
            [
              2486,
              633
            ],
            [
              2486,
              669
            ],
            [
              2434,
              669
            ],
            [
              2434,
              633
            ]
          ]
        ]
      }
    },
    {
      "type": "Feature",
      "properties": {
        "id": "B-353",
        "name": "旅舍住宅 35",
        "zone": "市集区",
        "frontageRoad": "R-NE",
        "description": "市集区的旅舍住宅，按市集区普通模数统一规格并沿街坊基线对齐。",
        "footprint": 1872,
        "scaleClass": "普通建筑",
        "buildingType": "旅舍住宅",
        "sizeSpec": "市集区普通模数",
        "widthMeters": 52,
        "depthMeters": 36,
        "alignment": "分区街段基线",
        "streetGapMeters": 8,
        "roadSetbackMeters": 5,
        "houseNumber": 8,
        "doorPlate": "8号",
        "address": "北部城市大道 8号",
        "layer": "buildings"
      },
      "geometry": {
        "type": "Polygon",
        "coordinates": [
          [
            [
              2194,
              571
            ],
            [
              2246,
              571
            ],
            [
              2246,
              607
            ],
            [
              2194,
              607
            ],
            [
              2194,
              571
            ]
          ]
        ]
      }
    },
    {
      "type": "Feature",
      "properties": {
        "id": "B-354",
        "name": "临街商住楼 36",
        "zone": "市集区",
        "frontageRoad": "R-NE",
        "description": "市集区的临街商住楼，按市集区普通模数统一规格并沿街坊基线对齐。",
        "footprint": 1872,
        "scaleClass": "普通建筑",
        "buildingType": "临街商住楼",
        "sizeSpec": "市集区普通模数",
        "widthMeters": 52,
        "depthMeters": 36,
        "alignment": "分区街段基线",
        "streetGapMeters": 8,
        "roadSetbackMeters": 5,
        "houseNumber": 10,
        "doorPlate": "10号",
        "address": "北部城市大道 10号",
        "layer": "buildings"
      },
      "geometry": {
        "type": "Polygon",
        "coordinates": [
          [
            [
              2254,
              571
            ],
            [
              2306,
              571
            ],
            [
              2306,
              607
            ],
            [
              2254,
              607
            ],
            [
              2254,
              571
            ]
          ]
        ]
      }
    },
    {
      "type": "Feature",
      "properties": {
        "id": "B-355",
        "name": "标准街铺 36",
        "zone": "市集区",
        "frontageRoad": "R-E1",
        "description": "市集区的标准街铺，按市集区普通模数统一规格并沿街坊基线对齐。",
        "footprint": 1872,
        "scaleClass": "普通建筑",
        "buildingType": "标准街铺",
        "sizeSpec": "市集区普通模数",
        "widthMeters": 52,
        "depthMeters": 36,
        "alignment": "分区街段基线",
        "streetGapMeters": 8,
        "roadSetbackMeters": 5,
        "houseNumber": 1,
        "doorPlate": "1号",
        "address": "市民东路 1号",
        "layer": "buildings"
      },
      "geometry": {
        "type": "Polygon",
        "coordinates": [
          [
            [
              2748,
              934
            ],
            [
              2748,
              986
            ],
            [
              2712,
              986
            ],
            [
              2712,
              934
            ],
            [
              2748,
              934
            ]
          ]
        ]
      }
    },
    {
      "type": "Feature",
      "properties": {
        "id": "B-356",
        "name": "旅舍住宅 36",
        "zone": "市集区",
        "frontageRoad": "M-01",
        "description": "市集区的旅舍住宅，按市集区普通模数统一规格并沿街坊基线对齐。",
        "footprint": 1872,
        "scaleClass": "普通建筑",
        "buildingType": "旅舍住宅",
        "sizeSpec": "市集区普通模数",
        "widthMeters": 52,
        "depthMeters": 36,
        "alignment": "分区街段基线",
        "streetGapMeters": 8,
        "roadSetbackMeters": 5,
        "houseNumber": 12,
        "doorPlate": "12号",
        "address": "市政北街 12号",
        "layer": "buildings"
      },
      "geometry": {
        "type": "Polygon",
        "coordinates": [
          [
            [
              2194,
              345
            ],
            [
              2246,
              345
            ],
            [
              2246,
              381
            ],
            [
              2194,
              381
            ],
            [
              2194,
              345
            ]
          ]
        ]
      }
    },
    {
      "type": "Feature",
      "properties": {
        "id": "B-357",
        "name": "临街商住楼 37",
        "zone": "市集区",
        "frontageRoad": "M-01",
        "description": "市集区的临街商住楼，按市集区普通模数统一规格并沿街坊基线对齐。",
        "footprint": 1872,
        "scaleClass": "普通建筑",
        "buildingType": "临街商住楼",
        "sizeSpec": "市集区普通模数",
        "widthMeters": 52,
        "depthMeters": 36,
        "alignment": "分区街段基线",
        "streetGapMeters": 8,
        "roadSetbackMeters": 5,
        "houseNumber": 10,
        "doorPlate": "10号",
        "address": "市政北街 10号",
        "layer": "buildings"
      },
      "geometry": {
        "type": "Polygon",
        "coordinates": [
          [
            [
              2134,
              345
            ],
            [
              2186,
              345
            ],
            [
              2186,
              381
            ],
            [
              2134,
              381
            ],
            [
              2134,
              345
            ]
          ]
        ]
      }
    },
    {
      "type": "Feature",
      "properties": {
        "id": "B-358",
        "name": "标准街铺 37",
        "zone": "市集区",
        "frontageRoad": "M-01",
        "description": "市集区的标准街铺，按市集区普通模数统一规格并沿街坊基线对齐。",
        "footprint": 1872,
        "scaleClass": "普通建筑",
        "buildingType": "标准街铺",
        "sizeSpec": "市集区普通模数",
        "widthMeters": 52,
        "depthMeters": 36,
        "alignment": "分区街段基线",
        "streetGapMeters": 8,
        "roadSetbackMeters": 5,
        "houseNumber": 14,
        "doorPlate": "14号",
        "address": "市政北街 14号",
        "layer": "buildings"
      },
      "geometry": {
        "type": "Polygon",
        "coordinates": [
          [
            [
              2254,
              345
            ],
            [
              2306,
              345
            ],
            [
              2306,
              381
            ],
            [
              2254,
              381
            ],
            [
              2254,
              345
            ]
          ]
        ]
      }
    },
    {
      "type": "Feature",
      "properties": {
        "id": "B-359",
        "name": "旅舍住宅 37",
        "zone": "市集区",
        "frontageRoad": "M-01",
        "description": "市集区的旅舍住宅，按市集区普通模数统一规格并沿街坊基线对齐。",
        "footprint": 1872,
        "scaleClass": "普通建筑",
        "buildingType": "旅舍住宅",
        "sizeSpec": "市集区普通模数",
        "widthMeters": 52,
        "depthMeters": 36,
        "alignment": "分区街段基线",
        "streetGapMeters": 8,
        "roadSetbackMeters": 5,
        "houseNumber": 5,
        "doorPlate": "5号",
        "address": "市政北街 5号",
        "layer": "buildings"
      },
      "geometry": {
        "type": "Polygon",
        "coordinates": [
          [
            [
              1894,
              399
            ],
            [
              1946,
              399
            ],
            [
              1946,
              435
            ],
            [
              1894,
              435
            ],
            [
              1894,
              399
            ]
          ]
        ]
      }
    },
    {
      "type": "Feature",
      "properties": {
        "id": "B-360",
        "name": "临街商住楼 38",
        "zone": "市集区",
        "frontageRoad": "R-NE",
        "description": "市集区的临街商住楼，按市集区普通模数统一规格并沿街坊基线对齐。",
        "footprint": 1872,
        "scaleClass": "普通建筑",
        "buildingType": "临街商住楼",
        "sizeSpec": "市集区普通模数",
        "widthMeters": 52,
        "depthMeters": 36,
        "alignment": "分区街段基线",
        "streetGapMeters": 8,
        "roadSetbackMeters": 5,
        "houseNumber": 6,
        "doorPlate": "6号",
        "address": "北部城市大道 6号",
        "layer": "buildings"
      },
      "geometry": {
        "type": "Polygon",
        "coordinates": [
          [
            [
              2074,
              571
            ],
            [
              2126,
              571
            ],
            [
              2126,
              607
            ],
            [
              2074,
              607
            ],
            [
              2074,
              571
            ]
          ]
        ]
      }
    },
    {
      "type": "Feature",
      "properties": {
        "id": "B-361",
        "name": "标准街铺 38",
        "zone": "市集区",
        "frontageRoad": "M-01",
        "description": "市集区的标准街铺，按市集区普通模数统一规格并沿街坊基线对齐。",
        "footprint": 1872,
        "scaleClass": "普通建筑",
        "buildingType": "标准街铺",
        "sizeSpec": "市集区普通模数",
        "widthMeters": 52,
        "depthMeters": 36,
        "alignment": "分区街段基线",
        "streetGapMeters": 8,
        "roadSetbackMeters": 5,
        "houseNumber": 8,
        "doorPlate": "8号",
        "address": "市政北街 8号",
        "layer": "buildings"
      },
      "geometry": {
        "type": "Polygon",
        "coordinates": [
          [
            [
              2074,
              345
            ],
            [
              2126,
              345
            ],
            [
              2126,
              381
            ],
            [
              2074,
              381
            ],
            [
              2074,
              345
            ]
          ]
        ]
      }
    },
    {
      "type": "Feature",
      "properties": {
        "id": "B-362",
        "name": "旅舍住宅 38",
        "zone": "市集区",
        "frontageRoad": "R-NE",
        "description": "市集区的旅舍住宅，按市集区普通模数统一规格并沿街坊基线对齐。",
        "footprint": 1872,
        "scaleClass": "普通建筑",
        "buildingType": "旅舍住宅",
        "sizeSpec": "市集区普通模数",
        "widthMeters": 52,
        "depthMeters": 36,
        "alignment": "分区街段基线",
        "streetGapMeters": 8,
        "roadSetbackMeters": 5,
        "houseNumber": 5,
        "doorPlate": "5号",
        "address": "北部城市大道 5号",
        "layer": "buildings"
      },
      "geometry": {
        "type": "Polygon",
        "coordinates": [
          [
            [
              1894,
              633
            ],
            [
              1946,
              633
            ],
            [
              1946,
              669
            ],
            [
              1894,
              669
            ],
            [
              1894,
              633
            ]
          ]
        ]
      }
    },
    {
      "type": "Feature",
      "properties": {
        "id": "B-363",
        "name": "临街商住楼 39",
        "zone": "市集区",
        "frontageRoad": "M-01",
        "description": "市集区的临街商住楼，按市集区普通模数统一规格并沿街坊基线对齐。",
        "footprint": 1872,
        "scaleClass": "普通建筑",
        "buildingType": "临街商住楼",
        "sizeSpec": "市集区普通模数",
        "widthMeters": 52,
        "depthMeters": 36,
        "alignment": "分区街段基线",
        "streetGapMeters": 8,
        "roadSetbackMeters": 5,
        "houseNumber": 16,
        "doorPlate": "16号",
        "address": "市政北街 16号",
        "layer": "buildings"
      },
      "geometry": {
        "type": "Polygon",
        "coordinates": [
          [
            [
              2374,
              345
            ],
            [
              2426,
              345
            ],
            [
              2426,
              381
            ],
            [
              2374,
              381
            ],
            [
              2374,
              345
            ]
          ]
        ]
      }
    },
    {
      "type": "Feature",
      "properties": {
        "id": "B-364",
        "name": "标准街铺 39",
        "zone": "市集区",
        "frontageRoad": "M-04",
        "description": "市集区的标准街铺，按市集区普通模数统一规格并沿街坊基线对齐。",
        "footprint": 1872,
        "scaleClass": "普通建筑",
        "buildingType": "标准街铺",
        "sizeSpec": "市集区普通模数",
        "widthMeters": 52,
        "depthMeters": 36,
        "alignment": "分区街段基线",
        "streetGapMeters": 8,
        "roadSetbackMeters": 5,
        "houseNumber": 11,
        "doorPlate": "11号",
        "address": "旅舍街 11号",
        "layer": "buildings"
      },
      "geometry": {
        "type": "Polygon",
        "coordinates": [
          [
            [
              2974,
              1098.5
            ],
            [
              3026,
              1098.5
            ],
            [
              3026,
              1134.5
            ],
            [
              2974,
              1134.5
            ],
            [
              2974,
              1098.5
            ]
          ]
        ]
      }
    },
    {
      "type": "Feature",
      "properties": {
        "id": "B-365",
        "name": "旅舍住宅 39",
        "zone": "市集区",
        "frontageRoad": "R-NE",
        "description": "市集区的旅舍住宅，按市集区普通模数统一规格并沿街坊基线对齐。",
        "footprint": 1872,
        "scaleClass": "普通建筑",
        "buildingType": "旅舍住宅",
        "sizeSpec": "市集区普通模数",
        "widthMeters": 52,
        "depthMeters": 36,
        "alignment": "分区街段基线",
        "streetGapMeters": 8,
        "roadSetbackMeters": 5,
        "houseNumber": 12,
        "doorPlate": "12号",
        "address": "北部城市大道 12号",
        "layer": "buildings"
      },
      "geometry": {
        "type": "Polygon",
        "coordinates": [
          [
            [
              2374,
              571
            ],
            [
              2426,
              571
            ],
            [
              2426,
              607
            ],
            [
              2374,
              607
            ],
            [
              2374,
              571
            ]
          ]
        ]
      }
    },
    {
      "type": "Feature",
      "properties": {
        "id": "B-366",
        "name": "临街商住楼 40",
        "zone": "市集区",
        "frontageRoad": "M-04",
        "description": "市集区的临街商住楼，按市集区普通模数统一规格并沿街坊基线对齐。",
        "footprint": 1872,
        "scaleClass": "普通建筑",
        "buildingType": "临街商住楼",
        "sizeSpec": "市集区普通模数",
        "widthMeters": 52,
        "depthMeters": 36,
        "alignment": "分区街段基线",
        "streetGapMeters": 8,
        "roadSetbackMeters": 5,
        "houseNumber": 6,
        "doorPlate": "6号",
        "address": "旅舍街 6号",
        "layer": "buildings"
      },
      "geometry": {
        "type": "Polygon",
        "coordinates": [
          [
            [
              2974,
              1045.5
            ],
            [
              3026,
              1045.5
            ],
            [
              3026,
              1081.5
            ],
            [
              2974,
              1081.5
            ],
            [
              2974,
              1045.5
            ]
          ]
        ]
      }
    },
    {
      "type": "Feature",
      "properties": {
        "id": "B-367",
        "name": "标准街铺 40",
        "zone": "市集区",
        "frontageRoad": "M-01",
        "description": "市集区的标准街铺，按市集区普通模数统一规格并沿街坊基线对齐。",
        "footprint": 1872,
        "scaleClass": "普通建筑",
        "buildingType": "标准街铺",
        "sizeSpec": "市集区普通模数",
        "widthMeters": 52,
        "depthMeters": 36,
        "alignment": "分区街段基线",
        "streetGapMeters": 8,
        "roadSetbackMeters": 5,
        "houseNumber": 3,
        "doorPlate": "3号",
        "address": "市政北街 3号",
        "layer": "buildings"
      },
      "geometry": {
        "type": "Polygon",
        "coordinates": [
          [
            [
              1834,
              399
            ],
            [
              1886,
              399
            ],
            [
              1886,
              435
            ],
            [
              1834,
              435
            ],
            [
              1834,
              399
            ]
          ]
        ]
      }
    },
    {
      "type": "Feature",
      "properties": {
        "id": "B-368",
        "name": "旅舍住宅 40",
        "zone": "市集区",
        "frontageRoad": "M-01",
        "description": "市集区的旅舍住宅，按市集区普通模数统一规格并沿街坊基线对齐。",
        "footprint": 1872,
        "scaleClass": "普通建筑",
        "buildingType": "旅舍住宅",
        "sizeSpec": "市集区普通模数",
        "widthMeters": 52,
        "depthMeters": 36,
        "alignment": "分区街段基线",
        "streetGapMeters": 8,
        "roadSetbackMeters": 5,
        "houseNumber": 6,
        "doorPlate": "6号",
        "address": "市政北街 6号",
        "layer": "buildings"
      },
      "geometry": {
        "type": "Polygon",
        "coordinates": [
          [
            [
              1954,
              345
            ],
            [
              2006,
              345
            ],
            [
              2006,
              381
            ],
            [
              1954,
              381
            ],
            [
              1954,
              345
            ]
          ]
        ]
      }
    },
    {
      "type": "Feature",
      "properties": {
        "id": "B-369",
        "name": "临街商住楼 41",
        "zone": "市集区",
        "frontageRoad": "M-01",
        "description": "市集区的临街商住楼，按市集区普通模数统一规格并沿街坊基线对齐。",
        "footprint": 1872,
        "scaleClass": "普通建筑",
        "buildingType": "临街商住楼",
        "sizeSpec": "市集区普通模数",
        "widthMeters": 52,
        "depthMeters": 36,
        "alignment": "分区街段基线",
        "streetGapMeters": 8,
        "roadSetbackMeters": 5,
        "houseNumber": 18,
        "doorPlate": "18号",
        "address": "市政北街 18号",
        "layer": "buildings"
      },
      "geometry": {
        "type": "Polygon",
        "coordinates": [
          [
            [
              2434,
              345
            ],
            [
              2486,
              345
            ],
            [
              2486,
              381
            ],
            [
              2434,
              381
            ],
            [
              2434,
              345
            ]
          ]
        ]
      }
    },
    {
      "type": "Feature",
      "properties": {
        "id": "B-370",
        "name": "标准街铺 41",
        "zone": "市集区",
        "frontageRoad": "R-NE",
        "description": "市集区的标准街铺，按市集区普通模数统一规格并沿街坊基线对齐。",
        "footprint": 1872,
        "scaleClass": "普通建筑",
        "buildingType": "标准街铺",
        "sizeSpec": "市集区普通模数",
        "widthMeters": 52,
        "depthMeters": 36,
        "alignment": "分区街段基线",
        "streetGapMeters": 8,
        "roadSetbackMeters": 5,
        "houseNumber": 4,
        "doorPlate": "4号",
        "address": "北部城市大道 4号",
        "layer": "buildings"
      },
      "geometry": {
        "type": "Polygon",
        "coordinates": [
          [
            [
              1954,
              571
            ],
            [
              2006,
              571
            ],
            [
              2006,
              607
            ],
            [
              1954,
              607
            ],
            [
              1954,
              571
            ]
          ]
        ]
      }
    },
    {
      "type": "Feature",
      "properties": {
        "id": "B-371",
        "name": "旅舍住宅 41",
        "zone": "市集区",
        "frontageRoad": "R-NE",
        "description": "市集区的旅舍住宅，按市集区普通模数统一规格并沿街坊基线对齐。",
        "footprint": 1872,
        "scaleClass": "普通建筑",
        "buildingType": "旅舍住宅",
        "sizeSpec": "市集区普通模数",
        "widthMeters": 52,
        "depthMeters": 36,
        "alignment": "分区街段基线",
        "streetGapMeters": 8,
        "roadSetbackMeters": 5,
        "houseNumber": 14,
        "doorPlate": "14号",
        "address": "北部城市大道 14号",
        "layer": "buildings"
      },
      "geometry": {
        "type": "Polygon",
        "coordinates": [
          [
            [
              2434,
              571
            ],
            [
              2486,
              571
            ],
            [
              2486,
              607
            ],
            [
              2434,
              607
            ],
            [
              2434,
              571
            ]
          ]
        ]
      }
    },
    {
      "type": "Feature",
      "properties": {
        "id": "B-372",
        "name": "临街商住楼 42",
        "zone": "市集区",
        "frontageRoad": "M-V3",
        "description": "市集区的临街商住楼，按市集区普通模数统一规格并沿街坊基线对齐。",
        "footprint": 1872,
        "scaleClass": "普通建筑",
        "buildingType": "临街商住楼",
        "sizeSpec": "市集区普通模数",
        "widthMeters": 52,
        "depthMeters": 36,
        "alignment": "分区街段基线",
        "streetGapMeters": 8,
        "roadSetbackMeters": 5,
        "houseNumber": 1,
        "doorPlate": "1号",
        "address": "旅舍纵巷 1号",
        "layer": "buildings"
      },
      "geometry": {
        "type": "Polygon",
        "coordinates": [
          [
            [
              3031.5,
              934
            ],
            [
              3031.5,
              986
            ],
            [
              2995.5,
              986
            ],
            [
              2995.5,
              934
            ],
            [
              3031.5,
              934
            ]
          ]
        ]
      }
    },
    {
      "type": "Feature",
      "properties": {
        "id": "B-373",
        "name": "标准街铺 42",
        "zone": "市集区",
        "frontageRoad": "R-NE",
        "description": "市集区的标准街铺，按市集区普通模数统一规格并沿街坊基线对齐。",
        "footprint": 1872,
        "scaleClass": "普通建筑",
        "buildingType": "标准街铺",
        "sizeSpec": "市集区普通模数",
        "widthMeters": 52,
        "depthMeters": 36,
        "alignment": "分区街段基线",
        "streetGapMeters": 8,
        "roadSetbackMeters": 5,
        "houseNumber": 3,
        "doorPlate": "3号",
        "address": "北部城市大道 3号",
        "layer": "buildings"
      },
      "geometry": {
        "type": "Polygon",
        "coordinates": [
          [
            [
              1834,
              633
            ],
            [
              1886,
              633
            ],
            [
              1886,
              669
            ],
            [
              1834,
              669
            ],
            [
              1834,
              633
            ]
          ]
        ]
      }
    },
    {
      "type": "Feature",
      "properties": {
        "id": "B-374",
        "name": "旅舍住宅 42",
        "zone": "市集区",
        "frontageRoad": "M-00",
        "description": "市集区的旅舍住宅，按市集区普通模数统一规格并沿街坊基线对齐。",
        "footprint": 1872,
        "scaleClass": "普通建筑",
        "buildingType": "旅舍住宅",
        "sizeSpec": "市集区普通模数",
        "widthMeters": 52,
        "depthMeters": 36,
        "alignment": "分区街段基线",
        "streetGapMeters": 8,
        "roadSetbackMeters": 5,
        "houseNumber": 7,
        "doorPlate": "7号",
        "address": "北河门街 7号",
        "layer": "buildings"
      },
      "geometry": {
        "type": "Polygon",
        "coordinates": [
          [
            [
              2194,
              289
            ],
            [
              2246,
              289
            ],
            [
              2246,
              325
            ],
            [
              2194,
              325
            ],
            [
              2194,
              289
            ]
          ]
        ]
      }
    },
    {
      "type": "Feature",
      "properties": {
        "id": "B-375",
        "name": "临街商住楼 43",
        "zone": "市集区",
        "frontageRoad": "M-01",
        "description": "市集区的临街商住楼，按市集区普通模数统一规格并沿街坊基线对齐。",
        "footprint": 1872,
        "scaleClass": "普通建筑",
        "buildingType": "临街商住楼",
        "sizeSpec": "市集区普通模数",
        "widthMeters": 52,
        "depthMeters": 36,
        "alignment": "分区街段基线",
        "streetGapMeters": 8,
        "roadSetbackMeters": 5,
        "houseNumber": 4,
        "doorPlate": "4号",
        "address": "市政北街 4号",
        "layer": "buildings"
      },
      "geometry": {
        "type": "Polygon",
        "coordinates": [
          [
            [
              1894,
              345
            ],
            [
              1946,
              345
            ],
            [
              1946,
              381
            ],
            [
              1894,
              381
            ],
            [
              1894,
              345
            ]
          ]
        ]
      }
    },
    {
      "type": "Feature",
      "properties": {
        "id": "B-376",
        "name": "标准街铺 43",
        "zone": "市集区",
        "frontageRoad": "M-01",
        "description": "市集区的标准街铺，按市集区普通模数统一规格并沿街坊基线对齐。",
        "footprint": 1872,
        "scaleClass": "普通建筑",
        "buildingType": "标准街铺",
        "sizeSpec": "市集区普通模数",
        "widthMeters": 52,
        "depthMeters": 36,
        "alignment": "分区街段基线",
        "streetGapMeters": 8,
        "roadSetbackMeters": 5,
        "houseNumber": 20,
        "doorPlate": "20号",
        "address": "市政北街 20号",
        "layer": "buildings"
      },
      "geometry": {
        "type": "Polygon",
        "coordinates": [
          [
            [
              2494,
              345
            ],
            [
              2546,
              345
            ],
            [
              2546,
              381
            ],
            [
              2494,
              381
            ],
            [
              2494,
              345
            ]
          ]
        ]
      }
    },
    {
      "type": "Feature",
      "properties": {
        "id": "B-377",
        "name": "旅舍住宅 43",
        "zone": "市集区",
        "frontageRoad": "M-00",
        "description": "市集区的旅舍住宅，按市集区普通模数统一规格并沿街坊基线对齐。",
        "footprint": 1872,
        "scaleClass": "普通建筑",
        "buildingType": "旅舍住宅",
        "sizeSpec": "市集区普通模数",
        "widthMeters": 52,
        "depthMeters": 36,
        "alignment": "分区街段基线",
        "streetGapMeters": 8,
        "roadSetbackMeters": 5,
        "houseNumber": 5,
        "doorPlate": "5号",
        "address": "北河门街 5号",
        "layer": "buildings"
      },
      "geometry": {
        "type": "Polygon",
        "coordinates": [
          [
            [
              2134,
              289
            ],
            [
              2186,
              289
            ],
            [
              2186,
              325
            ],
            [
              2134,
              325
            ],
            [
              2134,
              289
            ]
          ]
        ]
      }
    },
    {
      "type": "Feature",
      "properties": {
        "id": "B-378",
        "name": "临街商住楼 44",
        "zone": "市集区",
        "frontageRoad": "M-00",
        "description": "市集区的临街商住楼，按市集区普通模数统一规格并沿街坊基线对齐。",
        "footprint": 1872,
        "scaleClass": "普通建筑",
        "buildingType": "临街商住楼",
        "sizeSpec": "市集区普通模数",
        "widthMeters": 52,
        "depthMeters": 36,
        "alignment": "分区街段基线",
        "streetGapMeters": 8,
        "roadSetbackMeters": 5,
        "houseNumber": 9,
        "doorPlate": "9号",
        "address": "北河门街 9号",
        "layer": "buildings"
      },
      "geometry": {
        "type": "Polygon",
        "coordinates": [
          [
            [
              2254,
              289
            ],
            [
              2306,
              289
            ],
            [
              2306,
              325
            ],
            [
              2254,
              325
            ],
            [
              2254,
              289
            ]
          ]
        ]
      }
    },
    {
      "type": "Feature",
      "properties": {
        "id": "B-379",
        "name": "标准街铺 44",
        "zone": "市集区",
        "frontageRoad": "M-01",
        "description": "市集区的标准街铺，按市集区普通模数统一规格并沿街坊基线对齐。",
        "footprint": 1872,
        "scaleClass": "普通建筑",
        "buildingType": "标准街铺",
        "sizeSpec": "市集区普通模数",
        "widthMeters": 52,
        "depthMeters": 36,
        "alignment": "分区街段基线",
        "streetGapMeters": 8,
        "roadSetbackMeters": 5,
        "houseNumber": 1,
        "doorPlate": "1号",
        "address": "市政北街 1号",
        "layer": "buildings"
      },
      "geometry": {
        "type": "Polygon",
        "coordinates": [
          [
            [
              1774,
              399
            ],
            [
              1826,
              399
            ],
            [
              1826,
              435
            ],
            [
              1774,
              435
            ],
            [
              1774,
              399
            ]
          ]
        ]
      }
    },
    {
      "type": "Feature",
      "properties": {
        "id": "B-380",
        "name": "旅舍住宅 44",
        "zone": "市集区",
        "frontageRoad": "M-01",
        "description": "市集区的旅舍住宅，按市集区普通模数统一规格并沿街坊基线对齐。",
        "footprint": 1872,
        "scaleClass": "普通建筑",
        "buildingType": "旅舍住宅",
        "sizeSpec": "市集区普通模数",
        "widthMeters": 52,
        "depthMeters": 36,
        "alignment": "分区街段基线",
        "streetGapMeters": 8,
        "roadSetbackMeters": 5,
        "houseNumber": 19,
        "doorPlate": "19号",
        "address": "市政北街 19号",
        "layer": "buildings"
      },
      "geometry": {
        "type": "Polygon",
        "coordinates": [
          [
            [
              2614,
              399
            ],
            [
              2666,
              399
            ],
            [
              2666,
              435
            ],
            [
              2614,
              435
            ],
            [
              2614,
              399
            ]
          ]
        ]
      }
    },
    {
      "type": "Feature",
      "properties": {
        "id": "B-381",
        "name": "临街商住楼 45",
        "zone": "市集区",
        "frontageRoad": "M-00",
        "description": "市集区的临街商住楼，按市集区普通模数统一规格并沿街坊基线对齐。",
        "footprint": 1872,
        "scaleClass": "普通建筑",
        "buildingType": "临街商住楼",
        "sizeSpec": "市集区普通模数",
        "widthMeters": 52,
        "depthMeters": 36,
        "alignment": "分区街段基线",
        "streetGapMeters": 8,
        "roadSetbackMeters": 5,
        "houseNumber": 3,
        "doorPlate": "3号",
        "address": "北河门街 3号",
        "layer": "buildings"
      },
      "geometry": {
        "type": "Polygon",
        "coordinates": [
          [
            [
              2074,
              289
            ],
            [
              2126,
              289
            ],
            [
              2126,
              325
            ],
            [
              2074,
              325
            ],
            [
              2074,
              289
            ]
          ]
        ]
      }
    },
    {
      "type": "Feature",
      "properties": {
        "id": "B-382",
        "name": "标准街铺 45",
        "zone": "市集区",
        "frontageRoad": "R-NE",
        "description": "市集区的标准街铺，按市集区普通模数统一规格并沿街坊基线对齐。",
        "footprint": 1872,
        "scaleClass": "普通建筑",
        "buildingType": "标准街铺",
        "sizeSpec": "市集区普通模数",
        "widthMeters": 52,
        "depthMeters": 36,
        "alignment": "分区街段基线",
        "streetGapMeters": 8,
        "roadSetbackMeters": 5,
        "houseNumber": 2,
        "doorPlate": "2号",
        "address": "北部城市大道 2号",
        "layer": "buildings"
      },
      "geometry": {
        "type": "Polygon",
        "coordinates": [
          [
            [
              1894,
              571
            ],
            [
              1946,
              571
            ],
            [
              1946,
              607
            ],
            [
              1894,
              607
            ],
            [
              1894,
              571
            ]
          ]
        ]
      }
    },
    {
      "type": "Feature",
      "properties": {
        "id": "B-383",
        "name": "旅舍住宅 45",
        "zone": "市集区",
        "frontageRoad": "M-00",
        "description": "市集区的旅舍住宅，按市集区普通模数统一规格并沿街坊基线对齐。",
        "footprint": 1872,
        "scaleClass": "普通建筑",
        "buildingType": "旅舍住宅",
        "sizeSpec": "市集区普通模数",
        "widthMeters": 52,
        "depthMeters": 36,
        "alignment": "分区街段基线",
        "streetGapMeters": 8,
        "roadSetbackMeters": 5,
        "houseNumber": 11,
        "doorPlate": "11号",
        "address": "北河门街 11号",
        "layer": "buildings"
      },
      "geometry": {
        "type": "Polygon",
        "coordinates": [
          [
            [
              2374,
              289
            ],
            [
              2426,
              289
            ],
            [
              2426,
              325
            ],
            [
              2374,
              325
            ],
            [
              2374,
              289
            ]
          ]
        ]
      }
    },
    {
      "type": "Feature",
      "properties": {
        "id": "B-384",
        "name": "临街商住楼 46",
        "zone": "市集区",
        "frontageRoad": "M-01",
        "description": "市集区的临街商住楼，按市集区普通模数统一规格并沿街坊基线对齐。",
        "footprint": 1872,
        "scaleClass": "普通建筑",
        "buildingType": "临街商住楼",
        "sizeSpec": "市集区普通模数",
        "widthMeters": 52,
        "depthMeters": 36,
        "alignment": "分区街段基线",
        "streetGapMeters": 8,
        "roadSetbackMeters": 5,
        "houseNumber": 2,
        "doorPlate": "2号",
        "address": "市政北街 2号",
        "layer": "buildings"
      },
      "geometry": {
        "type": "Polygon",
        "coordinates": [
          [
            [
              1834,
              345
            ],
            [
              1886,
              345
            ],
            [
              1886,
              381
            ],
            [
              1834,
              381
            ],
            [
              1834,
              345
            ]
          ]
        ]
      }
    },
    {
      "type": "Feature",
      "properties": {
        "id": "B-385",
        "name": "标准街铺 46",
        "zone": "市集区",
        "frontageRoad": "M-01",
        "description": "市集区的标准街铺，按市集区普通模数统一规格并沿街坊基线对齐。",
        "footprint": 1872,
        "scaleClass": "普通建筑",
        "buildingType": "标准街铺",
        "sizeSpec": "市集区普通模数",
        "widthMeters": 52,
        "depthMeters": 36,
        "alignment": "分区街段基线",
        "streetGapMeters": 8,
        "roadSetbackMeters": 5,
        "houseNumber": 22,
        "doorPlate": "22号",
        "address": "市政北街 22号",
        "layer": "buildings"
      },
      "geometry": {
        "type": "Polygon",
        "coordinates": [
          [
            [
              2554,
              345
            ],
            [
              2606,
              345
            ],
            [
              2606,
              381
            ],
            [
              2554,
              381
            ],
            [
              2554,
              345
            ]
          ]
        ]
      }
    },
    {
      "type": "Feature",
      "properties": {
        "id": "B-386",
        "name": "旅舍住宅 46",
        "zone": "市集区",
        "frontageRoad": "M-V3",
        "description": "市集区的旅舍住宅，按市集区普通模数统一规格并沿街坊基线对齐。",
        "footprint": 1872,
        "scaleClass": "普通建筑",
        "buildingType": "旅舍住宅",
        "sizeSpec": "市集区普通模数",
        "widthMeters": 52,
        "depthMeters": 36,
        "alignment": "分区街段基线",
        "streetGapMeters": 8,
        "roadSetbackMeters": 5,
        "houseNumber": 4,
        "doorPlate": "4号",
        "address": "旅舍纵巷 4号",
        "layer": "buildings"
      },
      "geometry": {
        "type": "Polygon",
        "coordinates": [
          [
            [
              3084.5,
              1114
            ],
            [
              3084.5,
              1166
            ],
            [
              3048.5,
              1166
            ],
            [
              3048.5,
              1114
            ],
            [
              3084.5,
              1114
            ]
          ]
        ]
      }
    },
    {
      "type": "Feature",
      "properties": {
        "id": "B-387",
        "name": "临街商住楼 47",
        "zone": "市集区",
        "frontageRoad": "M-00",
        "description": "市集区的临街商住楼，按市集区普通模数统一规格并沿街坊基线对齐。",
        "footprint": 1872,
        "scaleClass": "普通建筑",
        "buildingType": "临街商住楼",
        "sizeSpec": "市集区普通模数",
        "widthMeters": 52,
        "depthMeters": 36,
        "alignment": "分区街段基线",
        "streetGapMeters": 8,
        "roadSetbackMeters": 5,
        "houseNumber": 1,
        "doorPlate": "1号",
        "address": "北河门街 1号",
        "layer": "buildings"
      },
      "geometry": {
        "type": "Polygon",
        "coordinates": [
          [
            [
              1954,
              289
            ],
            [
              2006,
              289
            ],
            [
              2006,
              325
            ],
            [
              1954,
              325
            ],
            [
              1954,
              289
            ]
          ]
        ]
      }
    },
    {
      "type": "Feature",
      "properties": {
        "id": "B-388",
        "name": "标准街铺 47",
        "zone": "市集区",
        "frontageRoad": "M-00",
        "description": "市集区的标准街铺，按市集区普通模数统一规格并沿街坊基线对齐。",
        "footprint": 1872,
        "scaleClass": "普通建筑",
        "buildingType": "标准街铺",
        "sizeSpec": "市集区普通模数",
        "widthMeters": 52,
        "depthMeters": 36,
        "alignment": "分区街段基线",
        "streetGapMeters": 8,
        "roadSetbackMeters": 5,
        "houseNumber": 13,
        "doorPlate": "13号",
        "address": "北河门街 13号",
        "layer": "buildings"
      },
      "geometry": {
        "type": "Polygon",
        "coordinates": [
          [
            [
              2434,
              289
            ],
            [
              2486,
              289
            ],
            [
              2486,
              325
            ],
            [
              2434,
              325
            ],
            [
              2434,
              289
            ]
          ]
        ]
      }
    },
    {
      "type": "Feature",
      "properties": {
        "id": "B-389",
        "name": "旅舍住宅 47",
        "zone": "市集区",
        "frontageRoad": "R-NE",
        "description": "市集区的旅舍住宅，按市集区普通模数统一规格并沿街坊基线对齐。",
        "footprint": 1872,
        "scaleClass": "普通建筑",
        "buildingType": "旅舍住宅",
        "sizeSpec": "市集区普通模数",
        "widthMeters": 52,
        "depthMeters": 36,
        "alignment": "分区街段基线",
        "streetGapMeters": 8,
        "roadSetbackMeters": 5,
        "houseNumber": 1,
        "doorPlate": "1号",
        "address": "北部城市大道 1号",
        "layer": "buildings"
      },
      "geometry": {
        "type": "Polygon",
        "coordinates": [
          [
            [
              1774,
              633
            ],
            [
              1826,
              633
            ],
            [
              1826,
              669
            ],
            [
              1774,
              669
            ],
            [
              1774,
              633
            ]
          ]
        ]
      }
    },
    {
      "type": "Feature",
      "properties": {
        "id": "B-390",
        "name": "临街商住楼 48",
        "zone": "市集区",
        "frontageRoad": "R-NE",
        "description": "市集区的临街商住楼，按市集区普通模数统一规格并沿街坊基线对齐。",
        "footprint": 1872,
        "scaleClass": "普通建筑",
        "buildingType": "临街商住楼",
        "sizeSpec": "市集区普通模数",
        "widthMeters": 52,
        "depthMeters": 36,
        "alignment": "分区街段基线",
        "streetGapMeters": 8,
        "roadSetbackMeters": 5,
        "houseNumber": 13,
        "doorPlate": "13号",
        "address": "北部城市大道 13号",
        "layer": "buildings"
      },
      "geometry": {
        "type": "Polygon",
        "coordinates": [
          [
            [
              2614,
              633
            ],
            [
              2666,
              633
            ],
            [
              2666,
              669
            ],
            [
              2614,
              669
            ],
            [
              2614,
              633
            ]
          ]
        ]
      }
    },
    {
      "type": "Feature",
      "properties": {
        "id": "B-391",
        "name": "标准街铺 48",
        "zone": "市集区",
        "frontageRoad": "M-V3",
        "description": "市集区的标准街铺，按市集区普通模数统一规格并沿街坊基线对齐。",
        "footprint": 1872,
        "scaleClass": "普通建筑",
        "buildingType": "标准街铺",
        "sizeSpec": "市集区普通模数",
        "widthMeters": 52,
        "depthMeters": 36,
        "alignment": "分区街段基线",
        "streetGapMeters": 8,
        "roadSetbackMeters": 5,
        "houseNumber": 6,
        "doorPlate": "6号",
        "address": "旅舍纵巷 6号",
        "layer": "buildings"
      },
      "geometry": {
        "type": "Polygon",
        "coordinates": [
          [
            [
              3084.5,
              1174
            ],
            [
              3084.5,
              1226
            ],
            [
              3048.5,
              1226
            ],
            [
              3048.5,
              1174
            ],
            [
              3084.5,
              1174
            ]
          ]
        ]
      }
    },
    {
      "type": "Feature",
      "properties": {
        "id": "B-392",
        "name": "旅舍住宅 48",
        "zone": "市集区",
        "frontageRoad": "M-01",
        "description": "市集区的旅舍住宅，按市集区普通模数统一规格并沿街坊基线对齐。",
        "footprint": 1872,
        "scaleClass": "普通建筑",
        "buildingType": "旅舍住宅",
        "sizeSpec": "市集区普通模数",
        "widthMeters": 52,
        "depthMeters": 36,
        "alignment": "分区街段基线",
        "streetGapMeters": 8,
        "roadSetbackMeters": 5,
        "houseNumber": 21,
        "doorPlate": "21号",
        "address": "市政北街 21号",
        "layer": "buildings"
      },
      "geometry": {
        "type": "Polygon",
        "coordinates": [
          [
            [
              2674,
              399
            ],
            [
              2726,
              399
            ],
            [
              2726,
              435
            ],
            [
              2674,
              435
            ],
            [
              2674,
              399
            ]
          ]
        ]
      }
    },
    {
      "type": "Feature",
      "properties": {
        "id": "B-393",
        "name": "临街商住楼 49",
        "zone": "市集区",
        "frontageRoad": "M-V3",
        "description": "市集区的临街商住楼，按市集区普通模数统一规格并沿街坊基线对齐。",
        "footprint": 1872,
        "scaleClass": "普通建筑",
        "buildingType": "临街商住楼",
        "sizeSpec": "市集区普通模数",
        "widthMeters": 52,
        "depthMeters": 36,
        "alignment": "分区街段基线",
        "streetGapMeters": 8,
        "roadSetbackMeters": 5,
        "houseNumber": 2,
        "doorPlate": "2号",
        "address": "旅舍纵巷 2号",
        "layer": "buildings"
      },
      "geometry": {
        "type": "Polygon",
        "coordinates": [
          [
            [
              3084.5,
              994
            ],
            [
              3084.5,
              1046
            ],
            [
              3048.5,
              1046
            ],
            [
              3048.5,
              994
            ],
            [
              3084.5,
              994
            ]
          ]
        ]
      }
    },
    {
      "type": "Feature",
      "properties": {
        "id": "B-394",
        "name": "标准工坊楼 1",
        "zone": "工坊区",
        "frontageRoad": "R-E2",
        "description": "工坊区的标准工坊楼，按工坊区普通模数统一规格并沿街坊基线对齐。",
        "footprint": 2520,
        "scaleClass": "普通建筑",
        "buildingType": "标准工坊楼",
        "sizeSpec": "工坊区普通模数",
        "widthMeters": 60,
        "depthMeters": 42,
        "alignment": "分区街段基线",
        "streetGapMeters": 8,
        "roadSetbackMeters": 5,
        "houseNumber": 14,
        "doorPlate": "14号",
        "address": "议政东路 14号",
        "layer": "buildings"
      },
      "geometry": {
        "type": "Polygon",
        "coordinates": [
          [
            [
              2401.5,
              1602
            ],
            [
              2401.5,
              1662
            ],
            [
              2359.5,
              1662
            ],
            [
              2359.5,
              1602
            ],
            [
              2401.5,
              1602
            ]
          ]
        ]
      }
    },
    {
      "type": "Feature",
      "properties": {
        "id": "B-395",
        "name": "材料库房 1",
        "zone": "工坊区",
        "frontageRoad": "W-01",
        "description": "工坊区的材料库房，按工坊区普通模数统一规格并沿街坊基线对齐。",
        "footprint": 2520,
        "scaleClass": "普通建筑",
        "buildingType": "材料库房",
        "sizeSpec": "工坊区普通模数",
        "widthMeters": 60,
        "depthMeters": 42,
        "alignment": "分区街段基线",
        "streetGapMeters": 8,
        "roadSetbackMeters": 5,
        "houseNumber": 6,
        "doorPlate": "6号",
        "address": "总工坊街 6号",
        "layer": "buildings"
      },
      "geometry": {
        "type": "Polygon",
        "coordinates": [
          [
            [
              2418,
              1396
            ],
            [
              2478,
              1396
            ],
            [
              2478,
              1438
            ],
            [
              2418,
              1438
            ],
            [
              2418,
              1396
            ]
          ]
        ]
      }
    },
    {
      "type": "Feature",
      "properties": {
        "id": "B-396",
        "name": "维修作业楼 1",
        "zone": "工坊区",
        "frontageRoad": "R-E2",
        "description": "工坊区的维修作业楼，按工坊区普通模数统一规格并沿街坊基线对齐。",
        "footprint": 2520,
        "scaleClass": "普通建筑",
        "buildingType": "维修作业楼",
        "sizeSpec": "工坊区普通模数",
        "widthMeters": 60,
        "depthMeters": 42,
        "alignment": "分区街段基线",
        "streetGapMeters": 8,
        "roadSetbackMeters": 5,
        "houseNumber": 13,
        "doorPlate": "13号",
        "address": "议政东路 13号",
        "layer": "buildings"
      },
      "geometry": {
        "type": "Polygon",
        "coordinates": [
          [
            [
              2340.5,
              1534
            ],
            [
              2340.5,
              1594
            ],
            [
              2298.5,
              1594
            ],
            [
              2298.5,
              1534
            ],
            [
              2340.5,
              1534
            ]
          ]
        ]
      }
    },
    {
      "type": "Feature",
      "properties": {
        "id": "B-397",
        "name": "标准工坊楼 2",
        "zone": "工坊区",
        "frontageRoad": "R-E2",
        "description": "工坊区的标准工坊楼，按工坊区普通模数统一规格并沿街坊基线对齐。",
        "footprint": 2520,
        "scaleClass": "普通建筑",
        "buildingType": "标准工坊楼",
        "sizeSpec": "工坊区普通模数",
        "widthMeters": 60,
        "depthMeters": 42,
        "alignment": "分区街段基线",
        "streetGapMeters": 8,
        "roadSetbackMeters": 5,
        "houseNumber": 15,
        "doorPlate": "15号",
        "address": "议政东路 15号",
        "layer": "buildings"
      },
      "geometry": {
        "type": "Polygon",
        "coordinates": [
          [
            [
              2340.5,
              1602
            ],
            [
              2340.5,
              1662
            ],
            [
              2298.5,
              1662
            ],
            [
              2298.5,
              1602
            ],
            [
              2340.5,
              1602
            ]
          ]
        ]
      }
    },
    {
      "type": "Feature",
      "properties": {
        "id": "B-398",
        "name": "材料库房 2",
        "zone": "工坊区",
        "frontageRoad": "W-01",
        "description": "工坊区的材料库房，按工坊区普通模数统一规格并沿街坊基线对齐。",
        "footprint": 2520,
        "scaleClass": "普通建筑",
        "buildingType": "材料库房",
        "sizeSpec": "工坊区普通模数",
        "widthMeters": 60,
        "depthMeters": 42,
        "alignment": "分区街段基线",
        "streetGapMeters": 8,
        "roadSetbackMeters": 5,
        "houseNumber": 4,
        "doorPlate": "4号",
        "address": "总工坊街 4号",
        "layer": "buildings"
      },
      "geometry": {
        "type": "Polygon",
        "coordinates": [
          [
            [
              2282,
              1396
            ],
            [
              2342,
              1396
            ],
            [
              2342,
              1438
            ],
            [
              2282,
              1438
            ],
            [
              2282,
              1396
            ]
          ]
        ]
      }
    },
    {
      "type": "Feature",
      "properties": {
        "id": "B-399",
        "name": "维修作业楼 2",
        "zone": "工坊区",
        "frontageRoad": "W-01",
        "description": "工坊区的维修作业楼，按工坊区普通模数统一规格并沿街坊基线对齐。",
        "footprint": 2520,
        "scaleClass": "普通建筑",
        "buildingType": "维修作业楼",
        "sizeSpec": "工坊区普通模数",
        "widthMeters": 60,
        "depthMeters": 42,
        "alignment": "分区街段基线",
        "streetGapMeters": 8,
        "roadSetbackMeters": 5,
        "houseNumber": 7,
        "doorPlate": "7号",
        "address": "总工坊街 7号",
        "layer": "buildings"
      },
      "geometry": {
        "type": "Polygon",
        "coordinates": [
          [
            [
              2622,
              1462
            ],
            [
              2682,
              1462
            ],
            [
              2682,
              1504
            ],
            [
              2622,
              1504
            ],
            [
              2622,
              1462
            ]
          ]
        ]
      }
    },
    {
      "type": "Feature",
      "properties": {
        "id": "B-400",
        "name": "标准工坊楼 3",
        "zone": "工坊区",
        "frontageRoad": "W-01",
        "description": "工坊区的标准工坊楼，按工坊区普通模数统一规格并沿街坊基线对齐。",
        "footprint": 2520,
        "scaleClass": "普通建筑",
        "buildingType": "标准工坊楼",
        "sizeSpec": "工坊区普通模数",
        "widthMeters": 60,
        "depthMeters": 42,
        "alignment": "分区街段基线",
        "streetGapMeters": 8,
        "roadSetbackMeters": 5,
        "houseNumber": 1,
        "doorPlate": "1号",
        "address": "总工坊街 1号",
        "layer": "buildings"
      },
      "geometry": {
        "type": "Polygon",
        "coordinates": [
          [
            [
              2214,
              1462
            ],
            [
              2274,
              1462
            ],
            [
              2274,
              1504
            ],
            [
              2214,
              1504
            ],
            [
              2214,
              1462
            ]
          ]
        ]
      }
    },
    {
      "type": "Feature",
      "properties": {
        "id": "B-401",
        "name": "材料库房 3",
        "zone": "工坊区",
        "frontageRoad": "W-01",
        "description": "工坊区的材料库房，按工坊区普通模数统一规格并沿街坊基线对齐。",
        "footprint": 2520,
        "scaleClass": "普通建筑",
        "buildingType": "材料库房",
        "sizeSpec": "工坊区普通模数",
        "widthMeters": 60,
        "depthMeters": 42,
        "alignment": "分区街段基线",
        "streetGapMeters": 8,
        "roadSetbackMeters": 5,
        "houseNumber": 8,
        "doorPlate": "8号",
        "address": "总工坊街 8号",
        "layer": "buildings"
      },
      "geometry": {
        "type": "Polygon",
        "coordinates": [
          [
            [
              2622,
              1396
            ],
            [
              2682,
              1396
            ],
            [
              2682,
              1438
            ],
            [
              2622,
              1438
            ],
            [
              2622,
              1396
            ]
          ]
        ]
      }
    },
    {
      "type": "Feature",
      "properties": {
        "id": "B-402",
        "name": "维修作业楼 3",
        "zone": "工坊区",
        "frontageRoad": "W-01",
        "description": "工坊区的维修作业楼，按工坊区普通模数统一规格并沿街坊基线对齐。",
        "footprint": 2520,
        "scaleClass": "普通建筑",
        "buildingType": "维修作业楼",
        "sizeSpec": "工坊区普通模数",
        "widthMeters": 60,
        "depthMeters": 42,
        "alignment": "分区街段基线",
        "streetGapMeters": 8,
        "roadSetbackMeters": 5,
        "houseNumber": 2,
        "doorPlate": "2号",
        "address": "总工坊街 2号",
        "layer": "buildings"
      },
      "geometry": {
        "type": "Polygon",
        "coordinates": [
          [
            [
              2214,
              1396
            ],
            [
              2274,
              1396
            ],
            [
              2274,
              1438
            ],
            [
              2214,
              1438
            ],
            [
              2214,
              1396
            ]
          ]
        ]
      }
    },
    {
      "type": "Feature",
      "properties": {
        "id": "B-403",
        "name": "标准工坊楼 4",
        "zone": "工坊区",
        "frontageRoad": "R-E2",
        "description": "工坊区的标准工坊楼，按工坊区普通模数统一规格并沿街坊基线对齐。",
        "footprint": 2520,
        "scaleClass": "普通建筑",
        "buildingType": "标准工坊楼",
        "sizeSpec": "工坊区普通模数",
        "widthMeters": 60,
        "depthMeters": 42,
        "alignment": "分区街段基线",
        "streetGapMeters": 8,
        "roadSetbackMeters": 5,
        "houseNumber": 17,
        "doorPlate": "17号",
        "address": "议政东路 17号",
        "layer": "buildings"
      },
      "geometry": {
        "type": "Polygon",
        "coordinates": [
          [
            [
              2340.5,
              1738
            ],
            [
              2340.5,
              1798
            ],
            [
              2298.5,
              1798
            ],
            [
              2298.5,
              1738
            ],
            [
              2340.5,
              1738
            ]
          ]
        ]
      }
    },
    {
      "type": "Feature",
      "properties": {
        "id": "B-404",
        "name": "材料库房 4",
        "zone": "工坊区",
        "frontageRoad": "R-E2",
        "description": "工坊区的材料库房，按工坊区普通模数统一规格并沿街坊基线对齐。",
        "footprint": 2520,
        "scaleClass": "普通建筑",
        "buildingType": "材料库房",
        "sizeSpec": "工坊区普通模数",
        "widthMeters": 60,
        "depthMeters": 42,
        "alignment": "分区街段基线",
        "streetGapMeters": 8,
        "roadSetbackMeters": 5,
        "houseNumber": 19,
        "doorPlate": "19号",
        "address": "议政东路 19号",
        "layer": "buildings"
      },
      "geometry": {
        "type": "Polygon",
        "coordinates": [
          [
            [
              2340.5,
              1806
            ],
            [
              2340.5,
              1866
            ],
            [
              2298.5,
              1866
            ],
            [
              2298.5,
              1806
            ],
            [
              2340.5,
              1806
            ]
          ]
        ]
      }
    },
    {
      "type": "Feature",
      "properties": {
        "id": "B-405",
        "name": "维修作业楼 4",
        "zone": "工坊区",
        "frontageRoad": "W-V1",
        "description": "工坊区的维修作业楼，按工坊区普通模数统一规格并沿街坊基线对齐。",
        "footprint": 2520,
        "scaleClass": "普通建筑",
        "buildingType": "维修作业楼",
        "sizeSpec": "工坊区普通模数",
        "widthMeters": 60,
        "depthMeters": 42,
        "alignment": "分区街段基线",
        "streetGapMeters": 8,
        "roadSetbackMeters": 5,
        "houseNumber": 3,
        "doorPlate": "3号",
        "address": "工坊纵路 3号",
        "layer": "buildings"
      },
      "geometry": {
        "type": "Polygon",
        "coordinates": [
          [
            [
              2541,
              1602
            ],
            [
              2541,
              1662
            ],
            [
              2499,
              1662
            ],
            [
              2499,
              1602
            ],
            [
              2541,
              1602
            ]
          ]
        ]
      }
    },
    {
      "type": "Feature",
      "properties": {
        "id": "B-406",
        "name": "标准工坊楼 5",
        "zone": "工坊区",
        "frontageRoad": "W-V1",
        "description": "工坊区的标准工坊楼，按工坊区普通模数统一规格并沿街坊基线对齐。",
        "footprint": 2520,
        "scaleClass": "普通建筑",
        "buildingType": "标准工坊楼",
        "sizeSpec": "工坊区普通模数",
        "widthMeters": 60,
        "depthMeters": 42,
        "alignment": "分区街段基线",
        "streetGapMeters": 8,
        "roadSetbackMeters": 5,
        "houseNumber": 6,
        "doorPlate": "6号",
        "address": "工坊纵路 6号",
        "layer": "buildings"
      },
      "geometry": {
        "type": "Polygon",
        "coordinates": [
          [
            [
              2601,
              1534
            ],
            [
              2601,
              1594
            ],
            [
              2559,
              1594
            ],
            [
              2559,
              1534
            ],
            [
              2601,
              1534
            ]
          ]
        ]
      }
    },
    {
      "type": "Feature",
      "properties": {
        "id": "B-407",
        "name": "材料库房 5",
        "zone": "工坊区",
        "frontageRoad": "W-V1",
        "description": "工坊区的材料库房，按工坊区普通模数统一规格并沿街坊基线对齐。",
        "footprint": 2520,
        "scaleClass": "普通建筑",
        "buildingType": "材料库房",
        "sizeSpec": "工坊区普通模数",
        "widthMeters": 60,
        "depthMeters": 42,
        "alignment": "分区街段基线",
        "streetGapMeters": 8,
        "roadSetbackMeters": 5,
        "houseNumber": 4,
        "doorPlate": "4号",
        "address": "工坊纵路 4号",
        "layer": "buildings"
      },
      "geometry": {
        "type": "Polygon",
        "coordinates": [
          [
            [
              2601,
              1466
            ],
            [
              2601,
              1526
            ],
            [
              2559,
              1526
            ],
            [
              2559,
              1466
            ],
            [
              2601,
              1466
            ]
          ]
        ]
      }
    },
    {
      "type": "Feature",
      "properties": {
        "id": "B-408",
        "name": "维修作业楼 5",
        "zone": "工坊区",
        "frontageRoad": "W-02",
        "description": "工坊区的维修作业楼，按工坊区普通模数统一规格并沿街坊基线对齐。",
        "footprint": 2520,
        "scaleClass": "普通建筑",
        "buildingType": "维修作业楼",
        "sizeSpec": "工坊区普通模数",
        "widthMeters": 60,
        "depthMeters": 42,
        "alignment": "分区街段基线",
        "streetGapMeters": 8,
        "roadSetbackMeters": 5,
        "houseNumber": 6,
        "doorPlate": "6号",
        "address": "材料交换街 6号",
        "layer": "buildings"
      },
      "geometry": {
        "type": "Polygon",
        "coordinates": [
          [
            [
              2418,
              1678.5
            ],
            [
              2478,
              1678.5
            ],
            [
              2478,
              1720.5
            ],
            [
              2418,
              1720.5
            ],
            [
              2418,
              1678.5
            ]
          ]
        ]
      }
    },
    {
      "type": "Feature",
      "properties": {
        "id": "B-409",
        "name": "标准工坊楼 6",
        "zone": "工坊区",
        "frontageRoad": "R-E2",
        "description": "工坊区的标准工坊楼，按工坊区普通模数统一规格并沿街坊基线对齐。",
        "footprint": 2520,
        "scaleClass": "普通建筑",
        "buildingType": "标准工坊楼",
        "sizeSpec": "工坊区普通模数",
        "widthMeters": 60,
        "depthMeters": 42,
        "alignment": "分区街段基线",
        "streetGapMeters": 8,
        "roadSetbackMeters": 5,
        "houseNumber": 16,
        "doorPlate": "16号",
        "address": "议政东路 16号",
        "layer": "buildings"
      },
      "geometry": {
        "type": "Polygon",
        "coordinates": [
          [
            [
              2401.5,
              1942
            ],
            [
              2401.5,
              2002
            ],
            [
              2359.5,
              2002
            ],
            [
              2359.5,
              1942
            ],
            [
              2401.5,
              1942
            ]
          ]
        ]
      }
    },
    {
      "type": "Feature",
      "properties": {
        "id": "B-410",
        "name": "材料库房 6",
        "zone": "工坊区",
        "frontageRoad": "W-02",
        "description": "工坊区的材料库房，按工坊区普通模数统一规格并沿街坊基线对齐。",
        "footprint": 2520,
        "scaleClass": "普通建筑",
        "buildingType": "材料库房",
        "sizeSpec": "工坊区普通模数",
        "widthMeters": 60,
        "depthMeters": 42,
        "alignment": "分区街段基线",
        "streetGapMeters": 8,
        "roadSetbackMeters": 5,
        "houseNumber": 4,
        "doorPlate": "4号",
        "address": "材料交换街 4号",
        "layer": "buildings"
      },
      "geometry": {
        "type": "Polygon",
        "coordinates": [
          [
            [
              2282,
              1678.5
            ],
            [
              2342,
              1678.5
            ],
            [
              2342,
              1720.5
            ],
            [
              2282,
              1720.5
            ],
            [
              2282,
              1678.5
            ]
          ]
        ]
      }
    },
    {
      "type": "Feature",
      "properties": {
        "id": "B-411",
        "name": "维修作业楼 6",
        "zone": "工坊区",
        "frontageRoad": "W-02",
        "description": "工坊区的维修作业楼，按工坊区普通模数统一规格并沿街坊基线对齐。",
        "footprint": 2520,
        "scaleClass": "普通建筑",
        "buildingType": "维修作业楼",
        "sizeSpec": "工坊区普通模数",
        "widthMeters": 60,
        "depthMeters": 42,
        "alignment": "分区街段基线",
        "streetGapMeters": 8,
        "roadSetbackMeters": 5,
        "houseNumber": 3,
        "doorPlate": "3号",
        "address": "材料交换街 3号",
        "layer": "buildings"
      },
      "geometry": {
        "type": "Polygon",
        "coordinates": [
          [
            [
              2418,
              1739.5
            ],
            [
              2478,
              1739.5
            ],
            [
              2478,
              1781.5
            ],
            [
              2418,
              1781.5
            ],
            [
              2418,
              1739.5
            ]
          ]
        ]
      }
    },
    {
      "type": "Feature",
      "properties": {
        "id": "B-412",
        "name": "标准工坊楼 7",
        "zone": "工坊区",
        "frontageRoad": "R-E2",
        "description": "工坊区的标准工坊楼，按工坊区普通模数统一规格并沿街坊基线对齐。",
        "footprint": 2520,
        "scaleClass": "普通建筑",
        "buildingType": "标准工坊楼",
        "sizeSpec": "工坊区普通模数",
        "widthMeters": 60,
        "depthMeters": 42,
        "alignment": "分区街段基线",
        "streetGapMeters": 8,
        "roadSetbackMeters": 5,
        "houseNumber": 21,
        "doorPlate": "21号",
        "address": "议政东路 21号",
        "layer": "buildings"
      },
      "geometry": {
        "type": "Polygon",
        "coordinates": [
          [
            [
              2340.5,
              1942
            ],
            [
              2340.5,
              2002
            ],
            [
              2298.5,
              2002
            ],
            [
              2298.5,
              1942
            ],
            [
              2340.5,
              1942
            ]
          ]
        ]
      }
    },
    {
      "type": "Feature",
      "properties": {
        "id": "B-413",
        "name": "材料库房 7",
        "zone": "工坊区",
        "frontageRoad": "W-V1",
        "description": "工坊区的材料库房，按工坊区普通模数统一规格并沿街坊基线对齐。",
        "footprint": 2520,
        "scaleClass": "普通建筑",
        "buildingType": "材料库房",
        "sizeSpec": "工坊区普通模数",
        "widthMeters": 60,
        "depthMeters": 42,
        "alignment": "分区街段基线",
        "streetGapMeters": 8,
        "roadSetbackMeters": 5,
        "houseNumber": 8,
        "doorPlate": "8号",
        "address": "工坊纵路 8号",
        "layer": "buildings"
      },
      "geometry": {
        "type": "Polygon",
        "coordinates": [
          [
            [
              2601,
              1738
            ],
            [
              2601,
              1798
            ],
            [
              2559,
              1798
            ],
            [
              2559,
              1738
            ],
            [
              2601,
              1738
            ]
          ]
        ]
      }
    },
    {
      "type": "Feature",
      "properties": {
        "id": "B-414",
        "name": "维修作业楼 7",
        "zone": "工坊区",
        "frontageRoad": "W-02",
        "description": "工坊区的维修作业楼，按工坊区普通模数统一规格并沿街坊基线对齐。",
        "footprint": 2520,
        "scaleClass": "普通建筑",
        "buildingType": "维修作业楼",
        "sizeSpec": "工坊区普通模数",
        "widthMeters": 60,
        "depthMeters": 42,
        "alignment": "分区街段基线",
        "streetGapMeters": 8,
        "roadSetbackMeters": 5,
        "houseNumber": 2,
        "doorPlate": "2号",
        "address": "材料交换街 2号",
        "layer": "buildings"
      },
      "geometry": {
        "type": "Polygon",
        "coordinates": [
          [
            [
              2214,
              1678.5
            ],
            [
              2274,
              1678.5
            ],
            [
              2274,
              1720.5
            ],
            [
              2214,
              1720.5
            ],
            [
              2214,
              1678.5
            ]
          ]
        ]
      }
    },
    {
      "type": "Feature",
      "properties": {
        "id": "B-415",
        "name": "标准工坊楼 8",
        "zone": "工坊区",
        "frontageRoad": "W-02",
        "description": "工坊区的标准工坊楼，按工坊区普通模数统一规格并沿街坊基线对齐。",
        "footprint": 2520,
        "scaleClass": "普通建筑",
        "buildingType": "标准工坊楼",
        "sizeSpec": "工坊区普通模数",
        "widthMeters": 60,
        "depthMeters": 42,
        "alignment": "分区街段基线",
        "streetGapMeters": 8,
        "roadSetbackMeters": 5,
        "houseNumber": 5,
        "doorPlate": "5号",
        "address": "材料交换街 5号",
        "layer": "buildings"
      },
      "geometry": {
        "type": "Polygon",
        "coordinates": [
          [
            [
              2622,
              1739.5
            ],
            [
              2682,
              1739.5
            ],
            [
              2682,
              1781.5
            ],
            [
              2622,
              1781.5
            ],
            [
              2622,
              1739.5
            ]
          ]
        ]
      }
    },
    {
      "type": "Feature",
      "properties": {
        "id": "B-416",
        "name": "材料库房 8",
        "zone": "工坊区",
        "frontageRoad": "W-02",
        "description": "工坊区的材料库房，按工坊区普通模数统一规格并沿街坊基线对齐。",
        "footprint": 2520,
        "scaleClass": "普通建筑",
        "buildingType": "材料库房",
        "sizeSpec": "工坊区普通模数",
        "widthMeters": 60,
        "depthMeters": 42,
        "alignment": "分区街段基线",
        "streetGapMeters": 8,
        "roadSetbackMeters": 5,
        "houseNumber": 1,
        "doorPlate": "1号",
        "address": "材料交换街 1号",
        "layer": "buildings"
      },
      "geometry": {
        "type": "Polygon",
        "coordinates": [
          [
            [
              2214,
              1739.5
            ],
            [
              2274,
              1739.5
            ],
            [
              2274,
              1781.5
            ],
            [
              2214,
              1781.5
            ],
            [
              2214,
              1739.5
            ]
          ]
        ]
      }
    },
    {
      "type": "Feature",
      "properties": {
        "id": "B-417",
        "name": "维修作业楼 8",
        "zone": "工坊区",
        "frontageRoad": "W-01",
        "description": "工坊区的维修作业楼，按工坊区普通模数统一规格并沿街坊基线对齐。",
        "footprint": 2520,
        "scaleClass": "普通建筑",
        "buildingType": "维修作业楼",
        "sizeSpec": "工坊区普通模数",
        "widthMeters": 60,
        "depthMeters": 42,
        "alignment": "分区街段基线",
        "streetGapMeters": 8,
        "roadSetbackMeters": 5,
        "houseNumber": 11,
        "doorPlate": "11号",
        "address": "总工坊街 11号",
        "layer": "buildings"
      },
      "geometry": {
        "type": "Polygon",
        "coordinates": [
          [
            [
              2962,
              1462
            ],
            [
              3022,
              1462
            ],
            [
              3022,
              1504
            ],
            [
              2962,
              1504
            ],
            [
              2962,
              1462
            ]
          ]
        ]
      }
    },
    {
      "type": "Feature",
      "properties": {
        "id": "B-418",
        "name": "标准工坊楼 9",
        "zone": "工坊区",
        "frontageRoad": "W-01",
        "description": "工坊区的标准工坊楼，按工坊区普通模数统一规格并沿街坊基线对齐。",
        "footprint": 2520,
        "scaleClass": "普通建筑",
        "buildingType": "标准工坊楼",
        "sizeSpec": "工坊区普通模数",
        "widthMeters": 60,
        "depthMeters": 42,
        "alignment": "分区街段基线",
        "streetGapMeters": 8,
        "roadSetbackMeters": 5,
        "houseNumber": 10,
        "doorPlate": "10号",
        "address": "总工坊街 10号",
        "layer": "buildings"
      },
      "geometry": {
        "type": "Polygon",
        "coordinates": [
          [
            [
              2962,
              1396
            ],
            [
              3022,
              1396
            ],
            [
              3022,
              1438
            ],
            [
              2962,
              1438
            ],
            [
              2962,
              1396
            ]
          ]
        ]
      }
    },
    {
      "type": "Feature",
      "properties": {
        "id": "B-419",
        "name": "材料库房 9",
        "zone": "工坊区",
        "frontageRoad": "R-E2",
        "description": "工坊区的材料库房，按工坊区普通模数统一规格并沿街坊基线对齐。",
        "footprint": 2520,
        "scaleClass": "普通建筑",
        "buildingType": "材料库房",
        "sizeSpec": "工坊区普通模数",
        "widthMeters": 60,
        "depthMeters": 42,
        "alignment": "分区街段基线",
        "streetGapMeters": 8,
        "roadSetbackMeters": 5,
        "houseNumber": 18,
        "doorPlate": "18号",
        "address": "议政东路 18号",
        "layer": "buildings"
      },
      "geometry": {
        "type": "Polygon",
        "coordinates": [
          [
            [
              2401.5,
              2078
            ],
            [
              2401.5,
              2138
            ],
            [
              2359.5,
              2138
            ],
            [
              2359.5,
              2078
            ],
            [
              2401.5,
              2078
            ]
          ]
        ]
      }
    },
    {
      "type": "Feature",
      "properties": {
        "id": "B-420",
        "name": "维修作业楼 9",
        "zone": "工坊区",
        "frontageRoad": "R-E2",
        "description": "工坊区的维修作业楼，按工坊区普通模数统一规格并沿街坊基线对齐。",
        "footprint": 2520,
        "scaleClass": "普通建筑",
        "buildingType": "维修作业楼",
        "sizeSpec": "工坊区普通模数",
        "widthMeters": 60,
        "depthMeters": 42,
        "alignment": "分区街段基线",
        "streetGapMeters": 8,
        "roadSetbackMeters": 5,
        "houseNumber": 23,
        "doorPlate": "23号",
        "address": "议政东路 23号",
        "layer": "buildings"
      },
      "geometry": {
        "type": "Polygon",
        "coordinates": [
          [
            [
              2340.5,
              2078
            ],
            [
              2340.5,
              2138
            ],
            [
              2298.5,
              2138
            ],
            [
              2298.5,
              2078
            ],
            [
              2340.5,
              2078
            ]
          ]
        ]
      }
    },
    {
      "type": "Feature",
      "properties": {
        "id": "B-421",
        "name": "标准工坊楼 10",
        "zone": "工坊区",
        "frontageRoad": "W-03",
        "description": "工坊区的标准工坊楼，按工坊区普通模数统一规格并沿街坊基线对齐。",
        "footprint": 2520,
        "scaleClass": "普通建筑",
        "buildingType": "标准工坊楼",
        "sizeSpec": "工坊区普通模数",
        "widthMeters": 60,
        "depthMeters": 42,
        "alignment": "分区街段基线",
        "streetGapMeters": 8,
        "roadSetbackMeters": 5,
        "houseNumber": 2,
        "doorPlate": "2号",
        "address": "工坊中街 2号",
        "layer": "buildings"
      },
      "geometry": {
        "type": "Polygon",
        "coordinates": [
          [
            [
              2622,
              1848.5
            ],
            [
              2682,
              1848.5
            ],
            [
              2682,
              1890.5
            ],
            [
              2622,
              1890.5
            ],
            [
              2622,
              1848.5
            ]
          ]
        ]
      }
    },
    {
      "type": "Feature",
      "properties": {
        "id": "B-422",
        "name": "材料库房 10",
        "zone": "工坊区",
        "frontageRoad": "W-03",
        "description": "工坊区的材料库房，按工坊区普通模数统一规格并沿街坊基线对齐。",
        "footprint": 2520,
        "scaleClass": "普通建筑",
        "buildingType": "材料库房",
        "sizeSpec": "工坊区普通模数",
        "widthMeters": 60,
        "depthMeters": 42,
        "alignment": "分区街段基线",
        "streetGapMeters": 8,
        "roadSetbackMeters": 5,
        "houseNumber": 3,
        "doorPlate": "3号",
        "address": "工坊中街 3号",
        "layer": "buildings"
      },
      "geometry": {
        "type": "Polygon",
        "coordinates": [
          [
            [
              2418,
              1909.5
            ],
            [
              2478,
              1909.5
            ],
            [
              2478,
              1951.5
            ],
            [
              2418,
              1951.5
            ],
            [
              2418,
              1909.5
            ]
          ]
        ]
      }
    },
    {
      "type": "Feature",
      "properties": {
        "id": "B-423",
        "name": "维修作业楼 10",
        "zone": "工坊区",
        "frontageRoad": "W-V2",
        "description": "工坊区的维修作业楼，按工坊区普通模数统一规格并沿街坊基线对齐。",
        "footprint": 2520,
        "scaleClass": "普通建筑",
        "buildingType": "维修作业楼",
        "sizeSpec": "工坊区普通模数",
        "widthMeters": 60,
        "depthMeters": 42,
        "alignment": "分区街段基线",
        "streetGapMeters": 8,
        "roadSetbackMeters": 5,
        "houseNumber": 3,
        "doorPlate": "3号",
        "address": "货运纵路 3号",
        "layer": "buildings"
      },
      "geometry": {
        "type": "Polygon",
        "coordinates": [
          [
            [
              2899,
              1534
            ],
            [
              2899,
              1594
            ],
            [
              2857,
              1594
            ],
            [
              2857,
              1534
            ],
            [
              2899,
              1534
            ]
          ]
        ]
      }
    },
    {
      "type": "Feature",
      "properties": {
        "id": "B-424",
        "name": "标准工坊楼 11",
        "zone": "工坊区",
        "frontageRoad": "W-V2",
        "description": "工坊区的标准工坊楼，按工坊区普通模数统一规格并沿街坊基线对齐。",
        "footprint": 2520,
        "scaleClass": "普通建筑",
        "buildingType": "标准工坊楼",
        "sizeSpec": "工坊区普通模数",
        "widthMeters": 60,
        "depthMeters": 42,
        "alignment": "分区街段基线",
        "streetGapMeters": 8,
        "roadSetbackMeters": 5,
        "houseNumber": 1,
        "doorPlate": "1号",
        "address": "货运纵路 1号",
        "layer": "buildings"
      },
      "geometry": {
        "type": "Polygon",
        "coordinates": [
          [
            [
              2899,
              1466
            ],
            [
              2899,
              1526
            ],
            [
              2857,
              1526
            ],
            [
              2857,
              1466
            ],
            [
              2899,
              1466
            ]
          ]
        ]
      }
    },
    {
      "type": "Feature",
      "properties": {
        "id": "B-425",
        "name": "材料库房 11",
        "zone": "工坊区",
        "frontageRoad": "W-02",
        "description": "工坊区的材料库房，按工坊区普通模数统一规格并沿街坊基线对齐。",
        "footprint": 2520,
        "scaleClass": "普通建筑",
        "buildingType": "材料库房",
        "sizeSpec": "工坊区普通模数",
        "widthMeters": 60,
        "depthMeters": 42,
        "alignment": "分区街段基线",
        "streetGapMeters": 8,
        "roadSetbackMeters": 5,
        "houseNumber": 10,
        "doorPlate": "10号",
        "address": "材料交换街 10号",
        "layer": "buildings"
      },
      "geometry": {
        "type": "Polygon",
        "coordinates": [
          [
            [
              2826,
              1678.5
            ],
            [
              2886,
              1678.5
            ],
            [
              2886,
              1720.5
            ],
            [
              2826,
              1720.5
            ],
            [
              2826,
              1678.5
            ]
          ]
        ]
      }
    },
    {
      "type": "Feature",
      "properties": {
        "id": "B-426",
        "name": "维修作业楼 11",
        "zone": "工坊区",
        "frontageRoad": "W-V2",
        "description": "工坊区的维修作业楼，按工坊区普通模数统一规格并沿街坊基线对齐。",
        "footprint": 2520,
        "scaleClass": "普通建筑",
        "buildingType": "维修作业楼",
        "sizeSpec": "工坊区普通模数",
        "widthMeters": 60,
        "depthMeters": 42,
        "alignment": "分区街段基线",
        "streetGapMeters": 8,
        "roadSetbackMeters": 5,
        "houseNumber": 5,
        "doorPlate": "5号",
        "address": "货运纵路 5号",
        "layer": "buildings"
      },
      "geometry": {
        "type": "Polygon",
        "coordinates": [
          [
            [
              2899,
              1602
            ],
            [
              2899,
              1662
            ],
            [
              2857,
              1662
            ],
            [
              2857,
              1602
            ],
            [
              2899,
              1602
            ]
          ]
        ]
      }
    },
    {
      "type": "Feature",
      "properties": {
        "id": "B-427",
        "name": "标准工坊楼 12",
        "zone": "工坊区",
        "frontageRoad": "W-03",
        "description": "工坊区的标准工坊楼，按工坊区普通模数统一规格并沿街坊基线对齐。",
        "footprint": 2520,
        "scaleClass": "普通建筑",
        "buildingType": "标准工坊楼",
        "sizeSpec": "工坊区普通模数",
        "widthMeters": 60,
        "depthMeters": 42,
        "alignment": "分区街段基线",
        "streetGapMeters": 8,
        "roadSetbackMeters": 5,
        "houseNumber": 5,
        "doorPlate": "5号",
        "address": "工坊中街 5号",
        "layer": "buildings"
      },
      "geometry": {
        "type": "Polygon",
        "coordinates": [
          [
            [
              2622,
              1909.5
            ],
            [
              2682,
              1909.5
            ],
            [
              2682,
              1951.5
            ],
            [
              2622,
              1951.5
            ],
            [
              2622,
              1909.5
            ]
          ]
        ]
      }
    },
    {
      "type": "Feature",
      "properties": {
        "id": "B-428",
        "name": "材料库房 12",
        "zone": "工坊区",
        "frontageRoad": "W-V1",
        "description": "工坊区的材料库房，按工坊区普通模数统一规格并沿街坊基线对齐。",
        "footprint": 2520,
        "scaleClass": "普通建筑",
        "buildingType": "材料库房",
        "sizeSpec": "工坊区普通模数",
        "widthMeters": 60,
        "depthMeters": 42,
        "alignment": "分区街段基线",
        "streetGapMeters": 8,
        "roadSetbackMeters": 5,
        "houseNumber": 5,
        "doorPlate": "5号",
        "address": "工坊纵路 5号",
        "layer": "buildings"
      },
      "geometry": {
        "type": "Polygon",
        "coordinates": [
          [
            [
              2541,
              1942
            ],
            [
              2541,
              2002
            ],
            [
              2499,
              2002
            ],
            [
              2499,
              1942
            ],
            [
              2541,
              1942
            ]
          ]
        ]
      }
    },
    {
      "type": "Feature",
      "properties": {
        "id": "B-429",
        "name": "维修作业楼 12",
        "zone": "工坊区",
        "frontageRoad": "W-03",
        "description": "工坊区的维修作业楼，按工坊区普通模数统一规格并沿街坊基线对齐。",
        "footprint": 2520,
        "scaleClass": "普通建筑",
        "buildingType": "维修作业楼",
        "sizeSpec": "工坊区普通模数",
        "widthMeters": 60,
        "depthMeters": 42,
        "alignment": "分区街段基线",
        "streetGapMeters": 8,
        "roadSetbackMeters": 5,
        "houseNumber": 1,
        "doorPlate": "1号",
        "address": "工坊中街 1号",
        "layer": "buildings"
      },
      "geometry": {
        "type": "Polygon",
        "coordinates": [
          [
            [
              2214,
              1909.5
            ],
            [
              2274,
              1909.5
            ],
            [
              2274,
              1951.5
            ],
            [
              2214,
              1951.5
            ],
            [
              2214,
              1909.5
            ]
          ]
        ]
      }
    },
    {
      "type": "Feature",
      "properties": {
        "id": "B-430",
        "name": "标准工坊楼 13",
        "zone": "工坊区",
        "frontageRoad": "W-V1",
        "description": "工坊区的标准工坊楼，按工坊区普通模数统一规格并沿街坊基线对齐。",
        "footprint": 2520,
        "scaleClass": "普通建筑",
        "buildingType": "标准工坊楼",
        "sizeSpec": "工坊区普通模数",
        "widthMeters": 60,
        "depthMeters": 42,
        "alignment": "分区街段基线",
        "streetGapMeters": 8,
        "roadSetbackMeters": 5,
        "houseNumber": 10,
        "doorPlate": "10号",
        "address": "工坊纵路 10号",
        "layer": "buildings"
      },
      "geometry": {
        "type": "Polygon",
        "coordinates": [
          [
            [
              2601,
              1942
            ],
            [
              2601,
              2002
            ],
            [
              2559,
              2002
            ],
            [
              2559,
              1942
            ],
            [
              2601,
              1942
            ]
          ]
        ]
      }
    },
    {
      "type": "Feature",
      "properties": {
        "id": "B-431",
        "name": "材料库房 13",
        "zone": "工坊区",
        "frontageRoad": "W-V2",
        "description": "工坊区的材料库房，按工坊区普通模数统一规格并沿街坊基线对齐。",
        "footprint": 2520,
        "scaleClass": "普通建筑",
        "buildingType": "材料库房",
        "sizeSpec": "工坊区普通模数",
        "widthMeters": 60,
        "depthMeters": 42,
        "alignment": "分区街段基线",
        "streetGapMeters": 8,
        "roadSetbackMeters": 5,
        "houseNumber": 7,
        "doorPlate": "7号",
        "address": "货运纵路 7号",
        "layer": "buildings"
      },
      "geometry": {
        "type": "Polygon",
        "coordinates": [
          [
            [
              2899,
              1738
            ],
            [
              2899,
              1798
            ],
            [
              2857,
              1798
            ],
            [
              2857,
              1738
            ],
            [
              2899,
              1738
            ]
          ]
        ]
      }
    },
    {
      "type": "Feature",
      "properties": {
        "id": "B-432",
        "name": "维修作业楼 13",
        "zone": "工坊区",
        "frontageRoad": "R-E2",
        "description": "工坊区的维修作业楼，按工坊区普通模数统一规格并沿街坊基线对齐。",
        "footprint": 2520,
        "scaleClass": "普通建筑",
        "buildingType": "维修作业楼",
        "sizeSpec": "工坊区普通模数",
        "widthMeters": 60,
        "depthMeters": 42,
        "alignment": "分区街段基线",
        "streetGapMeters": 8,
        "roadSetbackMeters": 5,
        "houseNumber": 20,
        "doorPlate": "20号",
        "address": "议政东路 20号",
        "layer": "buildings"
      },
      "geometry": {
        "type": "Polygon",
        "coordinates": [
          [
            [
              2401.5,
              2214
            ],
            [
              2401.5,
              2274
            ],
            [
              2359.5,
              2274
            ],
            [
              2359.5,
              2214
            ],
            [
              2401.5,
              2214
            ]
          ]
        ]
      }
    },
    {
      "type": "Feature",
      "properties": {
        "id": "B-433",
        "name": "标准工坊楼 14",
        "zone": "工坊区",
        "frontageRoad": "W-V2",
        "description": "工坊区的标准工坊楼，按工坊区普通模数统一规格并沿街坊基线对齐。",
        "footprint": 2520,
        "scaleClass": "普通建筑",
        "buildingType": "标准工坊楼",
        "sizeSpec": "工坊区普通模数",
        "widthMeters": 60,
        "depthMeters": 42,
        "alignment": "分区街段基线",
        "streetGapMeters": 8,
        "roadSetbackMeters": 5,
        "houseNumber": 4,
        "doorPlate": "4号",
        "address": "货运纵路 4号",
        "layer": "buildings"
      },
      "geometry": {
        "type": "Polygon",
        "coordinates": [
          [
            [
              2963,
              1534
            ],
            [
              2963,
              1594
            ],
            [
              2921,
              1594
            ],
            [
              2921,
              1534
            ],
            [
              2963,
              1534
            ]
          ]
        ]
      }
    },
    {
      "type": "Feature",
      "properties": {
        "id": "B-434",
        "name": "材料库房 14",
        "zone": "工坊区",
        "frontageRoad": "R-E1",
        "description": "工坊区的材料库房，按工坊区普通模数统一规格并沿街坊基线对齐。",
        "footprint": 2520,
        "scaleClass": "普通建筑",
        "buildingType": "材料库房",
        "sizeSpec": "工坊区普通模数",
        "widthMeters": 60,
        "depthMeters": 42,
        "alignment": "分区街段基线",
        "streetGapMeters": 8,
        "roadSetbackMeters": 5,
        "houseNumber": 3,
        "doorPlate": "3号",
        "address": "市民东路 3号",
        "layer": "buildings"
      },
      "geometry": {
        "type": "Polygon",
        "coordinates": [
          [
            [
              2748,
              1534
            ],
            [
              2748,
              1594
            ],
            [
              2706,
              1594
            ],
            [
              2706,
              1534
            ],
            [
              2748,
              1534
            ]
          ]
        ]
      }
    },
    {
      "type": "Feature",
      "properties": {
        "id": "B-435",
        "name": "维修作业楼 14",
        "zone": "工坊区",
        "frontageRoad": "R-E2",
        "description": "工坊区的维修作业楼，按工坊区普通模数统一规格并沿街坊基线对齐。",
        "footprint": 2520,
        "scaleClass": "普通建筑",
        "buildingType": "维修作业楼",
        "sizeSpec": "工坊区普通模数",
        "widthMeters": 60,
        "depthMeters": 42,
        "alignment": "分区街段基线",
        "streetGapMeters": 8,
        "roadSetbackMeters": 5,
        "houseNumber": 25,
        "doorPlate": "25号",
        "address": "议政东路 25号",
        "layer": "buildings"
      },
      "geometry": {
        "type": "Polygon",
        "coordinates": [
          [
            [
              2340.5,
              2214
            ],
            [
              2340.5,
              2274
            ],
            [
              2298.5,
              2274
            ],
            [
              2298.5,
              2214
            ],
            [
              2340.5,
              2214
            ]
          ]
        ]
      }
    },
    {
      "type": "Feature",
      "properties": {
        "id": "B-436",
        "name": "标准工坊楼 15",
        "zone": "工坊区",
        "frontageRoad": "W-V2",
        "description": "工坊区的标准工坊楼，按工坊区普通模数统一规格并沿街坊基线对齐。",
        "footprint": 2520,
        "scaleClass": "普通建筑",
        "buildingType": "标准工坊楼",
        "sizeSpec": "工坊区普通模数",
        "widthMeters": 60,
        "depthMeters": 42,
        "alignment": "分区街段基线",
        "streetGapMeters": 8,
        "roadSetbackMeters": 5,
        "houseNumber": 6,
        "doorPlate": "6号",
        "address": "货运纵路 6号",
        "layer": "buildings"
      },
      "geometry": {
        "type": "Polygon",
        "coordinates": [
          [
            [
              2963,
              1602
            ],
            [
              2963,
              1662
            ],
            [
              2921,
              1662
            ],
            [
              2921,
              1602
            ],
            [
              2963,
              1602
            ]
          ]
        ]
      }
    },
    {
      "type": "Feature",
      "properties": {
        "id": "B-437",
        "name": "材料库房 15",
        "zone": "工坊区",
        "frontageRoad": "W-V2",
        "description": "工坊区的材料库房，按工坊区普通模数统一规格并沿街坊基线对齐。",
        "footprint": 2520,
        "scaleClass": "普通建筑",
        "buildingType": "材料库房",
        "sizeSpec": "工坊区普通模数",
        "widthMeters": 60,
        "depthMeters": 42,
        "alignment": "分区街段基线",
        "streetGapMeters": 8,
        "roadSetbackMeters": 5,
        "houseNumber": 9,
        "doorPlate": "9号",
        "address": "货运纵路 9号",
        "layer": "buildings"
      },
      "geometry": {
        "type": "Polygon",
        "coordinates": [
          [
            [
              2899,
              1806
            ],
            [
              2899,
              1866
            ],
            [
              2857,
              1866
            ],
            [
              2857,
              1806
            ],
            [
              2899,
              1806
            ]
          ]
        ]
      }
    },
    {
      "type": "Feature",
      "properties": {
        "id": "B-438",
        "name": "维修作业楼 15",
        "zone": "工坊区",
        "frontageRoad": "W-V2",
        "description": "工坊区的维修作业楼，按工坊区普通模数统一规格并沿街坊基线对齐。",
        "footprint": 2520,
        "scaleClass": "普通建筑",
        "buildingType": "维修作业楼",
        "sizeSpec": "工坊区普通模数",
        "widthMeters": 60,
        "depthMeters": 42,
        "alignment": "分区街段基线",
        "streetGapMeters": 8,
        "roadSetbackMeters": 5,
        "houseNumber": 8,
        "doorPlate": "8号",
        "address": "货运纵路 8号",
        "layer": "buildings"
      },
      "geometry": {
        "type": "Polygon",
        "coordinates": [
          [
            [
              2963,
              1738
            ],
            [
              2963,
              1798
            ],
            [
              2921,
              1798
            ],
            [
              2921,
              1738
            ],
            [
              2963,
              1738
            ]
          ]
        ]
      }
    },
    {
      "type": "Feature",
      "properties": {
        "id": "B-439",
        "name": "标准工坊楼 16",
        "zone": "工坊区",
        "frontageRoad": "R-E2",
        "description": "工坊区的标准工坊楼，按工坊区普通模数统一规格并沿街坊基线对齐。",
        "footprint": 2520,
        "scaleClass": "普通建筑",
        "buildingType": "标准工坊楼",
        "sizeSpec": "工坊区普通模数",
        "widthMeters": 60,
        "depthMeters": 42,
        "alignment": "分区街段基线",
        "streetGapMeters": 8,
        "roadSetbackMeters": 5,
        "houseNumber": 22,
        "doorPlate": "22号",
        "address": "议政东路 22号",
        "layer": "buildings"
      },
      "geometry": {
        "type": "Polygon",
        "coordinates": [
          [
            [
              2401.5,
              2282
            ],
            [
              2401.5,
              2342
            ],
            [
              2359.5,
              2342
            ],
            [
              2359.5,
              2282
            ],
            [
              2401.5,
              2282
            ]
          ]
        ]
      }
    },
    {
      "type": "Feature",
      "properties": {
        "id": "B-440",
        "name": "材料库房 16",
        "zone": "工坊区",
        "frontageRoad": "W-03",
        "description": "工坊区的材料库房，按工坊区普通模数统一规格并沿街坊基线对齐。",
        "footprint": 2520,
        "scaleClass": "普通建筑",
        "buildingType": "材料库房",
        "sizeSpec": "工坊区普通模数",
        "widthMeters": 60,
        "depthMeters": 42,
        "alignment": "分区街段基线",
        "streetGapMeters": 8,
        "roadSetbackMeters": 5,
        "houseNumber": 7,
        "doorPlate": "7号",
        "address": "工坊中街 7号",
        "layer": "buildings"
      },
      "geometry": {
        "type": "Polygon",
        "coordinates": [
          [
            [
              2826,
              1909.5
            ],
            [
              2886,
              1909.5
            ],
            [
              2886,
              1951.5
            ],
            [
              2826,
              1951.5
            ],
            [
              2826,
              1909.5
            ]
          ]
        ]
      }
    },
    {
      "type": "Feature",
      "properties": {
        "id": "B-441",
        "name": "维修作业楼 16",
        "zone": "工坊区",
        "frontageRoad": "W-V3",
        "description": "工坊区的维修作业楼，按工坊区普通模数统一规格并沿街坊基线对齐。",
        "footprint": 2520,
        "scaleClass": "普通建筑",
        "buildingType": "维修作业楼",
        "sizeSpec": "工坊区普通模数",
        "widthMeters": 60,
        "depthMeters": 42,
        "alignment": "分区街段基线",
        "streetGapMeters": 8,
        "roadSetbackMeters": 5,
        "houseNumber": 1,
        "doorPlate": "1号",
        "address": "东侧机务路 1号",
        "layer": "buildings"
      },
      "geometry": {
        "type": "Polygon",
        "coordinates": [
          [
            [
              3031,
              1534
            ],
            [
              3031,
              1594
            ],
            [
              2989,
              1594
            ],
            [
              2989,
              1534
            ],
            [
              3031,
              1534
            ]
          ]
        ]
      }
    },
    {
      "type": "Feature",
      "properties": {
        "id": "B-442",
        "name": "标准工坊楼 17",
        "zone": "工坊区",
        "frontageRoad": "W-02",
        "description": "工坊区的标准工坊楼，按工坊区普通模数统一规格并沿街坊基线对齐。",
        "footprint": 2520,
        "scaleClass": "普通建筑",
        "buildingType": "标准工坊楼",
        "sizeSpec": "工坊区普通模数",
        "widthMeters": 60,
        "depthMeters": 42,
        "alignment": "分区街段基线",
        "streetGapMeters": 8,
        "roadSetbackMeters": 5,
        "houseNumber": 12,
        "doorPlate": "12号",
        "address": "材料交换街 12号",
        "layer": "buildings"
      },
      "geometry": {
        "type": "Polygon",
        "coordinates": [
          [
            [
              2962,
              1678.5
            ],
            [
              3022,
              1678.5
            ],
            [
              3022,
              1720.5
            ],
            [
              2962,
              1720.5
            ],
            [
              2962,
              1678.5
            ]
          ]
        ]
      }
    },
    {
      "type": "Feature",
      "properties": {
        "id": "B-443",
        "name": "材料库房 17",
        "zone": "工坊区",
        "frontageRoad": "R-E2",
        "description": "工坊区的材料库房，按工坊区普通模数统一规格并沿街坊基线对齐。",
        "footprint": 2520,
        "scaleClass": "普通建筑",
        "buildingType": "材料库房",
        "sizeSpec": "工坊区普通模数",
        "widthMeters": 60,
        "depthMeters": 42,
        "alignment": "分区街段基线",
        "streetGapMeters": 8,
        "roadSetbackMeters": 5,
        "houseNumber": 27,
        "doorPlate": "27号",
        "address": "议政东路 27号",
        "layer": "buildings"
      },
      "geometry": {
        "type": "Polygon",
        "coordinates": [
          [
            [
              2340.5,
              2282
            ],
            [
              2340.5,
              2342
            ],
            [
              2298.5,
              2342
            ],
            [
              2298.5,
              2282
            ],
            [
              2340.5,
              2282
            ]
          ]
        ]
      }
    },
    {
      "type": "Feature",
      "properties": {
        "id": "B-444",
        "name": "维修作业楼 17",
        "zone": "工坊区",
        "frontageRoad": "W-V3",
        "description": "工坊区的维修作业楼，按工坊区普通模数统一规格并沿街坊基线对齐。",
        "footprint": 2520,
        "scaleClass": "普通建筑",
        "buildingType": "维修作业楼",
        "sizeSpec": "工坊区普通模数",
        "widthMeters": 60,
        "depthMeters": 42,
        "alignment": "分区街段基线",
        "streetGapMeters": 8,
        "roadSetbackMeters": 5,
        "houseNumber": 3,
        "doorPlate": "3号",
        "address": "东侧机务路 3号",
        "layer": "buildings"
      },
      "geometry": {
        "type": "Polygon",
        "coordinates": [
          [
            [
              3031,
              1602
            ],
            [
              3031,
              1662
            ],
            [
              2989,
              1662
            ],
            [
              2989,
              1602
            ],
            [
              3031,
              1602
            ]
          ]
        ]
      }
    },
    {
      "type": "Feature",
      "properties": {
        "id": "B-445",
        "name": "标准工坊楼 18",
        "zone": "工坊区",
        "frontageRoad": "W-V2",
        "description": "工坊区的标准工坊楼，按工坊区普通模数统一规格并沿街坊基线对齐。",
        "footprint": 2520,
        "scaleClass": "普通建筑",
        "buildingType": "标准工坊楼",
        "sizeSpec": "工坊区普通模数",
        "widthMeters": 60,
        "depthMeters": 42,
        "alignment": "分区街段基线",
        "streetGapMeters": 8,
        "roadSetbackMeters": 5,
        "houseNumber": 10,
        "doorPlate": "10号",
        "address": "货运纵路 10号",
        "layer": "buildings"
      },
      "geometry": {
        "type": "Polygon",
        "coordinates": [
          [
            [
              2963,
              1806
            ],
            [
              2963,
              1866
            ],
            [
              2921,
              1866
            ],
            [
              2921,
              1806
            ],
            [
              2963,
              1806
            ]
          ]
        ]
      }
    },
    {
      "type": "Feature",
      "properties": {
        "id": "B-446",
        "name": "材料库房 18",
        "zone": "工坊区",
        "frontageRoad": "W-V1",
        "description": "工坊区的材料库房，按工坊区普通模数统一规格并沿街坊基线对齐。",
        "footprint": 2520,
        "scaleClass": "普通建筑",
        "buildingType": "材料库房",
        "sizeSpec": "工坊区普通模数",
        "widthMeters": 60,
        "depthMeters": 42,
        "alignment": "分区街段基线",
        "streetGapMeters": 8,
        "roadSetbackMeters": 5,
        "houseNumber": 7,
        "doorPlate": "7号",
        "address": "工坊纵路 7号",
        "layer": "buildings"
      },
      "geometry": {
        "type": "Polygon",
        "coordinates": [
          [
            [
              2541,
              2078
            ],
            [
              2541,
              2138
            ],
            [
              2499,
              2138
            ],
            [
              2499,
              2078
            ],
            [
              2541,
              2078
            ]
          ]
        ]
      }
    },
    {
      "type": "Feature",
      "properties": {
        "id": "B-447",
        "name": "维修作业楼 18",
        "zone": "工坊区",
        "frontageRoad": "W-V1",
        "description": "工坊区的维修作业楼，按工坊区普通模数统一规格并沿街坊基线对齐。",
        "footprint": 2520,
        "scaleClass": "普通建筑",
        "buildingType": "维修作业楼",
        "sizeSpec": "工坊区普通模数",
        "widthMeters": 60,
        "depthMeters": 42,
        "alignment": "分区街段基线",
        "streetGapMeters": 8,
        "roadSetbackMeters": 5,
        "houseNumber": 12,
        "doorPlate": "12号",
        "address": "工坊纵路 12号",
        "layer": "buildings"
      },
      "geometry": {
        "type": "Polygon",
        "coordinates": [
          [
            [
              2601,
              2078
            ],
            [
              2601,
              2138
            ],
            [
              2559,
              2138
            ],
            [
              2559,
              2078
            ],
            [
              2601,
              2078
            ]
          ]
        ]
      }
    },
    {
      "type": "Feature",
      "properties": {
        "id": "B-448",
        "name": "标准工坊楼 19",
        "zone": "工坊区",
        "frontageRoad": "W-V3",
        "description": "工坊区的标准工坊楼，按工坊区普通模数统一规格并沿街坊基线对齐。",
        "footprint": 2520,
        "scaleClass": "普通建筑",
        "buildingType": "标准工坊楼",
        "sizeSpec": "工坊区普通模数",
        "widthMeters": 60,
        "depthMeters": 42,
        "alignment": "分区街段基线",
        "streetGapMeters": 8,
        "roadSetbackMeters": 5,
        "houseNumber": 5,
        "doorPlate": "5号",
        "address": "东侧机务路 5号",
        "layer": "buildings"
      },
      "geometry": {
        "type": "Polygon",
        "coordinates": [
          [
            [
              3031,
              1738
            ],
            [
              3031,
              1798
            ],
            [
              2989,
              1798
            ],
            [
              2989,
              1738
            ],
            [
              3031,
              1738
            ]
          ]
        ]
      }
    },
    {
      "type": "Feature",
      "properties": {
        "id": "B-449",
        "name": "材料库房 19",
        "zone": "工坊区",
        "frontageRoad": "W-V3",
        "description": "工坊区的材料库房，按工坊区普通模数统一规格并沿街坊基线对齐。",
        "footprint": 2520,
        "scaleClass": "普通建筑",
        "buildingType": "材料库房",
        "sizeSpec": "工坊区普通模数",
        "widthMeters": 60,
        "depthMeters": 42,
        "alignment": "分区街段基线",
        "streetGapMeters": 8,
        "roadSetbackMeters": 5,
        "houseNumber": 4,
        "doorPlate": "4号",
        "address": "东侧机务路 4号",
        "layer": "buildings"
      },
      "geometry": {
        "type": "Polygon",
        "coordinates": [
          [
            [
              3091,
              1534
            ],
            [
              3091,
              1594
            ],
            [
              3049,
              1594
            ],
            [
              3049,
              1534
            ],
            [
              3091,
              1534
            ]
          ]
        ]
      }
    },
    {
      "type": "Feature",
      "properties": {
        "id": "B-450",
        "name": "维修作业楼 19",
        "zone": "工坊区",
        "frontageRoad": "R-E1",
        "description": "工坊区的维修作业楼，按工坊区普通模数统一规格并沿街坊基线对齐。",
        "footprint": 2520,
        "scaleClass": "普通建筑",
        "buildingType": "维修作业楼",
        "sizeSpec": "工坊区普通模数",
        "widthMeters": 60,
        "depthMeters": 42,
        "alignment": "分区街段基线",
        "streetGapMeters": 8,
        "roadSetbackMeters": 5,
        "houseNumber": 5,
        "doorPlate": "5号",
        "address": "市民东路 5号",
        "layer": "buildings"
      },
      "geometry": {
        "type": "Polygon",
        "coordinates": [
          [
            [
              2748,
              1806
            ],
            [
              2748,
              1866
            ],
            [
              2706,
              1866
            ],
            [
              2706,
              1806
            ],
            [
              2748,
              1806
            ]
          ]
        ]
      }
    },
    {
      "type": "Feature",
      "properties": {
        "id": "B-451",
        "name": "标准工坊楼 20",
        "zone": "工坊区",
        "frontageRoad": "W-V3",
        "description": "工坊区的标准工坊楼，按工坊区普通模数统一规格并沿街坊基线对齐。",
        "footprint": 2520,
        "scaleClass": "普通建筑",
        "buildingType": "标准工坊楼",
        "sizeSpec": "工坊区普通模数",
        "widthMeters": 60,
        "depthMeters": 42,
        "alignment": "分区街段基线",
        "streetGapMeters": 8,
        "roadSetbackMeters": 5,
        "houseNumber": 2,
        "doorPlate": "2号",
        "address": "东侧机务路 2号",
        "layer": "buildings"
      },
      "geometry": {
        "type": "Polygon",
        "coordinates": [
          [
            [
              3091,
              1466
            ],
            [
              3091,
              1526
            ],
            [
              3049,
              1526
            ],
            [
              3049,
              1466
            ],
            [
              3091,
              1466
            ]
          ]
        ]
      }
    },
    {
      "type": "Feature",
      "properties": {
        "id": "B-452",
        "name": "材料库房 20",
        "zone": "工坊区",
        "frontageRoad": "W-V3",
        "description": "工坊区的材料库房，按工坊区普通模数统一规格并沿街坊基线对齐。",
        "footprint": 2520,
        "scaleClass": "普通建筑",
        "buildingType": "材料库房",
        "sizeSpec": "工坊区普通模数",
        "widthMeters": 60,
        "depthMeters": 42,
        "alignment": "分区街段基线",
        "streetGapMeters": 8,
        "roadSetbackMeters": 5,
        "houseNumber": 6,
        "doorPlate": "6号",
        "address": "东侧机务路 6号",
        "layer": "buildings"
      },
      "geometry": {
        "type": "Polygon",
        "coordinates": [
          [
            [
              3091,
              1602
            ],
            [
              3091,
              1662
            ],
            [
              3049,
              1662
            ],
            [
              3049,
              1602
            ],
            [
              3091,
              1602
            ]
          ]
        ]
      }
    },
    {
      "type": "Feature",
      "properties": {
        "id": "B-453",
        "name": "维修作业楼 20",
        "zone": "工坊区",
        "frontageRoad": "W-04",
        "description": "工坊区的维修作业楼，按工坊区普通模数统一规格并沿街坊基线对齐。",
        "footprint": 2520,
        "scaleClass": "普通建筑",
        "buildingType": "维修作业楼",
        "sizeSpec": "工坊区普通模数",
        "widthMeters": 60,
        "depthMeters": 42,
        "alignment": "分区街段基线",
        "streetGapMeters": 8,
        "roadSetbackMeters": 5,
        "houseNumber": 6,
        "doorPlate": "6号",
        "address": "机务南街 6号",
        "layer": "buildings"
      },
      "geometry": {
        "type": "Polygon",
        "coordinates": [
          [
            [
              2418,
              2148.5
            ],
            [
              2478,
              2148.5
            ],
            [
              2478,
              2190.5
            ],
            [
              2418,
              2190.5
            ],
            [
              2418,
              2148.5
            ]
          ]
        ]
      }
    },
    {
      "type": "Feature",
      "properties": {
        "id": "B-454",
        "name": "标准工坊楼 21",
        "zone": "工坊区",
        "frontageRoad": "W-V3",
        "description": "工坊区的标准工坊楼，按工坊区普通模数统一规格并沿街坊基线对齐。",
        "footprint": 2520,
        "scaleClass": "普通建筑",
        "buildingType": "标准工坊楼",
        "sizeSpec": "工坊区普通模数",
        "widthMeters": 60,
        "depthMeters": 42,
        "alignment": "分区街段基线",
        "streetGapMeters": 8,
        "roadSetbackMeters": 5,
        "houseNumber": 7,
        "doorPlate": "7号",
        "address": "东侧机务路 7号",
        "layer": "buildings"
      },
      "geometry": {
        "type": "Polygon",
        "coordinates": [
          [
            [
              3031,
              1806
            ],
            [
              3031,
              1866
            ],
            [
              2989,
              1866
            ],
            [
              2989,
              1806
            ],
            [
              3031,
              1806
            ]
          ]
        ]
      }
    },
    {
      "type": "Feature",
      "properties": {
        "id": "B-455",
        "name": "材料库房 21",
        "zone": "工坊区",
        "frontageRoad": "W-04",
        "description": "工坊区的材料库房，按工坊区普通模数统一规格并沿街坊基线对齐。",
        "footprint": 2520,
        "scaleClass": "普通建筑",
        "buildingType": "材料库房",
        "sizeSpec": "工坊区普通模数",
        "widthMeters": 60,
        "depthMeters": 42,
        "alignment": "分区街段基线",
        "streetGapMeters": 8,
        "roadSetbackMeters": 5,
        "houseNumber": 4,
        "doorPlate": "4号",
        "address": "机务南街 4号",
        "layer": "buildings"
      },
      "geometry": {
        "type": "Polygon",
        "coordinates": [
          [
            [
              2282,
              2148.5
            ],
            [
              2342,
              2148.5
            ],
            [
              2342,
              2190.5
            ],
            [
              2282,
              2190.5
            ],
            [
              2282,
              2148.5
            ]
          ]
        ]
      }
    },
    {
      "type": "Feature",
      "properties": {
        "id": "B-456",
        "name": "维修作业楼 21",
        "zone": "工坊区",
        "frontageRoad": "W-V2",
        "description": "工坊区的维修作业楼，按工坊区普通模数统一规格并沿街坊基线对齐。",
        "footprint": 2520,
        "scaleClass": "普通建筑",
        "buildingType": "维修作业楼",
        "sizeSpec": "工坊区普通模数",
        "widthMeters": 60,
        "depthMeters": 42,
        "alignment": "分区街段基线",
        "streetGapMeters": 8,
        "roadSetbackMeters": 5,
        "houseNumber": 12,
        "doorPlate": "12号",
        "address": "货运纵路 12号",
        "layer": "buildings"
      },
      "geometry": {
        "type": "Polygon",
        "coordinates": [
          [
            [
              2963,
              1942
            ],
            [
              2963,
              2002
            ],
            [
              2921,
              2002
            ],
            [
              2921,
              1942
            ],
            [
              2963,
              1942
            ]
          ]
        ]
      }
    },
    {
      "type": "Feature",
      "properties": {
        "id": "B-457",
        "name": "标准工坊楼 22",
        "zone": "工坊区",
        "frontageRoad": "W-V3",
        "description": "工坊区的标准工坊楼，按工坊区普通模数统一规格并沿街坊基线对齐。",
        "footprint": 2520,
        "scaleClass": "普通建筑",
        "buildingType": "标准工坊楼",
        "sizeSpec": "工坊区普通模数",
        "widthMeters": 60,
        "depthMeters": 42,
        "alignment": "分区街段基线",
        "streetGapMeters": 8,
        "roadSetbackMeters": 5,
        "houseNumber": 8,
        "doorPlate": "8号",
        "address": "东侧机务路 8号",
        "layer": "buildings"
      },
      "geometry": {
        "type": "Polygon",
        "coordinates": [
          [
            [
              3091,
              1738
            ],
            [
              3091,
              1798
            ],
            [
              3049,
              1798
            ],
            [
              3049,
              1738
            ],
            [
              3091,
              1738
            ]
          ]
        ]
      }
    },
    {
      "type": "Feature",
      "properties": {
        "id": "B-458",
        "name": "材料库房 22",
        "zone": "工坊区",
        "frontageRoad": "W-04",
        "description": "工坊区的材料库房，按工坊区普通模数统一规格并沿街坊基线对齐。",
        "footprint": 2520,
        "scaleClass": "普通建筑",
        "buildingType": "材料库房",
        "sizeSpec": "工坊区普通模数",
        "widthMeters": 60,
        "depthMeters": 42,
        "alignment": "分区街段基线",
        "streetGapMeters": 8,
        "roadSetbackMeters": 5,
        "houseNumber": 8,
        "doorPlate": "8号",
        "address": "机务南街 8号",
        "layer": "buildings"
      },
      "geometry": {
        "type": "Polygon",
        "coordinates": [
          [
            [
              2622,
              2148.5
            ],
            [
              2682,
              2148.5
            ],
            [
              2682,
              2190.5
            ],
            [
              2622,
              2190.5
            ],
            [
              2622,
              2148.5
            ]
          ]
        ]
      }
    },
    {
      "type": "Feature",
      "properties": {
        "id": "B-459",
        "name": "维修作业楼 22",
        "zone": "工坊区",
        "frontageRoad": "W-04",
        "description": "工坊区的维修作业楼，按工坊区普通模数统一规格并沿街坊基线对齐。",
        "footprint": 2520,
        "scaleClass": "普通建筑",
        "buildingType": "维修作业楼",
        "sizeSpec": "工坊区普通模数",
        "widthMeters": 60,
        "depthMeters": 42,
        "alignment": "分区街段基线",
        "streetGapMeters": 8,
        "roadSetbackMeters": 5,
        "houseNumber": 2,
        "doorPlate": "2号",
        "address": "机务南街 2号",
        "layer": "buildings"
      },
      "geometry": {
        "type": "Polygon",
        "coordinates": [
          [
            [
              2214,
              2148.5
            ],
            [
              2274,
              2148.5
            ],
            [
              2274,
              2190.5
            ],
            [
              2214,
              2190.5
            ],
            [
              2214,
              2148.5
            ]
          ]
        ]
      }
    },
    {
      "type": "Feature",
      "properties": {
        "id": "B-460",
        "name": "标准工坊楼 23",
        "zone": "工坊区",
        "frontageRoad": "R-E1",
        "description": "工坊区的标准工坊楼，按工坊区普通模数统一规格并沿街坊基线对齐。",
        "footprint": 2520,
        "scaleClass": "普通建筑",
        "buildingType": "标准工坊楼",
        "sizeSpec": "工坊区普通模数",
        "widthMeters": 60,
        "depthMeters": 42,
        "alignment": "分区街段基线",
        "streetGapMeters": 8,
        "roadSetbackMeters": 5,
        "houseNumber": 2,
        "doorPlate": "2号",
        "address": "市民东路 2号",
        "layer": "buildings"
      },
      "geometry": {
        "type": "Polygon",
        "coordinates": [
          [
            [
              2814,
              1806
            ],
            [
              2814,
              1866
            ],
            [
              2772,
              1866
            ],
            [
              2772,
              1806
            ],
            [
              2814,
              1806
            ]
          ]
        ]
      }
    },
    {
      "type": "Feature",
      "properties": {
        "id": "B-461",
        "name": "材料库房 23",
        "zone": "工坊区",
        "frontageRoad": "W-V3",
        "description": "工坊区的材料库房，按工坊区普通模数统一规格并沿街坊基线对齐。",
        "footprint": 2520,
        "scaleClass": "普通建筑",
        "buildingType": "材料库房",
        "sizeSpec": "工坊区普通模数",
        "widthMeters": 60,
        "depthMeters": 42,
        "alignment": "分区街段基线",
        "streetGapMeters": 8,
        "roadSetbackMeters": 5,
        "houseNumber": 10,
        "doorPlate": "10号",
        "address": "东侧机务路 10号",
        "layer": "buildings"
      },
      "geometry": {
        "type": "Polygon",
        "coordinates": [
          [
            [
              3091,
              1806
            ],
            [
              3091,
              1866
            ],
            [
              3049,
              1866
            ],
            [
              3049,
              1806
            ],
            [
              3091,
              1806
            ]
          ]
        ]
      }
    },
    {
      "type": "Feature",
      "properties": {
        "id": "B-462",
        "name": "维修作业楼 23",
        "zone": "工坊区",
        "frontageRoad": "W-04",
        "description": "工坊区的维修作业楼，按工坊区普通模数统一规格并沿街坊基线对齐。",
        "footprint": 2520,
        "scaleClass": "普通建筑",
        "buildingType": "维修作业楼",
        "sizeSpec": "工坊区普通模数",
        "widthMeters": 60,
        "depthMeters": 42,
        "alignment": "分区街段基线",
        "streetGapMeters": 8,
        "roadSetbackMeters": 5,
        "houseNumber": 3,
        "doorPlate": "3号",
        "address": "机务南街 3号",
        "layer": "buildings"
      },
      "geometry": {
        "type": "Polygon",
        "coordinates": [
          [
            [
              2418,
              2209.5
            ],
            [
              2478,
              2209.5
            ],
            [
              2478,
              2251.5
            ],
            [
              2418,
              2251.5
            ],
            [
              2418,
              2209.5
            ]
          ]
        ]
      }
    },
    {
      "type": "Feature",
      "properties": {
        "id": "B-463",
        "name": "标准工坊楼 24",
        "zone": "工坊区",
        "frontageRoad": "R-SE",
        "description": "工坊区的标准工坊楼，按工坊区普通模数统一规格并沿街坊基线对齐。",
        "footprint": 2520,
        "scaleClass": "普通建筑",
        "buildingType": "标准工坊楼",
        "sizeSpec": "工坊区普通模数",
        "widthMeters": 60,
        "depthMeters": 42,
        "alignment": "分区街段基线",
        "streetGapMeters": 8,
        "roadSetbackMeters": 5,
        "houseNumber": 4,
        "doorPlate": "4号",
        "address": "南部工坊大道 4号",
        "layer": "buildings"
      },
      "geometry": {
        "type": "Polygon",
        "coordinates": [
          [
            [
              2418,
              1995
            ],
            [
              2478,
              1995
            ],
            [
              2478,
              2037
            ],
            [
              2418,
              2037
            ],
            [
              2418,
              1995
            ]
          ]
        ]
      }
    },
    {
      "type": "Feature",
      "properties": {
        "id": "B-464",
        "name": "材料库房 24",
        "zone": "工坊区",
        "frontageRoad": "W-V1",
        "description": "工坊区的材料库房，按工坊区普通模数统一规格并沿街坊基线对齐。",
        "footprint": 2520,
        "scaleClass": "普通建筑",
        "buildingType": "材料库房",
        "sizeSpec": "工坊区普通模数",
        "widthMeters": 60,
        "depthMeters": 42,
        "alignment": "分区街段基线",
        "streetGapMeters": 8,
        "roadSetbackMeters": 5,
        "houseNumber": 9,
        "doorPlate": "9号",
        "address": "工坊纵路 9号",
        "layer": "buildings"
      },
      "geometry": {
        "type": "Polygon",
        "coordinates": [
          [
            [
              2541,
              2214
            ],
            [
              2541,
              2274
            ],
            [
              2499,
              2274
            ],
            [
              2499,
              2214
            ],
            [
              2541,
              2214
            ]
          ]
        ]
      }
    },
    {
      "type": "Feature",
      "properties": {
        "id": "B-465",
        "name": "维修作业楼 24",
        "zone": "工坊区",
        "frontageRoad": "W-V2",
        "description": "工坊区的维修作业楼，按工坊区普通模数统一规格并沿街坊基线对齐。",
        "footprint": 2520,
        "scaleClass": "普通建筑",
        "buildingType": "维修作业楼",
        "sizeSpec": "工坊区普通模数",
        "widthMeters": 60,
        "depthMeters": 42,
        "alignment": "分区街段基线",
        "streetGapMeters": 8,
        "roadSetbackMeters": 5,
        "houseNumber": 11,
        "doorPlate": "11号",
        "address": "货运纵路 11号",
        "layer": "buildings"
      },
      "geometry": {
        "type": "Polygon",
        "coordinates": [
          [
            [
              2899,
              2078
            ],
            [
              2899,
              2138
            ],
            [
              2857,
              2138
            ],
            [
              2857,
              2078
            ],
            [
              2899,
              2078
            ]
          ]
        ]
      }
    },
    {
      "type": "Feature",
      "properties": {
        "id": "B-466",
        "name": "标准工坊楼 25",
        "zone": "工坊区",
        "frontageRoad": "W-V1",
        "description": "工坊区的标准工坊楼，按工坊区普通模数统一规格并沿街坊基线对齐。",
        "footprint": 2520,
        "scaleClass": "普通建筑",
        "buildingType": "标准工坊楼",
        "sizeSpec": "工坊区普通模数",
        "widthMeters": 60,
        "depthMeters": 42,
        "alignment": "分区街段基线",
        "streetGapMeters": 8,
        "roadSetbackMeters": 5,
        "houseNumber": 14,
        "doorPlate": "14号",
        "address": "工坊纵路 14号",
        "layer": "buildings"
      },
      "geometry": {
        "type": "Polygon",
        "coordinates": [
          [
            [
              2601,
              2214
            ],
            [
              2601,
              2274
            ],
            [
              2559,
              2274
            ],
            [
              2559,
              2214
            ],
            [
              2601,
              2214
            ]
          ]
        ]
      }
    },
    {
      "type": "Feature",
      "properties": {
        "id": "B-467",
        "name": "材料库房 25",
        "zone": "工坊区",
        "frontageRoad": "W-04",
        "description": "工坊区的材料库房，按工坊区普通模数统一规格并沿街坊基线对齐。",
        "footprint": 2520,
        "scaleClass": "普通建筑",
        "buildingType": "材料库房",
        "sizeSpec": "工坊区普通模数",
        "widthMeters": 60,
        "depthMeters": 42,
        "alignment": "分区街段基线",
        "streetGapMeters": 8,
        "roadSetbackMeters": 5,
        "houseNumber": 5,
        "doorPlate": "5号",
        "address": "机务南街 5号",
        "layer": "buildings"
      },
      "geometry": {
        "type": "Polygon",
        "coordinates": [
          [
            [
              2622,
              2209.5
            ],
            [
              2682,
              2209.5
            ],
            [
              2682,
              2251.5
            ],
            [
              2622,
              2251.5
            ],
            [
              2622,
              2209.5
            ]
          ]
        ]
      }
    },
    {
      "type": "Feature",
      "properties": {
        "id": "B-468",
        "name": "维修作业楼 25",
        "zone": "工坊区",
        "frontageRoad": "W-04",
        "description": "工坊区的维修作业楼，按工坊区普通模数统一规格并沿街坊基线对齐。",
        "footprint": 2520,
        "scaleClass": "普通建筑",
        "buildingType": "维修作业楼",
        "sizeSpec": "工坊区普通模数",
        "widthMeters": 60,
        "depthMeters": 42,
        "alignment": "分区街段基线",
        "streetGapMeters": 8,
        "roadSetbackMeters": 5,
        "houseNumber": 1,
        "doorPlate": "1号",
        "address": "机务南街 1号",
        "layer": "buildings"
      },
      "geometry": {
        "type": "Polygon",
        "coordinates": [
          [
            [
              2214,
              2209.5
            ],
            [
              2274,
              2209.5
            ],
            [
              2274,
              2251.5
            ],
            [
              2214,
              2251.5
            ],
            [
              2214,
              2209.5
            ]
          ]
        ]
      }
    },
    {
      "type": "Feature",
      "properties": {
        "id": "B-469",
        "name": "标准工坊楼 26",
        "zone": "工坊区",
        "frontageRoad": "R-E1",
        "description": "工坊区的标准工坊楼，按工坊区普通模数统一规格并沿街坊基线对齐。",
        "footprint": 2520,
        "scaleClass": "普通建筑",
        "buildingType": "标准工坊楼",
        "sizeSpec": "工坊区普通模数",
        "widthMeters": 60,
        "depthMeters": 42,
        "alignment": "分区街段基线",
        "streetGapMeters": 8,
        "roadSetbackMeters": 5,
        "houseNumber": 7,
        "doorPlate": "7号",
        "address": "市民东路 7号",
        "layer": "buildings"
      },
      "geometry": {
        "type": "Polygon",
        "coordinates": [
          [
            [
              2748,
              1942
            ],
            [
              2748,
              2002
            ],
            [
              2706,
              2002
            ],
            [
              2706,
              1942
            ],
            [
              2748,
              1942
            ]
          ]
        ]
      }
    },
    {
      "type": "Feature",
      "properties": {
        "id": "B-470",
        "name": "材料库房 26",
        "zone": "工坊区",
        "frontageRoad": "R-SE",
        "description": "工坊区的材料库房，按工坊区普通模数统一规格并沿街坊基线对齐。",
        "footprint": 2520,
        "scaleClass": "普通建筑",
        "buildingType": "材料库房",
        "sizeSpec": "工坊区普通模数",
        "widthMeters": 60,
        "depthMeters": 42,
        "alignment": "分区街段基线",
        "streetGapMeters": 8,
        "roadSetbackMeters": 5,
        "houseNumber": 6,
        "doorPlate": "6号",
        "address": "南部工坊大道 6号",
        "layer": "buildings"
      },
      "geometry": {
        "type": "Polygon",
        "coordinates": [
          [
            [
              2622,
              1995
            ],
            [
              2682,
              1995
            ],
            [
              2682,
              2037
            ],
            [
              2622,
              2037
            ],
            [
              2622,
              1995
            ]
          ]
        ]
      }
    },
    {
      "type": "Feature",
      "properties": {
        "id": "B-471",
        "name": "维修作业楼 26",
        "zone": "工坊区",
        "frontageRoad": "R-SE",
        "description": "工坊区的维修作业楼，按工坊区普通模数统一规格并沿街坊基线对齐。",
        "footprint": 2520,
        "scaleClass": "普通建筑",
        "buildingType": "维修作业楼",
        "sizeSpec": "工坊区普通模数",
        "widthMeters": 60,
        "depthMeters": 42,
        "alignment": "分区街段基线",
        "streetGapMeters": 8,
        "roadSetbackMeters": 5,
        "houseNumber": 2,
        "doorPlate": "2号",
        "address": "南部工坊大道 2号",
        "layer": "buildings"
      },
      "geometry": {
        "type": "Polygon",
        "coordinates": [
          [
            [
              2214,
              1995
            ],
            [
              2274,
              1995
            ],
            [
              2274,
              2037
            ],
            [
              2214,
              2037
            ],
            [
              2214,
              1995
            ]
          ]
        ]
      }
    },
    {
      "type": "Feature",
      "properties": {
        "id": "B-472",
        "name": "标准工坊楼 27",
        "zone": "工坊区",
        "frontageRoad": "W-04",
        "description": "工坊区的标准工坊楼，按工坊区普通模数统一规格并沿街坊基线对齐。",
        "footprint": 2520,
        "scaleClass": "普通建筑",
        "buildingType": "标准工坊楼",
        "sizeSpec": "工坊区普通模数",
        "widthMeters": 60,
        "depthMeters": 42,
        "alignment": "分区街段基线",
        "streetGapMeters": 8,
        "roadSetbackMeters": 5,
        "houseNumber": 10,
        "doorPlate": "10号",
        "address": "机务南街 10号",
        "layer": "buildings"
      },
      "geometry": {
        "type": "Polygon",
        "coordinates": [
          [
            [
              2826,
              2148.5
            ],
            [
              2886,
              2148.5
            ],
            [
              2886,
              2190.5
            ],
            [
              2826,
              2190.5
            ],
            [
              2826,
              2148.5
            ]
          ]
        ]
      }
    },
    {
      "type": "Feature",
      "properties": {
        "id": "B-473",
        "name": "材料库房 27",
        "zone": "工坊区",
        "frontageRoad": "W-V2",
        "description": "工坊区的材料库房，按工坊区普通模数统一规格并沿街坊基线对齐。",
        "footprint": 2520,
        "scaleClass": "普通建筑",
        "buildingType": "材料库房",
        "sizeSpec": "工坊区普通模数",
        "widthMeters": 60,
        "depthMeters": 42,
        "alignment": "分区街段基线",
        "streetGapMeters": 8,
        "roadSetbackMeters": 5,
        "houseNumber": 14,
        "doorPlate": "14号",
        "address": "货运纵路 14号",
        "layer": "buildings"
      },
      "geometry": {
        "type": "Polygon",
        "coordinates": [
          [
            [
              2963,
              2078
            ],
            [
              2963,
              2138
            ],
            [
              2921,
              2138
            ],
            [
              2921,
              2078
            ],
            [
              2963,
              2078
            ]
          ]
        ]
      }
    },
    {
      "type": "Feature",
      "properties": {
        "id": "B-474",
        "name": "维修作业楼 27",
        "zone": "工坊区",
        "frontageRoad": "W-V3",
        "description": "工坊区的维修作业楼，按工坊区普通模数统一规格并沿街坊基线对齐。",
        "footprint": 2520,
        "scaleClass": "普通建筑",
        "buildingType": "维修作业楼",
        "sizeSpec": "工坊区普通模数",
        "widthMeters": 60,
        "depthMeters": 42,
        "alignment": "分区街段基线",
        "streetGapMeters": 8,
        "roadSetbackMeters": 5,
        "houseNumber": 12,
        "doorPlate": "12号",
        "address": "东侧机务路 12号",
        "layer": "buildings"
      },
      "geometry": {
        "type": "Polygon",
        "coordinates": [
          [
            [
              3091,
              1942
            ],
            [
              3091,
              2002
            ],
            [
              3049,
              2002
            ],
            [
              3049,
              1942
            ],
            [
              3091,
              1942
            ]
          ]
        ]
      }
    },
    {
      "type": "Feature",
      "properties": {
        "id": "B-475",
        "name": "标准工坊楼 28",
        "zone": "工坊区",
        "frontageRoad": "R-SE",
        "description": "工坊区的标准工坊楼，按工坊区普通模数统一规格并沿街坊基线对齐。",
        "footprint": 2520,
        "scaleClass": "普通建筑",
        "buildingType": "标准工坊楼",
        "sizeSpec": "工坊区普通模数",
        "widthMeters": 60,
        "depthMeters": 42,
        "alignment": "分区街段基线",
        "streetGapMeters": 8,
        "roadSetbackMeters": 5,
        "houseNumber": 3,
        "doorPlate": "3号",
        "address": "南部工坊大道 3号",
        "layer": "buildings"
      },
      "geometry": {
        "type": "Polygon",
        "coordinates": [
          [
            [
              2418,
              2063
            ],
            [
              2478,
              2063
            ],
            [
              2478,
              2105
            ],
            [
              2418,
              2105
            ],
            [
              2418,
              2063
            ]
          ]
        ]
      }
    },
    {
      "type": "Feature",
      "properties": {
        "id": "B-476",
        "name": "材料库房 28",
        "zone": "工坊区",
        "frontageRoad": "R-E1",
        "description": "工坊区的材料库房，按工坊区普通模数统一规格并沿街坊基线对齐。",
        "footprint": 2520,
        "scaleClass": "普通建筑",
        "buildingType": "材料库房",
        "sizeSpec": "工坊区普通模数",
        "widthMeters": 60,
        "depthMeters": 42,
        "alignment": "分区街段基线",
        "streetGapMeters": 8,
        "roadSetbackMeters": 5,
        "houseNumber": 4,
        "doorPlate": "4号",
        "address": "市民东路 4号",
        "layer": "buildings"
      },
      "geometry": {
        "type": "Polygon",
        "coordinates": [
          [
            [
              2814,
              1942
            ],
            [
              2814,
              2002
            ],
            [
              2772,
              2002
            ],
            [
              2772,
              1942
            ],
            [
              2814,
              1942
            ]
          ]
        ]
      }
    },
    {
      "type": "Feature",
      "properties": {
        "id": "B-477",
        "name": "维修作业楼 28",
        "zone": "工坊区",
        "frontageRoad": "W-V1",
        "description": "工坊区的维修作业楼，按工坊区普通模数统一规格并沿街坊基线对齐。",
        "footprint": 2520,
        "scaleClass": "普通建筑",
        "buildingType": "维修作业楼",
        "sizeSpec": "工坊区普通模数",
        "widthMeters": 60,
        "depthMeters": 42,
        "alignment": "分区街段基线",
        "streetGapMeters": 8,
        "roadSetbackMeters": 5,
        "houseNumber": 11,
        "doorPlate": "11号",
        "address": "工坊纵路 11号",
        "layer": "buildings"
      },
      "geometry": {
        "type": "Polygon",
        "coordinates": [
          [
            [
              2541,
              2282
            ],
            [
              2541,
              2342
            ],
            [
              2499,
              2342
            ],
            [
              2499,
              2282
            ],
            [
              2541,
              2282
            ]
          ]
        ]
      }
    },
    {
      "type": "Feature",
      "properties": {
        "id": "B-478",
        "name": "标准工坊楼 29",
        "zone": "工坊区",
        "frontageRoad": "W-V1",
        "description": "工坊区的标准工坊楼，按工坊区普通模数统一规格并沿街坊基线对齐。",
        "footprint": 2520,
        "scaleClass": "普通建筑",
        "buildingType": "标准工坊楼",
        "sizeSpec": "工坊区普通模数",
        "widthMeters": 60,
        "depthMeters": 42,
        "alignment": "分区街段基线",
        "streetGapMeters": 8,
        "roadSetbackMeters": 5,
        "houseNumber": 16,
        "doorPlate": "16号",
        "address": "工坊纵路 16号",
        "layer": "buildings"
      },
      "geometry": {
        "type": "Polygon",
        "coordinates": [
          [
            [
              2601,
              2282
            ],
            [
              2601,
              2342
            ],
            [
              2559,
              2342
            ],
            [
              2559,
              2282
            ],
            [
              2601,
              2282
            ]
          ]
        ]
      }
    },
    {
      "type": "Feature",
      "properties": {
        "id": "B-479",
        "name": "材料库房 29",
        "zone": "工坊区",
        "frontageRoad": "W-V3",
        "description": "工坊区的材料库房，按工坊区普通模数统一规格并沿街坊基线对齐。",
        "footprint": 2520,
        "scaleClass": "普通建筑",
        "buildingType": "材料库房",
        "sizeSpec": "工坊区普通模数",
        "widthMeters": 60,
        "depthMeters": 42,
        "alignment": "分区街段基线",
        "streetGapMeters": 8,
        "roadSetbackMeters": 5,
        "houseNumber": 9,
        "doorPlate": "9号",
        "address": "东侧机务路 9号",
        "layer": "buildings"
      },
      "geometry": {
        "type": "Polygon",
        "coordinates": [
          [
            [
              3031,
              2078
            ],
            [
              3031,
              2138
            ],
            [
              2989,
              2138
            ],
            [
              2989,
              2078
            ],
            [
              3031,
              2078
            ]
          ]
        ]
      }
    },
    {
      "type": "Feature",
      "properties": {
        "id": "B-480",
        "name": "维修作业楼 29",
        "zone": "工坊区",
        "frontageRoad": "W-04",
        "description": "工坊区的维修作业楼，按工坊区普通模数统一规格并沿街坊基线对齐。",
        "footprint": 2520,
        "scaleClass": "普通建筑",
        "buildingType": "维修作业楼",
        "sizeSpec": "工坊区普通模数",
        "widthMeters": 60,
        "depthMeters": 42,
        "alignment": "分区街段基线",
        "streetGapMeters": 8,
        "roadSetbackMeters": 5,
        "houseNumber": 7,
        "doorPlate": "7号",
        "address": "机务南街 7号",
        "layer": "buildings"
      },
      "geometry": {
        "type": "Polygon",
        "coordinates": [
          [
            [
              2826,
              2209.5
            ],
            [
              2886,
              2209.5
            ],
            [
              2886,
              2251.5
            ],
            [
              2826,
              2251.5
            ],
            [
              2826,
              2209.5
            ]
          ]
        ]
      }
    },
    {
      "type": "Feature",
      "properties": {
        "id": "B-481",
        "name": "标准工坊楼 30",
        "zone": "工坊区",
        "frontageRoad": "R-SE",
        "description": "工坊区的标准工坊楼，按工坊区普通模数统一规格并沿街坊基线对齐。",
        "footprint": 2520,
        "scaleClass": "普通建筑",
        "buildingType": "标准工坊楼",
        "sizeSpec": "工坊区普通模数",
        "widthMeters": 60,
        "depthMeters": 42,
        "alignment": "分区街段基线",
        "streetGapMeters": 8,
        "roadSetbackMeters": 5,
        "houseNumber": 5,
        "doorPlate": "5号",
        "address": "南部工坊大道 5号",
        "layer": "buildings"
      },
      "geometry": {
        "type": "Polygon",
        "coordinates": [
          [
            [
              2622,
              2063
            ],
            [
              2682,
              2063
            ],
            [
              2682,
              2105
            ],
            [
              2622,
              2105
            ],
            [
              2622,
              2063
            ]
          ]
        ]
      }
    },
    {
      "type": "Feature",
      "properties": {
        "id": "B-482",
        "name": "材料库房 30",
        "zone": "工坊区",
        "frontageRoad": "R-SE",
        "description": "工坊区的材料库房，按工坊区普通模数统一规格并沿街坊基线对齐。",
        "footprint": 2520,
        "scaleClass": "普通建筑",
        "buildingType": "材料库房",
        "sizeSpec": "工坊区普通模数",
        "widthMeters": 60,
        "depthMeters": 42,
        "alignment": "分区街段基线",
        "streetGapMeters": 8,
        "roadSetbackMeters": 5,
        "houseNumber": 1,
        "doorPlate": "1号",
        "address": "南部工坊大道 1号",
        "layer": "buildings"
      },
      "geometry": {
        "type": "Polygon",
        "coordinates": [
          [
            [
              2214,
              2063
            ],
            [
              2274,
              2063
            ],
            [
              2274,
              2105
            ],
            [
              2214,
              2105
            ],
            [
              2214,
              2063
            ]
          ]
        ]
      }
    },
    {
      "type": "Feature",
      "properties": {
        "id": "B-483",
        "name": "维修作业楼 30",
        "zone": "工坊区",
        "frontageRoad": "W-04",
        "description": "工坊区的维修作业楼，按工坊区普通模数统一规格并沿街坊基线对齐。",
        "footprint": 2520,
        "scaleClass": "普通建筑",
        "buildingType": "维修作业楼",
        "sizeSpec": "工坊区普通模数",
        "widthMeters": 60,
        "depthMeters": 42,
        "alignment": "分区街段基线",
        "streetGapMeters": 8,
        "roadSetbackMeters": 5,
        "houseNumber": 12,
        "doorPlate": "12号",
        "address": "机务南街 12号",
        "layer": "buildings"
      },
      "geometry": {
        "type": "Polygon",
        "coordinates": [
          [
            [
              2962,
              2148.5
            ],
            [
              3022,
              2148.5
            ],
            [
              3022,
              2190.5
            ],
            [
              2962,
              2190.5
            ],
            [
              2962,
              2148.5
            ]
          ]
        ]
      }
    },
    {
      "type": "Feature",
      "properties": {
        "id": "B-484",
        "name": "标准工坊楼 31",
        "zone": "工坊区",
        "frontageRoad": "W-V3",
        "description": "工坊区的标准工坊楼，按工坊区普通模数统一规格并沿街坊基线对齐。",
        "footprint": 2520,
        "scaleClass": "普通建筑",
        "buildingType": "标准工坊楼",
        "sizeSpec": "工坊区普通模数",
        "widthMeters": 60,
        "depthMeters": 42,
        "alignment": "分区街段基线",
        "streetGapMeters": 8,
        "roadSetbackMeters": 5,
        "houseNumber": 14,
        "doorPlate": "14号",
        "address": "东侧机务路 14号",
        "layer": "buildings"
      },
      "geometry": {
        "type": "Polygon",
        "coordinates": [
          [
            [
              3091,
              2078
            ],
            [
              3091,
              2138
            ],
            [
              3049,
              2138
            ],
            [
              3049,
              2078
            ],
            [
              3091,
              2078
            ]
          ]
        ]
      }
    },
    {
      "type": "Feature",
      "properties": {
        "id": "B-485",
        "name": "材料库房 31",
        "zone": "工坊区",
        "frontageRoad": "R-SE",
        "description": "工坊区的材料库房，按工坊区普通模数统一规格并沿街坊基线对齐。",
        "footprint": 2520,
        "scaleClass": "普通建筑",
        "buildingType": "材料库房",
        "sizeSpec": "工坊区普通模数",
        "widthMeters": 60,
        "depthMeters": 42,
        "alignment": "分区街段基线",
        "streetGapMeters": 8,
        "roadSetbackMeters": 5,
        "houseNumber": 8,
        "doorPlate": "8号",
        "address": "南部工坊大道 8号",
        "layer": "buildings"
      },
      "geometry": {
        "type": "Polygon",
        "coordinates": [
          [
            [
              2826,
              1995
            ],
            [
              2886,
              1995
            ],
            [
              2886,
              2037
            ],
            [
              2826,
              2037
            ],
            [
              2826,
              1995
            ]
          ]
        ]
      }
    },
    {
      "type": "Feature",
      "properties": {
        "id": "B-486",
        "name": "维修作业楼 31",
        "zone": "工坊区",
        "frontageRoad": "R-E1",
        "description": "工坊区的维修作业楼，按工坊区普通模数统一规格并沿街坊基线对齐。",
        "footprint": 2520,
        "scaleClass": "普通建筑",
        "buildingType": "维修作业楼",
        "sizeSpec": "工坊区普通模数",
        "widthMeters": 60,
        "depthMeters": 42,
        "alignment": "分区街段基线",
        "streetGapMeters": 8,
        "roadSetbackMeters": 5,
        "houseNumber": 9,
        "doorPlate": "9号",
        "address": "市民东路 9号",
        "layer": "buildings"
      },
      "geometry": {
        "type": "Polygon",
        "coordinates": [
          [
            [
              2748,
              2078
            ],
            [
              2748,
              2138
            ],
            [
              2706,
              2138
            ],
            [
              2706,
              2078
            ],
            [
              2748,
              2078
            ]
          ]
        ]
      }
    },
    {
      "type": "Feature",
      "properties": {
        "id": "B-487",
        "name": "标准工坊楼 32",
        "zone": "工坊区",
        "frontageRoad": "W-V2",
        "description": "工坊区的标准工坊楼，按工坊区普通模数统一规格并沿街坊基线对齐。",
        "footprint": 2520,
        "scaleClass": "普通建筑",
        "buildingType": "标准工坊楼",
        "sizeSpec": "工坊区普通模数",
        "widthMeters": 60,
        "depthMeters": 42,
        "alignment": "分区街段基线",
        "streetGapMeters": 8,
        "roadSetbackMeters": 5,
        "houseNumber": 16,
        "doorPlate": "16号",
        "address": "货运纵路 16号",
        "layer": "buildings"
      },
      "geometry": {
        "type": "Polygon",
        "coordinates": [
          [
            [
              2963,
              2214
            ],
            [
              2963,
              2274
            ],
            [
              2921,
              2274
            ],
            [
              2921,
              2214
            ],
            [
              2963,
              2214
            ]
          ]
        ]
      }
    },
    {
      "type": "Feature",
      "properties": {
        "id": "B-488",
        "name": "材料库房 32",
        "zone": "工坊区",
        "frontageRoad": "W-V2",
        "description": "工坊区的材料库房，按工坊区普通模数统一规格并沿街坊基线对齐。",
        "footprint": 2520,
        "scaleClass": "普通建筑",
        "buildingType": "材料库房",
        "sizeSpec": "工坊区普通模数",
        "widthMeters": 60,
        "depthMeters": 42,
        "alignment": "分区街段基线",
        "streetGapMeters": 8,
        "roadSetbackMeters": 5,
        "houseNumber": 13,
        "doorPlate": "13号",
        "address": "货运纵路 13号",
        "layer": "buildings"
      },
      "geometry": {
        "type": "Polygon",
        "coordinates": [
          [
            [
              2899,
              2282
            ],
            [
              2899,
              2342
            ],
            [
              2857,
              2342
            ],
            [
              2857,
              2282
            ],
            [
              2899,
              2282
            ]
          ]
        ]
      }
    },
    {
      "type": "Feature",
      "properties": {
        "id": "B-489",
        "name": "维修作业楼 32",
        "zone": "工坊区",
        "frontageRoad": "R-E1",
        "description": "工坊区的维修作业楼，按工坊区普通模数统一规格并沿街坊基线对齐。",
        "footprint": 2520,
        "scaleClass": "普通建筑",
        "buildingType": "维修作业楼",
        "sizeSpec": "工坊区普通模数",
        "widthMeters": 60,
        "depthMeters": 42,
        "alignment": "分区街段基线",
        "streetGapMeters": 8,
        "roadSetbackMeters": 5,
        "houseNumber": 6,
        "doorPlate": "6号",
        "address": "市民东路 6号",
        "layer": "buildings"
      },
      "geometry": {
        "type": "Polygon",
        "coordinates": [
          [
            [
              2814,
              2078
            ],
            [
              2814,
              2138
            ],
            [
              2772,
              2138
            ],
            [
              2772,
              2078
            ],
            [
              2814,
              2078
            ]
          ]
        ]
      }
    },
    {
      "type": "Feature",
      "properties": {
        "id": "B-490",
        "name": "标准工坊楼 33",
        "zone": "工坊区",
        "frontageRoad": "W-V3",
        "description": "工坊区的标准工坊楼，按工坊区普通模数统一规格并沿街坊基线对齐。",
        "footprint": 2520,
        "scaleClass": "普通建筑",
        "buildingType": "标准工坊楼",
        "sizeSpec": "工坊区普通模数",
        "widthMeters": 60,
        "depthMeters": 42,
        "alignment": "分区街段基线",
        "streetGapMeters": 8,
        "roadSetbackMeters": 5,
        "houseNumber": 11,
        "doorPlate": "11号",
        "address": "东侧机务路 11号",
        "layer": "buildings"
      },
      "geometry": {
        "type": "Polygon",
        "coordinates": [
          [
            [
              3031,
              2214
            ],
            [
              3031,
              2274
            ],
            [
              2989,
              2274
            ],
            [
              2989,
              2214
            ],
            [
              3031,
              2214
            ]
          ]
        ]
      }
    },
    {
      "type": "Feature",
      "properties": {
        "id": "B-491",
        "name": "材料库房 33",
        "zone": "工坊区",
        "frontageRoad": "W-V2",
        "description": "工坊区的材料库房，按工坊区普通模数统一规格并沿街坊基线对齐。",
        "footprint": 2520,
        "scaleClass": "普通建筑",
        "buildingType": "材料库房",
        "sizeSpec": "工坊区普通模数",
        "widthMeters": 60,
        "depthMeters": 42,
        "alignment": "分区街段基线",
        "streetGapMeters": 8,
        "roadSetbackMeters": 5,
        "houseNumber": 18,
        "doorPlate": "18号",
        "address": "货运纵路 18号",
        "layer": "buildings"
      },
      "geometry": {
        "type": "Polygon",
        "coordinates": [
          [
            [
              2963,
              2282
            ],
            [
              2963,
              2342
            ],
            [
              2921,
              2342
            ],
            [
              2921,
              2282
            ],
            [
              2963,
              2282
            ]
          ]
        ]
      }
    },
    {
      "type": "Feature",
      "properties": {
        "id": "B-492",
        "name": "维修作业楼 33",
        "zone": "工坊区",
        "frontageRoad": "W-V3",
        "description": "工坊区的维修作业楼，按工坊区普通模数统一规格并沿街坊基线对齐。",
        "footprint": 2520,
        "scaleClass": "普通建筑",
        "buildingType": "维修作业楼",
        "sizeSpec": "工坊区普通模数",
        "widthMeters": 60,
        "depthMeters": 42,
        "alignment": "分区街段基线",
        "streetGapMeters": 8,
        "roadSetbackMeters": 5,
        "houseNumber": 16,
        "doorPlate": "16号",
        "address": "东侧机务路 16号",
        "layer": "buildings"
      },
      "geometry": {
        "type": "Polygon",
        "coordinates": [
          [
            [
              3091,
              2214
            ],
            [
              3091,
              2274
            ],
            [
              3049,
              2274
            ],
            [
              3049,
              2214
            ],
            [
              3091,
              2214
            ]
          ]
        ]
      }
    },
    {
      "type": "Feature",
      "properties": {
        "id": "B-493",
        "name": "标准工坊楼 34",
        "zone": "工坊区",
        "frontageRoad": "W-V3",
        "description": "工坊区的标准工坊楼，按工坊区普通模数统一规格并沿街坊基线对齐。",
        "footprint": 2520,
        "scaleClass": "普通建筑",
        "buildingType": "标准工坊楼",
        "sizeSpec": "工坊区普通模数",
        "widthMeters": 60,
        "depthMeters": 42,
        "alignment": "分区街段基线",
        "streetGapMeters": 8,
        "roadSetbackMeters": 5,
        "houseNumber": 13,
        "doorPlate": "13号",
        "address": "东侧机务路 13号",
        "layer": "buildings"
      },
      "geometry": {
        "type": "Polygon",
        "coordinates": [
          [
            [
              3031,
              2282
            ],
            [
              3031,
              2342
            ],
            [
              2989,
              2342
            ],
            [
              2989,
              2282
            ],
            [
              3031,
              2282
            ]
          ]
        ]
      }
    },
    {
      "type": "Feature",
      "properties": {
        "id": "B-494",
        "name": "材料库房 34",
        "zone": "工坊区",
        "frontageRoad": "R-E1",
        "description": "工坊区的材料库房，按工坊区普通模数统一规格并沿街坊基线对齐。",
        "footprint": 2520,
        "scaleClass": "普通建筑",
        "buildingType": "材料库房",
        "sizeSpec": "工坊区普通模数",
        "widthMeters": 60,
        "depthMeters": 42,
        "alignment": "分区街段基线",
        "streetGapMeters": 8,
        "roadSetbackMeters": 5,
        "houseNumber": 11,
        "doorPlate": "11号",
        "address": "市民东路 11号",
        "layer": "buildings"
      },
      "geometry": {
        "type": "Polygon",
        "coordinates": [
          [
            [
              2748,
              2214
            ],
            [
              2748,
              2274
            ],
            [
              2706,
              2274
            ],
            [
              2706,
              2214
            ],
            [
              2748,
              2214
            ]
          ]
        ]
      }
    },
    {
      "type": "Feature",
      "properties": {
        "id": "B-495",
        "name": "维修作业楼 34",
        "zone": "工坊区",
        "frontageRoad": "W-V3",
        "description": "工坊区的维修作业楼，按工坊区普通模数统一规格并沿街坊基线对齐。",
        "footprint": 2520,
        "scaleClass": "普通建筑",
        "buildingType": "维修作业楼",
        "sizeSpec": "工坊区普通模数",
        "widthMeters": 60,
        "depthMeters": 42,
        "alignment": "分区街段基线",
        "streetGapMeters": 8,
        "roadSetbackMeters": 5,
        "houseNumber": 18,
        "doorPlate": "18号",
        "address": "东侧机务路 18号",
        "layer": "buildings"
      },
      "geometry": {
        "type": "Polygon",
        "coordinates": [
          [
            [
              3091,
              2282
            ],
            [
              3091,
              2342
            ],
            [
              3049,
              2342
            ],
            [
              3049,
              2282
            ],
            [
              3091,
              2282
            ]
          ]
        ]
      }
    },
    {
      "type": "Feature",
      "properties": {
        "id": "B-496",
        "name": "标准工坊楼 35",
        "zone": "工坊区",
        "frontageRoad": "R-E1",
        "description": "工坊区的标准工坊楼，按工坊区普通模数统一规格并沿街坊基线对齐。",
        "footprint": 2520,
        "scaleClass": "普通建筑",
        "buildingType": "标准工坊楼",
        "sizeSpec": "工坊区普通模数",
        "widthMeters": 60,
        "depthMeters": 42,
        "alignment": "分区街段基线",
        "streetGapMeters": 8,
        "roadSetbackMeters": 5,
        "houseNumber": 8,
        "doorPlate": "8号",
        "address": "市民东路 8号",
        "layer": "buildings"
      },
      "geometry": {
        "type": "Polygon",
        "coordinates": [
          [
            [
              2814,
              2214
            ],
            [
              2814,
              2274
            ],
            [
              2772,
              2274
            ],
            [
              2772,
              2214
            ],
            [
              2814,
              2214
            ]
          ]
        ]
      }
    },
    {
      "type": "Feature",
      "properties": {
        "id": "B-497",
        "name": "材料库房 35",
        "zone": "工坊区",
        "frontageRoad": "R-E1",
        "description": "工坊区的材料库房，按工坊区普通模数统一规格并沿街坊基线对齐。",
        "footprint": 2520,
        "scaleClass": "普通建筑",
        "buildingType": "材料库房",
        "sizeSpec": "工坊区普通模数",
        "widthMeters": 60,
        "depthMeters": 42,
        "alignment": "分区街段基线",
        "streetGapMeters": 8,
        "roadSetbackMeters": 5,
        "houseNumber": 13,
        "doorPlate": "13号",
        "address": "市民东路 13号",
        "layer": "buildings"
      },
      "geometry": {
        "type": "Polygon",
        "coordinates": [
          [
            [
              2748,
              2282
            ],
            [
              2748,
              2342
            ],
            [
              2706,
              2342
            ],
            [
              2706,
              2282
            ],
            [
              2748,
              2282
            ]
          ]
        ]
      }
    },
    {
      "type": "Feature",
      "properties": {
        "id": "B-498",
        "name": "封存值守楼 1",
        "zone": "封存区",
        "frontageRoad": "S-04",
        "description": "封存区的封存值守楼，按封存区普通模数统一规格并沿街坊基线对齐。",
        "footprint": 1440,
        "scaleClass": "普通建筑",
        "buildingType": "封存值守楼",
        "sizeSpec": "封存区普通模数",
        "widthMeters": 48,
        "depthMeters": 30,
        "alignment": "分区街段基线",
        "streetGapMeters": 8,
        "roadSetbackMeters": 5,
        "houseNumber": 2,
        "doorPlate": "2号",
        "address": "档案北街 2号",
        "layer": "buildings"
      },
      "geometry": {
        "type": "Polygon",
        "coordinates": [
          [
            [
              2058.5,
              1628
            ],
            [
              2058.5,
              1676
            ],
            [
              2028.5,
              1676
            ],
            [
              2028.5,
              1628
            ],
            [
              2058.5,
              1628
            ]
          ]
        ]
      }
    },
    {
      "type": "Feature",
      "properties": {
        "id": "B-499",
        "name": "记录库房 1",
        "zone": "封存区",
        "frontageRoad": "W-V0",
        "description": "封存区的记录库房，按封存区普通模数统一规格并沿街坊基线对齐。",
        "footprint": 1440,
        "scaleClass": "普通建筑",
        "buildingType": "记录库房",
        "sizeSpec": "封存区普通模数",
        "widthMeters": 48,
        "depthMeters": 30,
        "alignment": "分区街段基线",
        "streetGapMeters": 8,
        "roadSetbackMeters": 5,
        "houseNumber": 5,
        "doorPlate": "5号",
        "address": "封存工坊界路 5号",
        "layer": "buildings"
      },
      "geometry": {
        "type": "Polygon",
        "coordinates": [
          [
            [
              2170.5,
              1516
            ],
            [
              2170.5,
              1564
            ],
            [
              2140.5,
              1564
            ],
            [
              2140.5,
              1516
            ],
            [
              2170.5,
              1516
            ]
          ]
        ]
      }
    },
    {
      "type": "Feature",
      "properties": {
        "id": "B-500",
        "name": "封存值守楼 2",
        "zone": "封存区",
        "frontageRoad": "W-V0",
        "description": "封存区的封存值守楼，按封存区普通模数统一规格并沿街坊基线对齐。",
        "footprint": 1440,
        "scaleClass": "普通建筑",
        "buildingType": "封存值守楼",
        "sizeSpec": "封存区普通模数",
        "widthMeters": 48,
        "depthMeters": 30,
        "alignment": "分区街段基线",
        "streetGapMeters": 8,
        "roadSetbackMeters": 5,
        "houseNumber": 3,
        "doorPlate": "3号",
        "address": "封存工坊界路 3号",
        "layer": "buildings"
      },
      "geometry": {
        "type": "Polygon",
        "coordinates": [
          [
            [
              2170.5,
              1460
            ],
            [
              2170.5,
              1508
            ],
            [
              2140.5,
              1508
            ],
            [
              2140.5,
              1460
            ],
            [
              2170.5,
              1460
            ]
          ]
        ]
      }
    },
    {
      "type": "Feature",
      "properties": {
        "id": "B-501",
        "name": "记录库房 2",
        "zone": "封存区",
        "frontageRoad": "W-V0",
        "description": "封存区的记录库房，按封存区普通模数统一规格并沿街坊基线对齐。",
        "footprint": 1440,
        "scaleClass": "普通建筑",
        "buildingType": "记录库房",
        "sizeSpec": "封存区普通模数",
        "widthMeters": 48,
        "depthMeters": 30,
        "alignment": "分区街段基线",
        "streetGapMeters": 8,
        "roadSetbackMeters": 5,
        "houseNumber": 7,
        "doorPlate": "7号",
        "address": "封存工坊界路 7号",
        "layer": "buildings"
      },
      "geometry": {
        "type": "Polygon",
        "coordinates": [
          [
            [
              2170.5,
              1796
            ],
            [
              2170.5,
              1844
            ],
            [
              2140.5,
              1844
            ],
            [
              2140.5,
              1796
            ],
            [
              2170.5,
              1796
            ]
          ]
        ]
      }
    },
    {
      "type": "Feature",
      "properties": {
        "id": "B-502",
        "name": "封存值守楼 3",
        "zone": "封存区",
        "frontageRoad": "W-V0",
        "description": "封存区的封存值守楼，按封存区普通模数统一规格并沿街坊基线对齐。",
        "footprint": 1440,
        "scaleClass": "普通建筑",
        "buildingType": "封存值守楼",
        "sizeSpec": "封存区普通模数",
        "widthMeters": 48,
        "depthMeters": 30,
        "alignment": "分区街段基线",
        "streetGapMeters": 8,
        "roadSetbackMeters": 5,
        "houseNumber": 9,
        "doorPlate": "9号",
        "address": "封存工坊界路 9号",
        "layer": "buildings"
      },
      "geometry": {
        "type": "Polygon",
        "coordinates": [
          [
            [
              2170.5,
              1852
            ],
            [
              2170.5,
              1900
            ],
            [
              2140.5,
              1900
            ],
            [
              2140.5,
              1852
            ],
            [
              2170.5,
              1852
            ]
          ]
        ]
      }
    },
    {
      "type": "Feature",
      "properties": {
        "id": "B-503",
        "name": "记录库房 3",
        "zone": "封存区",
        "frontageRoad": "W-V0",
        "description": "封存区的记录库房，按封存区普通模数统一规格并沿街坊基线对齐。",
        "footprint": 1440,
        "scaleClass": "普通建筑",
        "buildingType": "记录库房",
        "sizeSpec": "封存区普通模数",
        "widthMeters": 48,
        "depthMeters": 30,
        "alignment": "分区街段基线",
        "streetGapMeters": 8,
        "roadSetbackMeters": 5,
        "houseNumber": 11,
        "doorPlate": "11号",
        "address": "封存工坊界路 11号",
        "layer": "buildings"
      },
      "geometry": {
        "type": "Polygon",
        "coordinates": [
          [
            [
              2170.5,
              1908
            ],
            [
              2170.5,
              1956
            ],
            [
              2140.5,
              1956
            ],
            [
              2140.5,
              1908
            ],
            [
              2170.5,
              1908
            ]
          ]
        ]
      }
    },
    {
      "type": "Feature",
      "properties": {
        "id": "B-504",
        "name": "封存值守楼 4",
        "zone": "封存区",
        "frontageRoad": "W-V0",
        "description": "封存区的封存值守楼，按封存区普通模数统一规格并沿街坊基线对齐。",
        "footprint": 1440,
        "scaleClass": "普通建筑",
        "buildingType": "封存值守楼",
        "sizeSpec": "封存区普通模数",
        "widthMeters": 48,
        "depthMeters": 30,
        "alignment": "分区街段基线",
        "streetGapMeters": 8,
        "roadSetbackMeters": 5,
        "houseNumber": 13,
        "doorPlate": "13号",
        "address": "封存工坊界路 13号",
        "layer": "buildings"
      },
      "geometry": {
        "type": "Polygon",
        "coordinates": [
          [
            [
              2170.5,
              1964
            ],
            [
              2170.5,
              2012
            ],
            [
              2140.5,
              2012
            ],
            [
              2140.5,
              1964
            ],
            [
              2170.5,
              1964
            ]
          ]
        ]
      }
    },
    {
      "type": "Feature",
      "properties": {
        "id": "B-505",
        "name": "记录库房 4",
        "zone": "封存区",
        "frontageRoad": "W-V0",
        "description": "封存区的记录库房，按封存区普通模数统一规格并沿街坊基线对齐。",
        "footprint": 1440,
        "scaleClass": "普通建筑",
        "buildingType": "记录库房",
        "sizeSpec": "封存区普通模数",
        "widthMeters": 48,
        "depthMeters": 30,
        "alignment": "分区街段基线",
        "streetGapMeters": 8,
        "roadSetbackMeters": 5,
        "houseNumber": 15,
        "doorPlate": "15号",
        "address": "封存工坊界路 15号",
        "layer": "buildings"
      },
      "geometry": {
        "type": "Polygon",
        "coordinates": [
          [
            [
              2170.5,
              2076
            ],
            [
              2170.5,
              2124
            ],
            [
              2140.5,
              2124
            ],
            [
              2140.5,
              2076
            ],
            [
              2170.5,
              2076
            ]
          ]
        ]
      }
    },
    {
      "type": "Feature",
      "properties": {
        "id": "B-506",
        "name": "封存值守楼 5",
        "zone": "封存区",
        "frontageRoad": "W-V0",
        "description": "封存区的封存值守楼，按封存区普通模数统一规格并沿街坊基线对齐。",
        "footprint": 1440,
        "scaleClass": "普通建筑",
        "buildingType": "封存值守楼",
        "sizeSpec": "封存区普通模数",
        "widthMeters": 48,
        "depthMeters": 30,
        "alignment": "分区街段基线",
        "streetGapMeters": 8,
        "roadSetbackMeters": 5,
        "houseNumber": 17,
        "doorPlate": "17号",
        "address": "封存工坊界路 17号",
        "layer": "buildings"
      },
      "geometry": {
        "type": "Polygon",
        "coordinates": [
          [
            [
              2170.5,
              2132
            ],
            [
              2170.5,
              2180
            ],
            [
              2140.5,
              2180
            ],
            [
              2140.5,
              2132
            ],
            [
              2170.5,
              2132
            ]
          ]
        ]
      }
    },
    {
      "type": "Feature",
      "properties": {
        "id": "B-507",
        "name": "记录库房 5",
        "zone": "封存区",
        "frontageRoad": "W-V0",
        "description": "封存区的记录库房，按封存区普通模数统一规格并沿街坊基线对齐。",
        "footprint": 1440,
        "scaleClass": "普通建筑",
        "buildingType": "记录库房",
        "sizeSpec": "封存区普通模数",
        "widthMeters": 48,
        "depthMeters": 30,
        "alignment": "分区街段基线",
        "streetGapMeters": 8,
        "roadSetbackMeters": 5,
        "houseNumber": 19,
        "doorPlate": "19号",
        "address": "封存工坊界路 19号",
        "layer": "buildings"
      },
      "geometry": {
        "type": "Polygon",
        "coordinates": [
          [
            [
              2170.5,
              2188
            ],
            [
              2170.5,
              2236
            ],
            [
              2140.5,
              2236
            ],
            [
              2140.5,
              2188
            ],
            [
              2170.5,
              2188
            ]
          ]
        ]
      }
    },
    {
      "type": "Feature",
      "properties": {
        "id": "B-508",
        "name": "封存值守楼 6",
        "zone": "封存区",
        "frontageRoad": "S-03",
        "description": "封存区的封存值守楼，按封存区普通模数统一规格并沿街坊基线对齐。",
        "footprint": 1440,
        "scaleClass": "普通建筑",
        "buildingType": "封存值守楼",
        "sizeSpec": "封存区普通模数",
        "widthMeters": 48,
        "depthMeters": 30,
        "alignment": "分区街段基线",
        "streetGapMeters": 8,
        "roadSetbackMeters": 5,
        "houseNumber": 8,
        "doorPlate": "8号",
        "address": "封存值守路 8号",
        "layer": "buildings"
      },
      "geometry": {
        "type": "Polygon",
        "coordinates": [
          [
            [
              2020,
              2221.5
            ],
            [
              2068,
              2221.5
            ],
            [
              2068,
              2251.5
            ],
            [
              2020,
              2251.5
            ],
            [
              2020,
              2221.5
            ]
          ]
        ]
      }
    },
    {
      "type": "Feature",
      "properties": {
        "id": "B-509",
        "name": "记录库房 6",
        "zone": "封存区",
        "frontageRoad": "S-03",
        "description": "封存区的记录库房，按封存区普通模数统一规格并沿街坊基线对齐。",
        "footprint": 1440,
        "scaleClass": "普通建筑",
        "buildingType": "记录库房",
        "sizeSpec": "封存区普通模数",
        "widthMeters": 48,
        "depthMeters": 30,
        "alignment": "分区街段基线",
        "streetGapMeters": 8,
        "roadSetbackMeters": 5,
        "houseNumber": 6,
        "doorPlate": "6号",
        "address": "封存值守路 6号",
        "layer": "buildings"
      },
      "geometry": {
        "type": "Polygon",
        "coordinates": [
          [
            [
              1964,
              2221.5
            ],
            [
              2012,
              2221.5
            ],
            [
              2012,
              2251.5
            ],
            [
              1964,
              2251.5
            ],
            [
              1964,
              2221.5
            ]
          ]
        ]
      }
    },
    {
      "type": "Feature",
      "properties": {
        "id": "B-510",
        "name": "封存值守楼 7",
        "zone": "封存区",
        "frontageRoad": "S-03",
        "description": "封存区的封存值守楼，按封存区普通模数统一规格并沿街坊基线对齐。",
        "footprint": 1440,
        "scaleClass": "普通建筑",
        "buildingType": "封存值守楼",
        "sizeSpec": "封存区普通模数",
        "widthMeters": 48,
        "depthMeters": 30,
        "alignment": "分区街段基线",
        "streetGapMeters": 8,
        "roadSetbackMeters": 5,
        "houseNumber": 10,
        "doorPlate": "10号",
        "address": "封存值守路 10号",
        "layer": "buildings"
      },
      "geometry": {
        "type": "Polygon",
        "coordinates": [
          [
            [
              2076,
              2221.5
            ],
            [
              2124,
              2221.5
            ],
            [
              2124,
              2251.5
            ],
            [
              2076,
              2251.5
            ],
            [
              2076,
              2221.5
            ]
          ]
        ]
      }
    },
    {
      "type": "Feature",
      "properties": {
        "id": "B-511",
        "name": "记录库房 7",
        "zone": "封存区",
        "frontageRoad": "S-03",
        "description": "封存区的记录库房，按封存区普通模数统一规格并沿街坊基线对齐。",
        "footprint": 1440,
        "scaleClass": "普通建筑",
        "buildingType": "记录库房",
        "sizeSpec": "封存区普通模数",
        "widthMeters": 48,
        "depthMeters": 30,
        "alignment": "分区街段基线",
        "streetGapMeters": 8,
        "roadSetbackMeters": 5,
        "houseNumber": 4,
        "doorPlate": "4号",
        "address": "封存值守路 4号",
        "layer": "buildings"
      },
      "geometry": {
        "type": "Polygon",
        "coordinates": [
          [
            [
              1908,
              2221.5
            ],
            [
              1956,
              2221.5
            ],
            [
              1956,
              2251.5
            ],
            [
              1908,
              2251.5
            ],
            [
              1908,
              2221.5
            ]
          ]
        ]
      }
    },
    {
      "type": "Feature",
      "properties": {
        "id": "B-512",
        "name": "封存值守楼 8",
        "zone": "封存区",
        "frontageRoad": "S-03",
        "description": "封存区的封存值守楼，按封存区普通模数统一规格并沿街坊基线对齐。",
        "footprint": 1440,
        "scaleClass": "普通建筑",
        "buildingType": "封存值守楼",
        "sizeSpec": "封存区普通模数",
        "widthMeters": 48,
        "depthMeters": 30,
        "alignment": "分区街段基线",
        "streetGapMeters": 8,
        "roadSetbackMeters": 5,
        "houseNumber": 2,
        "doorPlate": "2号",
        "address": "封存值守路 2号",
        "layer": "buildings"
      },
      "geometry": {
        "type": "Polygon",
        "coordinates": [
          [
            [
              1852,
              2221.5
            ],
            [
              1900,
              2221.5
            ],
            [
              1900,
              2251.5
            ],
            [
              1852,
              2251.5
            ],
            [
              1852,
              2221.5
            ]
          ]
        ]
      }
    },
    {
      "type": "Feature",
      "properties": {
        "id": "B-513",
        "name": "外围维护舍 1",
        "zone": "郊野／外环",
        "frontageRoad": "O-02",
        "description": "郊野／外环的外围维护舍，按外环普通模数统一规格并沿街坊基线对齐。",
        "footprint": 1700,
        "scaleClass": "普通建筑",
        "buildingType": "外围维护舍",
        "sizeSpec": "外环普通模数",
        "widthMeters": 50,
        "depthMeters": 34,
        "alignment": "分区街段基线",
        "streetGapMeters": 8,
        "roadSetbackMeters": 5,
        "houseNumber": 1,
        "doorPlate": "1号",
        "address": "南部后勤联络路 1号",
        "layer": "buildings"
      },
      "geometry": {
        "type": "Polygon",
        "coordinates": [
          [
            [
              1773,
              2392
            ],
            [
              1823,
              2392
            ],
            [
              1823,
              2426
            ],
            [
              1773,
              2426
            ],
            [
              1773,
              2392
            ]
          ]
        ]
      }
    },
    {
      "type": "Feature",
      "properties": {
        "id": "B-514",
        "name": "检疫服务楼 1",
        "zone": "郊野／外环",
        "frontageRoad": "O-01",
        "description": "郊野／外环的检疫服务楼，按外环普通模数统一规格并沿街坊基线对齐。",
        "footprint": 1700,
        "scaleClass": "普通建筑",
        "buildingType": "检疫服务楼",
        "sizeSpec": "外环普通模数",
        "widthMeters": 50,
        "depthMeters": 34,
        "alignment": "分区街段基线",
        "streetGapMeters": 8,
        "roadSetbackMeters": 5,
        "houseNumber": 27,
        "doorPlate": "27号",
        "address": "南部课程联络路 27号",
        "layer": "buildings"
      },
      "geometry": {
        "type": "Polygon",
        "coordinates": [
          [
            [
              1367,
              2392
            ],
            [
              1417,
              2392
            ],
            [
              1417,
              2426
            ],
            [
              1367,
              2426
            ],
            [
              1367,
              2392
            ]
          ]
        ]
      }
    },
    {
      "type": "Feature",
      "properties": {
        "id": "B-515",
        "name": "外围维护舍 2",
        "zone": "郊野／外环",
        "frontageRoad": "O-02",
        "description": "郊野／外环的外围维护舍，按外环普通模数统一规格并沿街坊基线对齐。",
        "footprint": 1700,
        "scaleClass": "普通建筑",
        "buildingType": "外围维护舍",
        "sizeSpec": "外环普通模数",
        "widthMeters": 50,
        "depthMeters": 34,
        "alignment": "分区街段基线",
        "streetGapMeters": 8,
        "roadSetbackMeters": 5,
        "houseNumber": 3,
        "doorPlate": "3号",
        "address": "南部后勤联络路 3号",
        "layer": "buildings"
      },
      "geometry": {
        "type": "Polygon",
        "coordinates": [
          [
            [
              1831,
              2392
            ],
            [
              1881,
              2392
            ],
            [
              1881,
              2426
            ],
            [
              1831,
              2426
            ],
            [
              1831,
              2392
            ]
          ]
        ]
      }
    },
    {
      "type": "Feature",
      "properties": {
        "id": "B-516",
        "name": "检疫服务楼 2",
        "zone": "郊野／外环",
        "frontageRoad": "O-02",
        "description": "郊野／外环的检疫服务楼，按外环普通模数统一规格并沿街坊基线对齐。",
        "footprint": 1700,
        "scaleClass": "普通建筑",
        "buildingType": "检疫服务楼",
        "sizeSpec": "外环普通模数",
        "widthMeters": 50,
        "depthMeters": 34,
        "alignment": "分区街段基线",
        "streetGapMeters": 8,
        "roadSetbackMeters": 5,
        "houseNumber": 5,
        "doorPlate": "5号",
        "address": "南部后勤联络路 5号",
        "layer": "buildings"
      },
      "geometry": {
        "type": "Polygon",
        "coordinates": [
          [
            [
              1889,
              2392
            ],
            [
              1939,
              2392
            ],
            [
              1939,
              2426
            ],
            [
              1889,
              2426
            ],
            [
              1889,
              2392
            ]
          ]
        ]
      }
    },
    {
      "type": "Feature",
      "properties": {
        "id": "B-517",
        "name": "外围维护舍 3",
        "zone": "郊野／外环",
        "frontageRoad": "O-03",
        "description": "郊野／外环的外围维护舍，按外环普通模数统一规格并沿街坊基线对齐。",
        "footprint": 1700,
        "scaleClass": "普通建筑",
        "buildingType": "外围维护舍",
        "sizeSpec": "外环普通模数",
        "widthMeters": 50,
        "depthMeters": 34,
        "alignment": "分区街段基线",
        "streetGapMeters": 8,
        "roadSetbackMeters": 5,
        "houseNumber": 12,
        "doorPlate": "12号",
        "address": "课程设施南路 12号",
        "layer": "buildings"
      },
      "geometry": {
        "type": "Polygon",
        "coordinates": [
          [
            [
              1309,
              2717
            ],
            [
              1359,
              2717
            ],
            [
              1359,
              2751
            ],
            [
              1309,
              2751
            ],
            [
              1309,
              2717
            ]
          ]
        ]
      }
    },
    {
      "type": "Feature",
      "properties": {
        "id": "B-518",
        "name": "检疫服务楼 3",
        "zone": "郊野／外环",
        "frontageRoad": "O-03",
        "description": "郊野／外环的检疫服务楼，按外环普通模数统一规格并沿街坊基线对齐。",
        "footprint": 1700,
        "scaleClass": "普通建筑",
        "buildingType": "检疫服务楼",
        "sizeSpec": "外环普通模数",
        "widthMeters": 50,
        "depthMeters": 34,
        "alignment": "分区街段基线",
        "streetGapMeters": 8,
        "roadSetbackMeters": 5,
        "houseNumber": 10,
        "doorPlate": "10号",
        "address": "课程设施南路 10号",
        "layer": "buildings"
      },
      "geometry": {
        "type": "Polygon",
        "coordinates": [
          [
            [
              1251,
              2717
            ],
            [
              1301,
              2717
            ],
            [
              1301,
              2751
            ],
            [
              1251,
              2751
            ],
            [
              1251,
              2717
            ]
          ]
        ]
      }
    },
    {
      "type": "Feature",
      "properties": {
        "id": "B-519",
        "name": "外围维护舍 4",
        "zone": "郊野／外环",
        "frontageRoad": "O-01",
        "description": "郊野／外环的外围维护舍，按外环普通模数统一规格并沿街坊基线对齐。",
        "footprint": 1700,
        "scaleClass": "普通建筑",
        "buildingType": "外围维护舍",
        "sizeSpec": "外环普通模数",
        "widthMeters": 50,
        "depthMeters": 34,
        "alignment": "分区街段基线",
        "streetGapMeters": 8,
        "roadSetbackMeters": 5,
        "houseNumber": 23,
        "doorPlate": "23号",
        "address": "南部课程联络路 23号",
        "layer": "buildings"
      },
      "geometry": {
        "type": "Polygon",
        "coordinates": [
          [
            [
              1077,
              2392
            ],
            [
              1127,
              2392
            ],
            [
              1127,
              2426
            ],
            [
              1077,
              2426
            ],
            [
              1077,
              2392
            ]
          ]
        ]
      }
    },
    {
      "type": "Feature",
      "properties": {
        "id": "B-520",
        "name": "检疫服务楼 4",
        "zone": "郊野／外环",
        "frontageRoad": "O-03",
        "description": "郊野／外环的检疫服务楼，按外环普通模数统一规格并沿街坊基线对齐。",
        "footprint": 1700,
        "scaleClass": "普通建筑",
        "buildingType": "检疫服务楼",
        "sizeSpec": "外环普通模数",
        "widthMeters": 50,
        "depthMeters": 34,
        "alignment": "分区街段基线",
        "streetGapMeters": 8,
        "roadSetbackMeters": 5,
        "houseNumber": 8,
        "doorPlate": "8号",
        "address": "课程设施南路 8号",
        "layer": "buildings"
      },
      "geometry": {
        "type": "Polygon",
        "coordinates": [
          [
            [
              1193,
              2717
            ],
            [
              1243,
              2717
            ],
            [
              1243,
              2751
            ],
            [
              1193,
              2751
            ],
            [
              1193,
              2717
            ]
          ]
        ]
      }
    },
    {
      "type": "Feature",
      "properties": {
        "id": "B-521",
        "name": "外围维护舍 5",
        "zone": "郊野／外环",
        "frontageRoad": "O-03",
        "description": "郊野／外环的外围维护舍，按外环普通模数统一规格并沿街坊基线对齐。",
        "footprint": 1700,
        "scaleClass": "普通建筑",
        "buildingType": "外围维护舍",
        "sizeSpec": "外环普通模数",
        "widthMeters": 50,
        "depthMeters": 34,
        "alignment": "分区街段基线",
        "streetGapMeters": 8,
        "roadSetbackMeters": 5,
        "houseNumber": 6,
        "doorPlate": "6号",
        "address": "课程设施南路 6号",
        "layer": "buildings"
      },
      "geometry": {
        "type": "Polygon",
        "coordinates": [
          [
            [
              1135,
              2717
            ],
            [
              1185,
              2717
            ],
            [
              1185,
              2751
            ],
            [
              1135,
              2751
            ],
            [
              1135,
              2717
            ]
          ]
        ]
      }
    },
    {
      "type": "Feature",
      "properties": {
        "id": "B-522",
        "name": "检疫服务楼 5",
        "zone": "郊野／外环",
        "frontageRoad": "O-01",
        "description": "郊野／外环的检疫服务楼，按外环普通模数统一规格并沿街坊基线对齐。",
        "footprint": 1700,
        "scaleClass": "普通建筑",
        "buildingType": "检疫服务楼",
        "sizeSpec": "外环普通模数",
        "widthMeters": 50,
        "depthMeters": 34,
        "alignment": "分区街段基线",
        "streetGapMeters": 8,
        "roadSetbackMeters": 5,
        "houseNumber": 21,
        "doorPlate": "21号",
        "address": "南部课程联络路 21号",
        "layer": "buildings"
      },
      "geometry": {
        "type": "Polygon",
        "coordinates": [
          [
            [
              1019,
              2392
            ],
            [
              1069,
              2392
            ],
            [
              1069,
              2426
            ],
            [
              1019,
              2426
            ],
            [
              1019,
              2392
            ]
          ]
        ]
      }
    },
    {
      "type": "Feature",
      "properties": {
        "id": "B-523",
        "name": "外围维护舍 6",
        "zone": "郊野／外环",
        "frontageRoad": "O-03",
        "description": "郊野／外环的外围维护舍，按外环普通模数统一规格并沿街坊基线对齐。",
        "footprint": 1700,
        "scaleClass": "普通建筑",
        "buildingType": "外围维护舍",
        "sizeSpec": "外环普通模数",
        "widthMeters": 50,
        "depthMeters": 34,
        "alignment": "分区街段基线",
        "streetGapMeters": 8,
        "roadSetbackMeters": 5,
        "houseNumber": 4,
        "doorPlate": "4号",
        "address": "课程设施南路 4号",
        "layer": "buildings"
      },
      "geometry": {
        "type": "Polygon",
        "coordinates": [
          [
            [
              1077,
              2717
            ],
            [
              1127,
              2717
            ],
            [
              1127,
              2751
            ],
            [
              1077,
              2751
            ],
            [
              1077,
              2717
            ]
          ]
        ]
      }
    },
    {
      "type": "Feature",
      "properties": {
        "id": "B-524",
        "name": "检疫服务楼 6",
        "zone": "郊野／外环",
        "frontageRoad": "O-02",
        "description": "郊野／外环的检疫服务楼，按外环普通模数统一规格并沿街坊基线对齐。",
        "footprint": 1700,
        "scaleClass": "普通建筑",
        "buildingType": "检疫服务楼",
        "sizeSpec": "外环普通模数",
        "widthMeters": 50,
        "depthMeters": 34,
        "alignment": "分区街段基线",
        "streetGapMeters": 8,
        "roadSetbackMeters": 5,
        "houseNumber": 9,
        "doorPlate": "9号",
        "address": "南部后勤联络路 9号",
        "layer": "buildings"
      },
      "geometry": {
        "type": "Polygon",
        "coordinates": [
          [
            [
              2179,
              2392
            ],
            [
              2229,
              2392
            ],
            [
              2229,
              2426
            ],
            [
              2179,
              2426
            ],
            [
              2179,
              2392
            ]
          ]
        ]
      }
    },
    {
      "type": "Feature",
      "properties": {
        "id": "B-525",
        "name": "外围维护舍 7",
        "zone": "郊野／外环",
        "frontageRoad": "O-V1",
        "description": "郊野／外环的外围维护舍，按外环普通模数统一规格并沿街坊基线对齐。",
        "footprint": 1700,
        "scaleClass": "普通建筑",
        "buildingType": "外围维护舍",
        "sizeSpec": "外环普通模数",
        "widthMeters": 50,
        "depthMeters": 34,
        "alignment": "分区街段基线",
        "streetGapMeters": 8,
        "roadSetbackMeters": 5,
        "houseNumber": 2,
        "doorPlate": "2号",
        "address": "课程场西联络路 2号",
        "layer": "buildings"
      },
      "geometry": {
        "type": "Polygon",
        "coordinates": [
          [
            [
              1003,
              2411
            ],
            [
              1003,
              2461
            ],
            [
              969,
              2461
            ],
            [
              969,
              2411
            ],
            [
              1003,
              2411
            ]
          ]
        ]
      }
    },
    {
      "type": "Feature",
      "properties": {
        "id": "B-526",
        "name": "检疫服务楼 7",
        "zone": "郊野／外环",
        "frontageRoad": "O-V1",
        "description": "郊野／外环的检疫服务楼，按外环普通模数统一规格并沿街坊基线对齐。",
        "footprint": 1700,
        "scaleClass": "普通建筑",
        "buildingType": "检疫服务楼",
        "sizeSpec": "外环普通模数",
        "widthMeters": 50,
        "depthMeters": 34,
        "alignment": "分区街段基线",
        "streetGapMeters": 8,
        "roadSetbackMeters": 5,
        "houseNumber": 4,
        "doorPlate": "4号",
        "address": "课程场西联络路 4号",
        "layer": "buildings"
      },
      "geometry": {
        "type": "Polygon",
        "coordinates": [
          [
            [
              1003,
              2469
            ],
            [
              1003,
              2519
            ],
            [
              969,
              2519
            ],
            [
              969,
              2469
            ],
            [
              1003,
              2469
            ]
          ]
        ]
      }
    },
    {
      "type": "Feature",
      "properties": {
        "id": "B-527",
        "name": "外围维护舍 8",
        "zone": "郊野／外环",
        "frontageRoad": "O-V1",
        "description": "郊野／外环的外围维护舍，按外环普通模数统一规格并沿街坊基线对齐。",
        "footprint": 1700,
        "scaleClass": "普通建筑",
        "buildingType": "外围维护舍",
        "sizeSpec": "外环普通模数",
        "widthMeters": 50,
        "depthMeters": 34,
        "alignment": "分区街段基线",
        "streetGapMeters": 8,
        "roadSetbackMeters": 5,
        "houseNumber": 6,
        "doorPlate": "6号",
        "address": "课程场西联络路 6号",
        "layer": "buildings"
      },
      "geometry": {
        "type": "Polygon",
        "coordinates": [
          [
            [
              1003,
              2527
            ],
            [
              1003,
              2577
            ],
            [
              969,
              2577
            ],
            [
              969,
              2527
            ],
            [
              1003,
              2527
            ]
          ]
        ]
      }
    },
    {
      "type": "Feature",
      "properties": {
        "id": "B-528",
        "name": "检疫服务楼 8",
        "zone": "郊野／外环",
        "frontageRoad": "O-03",
        "description": "郊野／外环的检疫服务楼，按外环普通模数统一规格并沿街坊基线对齐。",
        "footprint": 1700,
        "scaleClass": "普通建筑",
        "buildingType": "检疫服务楼",
        "sizeSpec": "外环普通模数",
        "widthMeters": 50,
        "depthMeters": 34,
        "alignment": "分区街段基线",
        "streetGapMeters": 8,
        "roadSetbackMeters": 5,
        "houseNumber": 2,
        "doorPlate": "2号",
        "address": "课程设施南路 2号",
        "layer": "buildings"
      },
      "geometry": {
        "type": "Polygon",
        "coordinates": [
          [
            [
              1019,
              2717
            ],
            [
              1069,
              2717
            ],
            [
              1069,
              2751
            ],
            [
              1019,
              2751
            ],
            [
              1019,
              2717
            ]
          ]
        ]
      }
    },
    {
      "type": "Feature",
      "properties": {
        "id": "B-529",
        "name": "外围维护舍 9",
        "zone": "郊野／外环",
        "frontageRoad": "O-02",
        "description": "郊野／外环的外围维护舍，按外环普通模数统一规格并沿街坊基线对齐。",
        "footprint": 1700,
        "scaleClass": "普通建筑",
        "buildingType": "外围维护舍",
        "sizeSpec": "外环普通模数",
        "widthMeters": 50,
        "depthMeters": 34,
        "alignment": "分区街段基线",
        "streetGapMeters": 8,
        "roadSetbackMeters": 5,
        "houseNumber": 11,
        "doorPlate": "11号",
        "address": "南部后勤联络路 11号",
        "layer": "buildings"
      },
      "geometry": {
        "type": "Polygon",
        "coordinates": [
          [
            [
              2237,
              2392
            ],
            [
              2287,
              2392
            ],
            [
              2287,
              2426
            ],
            [
              2237,
              2426
            ],
            [
              2237,
              2392
            ]
          ]
        ]
      }
    },
    {
      "type": "Feature",
      "properties": {
        "id": "B-530",
        "name": "检疫服务楼 9",
        "zone": "郊野／外环",
        "frontageRoad": "O-V1",
        "description": "郊野／外环的检疫服务楼，按外环普通模数统一规格并沿街坊基线对齐。",
        "footprint": 1700,
        "scaleClass": "普通建筑",
        "buildingType": "检疫服务楼",
        "sizeSpec": "外环普通模数",
        "widthMeters": 50,
        "depthMeters": 34,
        "alignment": "分区街段基线",
        "streetGapMeters": 8,
        "roadSetbackMeters": 5,
        "houseNumber": 1,
        "doorPlate": "1号",
        "address": "课程场西联络路 1号",
        "layer": "buildings"
      },
      "geometry": {
        "type": "Polygon",
        "coordinates": [
          [
            [
              951,
              2411
            ],
            [
              951,
              2461
            ],
            [
              917,
              2461
            ],
            [
              917,
              2411
            ],
            [
              951,
              2411
            ]
          ]
        ]
      }
    },
    {
      "type": "Feature",
      "properties": {
        "id": "B-531",
        "name": "外围维护舍 10",
        "zone": "郊野／外环",
        "frontageRoad": "O-V1",
        "description": "郊野／外环的外围维护舍，按外环普通模数统一规格并沿街坊基线对齐。",
        "footprint": 1700,
        "scaleClass": "普通建筑",
        "buildingType": "外围维护舍",
        "sizeSpec": "外环普通模数",
        "widthMeters": 50,
        "depthMeters": 34,
        "alignment": "分区街段基线",
        "streetGapMeters": 8,
        "roadSetbackMeters": 5,
        "houseNumber": 3,
        "doorPlate": "3号",
        "address": "课程场西联络路 3号",
        "layer": "buildings"
      },
      "geometry": {
        "type": "Polygon",
        "coordinates": [
          [
            [
              951,
              2469
            ],
            [
              951,
              2519
            ],
            [
              917,
              2519
            ],
            [
              917,
              2469
            ],
            [
              951,
              2469
            ]
          ]
        ]
      }
    },
    {
      "type": "Feature",
      "properties": {
        "id": "B-532",
        "name": "检疫服务楼 10",
        "zone": "郊野／外环",
        "frontageRoad": "O-V1",
        "description": "郊野／外环的检疫服务楼，按外环普通模数统一规格并沿街坊基线对齐。",
        "footprint": 1700,
        "scaleClass": "普通建筑",
        "buildingType": "检疫服务楼",
        "sizeSpec": "外环普通模数",
        "widthMeters": 50,
        "depthMeters": 34,
        "alignment": "分区街段基线",
        "streetGapMeters": 8,
        "roadSetbackMeters": 5,
        "houseNumber": 5,
        "doorPlate": "5号",
        "address": "课程场西联络路 5号",
        "layer": "buildings"
      },
      "geometry": {
        "type": "Polygon",
        "coordinates": [
          [
            [
              951,
              2527
            ],
            [
              951,
              2577
            ],
            [
              917,
              2577
            ],
            [
              917,
              2527
            ],
            [
              951,
              2527
            ]
          ]
        ]
      }
    },
    {
      "type": "Feature",
      "properties": {
        "id": "B-533",
        "name": "外围维护舍 11",
        "zone": "郊野／外环",
        "frontageRoad": "O-V1",
        "description": "郊野／外环的外围维护舍，按外环普通模数统一规格并沿街坊基线对齐。",
        "footprint": 1700,
        "scaleClass": "普通建筑",
        "buildingType": "外围维护舍",
        "sizeSpec": "外环普通模数",
        "widthMeters": 50,
        "depthMeters": 34,
        "alignment": "分区街段基线",
        "streetGapMeters": 8,
        "roadSetbackMeters": 5,
        "houseNumber": 7,
        "doorPlate": "7号",
        "address": "课程场西联络路 7号",
        "layer": "buildings"
      },
      "geometry": {
        "type": "Polygon",
        "coordinates": [
          [
            [
              951,
              2643
            ],
            [
              951,
              2693
            ],
            [
              917,
              2693
            ],
            [
              917,
              2643
            ],
            [
              951,
              2643
            ]
          ]
        ]
      }
    },
    {
      "type": "Feature",
      "properties": {
        "id": "B-534",
        "name": "检疫服务楼 11",
        "zone": "郊野／外环",
        "frontageRoad": "O-02",
        "description": "郊野／外环的检疫服务楼，按外环普通模数统一规格并沿街坊基线对齐。",
        "footprint": 1700,
        "scaleClass": "普通建筑",
        "buildingType": "检疫服务楼",
        "sizeSpec": "外环普通模数",
        "widthMeters": 50,
        "depthMeters": 34,
        "alignment": "分区街段基线",
        "streetGapMeters": 8,
        "roadSetbackMeters": 5,
        "houseNumber": 13,
        "doorPlate": "13号",
        "address": "南部后勤联络路 13号",
        "layer": "buildings"
      },
      "geometry": {
        "type": "Polygon",
        "coordinates": [
          [
            [
              2295,
              2392
            ],
            [
              2345,
              2392
            ],
            [
              2345,
              2426
            ],
            [
              2295,
              2426
            ],
            [
              2295,
              2392
            ]
          ]
        ]
      }
    },
    {
      "type": "Feature",
      "properties": {
        "id": "B-535",
        "name": "外围维护舍 12",
        "zone": "郊野／外环",
        "frontageRoad": "O-01",
        "description": "郊野／外环的外围维护舍，按外环普通模数统一规格并沿街坊基线对齐。",
        "footprint": 1700,
        "scaleClass": "普通建筑",
        "buildingType": "外围维护舍",
        "sizeSpec": "外环普通模数",
        "widthMeters": 50,
        "depthMeters": 34,
        "alignment": "分区街段基线",
        "streetGapMeters": 8,
        "roadSetbackMeters": 5,
        "houseNumber": 19,
        "doorPlate": "19号",
        "address": "南部课程联络路 19号",
        "layer": "buildings"
      },
      "geometry": {
        "type": "Polygon",
        "coordinates": [
          [
            [
              845,
              2392
            ],
            [
              895,
              2392
            ],
            [
              895,
              2426
            ],
            [
              845,
              2426
            ],
            [
              845,
              2392
            ]
          ]
        ]
      }
    },
    {
      "type": "Feature",
      "properties": {
        "id": "B-536",
        "name": "检疫服务楼 12",
        "zone": "郊野／外环",
        "frontageRoad": "O-02",
        "description": "郊野／外环的检疫服务楼，按外环普通模数统一规格并沿街坊基线对齐。",
        "footprint": 1700,
        "scaleClass": "普通建筑",
        "buildingType": "检疫服务楼",
        "sizeSpec": "外环普通模数",
        "widthMeters": 50,
        "depthMeters": 34,
        "alignment": "分区街段基线",
        "streetGapMeters": 8,
        "roadSetbackMeters": 5,
        "houseNumber": 15,
        "doorPlate": "15号",
        "address": "南部后勤联络路 15号",
        "layer": "buildings"
      },
      "geometry": {
        "type": "Polygon",
        "coordinates": [
          [
            [
              2353,
              2392
            ],
            [
              2403,
              2392
            ],
            [
              2403,
              2426
            ],
            [
              2353,
              2426
            ],
            [
              2353,
              2392
            ]
          ]
        ]
      }
    },
    {
      "type": "Feature",
      "properties": {
        "id": "B-537",
        "name": "外围维护舍 13",
        "zone": "郊野／外环",
        "frontageRoad": "O-01",
        "description": "郊野／外环的外围维护舍，按外环普通模数统一规格并沿街坊基线对齐。",
        "footprint": 1700,
        "scaleClass": "普通建筑",
        "buildingType": "外围维护舍",
        "sizeSpec": "外环普通模数",
        "widthMeters": 50,
        "depthMeters": 34,
        "alignment": "分区街段基线",
        "streetGapMeters": 8,
        "roadSetbackMeters": 5,
        "houseNumber": 17,
        "doorPlate": "17号",
        "address": "南部课程联络路 17号",
        "layer": "buildings"
      },
      "geometry": {
        "type": "Polygon",
        "coordinates": [
          [
            [
              787,
              2392
            ],
            [
              837,
              2392
            ],
            [
              837,
              2426
            ],
            [
              787,
              2426
            ],
            [
              787,
              2392
            ]
          ]
        ]
      }
    },
    {
      "type": "Feature",
      "properties": {
        "id": "B-538",
        "name": "检疫服务楼 13",
        "zone": "郊野／外环",
        "frontageRoad": "O-02",
        "description": "郊野／外环的检疫服务楼，按外环普通模数统一规格并沿街坊基线对齐。",
        "footprint": 1700,
        "scaleClass": "普通建筑",
        "buildingType": "检疫服务楼",
        "sizeSpec": "外环普通模数",
        "widthMeters": 50,
        "depthMeters": 34,
        "alignment": "分区街段基线",
        "streetGapMeters": 8,
        "roadSetbackMeters": 5,
        "houseNumber": 17,
        "doorPlate": "17号",
        "address": "南部后勤联络路 17号",
        "layer": "buildings"
      },
      "geometry": {
        "type": "Polygon",
        "coordinates": [
          [
            [
              2411,
              2392
            ],
            [
              2461,
              2392
            ],
            [
              2461,
              2426
            ],
            [
              2411,
              2426
            ],
            [
              2411,
              2392
            ]
          ]
        ]
      }
    },
    {
      "type": "Feature",
      "properties": {
        "id": "B-539",
        "name": "外围维护舍 14",
        "zone": "郊野／外环",
        "frontageRoad": "O-01",
        "description": "郊野／外环的外围维护舍，按外环普通模数统一规格并沿街坊基线对齐。",
        "footprint": 1700,
        "scaleClass": "普通建筑",
        "buildingType": "外围维护舍",
        "sizeSpec": "外环普通模数",
        "widthMeters": 50,
        "depthMeters": 34,
        "alignment": "分区街段基线",
        "streetGapMeters": 8,
        "roadSetbackMeters": 5,
        "houseNumber": 15,
        "doorPlate": "15号",
        "address": "南部课程联络路 15号",
        "layer": "buildings"
      },
      "geometry": {
        "type": "Polygon",
        "coordinates": [
          [
            [
              729,
              2392
            ],
            [
              779,
              2392
            ],
            [
              779,
              2426
            ],
            [
              729,
              2426
            ],
            [
              729,
              2392
            ]
          ]
        ]
      }
    },
    {
      "type": "Feature",
      "properties": {
        "id": "B-540",
        "name": "检疫服务楼 14",
        "zone": "郊野／外环",
        "frontageRoad": "O-V2",
        "description": "郊野／外环的检疫服务楼，按外环普通模数统一规格并沿街坊基线对齐。",
        "footprint": 1700,
        "scaleClass": "普通建筑",
        "buildingType": "检疫服务楼",
        "sizeSpec": "外环普通模数",
        "widthMeters": 50,
        "depthMeters": 34,
        "alignment": "分区街段基线",
        "streetGapMeters": 8,
        "roadSetbackMeters": 5,
        "houseNumber": 1,
        "doorPlate": "1号",
        "address": "课程场东联络路 1号",
        "layer": "buildings"
      },
      "geometry": {
        "type": "Polygon",
        "coordinates": [
          [
            [
              2491,
              2469
            ],
            [
              2491,
              2519
            ],
            [
              2457,
              2519
            ],
            [
              2457,
              2469
            ],
            [
              2491,
              2469
            ]
          ]
        ]
      }
    },
    {
      "type": "Feature",
      "properties": {
        "id": "B-541",
        "name": "外围维护舍 15",
        "zone": "郊野／外环",
        "frontageRoad": "O-V2",
        "description": "郊野／外环的外围维护舍，按外环普通模数统一规格并沿街坊基线对齐。",
        "footprint": 1700,
        "scaleClass": "普通建筑",
        "buildingType": "外围维护舍",
        "sizeSpec": "外环普通模数",
        "widthMeters": 50,
        "depthMeters": 34,
        "alignment": "分区街段基线",
        "streetGapMeters": 8,
        "roadSetbackMeters": 5,
        "houseNumber": 3,
        "doorPlate": "3号",
        "address": "课程场东联络路 3号",
        "layer": "buildings"
      },
      "geometry": {
        "type": "Polygon",
        "coordinates": [
          [
            [
              2491,
              2527
            ],
            [
              2491,
              2577
            ],
            [
              2457,
              2577
            ],
            [
              2457,
              2527
            ],
            [
              2491,
              2527
            ]
          ]
        ]
      }
    },
    {
      "type": "Feature",
      "properties": {
        "id": "B-542",
        "name": "检疫服务楼 15",
        "zone": "郊野／外环",
        "frontageRoad": "O-01",
        "description": "郊野／外环的检疫服务楼，按外环普通模数统一规格并沿街坊基线对齐。",
        "footprint": 1700,
        "scaleClass": "普通建筑",
        "buildingType": "检疫服务楼",
        "sizeSpec": "外环普通模数",
        "widthMeters": 50,
        "depthMeters": 34,
        "alignment": "分区街段基线",
        "streetGapMeters": 8,
        "roadSetbackMeters": 5,
        "houseNumber": 13,
        "doorPlate": "13号",
        "address": "南部课程联络路 13号",
        "layer": "buildings"
      },
      "geometry": {
        "type": "Polygon",
        "coordinates": [
          [
            [
              671,
              2392
            ],
            [
              721,
              2392
            ],
            [
              721,
              2426
            ],
            [
              671,
              2426
            ],
            [
              671,
              2392
            ]
          ]
        ]
      }
    },
    {
      "type": "Feature",
      "properties": {
        "id": "B-543",
        "name": "外围维护舍 16",
        "zone": "郊野／外环",
        "frontageRoad": "O-V2",
        "description": "郊野／外环的外围维护舍，按外环普通模数统一规格并沿街坊基线对齐。",
        "footprint": 1700,
        "scaleClass": "普通建筑",
        "buildingType": "外围维护舍",
        "sizeSpec": "外环普通模数",
        "widthMeters": 50,
        "depthMeters": 34,
        "alignment": "分区街段基线",
        "streetGapMeters": 8,
        "roadSetbackMeters": 5,
        "houseNumber": 5,
        "doorPlate": "5号",
        "address": "课程场东联络路 5号",
        "layer": "buildings"
      },
      "geometry": {
        "type": "Polygon",
        "coordinates": [
          [
            [
              2491,
              2643
            ],
            [
              2491,
              2693
            ],
            [
              2457,
              2693
            ],
            [
              2457,
              2643
            ],
            [
              2491,
              2643
            ]
          ]
        ]
      }
    },
    {
      "type": "Feature",
      "properties": {
        "id": "B-544",
        "name": "检疫服务楼 16",
        "zone": "郊野／外环",
        "frontageRoad": "O-V2",
        "description": "郊野／外环的检疫服务楼，按外环普通模数统一规格并沿街坊基线对齐。",
        "footprint": 1700,
        "scaleClass": "普通建筑",
        "buildingType": "检疫服务楼",
        "sizeSpec": "外环普通模数",
        "widthMeters": 50,
        "depthMeters": 34,
        "alignment": "分区街段基线",
        "streetGapMeters": 8,
        "roadSetbackMeters": 5,
        "houseNumber": 2,
        "doorPlate": "2号",
        "address": "课程场东联络路 2号",
        "layer": "buildings"
      },
      "geometry": {
        "type": "Polygon",
        "coordinates": [
          [
            [
              2543,
              2411
            ],
            [
              2543,
              2461
            ],
            [
              2509,
              2461
            ],
            [
              2509,
              2411
            ],
            [
              2543,
              2411
            ]
          ]
        ]
      }
    },
    {
      "type": "Feature",
      "properties": {
        "id": "B-545",
        "name": "外围维护舍 17",
        "zone": "郊野／外环",
        "frontageRoad": "O-V2",
        "description": "郊野／外环的外围维护舍，按外环普通模数统一规格并沿街坊基线对齐。",
        "footprint": 1700,
        "scaleClass": "普通建筑",
        "buildingType": "外围维护舍",
        "sizeSpec": "外环普通模数",
        "widthMeters": 50,
        "depthMeters": 34,
        "alignment": "分区街段基线",
        "streetGapMeters": 8,
        "roadSetbackMeters": 5,
        "houseNumber": 4,
        "doorPlate": "4号",
        "address": "课程场东联络路 4号",
        "layer": "buildings"
      },
      "geometry": {
        "type": "Polygon",
        "coordinates": [
          [
            [
              2543,
              2469
            ],
            [
              2543,
              2519
            ],
            [
              2509,
              2519
            ],
            [
              2509,
              2469
            ],
            [
              2543,
              2469
            ]
          ]
        ]
      }
    },
    {
      "type": "Feature",
      "properties": {
        "id": "B-546",
        "name": "检疫服务楼 17",
        "zone": "郊野／外环",
        "frontageRoad": "O-V2",
        "description": "郊野／外环的检疫服务楼，按外环普通模数统一规格并沿街坊基线对齐。",
        "footprint": 1700,
        "scaleClass": "普通建筑",
        "buildingType": "检疫服务楼",
        "sizeSpec": "外环普通模数",
        "widthMeters": 50,
        "depthMeters": 34,
        "alignment": "分区街段基线",
        "streetGapMeters": 8,
        "roadSetbackMeters": 5,
        "houseNumber": 6,
        "doorPlate": "6号",
        "address": "课程场东联络路 6号",
        "layer": "buildings"
      },
      "geometry": {
        "type": "Polygon",
        "coordinates": [
          [
            [
              2543,
              2527
            ],
            [
              2543,
              2577
            ],
            [
              2509,
              2577
            ],
            [
              2509,
              2527
            ],
            [
              2543,
              2527
            ]
          ]
        ]
      }
    },
    {
      "type": "Feature",
      "properties": {
        "id": "B-547",
        "name": "外围维护舍 18",
        "zone": "郊野／外环",
        "frontageRoad": "O-V2",
        "description": "郊野／外环的外围维护舍，按外环普通模数统一规格并沿街坊基线对齐。",
        "footprint": 1700,
        "scaleClass": "普通建筑",
        "buildingType": "外围维护舍",
        "sizeSpec": "外环普通模数",
        "widthMeters": 50,
        "depthMeters": 34,
        "alignment": "分区街段基线",
        "streetGapMeters": 8,
        "roadSetbackMeters": 5,
        "houseNumber": 8,
        "doorPlate": "8号",
        "address": "课程场东联络路 8号",
        "layer": "buildings"
      },
      "geometry": {
        "type": "Polygon",
        "coordinates": [
          [
            [
              2543,
              2643
            ],
            [
              2543,
              2693
            ],
            [
              2509,
              2693
            ],
            [
              2509,
              2643
            ],
            [
              2543,
              2643
            ]
          ]
        ]
      }
    },
    {
      "type": "Feature",
      "properties": {
        "id": "B-548",
        "name": "检疫服务楼 18",
        "zone": "郊野／外环",
        "frontageRoad": "O-04",
        "description": "郊野／外环的检疫服务楼，按外环普通模数统一规格并沿街坊基线对齐。",
        "footprint": 1700,
        "scaleClass": "普通建筑",
        "buildingType": "检疫服务楼",
        "sizeSpec": "外环普通模数",
        "widthMeters": 50,
        "depthMeters": 34,
        "alignment": "分区街段基线",
        "streetGapMeters": 8,
        "roadSetbackMeters": 5,
        "houseNumber": 2,
        "doorPlate": "2号",
        "address": "战术水务南路 2号",
        "layer": "buildings"
      },
      "geometry": {
        "type": "Polygon",
        "coordinates": [
          [
            [
              2527,
              2717
            ],
            [
              2577,
              2717
            ],
            [
              2577,
              2751
            ],
            [
              2527,
              2751
            ],
            [
              2527,
              2717
            ]
          ]
        ]
      }
    },
    {
      "type": "Feature",
      "properties": {
        "id": "B-549",
        "name": "外围维护舍 19",
        "zone": "郊野／外环",
        "frontageRoad": "O-02",
        "description": "郊野／外环的外围维护舍，按外环普通模数统一规格并沿街坊基线对齐。",
        "footprint": 1700,
        "scaleClass": "普通建筑",
        "buildingType": "外围维护舍",
        "sizeSpec": "外环普通模数",
        "widthMeters": 50,
        "depthMeters": 34,
        "alignment": "分区街段基线",
        "streetGapMeters": 8,
        "roadSetbackMeters": 5,
        "houseNumber": 19,
        "doorPlate": "19号",
        "address": "南部后勤联络路 19号",
        "layer": "buildings"
      },
      "geometry": {
        "type": "Polygon",
        "coordinates": [
          [
            [
              2585,
              2392
            ],
            [
              2635,
              2392
            ],
            [
              2635,
              2426
            ],
            [
              2585,
              2426
            ],
            [
              2585,
              2392
            ]
          ]
        ]
      }
    },
    {
      "type": "Feature",
      "properties": {
        "id": "B-550",
        "name": "检疫服务楼 19",
        "zone": "郊野／外环",
        "frontageRoad": "O-02",
        "description": "郊野／外环的检疫服务楼，按外环普通模数统一规格并沿街坊基线对齐。",
        "footprint": 1700,
        "scaleClass": "普通建筑",
        "buildingType": "检疫服务楼",
        "sizeSpec": "外环普通模数",
        "widthMeters": 50,
        "depthMeters": 34,
        "alignment": "分区街段基线",
        "streetGapMeters": 8,
        "roadSetbackMeters": 5,
        "houseNumber": 21,
        "doorPlate": "21号",
        "address": "南部后勤联络路 21号",
        "layer": "buildings"
      },
      "geometry": {
        "type": "Polygon",
        "coordinates": [
          [
            [
              2643,
              2392
            ],
            [
              2693,
              2392
            ],
            [
              2693,
              2426
            ],
            [
              2643,
              2426
            ],
            [
              2643,
              2392
            ]
          ]
        ]
      }
    },
    {
      "type": "Feature",
      "properties": {
        "id": "B-551",
        "name": "外围维护舍 20",
        "zone": "郊野／外环",
        "frontageRoad": "O-02",
        "description": "郊野／外环的外围维护舍，按外环普通模数统一规格并沿街坊基线对齐。",
        "footprint": 1700,
        "scaleClass": "普通建筑",
        "buildingType": "外围维护舍",
        "sizeSpec": "外环普通模数",
        "widthMeters": 50,
        "depthMeters": 34,
        "alignment": "分区街段基线",
        "streetGapMeters": 8,
        "roadSetbackMeters": 5,
        "houseNumber": 23,
        "doorPlate": "23号",
        "address": "南部后勤联络路 23号",
        "layer": "buildings"
      },
      "geometry": {
        "type": "Polygon",
        "coordinates": [
          [
            [
              2701,
              2392
            ],
            [
              2751,
              2392
            ],
            [
              2751,
              2426
            ],
            [
              2701,
              2426
            ],
            [
              2701,
              2392
            ]
          ]
        ]
      }
    },
    {
      "type": "Feature",
      "properties": {
        "id": "B-552",
        "name": "检疫服务楼 20",
        "zone": "郊野／外环",
        "frontageRoad": "O-01",
        "description": "郊野／外环的检疫服务楼，按外环普通模数统一规格并沿街坊基线对齐。",
        "footprint": 1700,
        "scaleClass": "普通建筑",
        "buildingType": "检疫服务楼",
        "sizeSpec": "外环普通模数",
        "widthMeters": 50,
        "depthMeters": 34,
        "alignment": "分区街段基线",
        "streetGapMeters": 8,
        "roadSetbackMeters": 5,
        "houseNumber": 9,
        "doorPlate": "9号",
        "address": "南部课程联络路 9号",
        "layer": "buildings"
      },
      "geometry": {
        "type": "Polygon",
        "coordinates": [
          [
            [
              381,
              2392
            ],
            [
              431,
              2392
            ],
            [
              431,
              2426
            ],
            [
              381,
              2426
            ],
            [
              381,
              2392
            ]
          ]
        ]
      }
    },
    {
      "type": "Feature",
      "properties": {
        "id": "B-553",
        "name": "外围维护舍 21",
        "zone": "郊野／外环",
        "frontageRoad": "O-01",
        "description": "郊野／外环的外围维护舍，按外环普通模数统一规格并沿街坊基线对齐。",
        "footprint": 1700,
        "scaleClass": "普通建筑",
        "buildingType": "外围维护舍",
        "sizeSpec": "外环普通模数",
        "widthMeters": 50,
        "depthMeters": 34,
        "alignment": "分区街段基线",
        "streetGapMeters": 8,
        "roadSetbackMeters": 5,
        "houseNumber": 7,
        "doorPlate": "7号",
        "address": "南部课程联络路 7号",
        "layer": "buildings"
      },
      "geometry": {
        "type": "Polygon",
        "coordinates": [
          [
            [
              323,
              2392
            ],
            [
              373,
              2392
            ],
            [
              373,
              2426
            ],
            [
              323,
              2426
            ],
            [
              323,
              2392
            ]
          ]
        ]
      }
    },
    {
      "type": "Feature",
      "properties": {
        "id": "B-554",
        "name": "检疫服务楼 21",
        "zone": "郊野／外环",
        "frontageRoad": "O-01",
        "description": "郊野／外环的检疫服务楼，按外环普通模数统一规格并沿街坊基线对齐。",
        "footprint": 1700,
        "scaleClass": "普通建筑",
        "buildingType": "检疫服务楼",
        "sizeSpec": "外环普通模数",
        "widthMeters": 50,
        "depthMeters": 34,
        "alignment": "分区街段基线",
        "streetGapMeters": 8,
        "roadSetbackMeters": 5,
        "houseNumber": 5,
        "doorPlate": "5号",
        "address": "南部课程联络路 5号",
        "layer": "buildings"
      },
      "geometry": {
        "type": "Polygon",
        "coordinates": [
          [
            [
              265,
              2392
            ],
            [
              315,
              2392
            ],
            [
              315,
              2426
            ],
            [
              265,
              2426
            ],
            [
              265,
              2392
            ]
          ]
        ]
      }
    },
    {
      "type": "Feature",
      "properties": {
        "id": "B-555",
        "name": "外围维护舍 22",
        "zone": "郊野／外环",
        "frontageRoad": "O-02",
        "description": "郊野／外环的外围维护舍，按外环普通模数统一规格并沿街坊基线对齐。",
        "footprint": 1700,
        "scaleClass": "普通建筑",
        "buildingType": "外围维护舍",
        "sizeSpec": "外环普通模数",
        "widthMeters": 50,
        "depthMeters": 34,
        "alignment": "分区街段基线",
        "streetGapMeters": 8,
        "roadSetbackMeters": 5,
        "houseNumber": 27,
        "doorPlate": "27号",
        "address": "南部后勤联络路 27号",
        "layer": "buildings"
      },
      "geometry": {
        "type": "Polygon",
        "coordinates": [
          [
            [
              2933,
              2392
            ],
            [
              2983,
              2392
            ],
            [
              2983,
              2426
            ],
            [
              2933,
              2426
            ],
            [
              2933,
              2392
            ]
          ]
        ]
      }
    },
    {
      "type": "Feature",
      "properties": {
        "id": "B-556",
        "name": "检疫服务楼 22",
        "zone": "郊野／外环",
        "frontageRoad": "O-01",
        "description": "郊野／外环的检疫服务楼，按外环普通模数统一规格并沿街坊基线对齐。",
        "footprint": 1700,
        "scaleClass": "普通建筑",
        "buildingType": "检疫服务楼",
        "sizeSpec": "外环普通模数",
        "widthMeters": 50,
        "depthMeters": 34,
        "alignment": "分区街段基线",
        "streetGapMeters": 8,
        "roadSetbackMeters": 5,
        "houseNumber": 3,
        "doorPlate": "3号",
        "address": "南部课程联络路 3号",
        "layer": "buildings"
      },
      "geometry": {
        "type": "Polygon",
        "coordinates": [
          [
            [
              207,
              2392
            ],
            [
              257,
              2392
            ],
            [
              257,
              2426
            ],
            [
              207,
              2426
            ],
            [
              207,
              2392
            ]
          ]
        ]
      }
    },
    {
      "type": "Feature",
      "properties": {
        "id": "B-557",
        "name": "外围维护舍 23",
        "zone": "郊野／外环",
        "frontageRoad": "O-02",
        "description": "郊野／外环的外围维护舍，按外环普通模数统一规格并沿街坊基线对齐。",
        "footprint": 1700,
        "scaleClass": "普通建筑",
        "buildingType": "外围维护舍",
        "sizeSpec": "外环普通模数",
        "widthMeters": 50,
        "depthMeters": 34,
        "alignment": "分区街段基线",
        "streetGapMeters": 8,
        "roadSetbackMeters": 5,
        "houseNumber": 29,
        "doorPlate": "29号",
        "address": "南部后勤联络路 29号",
        "layer": "buildings"
      },
      "geometry": {
        "type": "Polygon",
        "coordinates": [
          [
            [
              2991,
              2392
            ],
            [
              3041,
              2392
            ],
            [
              3041,
              2426
            ],
            [
              2991,
              2426
            ],
            [
              2991,
              2392
            ]
          ]
        ]
      }
    },
    {
      "type": "Feature",
      "properties": {
        "id": "B-558",
        "name": "检疫服务楼 23",
        "zone": "郊野／外环",
        "frontageRoad": "O-01",
        "description": "郊野／外环的检疫服务楼，按外环普通模数统一规格并沿街坊基线对齐。",
        "footprint": 1700,
        "scaleClass": "普通建筑",
        "buildingType": "检疫服务楼",
        "sizeSpec": "外环普通模数",
        "widthMeters": 50,
        "depthMeters": 34,
        "alignment": "分区街段基线",
        "streetGapMeters": 8,
        "roadSetbackMeters": 5,
        "houseNumber": 1,
        "doorPlate": "1号",
        "address": "南部课程联络路 1号",
        "layer": "buildings"
      },
      "geometry": {
        "type": "Polygon",
        "coordinates": [
          [
            [
              149,
              2392
            ],
            [
              199,
              2392
            ],
            [
              199,
              2426
            ],
            [
              149,
              2426
            ],
            [
              149,
              2392
            ]
          ]
        ]
      }
    },
    {
      "type": "Feature",
      "properties": {
        "id": "P-A",
        "name": "学院核心",
        "kind": "landmark",
        "description": "西岸学院核心",
        "layer": "points"
      },
      "geometry": {
        "type": "Point",
        "coordinates": [
          1080,
          1050
        ]
      }
    },
    {
      "type": "Feature",
      "properties": {
        "id": "P-C",
        "name": "城市核心",
        "kind": "landmark",
        "description": "东岸城市公共核心",
        "layer": "points"
      },
      "geometry": {
        "type": "Point",
        "coordinates": [
          2220,
          1120
        ]
      }
    },
    {
      "type": "Feature",
      "properties": {
        "id": "P-M-NORTH",
        "name": "北河门",
        "kind": "entrance",
        "description": "北岸市集区河门与巡检入口",
        "layer": "points"
      },
      "geometry": {
        "type": "Point",
        "coordinates": [
          1730,
          280
        ]
      }
    },
    {
      "type": "Feature",
      "properties": {
        "id": "P-M-RIVER1",
        "name": "市政北街河门",
        "kind": "entrance",
        "description": "市政北街河岸入口",
        "layer": "points"
      },
      "geometry": {
        "type": "Point",
        "coordinates": [
          1715,
          390
        ]
      }
    },
    {
      "type": "Feature",
      "properties": {
        "id": "P-M-RIVER2",
        "name": "市集街河门",
        "kind": "entrance",
        "description": "覆顶市集街河岸入口",
        "layer": "points"
      },
      "geometry": {
        "type": "Point",
        "coordinates": [
          1785,
          830
        ]
      }
    },
    {
      "type": "Feature",
      "properties": {
        "id": "P-M-RIVER3",
        "name": "剧场街河门",
        "kind": "entrance",
        "description": "公共剧场街河岸入口",
        "layer": "points"
      },
      "geometry": {
        "type": "Point",
        "coordinates": [
          1925,
          1050
        ]
      }
    },
    {
      "type": "Feature",
      "properties": {
        "id": "P-MB",
        "name": "双核主桥西端",
        "kind": "entrance",
        "description": "步行与普通车辆主桥",
        "layer": "points"
      },
      "geometry": {
        "type": "Point",
        "coordinates": [
          1260,
          1250
        ]
      }
    },
    {
      "type": "Feature",
      "properties": {
        "id": "P-TR",
        "name": "中央巨蚓换乘站",
        "kind": "station",
        "description": "内环与跨河桥槽换乘",
        "layer": "points"
      },
      "geometry": {
        "type": "Point",
        "coordinates": [
          1900,
          1520
        ]
      }
    },
    {
      "type": "Feature",
      "properties": {
        "id": "P-WTR",
        "name": "工坊客货换乘站",
        "kind": "station",
        "description": "客运与货运分流",
        "layer": "points"
      },
      "geometry": {
        "type": "Point",
        "coordinates": [
          2760,
          1780
        ]
      }
    },
    {
      "type": "Feature",
      "properties": {
        "id": "P-ST",
        "name": "学院体育场入口",
        "kind": "entrance",
        "description": "体育课程入口",
        "layer": "points"
      },
      "geometry": {
        "type": "Point",
        "coordinates": [
          560,
          2410
        ]
      }
    },
    {
      "type": "Feature",
      "properties": {
        "id": "P-CO",
        "name": "护障对抗场入口",
        "kind": "entrance",
        "description": "护障课程入口",
        "layer": "points"
      },
      "geometry": {
        "type": "Point",
        "coordinates": [
          1260,
          2420
        ]
      }
    },
    {
      "type": "Feature",
      "properties": {
        "id": "P-TA",
        "name": "小队战术场入口",
        "kind": "entrance",
        "description": "战术课程入口",
        "layer": "points"
      },
      "geometry": {
        "type": "Point",
        "coordinates": [
          2080,
          2420
        ]
      }
    },
    {
      "type": "Feature",
      "properties": {
        "id": "P-T-RIVER",
        "name": "教学河岸门",
        "kind": "entrance",
        "description": "教学区河岸维护入口",
        "layer": "points"
      },
      "geometry": {
        "type": "Point",
        "coordinates": [
          1440,
          360
        ]
      }
    },
    {
      "type": "Feature",
      "properties": {
        "id": "P-T-CLOCK",
        "name": "学院正厅门廊入口",
        "kind": "entrance",
        "description": "学院正厅贴路门廊入口",
        "layer": "points"
      },
      "geometry": {
        "type": "Point",
        "coordinates": [
          900,
          1238
        ]
      }
    },
    {
      "type": "Feature",
      "properties": {
        "id": "P-L-RIVER",
        "name": "生活区河岸门",
        "kind": "entrance",
        "description": "生活区河岸维护入口",
        "layer": "points"
      },
      "geometry": {
        "type": "Point",
        "coordinates": [
          1430,
          2200
        ]
      }
    },
    {
      "type": "Feature",
      "properties": {
        "id": "P-S-N1",
        "name": "封存许可门",
        "kind": "entrance",
        "description": "封存受控入口",
        "layer": "points"
      },
      "geometry": {
        "type": "Point",
        "coordinates": [
          1985,
          1450
        ]
      }
    },
    {
      "type": "Feature",
      "properties": {
        "id": "P-L-RIVER-MID",
        "name": "生活南街河门",
        "kind": "entrance",
        "description": "生活南街河岸入口",
        "layer": "points"
      },
      "geometry": {
        "type": "Point",
        "coordinates": [
          1430,
          1900
        ]
      }
    },
    {
      "type": "Feature",
      "properties": {
        "id": "P-S-N2",
        "name": "隔离北门",
        "kind": "entrance",
        "description": "隔离设施入口",
        "layer": "points"
      },
      "geometry": {
        "type": "Point",
        "coordinates": [
          1885,
          1580
        ]
      }
    },
    {
      "type": "Feature",
      "properties": {
        "id": "P-S-E",
        "name": "隔离东门",
        "kind": "entrance",
        "description": "隔离设施东入口",
        "layer": "points"
      },
      "geometry": {
        "type": "Point",
        "coordinates": [
          2178,
          1600
        ]
      }
    },
    {
      "type": "Feature",
      "properties": {
        "id": "P-O-WATER",
        "name": "南部课程水岸门",
        "kind": "entrance",
        "description": "课程场水岸维护入口",
        "layer": "points"
      },
      "geometry": {
        "type": "Point",
        "coordinates": [
          1450,
          2380
        ]
      }
    },
    {
      "type": "Feature",
      "properties": {
        "id": "P-O-SW",
        "name": "西南课程门",
        "kind": "entrance",
        "description": "课程设施南门",
        "layer": "points"
      },
      "geometry": {
        "type": "Point",
        "coordinates": [
          1450,
          2740
        ]
      }
    },
    {
      "type": "Feature",
      "properties": {
        "id": "P-O-SE",
        "name": "东南水务门",
        "kind": "entrance",
        "description": "水务设施南门",
        "layer": "points"
      },
      "geometry": {
        "type": "Point",
        "coordinates": [
          1720,
          2760
        ]
      }
    },
    {
      "type": "Feature",
      "properties": {
        "id": "P-T-EAST",
        "name": "图书馆街河岸门",
        "kind": "entrance",
        "description": "教学区东侧河岸入口",
        "layer": "points"
      },
      "geometry": {
        "type": "Point",
        "coordinates": [
          1438,
          820
        ]
      }
    },
    {
      "type": "Feature",
      "properties": {
        "id": "P-S-SOUTH",
        "name": "封存南门",
        "kind": "entrance",
        "description": "封存区南部受控入口",
        "layer": "points"
      },
      "geometry": {
        "type": "Point",
        "coordinates": [
          1770,
          2260
        ]
      }
    },
    {
      "type": "Feature",
      "properties": {
        "id": "P-O-EAST",
        "name": "南部后勤水岸门",
        "kind": "entrance",
        "description": "南部后勤区水岸入口",
        "layer": "points"
      },
      "geometry": {
        "type": "Point",
        "coordinates": [
          1720,
          2380
        ]
      }
    },
    {
      "type": "Feature",
      "properties": {
        "id": "P-SV-T04",
        "name": "学院北站候车厅",
        "kind": "station",
        "description": "连接北部学府大道与巨蚓外环",
        "layer": "points"
      },
      "geometry": {
        "type": "Point",
        "coordinates": [
          1210,
          651
        ]
      }
    },
    {
      "type": "Feature",
      "properties": {
        "id": "P-SV-L08",
        "name": "生活区站房",
        "kind": "station",
        "description": "生活区与巨蚓内环换乘入口",
        "layer": "points"
      },
      "geometry": {
        "type": "Point",
        "coordinates": [
          1074,
          1787
        ]
      }
    },
    {
      "type": "Feature",
      "properties": {
        "id": "P-SV-M06",
        "name": "市集站房",
        "kind": "station",
        "description": "城市核心与巨蚓内环换乘入口",
        "layer": "points"
      },
      "geometry": {
        "type": "Point",
        "coordinates": [
          2218,
          651
        ]
      }
    },
    {
      "type": "Feature",
      "properties": {
        "id": "P-SV-W04",
        "name": "工坊换乘站房",
        "kind": "station",
        "description": "客货分流和巨蚓外环换乘",
        "layer": "points"
      },
      "geometry": {
        "type": "Point",
        "coordinates": [
          2814,
          1759.5
        ]
      }
    },
    {
      "type": "Feature",
      "properties": {
        "id": "P-SV-O01",
        "name": "北门外环站房",
        "kind": "station",
        "description": "北门检疫与巨蚓外环换乘",
        "layer": "points"
      },
      "geometry": {
        "type": "Point",
        "coordinates": [
          787.5,
          90
        ]
      }
    },
    {
      "type": "Feature",
      "properties": {
        "id": "P-SV-O02",
        "name": "南门外环站房",
        "kind": "station",
        "description": "南部课程设施与巨蚓外环换乘",
        "layer": "points"
      },
      "geometry": {
        "type": "Point",
        "coordinates": [
          3133,
          2718
        ]
      }
    }
  ]
}
