{
  "type": "FeatureCollection",
  "metadata": {
    "title": "OCC 学院城邦全域地图 v0.14",
    "coordinateSystem": "学院本地平面坐标：西北角为 (0,0)，x 向东、y 向南，单位 m。",
    "source": "Tools/AcademyMapPrototype/src/data.js",
    "generatedBy": "npm run export:geojson",
    "scope": "地图精修中的矢量母版交换格式；不包含 Unity 战斗格图。"
  },
  "features": [
    {
      "type": "Feature",
      "properties": {
        "id": "Z-TEACH",
        "name": "教学区",
        "zone": "教学区",
        "kind": "zone",
        "description": "讲堂、图书馆、公开实操与课程事务。",
        "openSpacePurpose": "教学楼间草坪、消防退界、课间集合与未来教学扩建预留。",
        "layer": "zones"
      },
      "geometry": {
        "type": "Polygon",
        "coordinates": [
          [
            [
              0,
              0
            ],
            [
              1240,
              0
            ],
            [
              1240,
              840
            ],
            [
              1040,
              904
            ],
            [
              810,
              860
            ],
            [
              600,
              912
            ],
            [
              300,
              876
            ],
            [
              0,
              924
            ],
            [
              0,
              0
            ]
          ]
        ]
      }
    },
    {
      "type": "Feature",
      "properties": {
        "id": "Z-CENTRE",
        "name": "中庭区",
        "zone": "中庭区",
        "kind": "zone",
        "description": "公共集合、食堂、社团、调度与中立审理。",
        "openSpacePurpose": "公共草坪、湖岸退界、社团活动与临时集会轮换场地。",
        "layer": "zones"
      },
      "geometry": {
        "type": "Polygon",
        "coordinates": [
          [
            [
              1240,
              0
            ],
            [
              1920,
              0
            ],
            [
              1920,
              860
            ],
            [
              1800,
              910
            ],
            [
              1610,
              880
            ],
            [
              1400,
              940
            ],
            [
              1240,
              840
            ],
            [
              1240,
              0
            ]
          ]
        ]
      }
    },
    {
      "type": "Feature",
      "properties": {
        "id": "Z-WORK",
        "name": "工坊区",
        "zone": "工坊区",
        "kind": "zone",
        "description": "校准、器材制作、材料管理与受控试储。",
        "openSpacePurpose": "防火间距、器材回转、安全隔离与未来工坊设备预留。",
        "layer": "zones"
      },
      "geometry": {
        "type": "Polygon",
        "coordinates": [
          [
            [
              1920,
              0
            ],
            [
              2920,
              0
            ],
            [
              2920,
              1000
            ],
            [
              2780,
              1000
            ],
            [
              2724,
              916
            ],
            [
              2500,
              880
            ],
            [
              2200,
              916
            ],
            [
              2000,
              882
            ],
            [
              1920,
              860
            ],
            [
              1920,
              0
            ]
          ]
        ]
      }
    },
    {
      "type": "Feature",
      "properties": {
        "id": "Z-LIVING",
        "name": "生活区",
        "zone": "生活区",
        "kind": "zone",
        "description": "宿舍、医务、洗衣、工读与学生自治。",
        "openSpacePurpose": "宿舍庭院、晾晒、社区种植、夜间照明与未来住宿扩建预留。",
        "layer": "zones"
      },
      "geometry": {
        "type": "Polygon",
        "coordinates": [
          [
            [
              0,
              924
            ],
            [
              300,
              876
            ],
            [
              600,
              912
            ],
            [
              810,
              860
            ],
            [
              1040,
              904
            ],
            [
              1240,
              840
            ],
            [
              1400,
              940
            ],
            [
              1380,
              1240
            ],
            [
              1344,
              1480
            ],
            [
              1388,
              1640
            ],
            [
              1356,
              1800
            ],
            [
              1400,
              2000
            ],
            [
              0,
              2000
            ],
            [
              0,
              924
            ]
          ]
        ]
      }
    },
    {
      "type": "Feature",
      "properties": {
        "id": "Z-MARKET",
        "name": "市集区",
        "zone": "市集区",
        "kind": "zone",
        "description": "补给、兑换、访客客舍和转运。",
        "openSpacePurpose": "排队、消防、临时摊位、装卸回转与节庆集市预留。",
        "layer": "zones"
      },
      "geometry": {
        "type": "Polygon",
        "coordinates": [
          [
            [
              1400,
              940
            ],
            [
              1610,
              880
            ],
            [
              1800,
              910
            ],
            [
              1920,
              860
            ],
            [
              2000,
              882
            ],
            [
              2000,
              2000
            ],
            [
              1400,
              2000
            ],
            [
              1356,
              1800
            ],
            [
              1388,
              1640
            ],
            [
              1344,
              1480
            ],
            [
              1380,
              1240
            ],
            [
              1400,
              940
            ]
          ]
        ]
      }
    },
    {
      "type": "Feature",
      "properties": {
        "id": "Z-SEALED",
        "name": "封存区",
        "zone": "封存区",
        "kind": "zone",
        "description": "受控档案、遗物、隔离与核心维护。",
        "openSpacePurpose": "警戒退界、撤离集结、观察缓冲与不得建造区。",
        "layer": "zones"
      },
      "geometry": {
        "type": "Polygon",
        "coordinates": [
          [
            [
              2000,
              882
            ],
            [
              2200,
              916
            ],
            [
              2500,
              880
            ],
            [
              2724,
              916
            ],
            [
              2780,
              1000
            ],
            [
              2800,
              1140
            ],
            [
              2768,
              1400
            ],
            [
              2800,
              1670
            ],
            [
              2740,
              2000
            ],
            [
              2000,
              2000
            ],
            [
              2000,
              882
            ]
          ]
        ]
      }
    },
    {
      "type": "Feature",
      "properties": {
        "id": "Z-OUTER-NE",
        "name": "东侧服务外环",
        "zone": "郊野／外环",
        "kind": "zone",
        "description": "服务门和东侧缓冲带。",
        "openSpacePurpose": "服务门护障退界、检修回转与生态缓冲。",
        "layer": "zones"
      },
      "geometry": {
        "type": "Polygon",
        "coordinates": [
          [
            [
              2920,
              0
            ],
            [
              3200,
              0
            ],
            [
              3200,
              1000
            ],
            [
              2920,
              1000
            ],
            [
              2920,
              0
            ]
          ]
        ]
      }
    },
    {
      "type": "Feature",
      "properties": {
        "id": "Z-OUTER-E",
        "name": "东侧生态外环",
        "zone": "郊野／外环",
        "kind": "zone",
        "description": "生态、护障和受控服务路线。",
        "openSpacePurpose": "护障巡检、生态恢复、魔法生物管理与安全退界。",
        "layer": "zones"
      },
      "geometry": {
        "type": "Polygon",
        "coordinates": [
          [
            [
              2920,
              1000
            ],
            [
              3200,
              1000
            ],
            [
              3200,
              2000
            ],
            [
              2740,
              2000
            ],
            [
              2800,
              1670
            ],
            [
              2768,
              1400
            ],
            [
              2800,
              1140
            ],
            [
              2780,
              1000
            ],
            [
              2920,
              1000
            ]
          ]
        ]
      }
    },
    {
      "type": "Feature",
      "properties": {
        "id": "Z-OUTER-S",
        "name": "南部郊野外环",
        "zone": "郊野／外环",
        "kind": "zone",
        "description": "旧校区、雨后灯庭、观测、生态和外环维护。",
        "openSpacePurpose": "实地课程、自然水岸、旧校区遗迹、生态恢复与远期扩展。",
        "layer": "zones"
      },
      "geometry": {
        "type": "Polygon",
        "coordinates": [
          [
            [
              0,
              2000
            ],
            [
              1400,
              2000
            ],
            [
              2000,
              2000
            ],
            [
              2740,
              2000
            ],
            [
              3200,
              2000
            ],
            [
              3200,
              2800
            ],
            [
              0,
              2800
            ],
            [
              0,
              2000
            ]
          ]
        ]
      }
    },
    {
      "type": "Feature",
      "properties": {
        "id": "G-WATER-01",
        "name": "学院内河—中庭湖连续水系",
        "zone": "教学区／中庭区／生活区／市集区／郊野外环",
        "kind": "water",
        "description": "从西北缓流进入中庭湖，经南部河道汇入外环排水渠；河、湖、出水口和下游渠在几何上是同一连续水体，不再用相互分离的图块拼接。",
        "waterSystem": "academy-main",
        "layer": "terrain"
      },
      "geometry": {
        "type": "Polygon",
        "coordinates": [
          [
            [
              32,
              2301.6
            ],
            [
              737.6,
              2282
            ],
            [
              1247.2,
              2317.28
            ],
            [
              1302.08,
              2301.6
            ],
            [
              1313.84,
              2184
            ],
            [
              1302.08,
              2007.6
            ],
            [
              1286.4,
              1890
            ],
            [
              1278.56,
              1768.48
            ],
            [
              1298.16,
              1635.2
            ],
            [
              1270.72,
              1517.6
            ],
            [
              1286.4,
              1400
            ],
            [
              1247.2,
              1302
            ],
            [
              1223.68,
              1204
            ],
            [
              1188.4,
              1172.64
            ],
            [
              1119.8,
              1164.8
            ],
            [
              1061,
              1141.28
            ],
            [
              1008.08,
              1098.16
            ],
            [
              984.56,
              1031.52
            ],
            [
              984.56,
              968.8
            ],
            [
              843.44,
              953.12
            ],
            [
              620,
              980.56
            ],
            [
              404.4,
              976.64
            ],
            [
              326,
              945.28
            ],
            [
              218.2,
              906.08
            ],
            [
              -7.2,
              886.48
            ],
            [
              -7.2,
              821.8
            ],
            [
              188.8,
              839.44
            ],
            [
              306.4,
              870.8
            ],
            [
              375,
              900.2
            ],
            [
              433.8,
              913.92
            ],
            [
              620,
              917.84
            ],
            [
              835.6,
              906.08
            ],
            [
              972.8,
              890.4
            ],
            [
              1051.2,
              851.2
            ],
            [
              1139.4,
              839.44
            ],
            [
              1227.6,
              851.2
            ],
            [
              1298.16,
              890.4
            ],
            [
              1345.2,
              949.2
            ],
            [
              1364.8,
              1027.6
            ],
            [
              1353.04,
              1102.08
            ],
            [
              1321.68,
              1160.88
            ],
            [
              1298.16,
              1223.6
            ],
            [
              1309.92,
              1302
            ],
            [
              1337.36,
              1400
            ],
            [
              1329.52,
              1517.6
            ],
            [
              1356.96,
              1635.2
            ],
            [
              1341.28,
              1760.64
            ],
            [
              1374.6,
              1886.08
            ],
            [
              1356.96,
              2007.6
            ],
            [
              1368.72,
              2184
            ],
            [
              1384.4,
              2305.52
            ],
            [
              1600,
              2291.8
            ],
            [
              1600,
              2356.48
            ],
            [
              1247.2,
              2380
            ],
            [
              737.6,
              2350.6
            ],
            [
              32,
              2372.16
            ],
            [
              32,
              2301.6
            ]
          ]
        ]
      }
    },
    {
      "type": "Feature",
      "properties": {
        "id": "G-T01",
        "name": "讲学前庭",
        "zone": "教学区",
        "kind": "courtyard",
        "footprint": 8050,
        "description": "西门、讲堂和共同讲学楼之间的公共前庭。",
        "layer": "terrain"
      },
      "geometry": {
        "type": "Polygon",
        "coordinates": [
          [
            [
              188.8,
              410.2
            ],
            [
              414.2,
              410.2
            ],
            [
              414.2,
              547.4
            ],
            [
              188.8,
              547.4
            ],
            [
              188.8,
              410.2
            ]
          ]
        ]
      }
    },
    {
      "type": "Feature",
      "properties": {
        "id": "G-T02",
        "name": "图书馆静读庭",
        "zone": "教学区",
        "kind": "green",
        "footprint": 8250,
        "description": "图书馆、研读翼和课程事务楼之间的低噪庭院。",
        "layer": "terrain"
      },
      "geometry": {
        "type": "Polygon",
        "coordinates": [
          [
            [
              718,
              429.8
            ],
            [
              963,
              429.8
            ],
            [
              963,
              559.16
            ],
            [
              718,
              559.16
            ],
            [
              718,
              429.8
            ]
          ]
        ]
      }
    },
    {
      "type": "Feature",
      "properties": {
        "id": "G-T03",
        "name": "实操集合坪",
        "zone": "教学区",
        "kind": "paved",
        "footprint": 17850,
        "description": "基础实操堂的集合、说明与设备交接外场。",
        "layer": "terrain"
      },
      "geometry": {
        "type": "Polygon",
        "coordinates": [
          [
            [
              444.58,
              741.93
            ],
            [
              815.02,
              741.93
            ],
            [
              815.02,
              891.87
            ],
            [
              444.58,
              891.87
            ],
            [
              444.58,
              741.93
            ]
          ]
        ]
      }
    },
    {
      "type": "Feature",
      "properties": {
        "id": "G-C01",
        "name": "食堂前坪",
        "zone": "中庭区",
        "kind": "paved",
        "footprint": 4875,
        "description": "高峰餐食、公告和小型公开活动的外场。",
        "layer": "terrain"
      },
      "geometry": {
        "type": "Polygon",
        "coordinates": [
          [
            [
              1247.2,
              106.4
            ],
            [
              1374.6,
              106.4
            ],
            [
              1374.6,
              253.4
            ],
            [
              1247.2,
              253.4
            ],
            [
              1247.2,
              106.4
            ]
          ]
        ]
      }
    },
    {
      "type": "Feature",
      "properties": {
        "id": "G-C02",
        "name": "中庭集合坪",
        "zone": "中庭区",
        "kind": "courtyard",
        "footprint": 11025,
        "description": "树荫、公告、雨廊、桌椅和集合空间。",
        "layer": "terrain"
      },
      "geometry": {
        "type": "Polygon",
        "coordinates": [
          [
            [
              1278.07,
              492.03
            ],
            [
              1833.73,
              492.03
            ],
            [
              1833.73,
              553.77
            ],
            [
              1278.07,
              553.77
            ],
            [
              1278.07,
              492.03
            ]
          ]
        ]
      }
    },
    {
      "type": "Feature",
      "properties": {
        "id": "G-C03",
        "name": "社团草坪",
        "zone": "中庭区",
        "kind": "green",
        "footprint": 3600,
        "description": "社团演示、休息和非正式练习。",
        "layer": "terrain"
      },
      "geometry": {
        "type": "Polygon",
        "coordinates": [
          [
            [
              1247.2,
              576.8
            ],
            [
              1364.8,
              576.8
            ],
            [
              1364.8,
              694.4
            ],
            [
              1247.2,
              694.4
            ],
            [
              1247.2,
              576.8
            ]
          ]
        ]
      }
    },
    {
      "type": "Feature",
      "properties": {
        "id": "G-W01",
        "name": "校准装卸坪",
        "zone": "工坊区",
        "kind": "paved",
        "footprint": 14040,
        "description": "器材卸货、初检和公共校准排队区。",
        "layer": "terrain"
      },
      "geometry": {
        "type": "Polygon",
        "coordinates": [
          [
            [
              1952.8,
              341.6
            ],
            [
              2335,
              341.6
            ],
            [
              2335,
              482.72
            ],
            [
              1952.8,
              482.72
            ],
            [
              1952.8,
              341.6
            ]
          ]
        ]
      }
    },
    {
      "type": "Feature",
      "properties": {
        "id": "G-W02",
        "name": "试储隔离带",
        "zone": "工坊区",
        "kind": "restricted",
        "footprint": 11500,
        "description": "试储与导能楼东侧的非课堂安全缓冲。",
        "layer": "terrain"
      },
      "geometry": {
        "type": "Polygon",
        "coordinates": [
          [
            [
              2736.8,
              135.8
            ],
            [
              2834.8,
              135.8
            ],
            [
              2834.8,
              586.6
            ],
            [
              2736.8,
              586.6
            ],
            [
              2736.8,
              135.8
            ]
          ]
        ]
      }
    },
    {
      "type": "Feature",
      "properties": {
        "id": "G-W03",
        "name": "工坊作业院",
        "zone": "工坊区",
        "kind": "paved",
        "footprint": 9500,
        "description": "公开维修训练、工具交接和工读作业外场。",
        "layer": "terrain"
      },
      "geometry": {
        "type": "Polygon",
        "coordinates": [
          [
            [
              2393.8,
              674.8
            ],
            [
              2580,
              674.8
            ],
            [
              2580,
              870.8
            ],
            [
              2393.8,
              870.8
            ],
            [
              2393.8,
              674.8
            ]
          ]
        ]
      }
    },
    {
      "type": "Feature",
      "properties": {
        "id": "G-L01",
        "name": "基础学部庭院",
        "zone": "生活区",
        "kind": "courtyard",
        "footprint": 9900,
        "description": "共同基础宿舍与院系宿舍之间的线性庭院。",
        "layer": "terrain"
      },
      "geometry": {
        "type": "Polygon",
        "coordinates": [
          [
            [
              306.4,
              1076.6
            ],
            [
              365.2,
              1076.6
            ],
            [
              365.2,
              1723.4
            ],
            [
              306.4,
              1723.4
            ],
            [
              306.4,
              1076.6
            ]
          ]
        ]
      }
    },
    {
      "type": "Feature",
      "properties": {
        "id": "G-L02",
        "name": "院系宿舍庭院",
        "zone": "生活区",
        "kind": "courtyard",
        "footprint": 19800,
        "description": "院系宿舍与生活服务组之间的共用庭院。",
        "layer": "terrain"
      },
      "geometry": {
        "type": "Polygon",
        "coordinates": [
          [
            [
              547.48,
              1108.94
            ],
            [
              653.32,
              1108.94
            ],
            [
              653.32,
              1691.06
            ],
            [
              547.48,
              1691.06
            ],
            [
              547.48,
              1108.94
            ]
          ]
        ]
      }
    },
    {
      "type": "Feature",
      "properties": {
        "id": "G-L03",
        "name": "医务花园",
        "zone": "生活区",
        "kind": "green",
        "footprint": 8050,
        "description": "医务室外的等候、恢复和安静通行空间。",
        "layer": "terrain"
      },
      "geometry": {
        "type": "Polygon",
        "coordinates": [
          [
            [
              894.4,
              1321.6
            ],
            [
              1119.8,
              1321.6
            ],
            [
              1119.8,
              1458.8
            ],
            [
              894.4,
              1458.8
            ],
            [
              894.4,
              1321.6
            ]
          ]
        ]
      }
    },
    {
      "type": "Feature",
      "properties": {
        "id": "G-L04",
        "name": "夜间灯廊",
        "zone": "生活区",
        "kind": "paved",
        "footprint": 5400,
        "description": "夜间公共屋与特殊班附属楼之间的照明步行区。",
        "layer": "terrain"
      },
      "geometry": {
        "type": "Polygon",
        "coordinates": [
          [
            [
              708.2,
              1596
            ],
            [
              1061,
              1596
            ],
            [
              1061,
              1654.8
            ],
            [
              708.2,
              1654.8
            ],
            [
              708.2,
              1596
            ]
          ]
        ]
      }
    },
    {
      "type": "Feature",
      "properties": {
        "id": "G-M01",
        "name": "市集北坪",
        "zone": "市集区",
        "kind": "paved",
        "footprint": 5750,
        "description": "覆顶市集厅与固定摊位之间的临时交易外场。",
        "layer": "terrain"
      },
      "geometry": {
        "type": "Polygon",
        "coordinates": [
          [
            [
              1443.2,
              1188.32
            ],
            [
              1933.2,
              1188.32
            ],
            [
              1933.2,
              1233.4
            ],
            [
              1443.2,
              1233.4
            ],
            [
              1443.2,
              1188.32
            ]
          ]
        ]
      }
    },
    {
      "type": "Feature",
      "properties": {
        "id": "G-M02",
        "name": "市集货运院",
        "zone": "市集区",
        "kind": "paved",
        "footprint": 2200,
        "description": "转运与车队屋东侧的交接和普通货物临停区。",
        "layer": "terrain"
      },
      "geometry": {
        "type": "Polygon",
        "coordinates": [
          [
            [
              1639.2,
              1478.4
            ],
            [
              1717.6,
              1478.4
            ],
            [
              1717.6,
              1586.2
            ],
            [
              1639.2,
              1586.2
            ],
            [
              1639.2,
              1478.4
            ]
          ]
        ]
      }
    },
    {
      "type": "Feature",
      "properties": {
        "id": "G-M03",
        "name": "客舍前院",
        "zone": "市集区",
        "kind": "courtyard",
        "footprint": 3200,
        "description": "客舍西侧的访客登记、等候和公开会面外场。",
        "layer": "terrain"
      },
      "geometry": {
        "type": "Polygon",
        "coordinates": [
          [
            [
              1423.6,
              1615.6
            ],
            [
              1502,
              1615.6
            ],
            [
              1502,
              1772.4
            ],
            [
              1423.6,
              1772.4
            ],
            [
              1423.6,
              1615.6
            ]
          ]
        ]
      }
    },
    {
      "type": "Feature",
      "properties": {
        "id": "G-S01",
        "name": "封存外缓冲庭",
        "zone": "封存区",
        "kind": "restricted",
        "footprint": 5550,
        "description": "档案库与观察设施之间的公开许可缓冲区。",
        "layer": "terrain"
      },
      "geometry": {
        "type": "Polygon",
        "coordinates": [
          [
            [
              2001.8,
              1223.6
            ],
            [
              2727,
              1223.6
            ],
            [
              2727,
              1253
            ],
            [
              2001.8,
              1253
            ],
            [
              2001.8,
              1223.6
            ]
          ]
        ]
      }
    },
    {
      "type": "Feature",
      "properties": {
        "id": "G-S02",
        "name": "封存内缓冲庭",
        "zone": "封存区",
        "kind": "restricted",
        "footprint": 12500,
        "description": "核心维护、值守和处置工坊南侧的受控缓冲。",
        "layer": "terrain"
      },
      "geometry": {
        "type": "Polygon",
        "coordinates": [
          [
            [
              2168.4,
              1674.4
            ],
            [
              2658.4,
              1674.4
            ],
            [
              2658.4,
              1772.4
            ],
            [
              2168.4,
              1772.4
            ],
            [
              2168.4,
              1674.4
            ]
          ]
        ]
      }
    },
    {
      "type": "Feature",
      "properties": {
        "id": "G-O01",
        "name": "旧校区石基",
        "zone": "郊野／外环",
        "kind": "terrain",
        "footprint": 13650,
        "description": "保留的旧校区外庭与石基。",
        "layer": "terrain"
      },
      "geometry": {
        "type": "Polygon",
        "coordinates": [
          [
            [
              228,
              2144.8
            ],
            [
              639.6,
              2144.8
            ],
            [
              639.6,
              2272.2
            ],
            [
              228,
              2272.2
            ],
            [
              228,
              2144.8
            ]
          ]
        ]
      }
    },
    {
      "type": "Feature",
      "properties": {
        "id": "G-O02",
        "name": "雨后灯庭北庭",
        "zone": "郊野／外环",
        "kind": "courtyard",
        "footprint": 8750,
        "description": "旧校区外庭北部的灯藤课程场地。",
        "layer": "terrain"
      },
      "geometry": {
        "type": "Polygon",
        "coordinates": [
          [
            [
              874.8,
              2095.8
            ],
            [
              1217.8,
              2095.8
            ],
            [
              1217.8,
              2193.8
            ],
            [
              874.8,
              2193.8
            ],
            [
              874.8,
              2095.8
            ]
          ]
        ]
      }
    },
    {
      "type": "Feature",
      "properties": {
        "id": "G-O02B",
        "name": "雨后灯庭南庭",
        "zone": "郊野／外环",
        "kind": "courtyard",
        "footprint": 2800,
        "description": "浅水沟与南部排水渠之间的石板课程带。",
        "layer": "terrain"
      },
      "geometry": {
        "type": "Polygon",
        "coordinates": [
          [
            [
              874.8,
              2246.72
            ],
            [
              1217.8,
              2246.72
            ],
            [
              1217.8,
              2278.08
            ],
            [
              874.8,
              2278.08
            ],
            [
              874.8,
              2246.72
            ]
          ]
        ]
      }
    },
    {
      "type": "Feature",
      "properties": {
        "id": "G-O03",
        "name": "雨后灯庭浅水沟",
        "zone": "郊野／外环",
        "kind": "water",
        "footprint": 1980,
        "description": "降雨后保留的浅水排水沟，供环境课程观察。",
        "layer": "terrain"
      },
      "geometry": {
        "type": "Polygon",
        "coordinates": [
          [
            [
              943.4,
              2203.6
            ],
            [
              1159,
              2203.6
            ],
            [
              1159,
              2238.88
            ],
            [
              943.4,
              2238.88
            ],
            [
              943.4,
              2203.6
            ]
          ]
        ]
      }
    },
    {
      "type": "Feature",
      "properties": {
        "id": "G-O04",
        "name": "生态与训练草地",
        "zone": "郊野／外环",
        "kind": "green",
        "footprint": 17600,
        "description": "魔法生物管理舍东侧的受控训练与环境课程草地。",
        "layer": "terrain"
      },
      "geometry": {
        "type": "Polygon",
        "coordinates": [
          [
            [
              2560.4,
              2017.4
            ],
            [
              2776,
              2017.4
            ],
            [
              2776,
              2331
            ],
            [
              2560.4,
              2331
            ],
            [
              2560.4,
              2017.4
            ]
          ]
        ]
      }
    },
    {
      "type": "Feature",
      "properties": {
        "id": "G-O05",
        "name": "温室种植地",
        "zone": "郊野／外环",
        "kind": "green",
        "footprint": 18000,
        "description": "环境温室东侧的药材、灯藤样本和栽培区。",
        "layer": "terrain"
      },
      "geometry": {
        "type": "Polygon",
        "coordinates": [
          [
            [
              2335,
              2380
            ],
            [
              2629,
              2380
            ],
            [
              2629,
              2615.2
            ],
            [
              2335,
              2615.2
            ],
            [
              2335,
              2380
            ]
          ]
        ]
      }
    },
    {
      "type": "Feature",
      "properties": {
        "id": "G-O06",
        "name": "学院体育场",
        "zone": "郊野／外环",
        "kind": "sports",
        "description": "体育课程、学院赛事与公共锻炼使用的椭圆场；外围包含跑道和安全退界。",
        "layer": "terrain"
      },
      "geometry": {
        "type": "Polygon",
        "coordinates": [
          [
            [
              718,
              2566.2
            ],
            [
              1227.6,
              2566.2
            ],
            [
              1276.6,
              2595.6
            ],
            [
              1296.2,
              2654.4
            ],
            [
              1276.6,
              2713.2
            ],
            [
              1227.6,
              2742.6
            ],
            [
              718,
              2742.6
            ],
            [
              669,
              2713.2
            ],
            [
              649.4,
              2654.4
            ],
            [
              669,
              2595.6
            ],
            [
              718,
              2566.2
            ]
          ]
        ]
      }
    },
    {
      "type": "Feature",
      "properties": {
        "id": "G-O07",
        "name": "护障对抗场",
        "zone": "郊野／外环",
        "kind": "combat",
        "description": "在可中止护障内进行的非致命课程对抗、裁判考核与安全演练。",
        "layer": "terrain"
      },
      "geometry": {
        "type": "Polygon",
        "coordinates": [
          [
            [
              218.2,
              2517.2
            ],
            [
              551.4,
              2517.2
            ],
            [
              580.8,
              2546.6
            ],
            [
              580.8,
              2703.4
            ],
            [
              551.4,
              2732.8
            ],
            [
              218.2,
              2732.8
            ],
            [
              188.8,
              2703.4
            ],
            [
              188.8,
              2546.6
            ],
            [
              218.2,
              2517.2
            ]
          ]
        ]
      }
    },
    {
      "type": "Feature",
      "properties": {
        "id": "G-O08",
        "name": "小队战术训练场",
        "zone": "郊野／外环",
        "kind": "training",
        "description": "用于掩体、路线、协作、撤离和任务分工训练的可重构场地。",
        "layer": "terrain"
      },
      "geometry": {
        "type": "Polygon",
        "coordinates": [
          [
            [
              1325.6,
              2576
            ],
            [
              1639.2,
              2576
            ],
            [
              1639.2,
              2742.6
            ],
            [
              1521.6,
              2742.6
            ],
            [
              1482.4,
              2693.6
            ],
            [
              1404,
              2742.6
            ],
            [
              1325.6,
              2742.6
            ],
            [
              1325.6,
              2576
            ]
          ]
        ]
      }
    },
    {
      "type": "Feature",
      "properties": {
        "id": "R-01",
        "name": "公共主步道",
        "roadClass": "主步道",
        "width": 12,
        "description": "贯穿西门、教学、中庭与东侧工坊的公共骨架路，两端均接校园边界。",
        "layer": "roads"
      },
      "geometry": {
        "type": "LineString",
        "coordinates": [
          [
            32,
            518
          ],
          [
            188.8,
            518
          ],
          [
            404.4,
            518
          ],
          [
            424,
            518
          ],
          [
            620,
            498.4
          ],
          [
            933.6,
            439.6
          ],
          [
            1129.6,
            439.6
          ],
          [
            1247.2,
            518
          ],
          [
            1521.6,
            518
          ],
          [
            1580.4,
            518
          ],
          [
            1796,
            518
          ],
          [
            1913.6,
            616
          ],
          [
            2148.8,
            674.8
          ],
          [
            2384,
            674.8
          ],
          [
            2874,
            616
          ],
          [
            3168,
            616
          ]
        ]
      }
    },
    {
      "type": "Feature",
      "properties": {
        "id": "R-02",
        "name": "学生日常路",
        "roadClass": "主步道",
        "width": 10,
        "description": "顺中庭湖东岸保持岸线退界，并接入湖畔南桥。",
        "layer": "roads"
      },
      "geometry": {
        "type": "LineString",
        "coordinates": [
          [
            1521.6,
            518
          ],
          [
            1521.6,
            812
          ],
          [
            1443.2,
            870.8
          ],
          [
            1423.6,
            949.2
          ],
          [
            1404,
            1086.4
          ],
          [
            1335.4,
            1174.6
          ]
        ]
      }
    },
    {
      "type": "Feature",
      "properties": {
        "id": "R-02B",
        "name": "学生日常路南段",
        "roadClass": "主步道",
        "width": 10,
        "description": "从湖畔南桥西端经过生活服务组，止于洗衣与浴室南侧入口。",
        "layer": "roads"
      },
      "geometry": {
        "type": "LineString",
        "coordinates": [
          [
            1188.4,
            1174.6
          ],
          [
            1149.2,
            1302
          ],
          [
            1208,
            1419.6
          ],
          [
            874.8,
            1419.6
          ],
          [
            778.76,
            1419.6
          ],
          [
            778.76,
            1400
          ]
        ]
      }
    },
    {
      "type": "Feature",
      "properties": {
        "id": "R-03",
        "name": "维护环道",
        "roadClass": "维护道",
        "width": 8,
        "description": "从公共主步道绕过工坊与封存建筑，并以东侧服务门为明确终点。",
        "layer": "roads"
      },
      "geometry": {
        "type": "LineString",
        "coordinates": [
          [
            1913.6,
            616
          ],
          [
            1913.6,
            674.8
          ],
          [
            2070.4,
            674.8
          ],
          [
            2090,
            870.8
          ],
          [
            2188,
            1008
          ],
          [
            2090,
            1047.2
          ],
          [
            2090,
            1302
          ],
          [
            1992,
            1360.8
          ],
          [
            1992,
            1478.4
          ],
          [
            1992,
            1694
          ],
          [
            2384,
            1792
          ],
          [
            2717.2,
            1792
          ],
          [
            2874,
            1694
          ],
          [
            2952.4,
            1556.8
          ],
          [
            2952.4,
            1517.6
          ],
          [
            3109.2,
            1517.6
          ]
        ]
      }
    },
    {
      "type": "Feature",
      "properties": {
        "id": "R-04A",
        "name": "外环巡检道西段",
        "roadClass": "维护道",
        "width": 8,
        "description": "由西侧外环进入，沿旧校区北缘通往内河巡检桥。",
        "layer": "roads"
      },
      "geometry": {
        "type": "LineString",
        "coordinates": [
          [
            32,
            2017.4
          ],
          [
            228,
            2027.2
          ],
          [
            816,
            2066.4
          ],
          [
            1266.8,
            2095.8
          ]
        ]
      }
    },
    {
      "type": "Feature",
      "properties": {
        "id": "R-04B",
        "name": "外环巡检道东段",
        "roadClass": "维护道",
        "width": 8,
        "description": "由内河巡检桥连接生态设施，并在封存区东南角接入维护环道。",
        "layer": "roads"
      },
      "geometry": {
        "type": "LineString",
        "coordinates": [
          [
            1404,
            2105.6
          ],
          [
            1796,
            2105.6
          ],
          [
            1992,
            2105.6
          ],
          [
            2619.2,
            2105.6
          ],
          [
            2776,
            2184
          ],
          [
            2972,
            2340.8
          ],
          [
            3109.2,
            2184
          ],
          [
            3109.2,
            1792
          ],
          [
            2874,
            1694
          ]
        ]
      }
    },
    {
      "type": "Feature",
      "properties": {
        "id": "R-04-B01",
        "name": "内河巡检桥",
        "roadClass": "桥梁",
        "width": 8,
        "description": "外环巡检道跨越学院内河南段的维护桥。",
        "layer": "roads"
      },
      "geometry": {
        "type": "LineString",
        "coordinates": [
          [
            1266.8,
            2095.8
          ],
          [
            1404,
            2105.6
          ]
        ]
      }
    },
    {
      "type": "Feature",
      "properties": {
        "id": "R-05",
        "name": "市集南路",
        "roadClass": "主步道",
        "width": 10,
        "description": "从公共主步道以清晰直角路口南下，连接市集三街、外环与南市门。",
        "layer": "roads"
      },
      "geometry": {
        "type": "LineString",
        "coordinates": [
          [
            1796,
            518
          ],
          [
            1796,
            1008
          ],
          [
            1698,
            1008
          ],
          [
            1698,
            1204
          ],
          [
            1962.6,
            1204
          ],
          [
            1962.6,
            1390.2
          ],
          [
            1962.6,
            1566.6
          ],
          [
            1962.6,
            1792
          ],
          [
            1796,
            1831.2
          ],
          [
            1796,
            1988
          ],
          [
            1796,
            2105.6
          ],
          [
            1796,
            2536.8
          ],
          [
            1698,
            2693.6
          ]
        ]
      }
    },
    {
      "type": "Feature",
      "properties": {
        "id": "B-03",
        "name": "湖畔南桥",
        "roadClass": "桥梁",
        "width": 6,
        "description": "跨过中庭湖的南部溢流口，连接学生日常路两段。",
        "layer": "roads"
      },
      "geometry": {
        "type": "LineString",
        "coordinates": [
          [
            1188.4,
            1174.6
          ],
          [
            1335.4,
            1174.6
          ]
        ]
      }
    },
    {
      "type": "Feature",
      "properties": {
        "id": "B-04",
        "name": "生活市集桥",
        "roadClass": "桥梁",
        "width": 6,
        "description": "跨内河南段并直接接入市集西巷的日常小桥。",
        "layer": "roads"
      },
      "geometry": {
        "type": "LineString",
        "coordinates": [
          [
            1266.8,
            1517.6
          ],
          [
            1413.8,
            1517.6
          ]
        ]
      }
    },
    {
      "type": "Feature",
      "properties": {
        "id": "TR-01A",
        "name": "驮轨巨蚓通勤环线东段",
        "roadClass": "生物列车轨道",
        "width": 9,
        "description": "固定导轨槽沿核心建筑群外缘运行，南段在内河处进入专用桥槽。",
        "routeId": "TR-01",
        "layer": "roads"
      },
      "geometry": {
        "type": "LineString",
        "coordinates": [
          [
            51.6,
            812
          ],
          [
            51.6,
            733.6
          ],
          [
            424,
            733.6
          ],
          [
            855.2,
            772.8
          ],
          [
            1129.6,
            831.6
          ],
          [
            1404,
            831.6
          ],
          [
            1796,
            812
          ],
          [
            1913.6,
            812
          ],
          [
            2031.2,
            870.8
          ],
          [
            2384,
            870.8
          ],
          [
            2776,
            910
          ],
          [
            2991.6,
            1106
          ],
          [
            3128.8,
            1478.4
          ],
          [
            2972,
            1792
          ],
          [
            2736.8,
            2046.8
          ],
          [
            1992,
            2046.8
          ],
          [
            1404,
            2046.8
          ]
        ]
      }
    },
    {
      "type": "Feature",
      "properties": {
        "id": "TR-01B",
        "name": "驮轨巨蚓通勤环线西南段",
        "roadClass": "生物列车轨道",
        "width": 9,
        "description": "从南部内河桥西端沿生活区外缘回到西门段，形成连续环线。",
        "routeId": "TR-01",
        "layer": "roads"
      },
      "geometry": {
        "type": "LineString",
        "coordinates": [
          [
            1247.2,
            2046.8
          ],
          [
            816,
            2046.8
          ],
          [
            326,
            1988
          ],
          [
            51.6,
            1988
          ],
          [
            51.6,
            1694
          ],
          [
            51.6,
            1204
          ],
          [
            51.6,
            910
          ]
        ]
      }
    },
    {
      "type": "Feature",
      "properties": {
        "id": "TR-B01",
        "name": "驮轨巨蚓西河桥",
        "roadClass": "生物列车桥梁",
        "width": 9,
        "description": "通勤环线跨越学院内河的专用低坡桥槽。",
        "routeId": "TR-01",
        "layer": "roads"
      },
      "geometry": {
        "type": "LineString",
        "coordinates": [
          [
            51.6,
            812
          ],
          [
            51.6,
            910
          ]
        ]
      }
    },
    {
      "type": "Feature",
      "properties": {
        "id": "TR-B02",
        "name": "驮轨巨蚓南河桥",
        "roadClass": "生物列车桥梁",
        "width": 9,
        "description": "通勤环线跨越内河南段的专用低坡桥槽。",
        "routeId": "TR-01",
        "layer": "roads"
      },
      "geometry": {
        "type": "LineString",
        "coordinates": [
          [
            1247.2,
            2046.8
          ],
          [
            1404,
            2046.8
          ]
        ]
      }
    },
    {
      "type": "Feature",
      "properties": {
        "id": "T-P05",
        "name": "西侧教室入口路",
        "roadClass": "支路",
        "width": 5,
        "description": "从教学前庭步道接至西侧基础教室东侧入口。",
        "layer": "roads"
      },
      "geometry": {
        "type": "LineString",
        "coordinates": [
          [
            188.8,
            588.56
          ],
          [
            180.96,
            645.4
          ]
        ]
      }
    },
    {
      "type": "Feature",
      "properties": {
        "id": "T-P01",
        "name": "教学前庭步道",
        "roadClass": "支路",
        "width": 6,
        "description": "从公共主步道单点分出，沿讲堂前庭正向接近课程事务楼东侧入口，不与主路叠线。",
        "layer": "roads"
      },
      "geometry": {
        "type": "LineString",
        "coordinates": [
          [
            188.8,
            518
          ],
          [
            188.8,
            588.56
          ],
          [
            620,
            588.56
          ],
          [
            933.6,
            588.56
          ],
          [
            1129.6,
            596.4
          ],
          [
            1129.6,
            537.6
          ],
          [
            1117.84,
            537.6
          ]
        ]
      }
    },
    {
      "type": "Feature",
      "properties": {
        "id": "T-P02",
        "name": "东讲堂入口路",
        "roadClass": "支路",
        "width": 6,
        "description": "从公共主步道进入东讲堂南侧入口，终点与建筑门廊对齐。",
        "layer": "roads"
      },
      "geometry": {
        "type": "LineString",
        "coordinates": [
          [
            404.4,
            518
          ],
          [
            404.4,
            371
          ],
          [
            298.56,
            371
          ],
          [
            298.56,
            259.28
          ]
        ]
      }
    },
    {
      "type": "Feature",
      "properties": {
        "id": "T-P02B",
        "name": "共同讲学楼西入口路",
        "roadClass": "支路",
        "width": 6,
        "description": "从讲堂入口路分出，止于共同讲学楼西侧门廊。",
        "layer": "roads"
      },
      "geometry": {
        "type": "LineString",
        "coordinates": [
          [
            404.4,
            371
          ],
          [
            451.44,
            371
          ],
          [
            451.44,
            267.12
          ]
        ]
      }
    },
    {
      "type": "Feature",
      "properties": {
        "id": "T-P03",
        "name": "图书馆前路",
        "roadClass": "支路",
        "width": 5,
        "description": "由共同讲学楼东侧入口经过图书馆前区并接入公共主步道。",
        "layer": "roads"
      },
      "geometry": {
        "type": "LineString",
        "coordinates": [
          [
            694.48,
            282.8
          ],
          [
            1110,
            282.8
          ],
          [
            1129.6,
            439.6
          ]
        ]
      }
    },
    {
      "type": "Feature",
      "properties": {
        "id": "T-P04",
        "name": "实操堂侧路",
        "roadClass": "支路",
        "width": 5,
        "description": "从公共主步道绕过实操堂并正向接近研究课堂楼东侧入口。",
        "layer": "roads"
      },
      "geometry": {
        "type": "LineString",
        "coordinates": [
          [
            620,
            498.4
          ],
          [
            620,
            772.8
          ],
          [
            914,
            772.8
          ],
          [
            1129.6,
            772.8
          ],
          [
            1129.6,
            714
          ],
          [
            1106.08,
            714
          ]
        ]
      }
    },
    {
      "type": "Feature",
      "properties": {
        "id": "C-P01",
        "name": "中庭北廊",
        "roadClass": "支路",
        "width": 6,
        "description": "以两个明确路口接入公共主步道，沿食堂与审理庭南侧形成连续遮雨廊。",
        "layer": "roads"
      },
      "geometry": {
        "type": "LineString",
        "coordinates": [
          [
            1247.2,
            518
          ],
          [
            1286.4,
            278.88
          ],
          [
            1874.4,
            278.88
          ],
          [
            1874.4,
            557.2
          ],
          [
            1913.6,
            616
          ]
        ]
      }
    },
    {
      "type": "Feature",
      "properties": {
        "id": "C-P03",
        "name": "中庭纵路",
        "roadClass": "支路",
        "width": 5,
        "description": "由公共食堂东侧入口穿过中庭并接入学生日常路，南端与巨蚓轨道保持清晰退界。",
        "layer": "roads"
      },
      "geometry": {
        "type": "LineString",
        "coordinates": [
          [
            1580.4,
            243.6
          ],
          [
            1580.4,
            518
          ],
          [
            1580.4,
            772.8
          ],
          [
            1521.6,
            772.8
          ]
        ]
      }
    },
    {
      "type": "Feature",
      "properties": {
        "id": "C-P02",
        "name": "学生公共屋前路",
        "roadClass": "支路",
        "width": 5,
        "description": "从公共主步道接至学生公共屋南侧入口。",
        "layer": "roads"
      },
      "geometry": {
        "type": "LineString",
        "coordinates": [
          [
            1247.2,
            518
          ],
          [
            1306,
            492.52
          ],
          [
            1482.4,
            484.68
          ]
        ]
      }
    },
    {
      "type": "Feature",
      "properties": {
        "id": "C-P04",
        "name": "钟楼入口路",
        "roadClass": "支路",
        "width": 5,
        "description": "从中庭纵路接至钟楼东侧入口，钟楼不再孤立在无路草坪中。",
        "layer": "roads"
      },
      "geometry": {
        "type": "LineString",
        "coordinates": [
          [
            1521.6,
            772.8
          ],
          [
            1443.2,
            780.64
          ],
          [
            1384.4,
            780.64
          ]
        ]
      }
    },
    {
      "type": "Feature",
      "properties": {
        "id": "W-P00",
        "name": "校准大厅前路",
        "roadClass": "维护道",
        "width": 6,
        "description": "沿公共校准大厅南侧形成统一临街面，并接入工坊北线。",
        "layer": "roads"
      },
      "geometry": {
        "type": "LineString",
        "coordinates": [
          [
            1944.96,
            310.24
          ],
          [
            2156.64,
            322
          ],
          [
            2156.64,
            351.4
          ]
        ]
      }
    },
    {
      "type": "Feature",
      "properties": {
        "id": "W-P01",
        "name": "工坊北线",
        "roadClass": "维护道",
        "width": 6,
        "description": "穿过校准、材料库与试储区之间的安全间距，并在东端接入公共主步道。",
        "layer": "roads"
      },
      "geometry": {
        "type": "LineString",
        "coordinates": [
          [
            2156.64,
            351.4
          ],
          [
            2354.6,
            351.4
          ],
          [
            2560.4,
            351.4
          ],
          [
            2776,
            351.4
          ],
          [
            2776,
            627.76
          ]
        ]
      }
    },
    {
      "type": "Feature",
      "properties": {
        "id": "W-P03",
        "name": "材料横路",
        "roadClass": "维护道",
        "width": 6,
        "description": "由导具设计楼西侧入口连接工坊北线与公共主步道。",
        "layer": "roads"
      },
      "geometry": {
        "type": "LineString",
        "coordinates": [
          [
            2372.24,
            206.36
          ],
          [
            2354.6,
            351.4
          ],
          [
            2354.6,
            674.8
          ]
        ]
      }
    },
    {
      "type": "Feature",
      "properties": {
        "id": "W-P04",
        "name": "试储缓冲路",
        "roadClass": "受控路",
        "width": 5,
        "description": "从试储与导能楼西侧受控入口接入工坊北线。",
        "layer": "roads"
      },
      "geometry": {
        "type": "LineString",
        "coordinates": [
          [
            2607.44,
            298.48
          ],
          [
            2560.4,
            351.4
          ]
        ]
      }
    },
    {
      "type": "Feature",
      "properties": {
        "id": "W-P05",
        "name": "工坊临街巷",
        "roadClass": "维护道",
        "width": 6,
        "description": "连接校准大厅、机械工坊和工具发放屋的共同临街面，并接入维护环道。",
        "layer": "roads"
      },
      "geometry": {
        "type": "LineString",
        "coordinates": [
          [
            2156.64,
            351.4
          ],
          [
            2156.64,
            674.8
          ],
          [
            2156.64,
            808.08
          ]
        ]
      }
    },
    {
      "type": "Feature",
      "properties": {
        "id": "W-P06",
        "name": "耗材库入口路",
        "roadClass": "受控路",
        "width": 5,
        "description": "从工坊北线接至绝缘与耗材库西侧受控入口。",
        "layer": "roads"
      },
      "geometry": {
        "type": "LineString",
        "coordinates": [
          [
            2560.4,
            351.4
          ],
          [
            2613.32,
            469
          ]
        ]
      }
    },
    {
      "type": "Feature",
      "properties": {
        "id": "W-P07",
        "name": "工坊北街",
        "roadClass": "支路",
        "width": 5,
        "description": "串联基础材料实验楼、织构工坊与试储入口的北侧教学街。",
        "layer": "roads"
      },
      "geometry": {
        "type": "LineString",
        "coordinates": [
          [
            2156.64,
            351.4
          ],
          [
            2168.4,
            273
          ],
          [
            2540.8,
            273
          ],
          [
            2607.44,
            298.48
          ]
        ]
      }
    },
    {
      "type": "Feature",
      "properties": {
        "id": "W-P08",
        "name": "器材检验附楼入口路",
        "roadClass": "维护道",
        "width": 5,
        "description": "从维护环道接至器材检验附楼北侧入口。",
        "layer": "roads"
      },
      "geometry": {
        "type": "LineString",
        "coordinates": [
          [
            2338.92,
            674.8
          ],
          [
            2338.92,
            757.12
          ]
        ]
      }
    },
    {
      "type": "Feature",
      "properties": {
        "id": "L-P01",
        "name": "生活北庭路",
        "roadClass": "支路",
        "width": 6,
        "description": "由共同基础学部一号宿舍西侧入口沿宿舍北庭接入生活服务巷。",
        "layer": "roads"
      },
      "geometry": {
        "type": "LineString",
        "coordinates": [
          [
            128.04,
            1119.72
          ],
          [
            110.4,
            1047.2
          ],
          [
            316.2,
            1047.2
          ],
          [
            571,
            1047.2
          ],
          [
            894.4,
            1047.2
          ]
        ]
      }
    },
    {
      "type": "Feature",
      "properties": {
        "id": "L-P02",
        "name": "基础宿舍中路",
        "roadClass": "支路",
        "width": 5,
        "description": "由共同基础学部二号宿舍西侧入口横向连接生活服务巷。",
        "layer": "roads"
      },
      "geometry": {
        "type": "LineString",
        "coordinates": [
          [
            128.04,
            1272.6
          ],
          [
            110.4,
            1223.6
          ],
          [
            316.2,
            1223.6
          ],
          [
            571,
            1223.6
          ],
          [
            894.4,
            1223.6
          ]
        ]
      }
    },
    {
      "type": "Feature",
      "properties": {
        "id": "L-P03",
        "name": "生活南庭路",
        "roadClass": "支路",
        "width": 6,
        "description": "由西侧宿舍南入口连接两列宿舍路与生活服务巷，东端止于特殊班附属生活单元西侧入口。",
        "layer": "roads"
      },
      "geometry": {
        "type": "LineString",
        "coordinates": [
          [
            220.16,
            1613.64
          ],
          [
            220.16,
            1664.6
          ],
          [
            316.2,
            1664.6
          ],
          [
            571,
            1664.6
          ],
          [
            874.8,
            1664.6
          ],
          [
            1012,
            1664.6
          ],
          [
            1068.84,
            1723.4
          ]
        ]
      }
    },
    {
      "type": "Feature",
      "properties": {
        "id": "L-P04",
        "name": "基础学部路",
        "roadClass": "支路",
        "width": 5,
        "description": "连接生活北庭路、宿舍中路与生活南庭路。",
        "layer": "roads"
      },
      "geometry": {
        "type": "LineString",
        "coordinates": [
          [
            316.2,
            1047.2
          ],
          [
            316.2,
            1223.6
          ],
          [
            316.2,
            1664.6
          ]
        ]
      }
    },
    {
      "type": "Feature",
      "properties": {
        "id": "L-P05",
        "name": "院系宿舍路",
        "roadClass": "支路",
        "width": 5,
        "description": "连接生活北庭路、宿舍中路与生活南庭路。",
        "layer": "roads"
      },
      "geometry": {
        "type": "LineString",
        "coordinates": [
          [
            571,
            1047.2
          ],
          [
            571,
            1223.6
          ],
          [
            571,
            1664.6
          ]
        ]
      }
    },
    {
      "type": "Feature",
      "properties": {
        "id": "L-P06",
        "name": "生活服务巷",
        "roadClass": "支路",
        "width": 5,
        "description": "从生活北庭路沿餐厨、医务、学生服务屋与夜间公共屋之间通过。",
        "layer": "roads"
      },
      "geometry": {
        "type": "LineString",
        "coordinates": [
          [
            894.4,
            1047.2
          ],
          [
            894.4,
            1664.6
          ]
        ]
      }
    },
    {
      "type": "Feature",
      "properties": {
        "id": "L-P08",
        "name": "生活市集桥引道",
        "roadClass": "支路",
        "width": 5,
        "description": "从学生日常路接入生活市集桥西端。",
        "layer": "roads"
      },
      "geometry": {
        "type": "LineString",
        "coordinates": [
          [
            1208,
            1419.6
          ],
          [
            1266.8,
            1517.6
          ]
        ]
      }
    },
    {
      "type": "Feature",
      "properties": {
        "id": "L-P09",
        "name": "生活南街",
        "roadClass": "支路",
        "width": 6,
        "description": "连接新增宿舍、生活自习、修补与夜勤设施的南部生活街。",
        "layer": "roads"
      },
      "geometry": {
        "type": "LineString",
        "coordinates": [
          [
            316.2,
            1664.6
          ],
          [
            316.2,
            1850.8
          ],
          [
            825.8,
            1866.48
          ]
        ]
      }
    },
    {
      "type": "Feature",
      "properties": {
        "id": "L-P09A",
        "name": "生活南街西段",
        "roadClass": "支路",
        "width": 6,
        "description": "生活南街向西服务低年级宿舍七号。",
        "layer": "roads"
      },
      "geometry": {
        "type": "LineString",
        "coordinates": [
          [
            316.2,
            1850.8
          ],
          [
            119.22,
            1869.42
          ]
        ]
      }
    },
    {
      "type": "Feature",
      "properties": {
        "id": "M-P00",
        "name": "契约所前街",
        "roadClass": "支路",
        "width": 5,
        "description": "货币与契约所的连续临街面，并在东端接入市集南路。",
        "layer": "roads"
      },
      "geometry": {
        "type": "LineString",
        "coordinates": [
          [
            1698,
            1184.4
          ],
          [
            1962.6,
            1184.4
          ],
          [
            1962.6,
            1204
          ]
        ]
      }
    },
    {
      "type": "Feature",
      "properties": {
        "id": "M-P01",
        "name": "市集北街",
        "roadClass": "支路",
        "width": 6,
        "description": "覆顶市集厅与第一排街铺之间的北街，东端接入市集南路。",
        "layer": "roads"
      },
      "geometry": {
        "type": "LineString",
        "coordinates": [
          [
            1413.8,
            1211.84
          ],
          [
            1698,
            1211.84
          ],
          [
            1698,
            1204
          ]
        ]
      }
    },
    {
      "type": "Feature",
      "properties": {
        "id": "M-P01B",
        "name": "熟食棚北街",
        "roadClass": "支路",
        "width": 5,
        "description": "第一排熟食棚前的短街，在东端接入市集南路。",
        "layer": "roads"
      },
      "geometry": {
        "type": "LineString",
        "coordinates": [
          [
            1737.2,
            1219.68
          ],
          [
            1943,
            1219.68
          ],
          [
            1962.6,
            1204
          ]
        ]
      }
    },
    {
      "type": "Feature",
      "properties": {
        "id": "M-P02",
        "name": "市集中街",
        "roadClass": "支路",
        "width": 5,
        "description": "第二、三排街铺与熟食棚共用的连续街道，两端接入纵向街道。",
        "layer": "roads"
      },
      "geometry": {
        "type": "LineString",
        "coordinates": [
          [
            1413.8,
            1335.32
          ],
          [
            1698,
            1335.32
          ],
          [
            1962.6,
            1335.32
          ]
        ]
      }
    },
    {
      "type": "Feature",
      "properties": {
        "id": "M-P02B",
        "name": "货栈前街",
        "roadClass": "支路",
        "width": 5,
        "description": "第三排街铺与市集货栈之间的短街，连接东西两条纵向街道。",
        "layer": "roads"
      },
      "geometry": {
        "type": "LineString",
        "coordinates": [
          [
            1413.8,
            1386.28
          ],
          [
            1698,
            1386.28
          ],
          [
            1962.6,
            1386.28
          ]
        ]
      }
    },
    {
      "type": "Feature",
      "properties": {
        "id": "M-P03",
        "name": "市集南街",
        "roadClass": "支路",
        "width": 5,
        "description": "车队屋与巡查所之间的南街，两端接入纵向街道。",
        "layer": "roads"
      },
      "geometry": {
        "type": "LineString",
        "coordinates": [
          [
            1413.8,
            1566.6
          ],
          [
            1698,
            1566.6
          ],
          [
            1962.6,
            1566.6
          ]
        ]
      }
    },
    {
      "type": "Feature",
      "properties": {
        "id": "M-P04",
        "name": "市集西巷",
        "roadClass": "支路",
        "width": 5,
        "description": "从湖东学生日常路分出，沿市集西缘连接各条横街、生活市集桥与南市生活站。",
        "layer": "roads"
      },
      "geometry": {
        "type": "LineString",
        "coordinates": [
          [
            1404,
            1086.4
          ],
          [
            1413.8,
            1217.72
          ],
          [
            1413.8,
            1335.32
          ],
          [
            1413.8,
            1386.28
          ],
          [
            1413.8,
            1517.6
          ],
          [
            1413.8,
            1566.6
          ],
          [
            1413.8,
            1625.4
          ],
          [
            1413.8,
            2046.8
          ]
        ]
      }
    },
    {
      "type": "Feature",
      "properties": {
        "id": "M-P05",
        "name": "客舍前街",
        "roadClass": "支路",
        "width": 5,
        "description": "访客客舍前的临街空间，南端回接市集南街。",
        "layer": "roads"
      },
      "geometry": {
        "type": "LineString",
        "coordinates": [
          [
            1413.8,
            1625.4
          ],
          [
            1698,
            1625.4
          ],
          [
            1698,
            1566.6
          ]
        ]
      }
    },
    {
      "type": "Feature",
      "properties": {
        "id": "S-P01",
        "name": "封存外庭路",
        "roadClass": "受控路",
        "width": 6,
        "description": "由许可入口沿档案库与观察设施之间通行，东端止于隔离塔外部检查点。",
        "layer": "roads"
      },
      "geometry": {
        "type": "LineString",
        "coordinates": [
          [
            2011.6,
            1223.6
          ],
          [
            2129.2,
            1223.6
          ],
          [
            2423.2,
            1223.6
          ],
          [
            2648.6,
            1223.6
          ]
        ]
      }
    },
    {
      "type": "Feature",
      "properties": {
        "id": "S-P02",
        "name": "封存内庭路",
        "roadClass": "受控路",
        "width": 6,
        "description": "由维护环道形成单一受控回路，串联登记与核心维护组。",
        "layer": "roads"
      },
      "geometry": {
        "type": "LineString",
        "coordinates": [
          [
            1992,
            1478.4
          ],
          [
            2129.2,
            1478.4
          ],
          [
            2423.2,
            1478.4
          ],
          [
            2717.2,
            1478.4
          ],
          [
            2874,
            1694
          ]
        ]
      }
    },
    {
      "type": "Feature",
      "properties": {
        "id": "S-P03",
        "name": "封存记录路",
        "roadClass": "受控路",
        "width": 5,
        "description": "由受控档案库西侧入口连接封存外庭路与内庭路。",
        "layer": "roads"
      },
      "geometry": {
        "type": "LineString",
        "coordinates": [
          [
            2172.32,
            1141.28
          ],
          [
            2129.2,
            1223.6
          ],
          [
            2129.2,
            1478.4
          ]
        ]
      }
    },
    {
      "type": "Feature",
      "properties": {
        "id": "S-P04",
        "name": "遗物库入口路",
        "roadClass": "受控路",
        "width": 5,
        "description": "由遗物保管库南侧入口接入封存外庭路。",
        "layer": "roads"
      },
      "geometry": {
        "type": "LineString",
        "coordinates": [
          [
            2513.36,
            1196.16
          ],
          [
            2513.36,
            1223.6
          ]
        ]
      }
    },
    {
      "type": "Feature",
      "properties": {
        "id": "S-P05",
        "name": "隔离塔入口路",
        "roadClass": "受控路",
        "width": 5,
        "description": "由封存外庭路接至隔离塔西侧检查入口。",
        "layer": "roads"
      },
      "geometry": {
        "type": "LineString",
        "coordinates": [
          [
            2536.88,
            1223.6
          ],
          [
            2536.88,
            1311.8
          ],
          [
            2554.52,
            1311.8
          ]
        ]
      }
    },
    {
      "type": "Feature",
      "properties": {
        "id": "S-P06",
        "name": "处置工坊入口路",
        "roadClass": "受控路",
        "width": 5,
        "description": "由封存内庭路接至受控处置工坊东侧封签入口。",
        "layer": "roads"
      },
      "geometry": {
        "type": "LineString",
        "coordinates": [
          [
            2717.2,
            1478.4
          ],
          [
            2701.52,
            1637.16
          ]
        ]
      }
    },
    {
      "type": "Feature",
      "properties": {
        "id": "S-P07",
        "name": "记录副楼入口路",
        "roadClass": "受控路",
        "width": 5,
        "description": "从封存内庭路接至记录副楼北侧入口。",
        "layer": "roads"
      },
      "geometry": {
        "type": "LineString",
        "coordinates": [
          [
            2129.2,
            1478.4
          ],
          [
            2129.2,
            1560.72
          ]
        ]
      }
    },
    {
      "type": "Feature",
      "properties": {
        "id": "O-P01",
        "name": "旧校区步道",
        "roadClass": "支路",
        "width": 6,
        "description": "从外环巡检道进入旧校区石基，止于遗迹外庭内部。",
        "layer": "roads"
      },
      "geometry": {
        "type": "LineString",
        "coordinates": [
          [
            816,
            2066.4
          ],
          [
            816,
            2144.8
          ],
          [
            639.6,
            2144.8
          ],
          [
            620,
            2252.6
          ]
        ]
      }
    },
    {
      "type": "Feature",
      "properties": {
        "id": "O-P01B",
        "name": "雨后灯庭引道",
        "roadClass": "支路",
        "width": 6,
        "description": "从旧校区步道通往雨后灯庭教学亭北侧入口。",
        "layer": "roads"
      },
      "geometry": {
        "type": "LineString",
        "coordinates": [
          [
            816,
            2144.8
          ],
          [
            1247.2,
            2144.8
          ],
          [
            1274.64,
            2211.44
          ]
        ]
      }
    },
    {
      "type": "Feature",
      "properties": {
        "id": "O-P03",
        "name": "观测支路",
        "roadClass": "维护道",
        "width": 5,
        "description": "从生态管理线前往观测站西侧入口。",
        "layer": "roads"
      },
      "geometry": {
        "type": "LineString",
        "coordinates": [
          [
            2619.2,
            2105.6
          ],
          [
            2619.2,
            2419.2
          ],
          [
            2725.04,
            2468.2
          ]
        ]
      }
    },
    {
      "type": "Feature",
      "properties": {
        "id": "O-P04",
        "name": "南部慢行路",
        "roadClass": "支路",
        "width": 7,
        "description": "由自然缓冲水岸经南市门方向通往环境温室南侧入口。",
        "layer": "roads"
      },
      "geometry": {
        "type": "LineString",
        "coordinates": [
          [
            620,
            2536.8
          ],
          [
            1698,
            2536.8
          ],
          [
            2227.2,
            2485.84
          ]
        ]
      }
    },
    {
      "type": "Feature",
      "properties": {
        "id": "O-P05",
        "name": "外勤急救入口路",
        "roadClass": "支路",
        "width": 5,
        "description": "从南部慢行路接至外勤急救屋南侧入口。",
        "layer": "roads"
      },
      "geometry": {
        "type": "LineString",
        "coordinates": [
          [
            1600,
            2536.8
          ],
          [
            1600,
            2458.4
          ]
        ]
      }
    },
    {
      "type": "Feature",
      "properties": {
        "id": "O-P06",
        "name": "生物管理入口路",
        "roadClass": "维护道",
        "width": 5,
        "description": "从观测支路接至魔法生物管理舍东侧入口。",
        "layer": "roads"
      },
      "geometry": {
        "type": "LineString",
        "coordinates": [
          [
            2619.2,
            2242.8
          ],
          [
            2560.4,
            2242.8
          ]
        ]
      }
    },
    {
      "type": "Feature",
      "properties": {
        "id": "O-P07",
        "name": "对抗场北路",
        "roadClass": "支路",
        "width": 6,
        "description": "从南部慢行路接至护障对抗场控制厅与护障机房。",
        "layer": "roads"
      },
      "geometry": {
        "type": "LineString",
        "coordinates": [
          [
            620,
            2536.8
          ],
          [
            620,
            2462.32
          ],
          [
            414.2,
            2462.32
          ]
        ]
      }
    },
    {
      "type": "Feature",
      "properties": {
        "id": "T-01-1",
        "name": "西门登记楼·北翼",
        "zone": "教学区",
        "kind": "building",
        "footprint": 1300,
        "description": "入校、学籍核验与访客导引。",
        "frontageRoad": "R-01",
        "layer": "buildings",
        "sourceV011Id": "T-01",
        "expansionMode": "v0.11-quad-complex",
        "complexWing": 1
      },
      "geometry": {
        "type": "Polygon",
        "coordinates": [
          [
            [
              70.2,
              443
            ],
            [
              120.2,
              443
            ],
            [
              120.2,
              469
            ],
            [
              70.2,
              469
            ],
            [
              70.2,
              443
            ]
          ]
        ]
      }
    },
    {
      "type": "Feature",
      "properties": {
        "id": "T-01-2",
        "name": "西门登记楼·东翼",
        "zone": "教学区",
        "kind": "building",
        "footprint": 1300,
        "description": "入校、学籍核验与访客导引。",
        "frontageRoad": "R-01",
        "layer": "buildings",
        "sourceV011Id": "T-01",
        "expansionMode": "v0.11-quad-complex",
        "complexWing": 2
      },
      "geometry": {
        "type": "Polygon",
        "coordinates": [
          [
            [
              120.2,
              443
            ],
            [
              170.2,
              443
            ],
            [
              170.2,
              469
            ],
            [
              120.2,
              469
            ],
            [
              120.2,
              443
            ]
          ]
        ]
      }
    },
    {
      "type": "Feature",
      "properties": {
        "id": "T-01-3",
        "name": "西门登记楼·南翼",
        "zone": "教学区",
        "kind": "building",
        "footprint": 1300,
        "description": "入校、学籍核验与访客导引。",
        "frontageRoad": "R-01",
        "layer": "buildings",
        "sourceV011Id": "T-01",
        "expansionMode": "v0.11-quad-complex",
        "complexWing": 3
      },
      "geometry": {
        "type": "Polygon",
        "coordinates": [
          [
            [
              120.2,
              469
            ],
            [
              170.2,
              469
            ],
            [
              170.2,
              495
            ],
            [
              120.2,
              495
            ],
            [
              120.2,
              469
            ]
          ]
        ]
      }
    },
    {
      "type": "Feature",
      "properties": {
        "id": "T-01-4",
        "name": "西门登记楼·西翼",
        "zone": "教学区",
        "kind": "building",
        "footprint": 1300,
        "description": "入校、学籍核验与访客导引。",
        "frontageRoad": "R-01",
        "layer": "buildings",
        "sourceV011Id": "T-01",
        "expansionMode": "v0.11-quad-complex",
        "complexWing": 4
      },
      "geometry": {
        "type": "Polygon",
        "coordinates": [
          [
            [
              70.2,
              469
            ],
            [
              120.2,
              469
            ],
            [
              120.2,
              495
            ],
            [
              70.2,
              495
            ],
            [
              70.2,
              469
            ]
          ]
        ]
      }
    },
    {
      "type": "Feature",
      "properties": {
        "id": "T-02-1",
        "name": "共同讲学楼·北翼",
        "zone": "教学区",
        "kind": "building",
        "footprint": 6048,
        "description": "共同底座课程与公开考核厅。",
        "frontageRoad": "T-P02B",
        "layer": "buildings",
        "sourceV011Id": "T-02",
        "expansionMode": "v0.11-quad-complex",
        "complexWing": 1
      },
      "geometry": {
        "type": "Polygon",
        "coordinates": [
          [
            [
              460.96,
              213.12
            ],
            [
              572.96,
              213.12
            ],
            [
              572.96,
              267.12
            ],
            [
              460.96,
              267.12
            ],
            [
              460.96,
              213.12
            ]
          ]
        ]
      }
    },
    {
      "type": "Feature",
      "properties": {
        "id": "T-02-2",
        "name": "共同讲学楼·东翼",
        "zone": "教学区",
        "kind": "building",
        "footprint": 6048,
        "description": "共同底座课程与公开考核厅。",
        "frontageRoad": "T-P02B",
        "layer": "buildings",
        "sourceV011Id": "T-02",
        "expansionMode": "v0.11-quad-complex",
        "complexWing": 2
      },
      "geometry": {
        "type": "Polygon",
        "coordinates": [
          [
            [
              572.96,
              213.12
            ],
            [
              684.96,
              213.12
            ],
            [
              684.96,
              267.12
            ],
            [
              572.96,
              267.12
            ],
            [
              572.96,
              213.12
            ]
          ]
        ]
      }
    },
    {
      "type": "Feature",
      "properties": {
        "id": "T-02-3",
        "name": "共同讲学楼·南翼",
        "zone": "教学区",
        "kind": "building",
        "footprint": 6048,
        "description": "共同底座课程与公开考核厅。",
        "frontageRoad": "T-P02B",
        "layer": "buildings",
        "sourceV011Id": "T-02",
        "expansionMode": "v0.11-quad-complex",
        "complexWing": 3
      },
      "geometry": {
        "type": "Polygon",
        "coordinates": [
          [
            [
              572.96,
              267.12
            ],
            [
              684.96,
              267.12
            ],
            [
              684.96,
              321.12
            ],
            [
              572.96,
              321.12
            ],
            [
              572.96,
              267.12
            ]
          ]
        ]
      }
    },
    {
      "type": "Feature",
      "properties": {
        "id": "T-02-4",
        "name": "共同讲学楼·西翼",
        "zone": "教学区",
        "kind": "building",
        "footprint": 6048,
        "description": "共同底座课程与公开考核厅。",
        "frontageRoad": "T-P02B",
        "layer": "buildings",
        "sourceV011Id": "T-02",
        "expansionMode": "v0.11-quad-complex",
        "complexWing": 4
      },
      "geometry": {
        "type": "Polygon",
        "coordinates": [
          [
            [
              460.96,
              267.12
            ],
            [
              572.96,
              267.12
            ],
            [
              572.96,
              321.12
            ],
            [
              460.96,
              321.12
            ],
            [
              460.96,
              267.12
            ]
          ]
        ]
      }
    },
    {
      "type": "Feature",
      "properties": {
        "id": "T-03-1",
        "name": "东讲堂·北翼",
        "zone": "教学区",
        "kind": "building",
        "footprint": 3024,
        "description": "小班教室、研讨室与跨院课程。",
        "frontageRoad": "T-P02",
        "layer": "buildings",
        "sourceV011Id": "T-03",
        "expansionMode": "v0.11-quad-complex",
        "complexWing": 1
      },
      "geometry": {
        "type": "Polygon",
        "coordinates": [
          [
            [
              226.56,
              164.36
            ],
            [
              298.56,
              164.36
            ],
            [
              298.56,
              206.36
            ],
            [
              226.56,
              206.36
            ],
            [
              226.56,
              164.36
            ]
          ]
        ]
      }
    },
    {
      "type": "Feature",
      "properties": {
        "id": "T-03-2",
        "name": "东讲堂·东翼",
        "zone": "教学区",
        "kind": "building",
        "footprint": 3024,
        "description": "小班教室、研讨室与跨院课程。",
        "frontageRoad": "T-P02",
        "layer": "buildings",
        "sourceV011Id": "T-03",
        "expansionMode": "v0.11-quad-complex",
        "complexWing": 2
      },
      "geometry": {
        "type": "Polygon",
        "coordinates": [
          [
            [
              298.56,
              164.36
            ],
            [
              370.56,
              164.36
            ],
            [
              370.56,
              206.36
            ],
            [
              298.56,
              206.36
            ],
            [
              298.56,
              164.36
            ]
          ]
        ]
      }
    },
    {
      "type": "Feature",
      "properties": {
        "id": "T-03-3",
        "name": "东讲堂·南翼",
        "zone": "教学区",
        "kind": "building",
        "footprint": 3024,
        "description": "小班教室、研讨室与跨院课程。",
        "frontageRoad": "T-P02",
        "layer": "buildings",
        "sourceV011Id": "T-03",
        "expansionMode": "v0.11-quad-complex",
        "complexWing": 3
      },
      "geometry": {
        "type": "Polygon",
        "coordinates": [
          [
            [
              298.56,
              206.36
            ],
            [
              370.56,
              206.36
            ],
            [
              370.56,
              248.36
            ],
            [
              298.56,
              248.36
            ],
            [
              298.56,
              206.36
            ]
          ]
        ]
      }
    },
    {
      "type": "Feature",
      "properties": {
        "id": "T-03-4",
        "name": "东讲堂·西翼",
        "zone": "教学区",
        "kind": "building",
        "footprint": 3024,
        "description": "小班教室、研讨室与跨院课程。",
        "frontageRoad": "T-P02",
        "layer": "buildings",
        "sourceV011Id": "T-03",
        "expansionMode": "v0.11-quad-complex",
        "complexWing": 4
      },
      "geometry": {
        "type": "Polygon",
        "coordinates": [
          [
            [
              226.56,
              206.36
            ],
            [
              298.56,
              206.36
            ],
            [
              298.56,
              248.36
            ],
            [
              226.56,
              248.36
            ],
            [
              226.56,
              206.36
            ]
          ]
        ]
      }
    },
    {
      "type": "Feature",
      "properties": {
        "id": "T-04-1",
        "name": "西讲堂·北翼",
        "zone": "教学区",
        "kind": "building",
        "footprint": 3024,
        "description": "补修、公开演示与小班课。",
        "frontageRoad": "T-P01",
        "layer": "buildings",
        "sourceV011Id": "T-04",
        "expansionMode": "v0.11-quad-complex",
        "complexWing": 1
      },
      "geometry": {
        "type": "Polygon",
        "coordinates": [
          [
            [
              226.56,
              615.16
            ],
            [
              298.56,
              615.16
            ],
            [
              298.56,
              657.16
            ],
            [
              226.56,
              657.16
            ],
            [
              226.56,
              615.16
            ]
          ]
        ]
      }
    },
    {
      "type": "Feature",
      "properties": {
        "id": "T-04-2",
        "name": "西讲堂·东翼",
        "zone": "教学区",
        "kind": "building",
        "footprint": 3024,
        "description": "补修、公开演示与小班课。",
        "frontageRoad": "T-P01",
        "layer": "buildings",
        "sourceV011Id": "T-04",
        "expansionMode": "v0.11-quad-complex",
        "complexWing": 2
      },
      "geometry": {
        "type": "Polygon",
        "coordinates": [
          [
            [
              298.56,
              615.16
            ],
            [
              370.56,
              615.16
            ],
            [
              370.56,
              657.16
            ],
            [
              298.56,
              657.16
            ],
            [
              298.56,
              615.16
            ]
          ]
        ]
      }
    },
    {
      "type": "Feature",
      "properties": {
        "id": "T-04-3",
        "name": "西讲堂·南翼",
        "zone": "教学区",
        "kind": "building",
        "footprint": 3024,
        "description": "补修、公开演示与小班课。",
        "frontageRoad": "T-P01",
        "layer": "buildings",
        "sourceV011Id": "T-04",
        "expansionMode": "v0.11-quad-complex",
        "complexWing": 3
      },
      "geometry": {
        "type": "Polygon",
        "coordinates": [
          [
            [
              298.56,
              657.16
            ],
            [
              370.56,
              657.16
            ],
            [
              370.56,
              699.16
            ],
            [
              298.56,
              699.16
            ],
            [
              298.56,
              657.16
            ]
          ]
        ]
      }
    },
    {
      "type": "Feature",
      "properties": {
        "id": "T-04-4",
        "name": "西讲堂·西翼",
        "zone": "教学区",
        "kind": "building",
        "footprint": 3024,
        "description": "补修、公开演示与小班课。",
        "frontageRoad": "T-P01",
        "layer": "buildings",
        "sourceV011Id": "T-04",
        "expansionMode": "v0.11-quad-complex",
        "complexWing": 4
      },
      "geometry": {
        "type": "Polygon",
        "coordinates": [
          [
            [
              226.56,
              657.16
            ],
            [
              298.56,
              657.16
            ],
            [
              298.56,
              699.16
            ],
            [
              226.56,
              699.16
            ],
            [
              226.56,
              657.16
            ]
          ]
        ]
      }
    },
    {
      "type": "Feature",
      "properties": {
        "id": "T-05-1",
        "name": "学院图书馆·北翼",
        "zone": "教学区",
        "kind": "building",
        "footprint": 9258,
        "description": "公共藏书、阅览与受控资料申请窗口。",
        "shapeType": "U 形阅览院",
        "frontageRoad": "T-P03",
        "layer": "buildings",
        "sourceV011Id": "T-05",
        "expansionMode": "v0.11-quad-complex",
        "complexWing": 1
      },
      "geometry": {
        "type": "Polygon",
        "coordinates": [
          [
            [
              754.6,
              94.27
            ],
            [
              884.6,
              94.27
            ],
            [
              884.6,
              184.27
            ],
            [
              852.6,
              184.27
            ],
            [
              852.6,
              147.27
            ],
            [
              786.6,
              147.27
            ],
            [
              786.6,
              184.27
            ],
            [
              754.6,
              184.27
            ],
            [
              754.6,
              94.27
            ]
          ]
        ]
      }
    },
    {
      "type": "Feature",
      "properties": {
        "id": "T-05-2",
        "name": "学院图书馆·东翼",
        "zone": "教学区",
        "kind": "building",
        "footprint": 9258,
        "description": "公共藏书、阅览与受控资料申请窗口。",
        "shapeType": "U 形阅览院",
        "frontageRoad": "T-P03",
        "layer": "buildings",
        "sourceV011Id": "T-05",
        "expansionMode": "v0.11-quad-complex",
        "complexWing": 2
      },
      "geometry": {
        "type": "Polygon",
        "coordinates": [
          [
            [
              884.6,
              94.27
            ],
            [
              1014.6,
              94.27
            ],
            [
              1014.6,
              184.27
            ],
            [
              982.6,
              184.27
            ],
            [
              982.6,
              147.27
            ],
            [
              916.6,
              147.27
            ],
            [
              916.6,
              184.27
            ],
            [
              884.6,
              184.27
            ],
            [
              884.6,
              94.27
            ]
          ]
        ]
      }
    },
    {
      "type": "Feature",
      "properties": {
        "id": "T-05-3",
        "name": "学院图书馆·南翼",
        "zone": "教学区",
        "kind": "building",
        "footprint": 9258,
        "description": "公共藏书、阅览与受控资料申请窗口。",
        "shapeType": "U 形阅览院",
        "frontageRoad": "T-P03",
        "layer": "buildings",
        "sourceV011Id": "T-05",
        "expansionMode": "v0.11-quad-complex",
        "complexWing": 3
      },
      "geometry": {
        "type": "Polygon",
        "coordinates": [
          [
            [
              884.6,
              184.27
            ],
            [
              1014.6,
              184.27
            ],
            [
              1014.6,
              274.27
            ],
            [
              982.6,
              274.27
            ],
            [
              982.6,
              237.27
            ],
            [
              916.6,
              237.27
            ],
            [
              916.6,
              274.27
            ],
            [
              884.6,
              274.27
            ],
            [
              884.6,
              184.27
            ]
          ]
        ]
      }
    },
    {
      "type": "Feature",
      "properties": {
        "id": "T-05-4",
        "name": "学院图书馆·西翼",
        "zone": "教学区",
        "kind": "building",
        "footprint": 9258,
        "description": "公共藏书、阅览与受控资料申请窗口。",
        "shapeType": "U 形阅览院",
        "frontageRoad": "T-P03",
        "layer": "buildings",
        "sourceV011Id": "T-05",
        "expansionMode": "v0.11-quad-complex",
        "complexWing": 4
      },
      "geometry": {
        "type": "Polygon",
        "coordinates": [
          [
            [
              754.6,
              184.27
            ],
            [
              884.6,
              184.27
            ],
            [
              884.6,
              274.27
            ],
            [
              852.6,
              274.27
            ],
            [
              852.6,
              237.27
            ],
            [
              786.6,
              237.27
            ],
            [
              786.6,
              274.27
            ],
            [
              754.6,
              274.27
            ],
            [
              754.6,
              184.27
            ]
          ]
        ]
      }
    },
    {
      "type": "Feature",
      "properties": {
        "id": "T-06-1",
        "name": "公共研读翼·北翼",
        "zone": "教学区",
        "kind": "building",
        "footprint": 1768,
        "description": "小组研读、翻译与档案教学准备。",
        "frontageRoad": "R-01",
        "layer": "buildings",
        "sourceV011Id": "T-06",
        "expansionMode": "v0.11-quad-complex",
        "complexWing": 1
      },
      "geometry": {
        "type": "Polygon",
        "coordinates": [
          [
            [
              873.76,
              340.92
            ],
            [
              925.76,
              340.92
            ],
            [
              925.76,
              374.92
            ],
            [
              873.76,
              374.92
            ],
            [
              873.76,
              340.92
            ]
          ]
        ]
      }
    },
    {
      "type": "Feature",
      "properties": {
        "id": "T-06-2",
        "name": "公共研读翼·东翼",
        "zone": "教学区",
        "kind": "building",
        "footprint": 1768,
        "description": "小组研读、翻译与档案教学准备。",
        "frontageRoad": "R-01",
        "layer": "buildings",
        "sourceV011Id": "T-06",
        "expansionMode": "v0.11-quad-complex",
        "complexWing": 2
      },
      "geometry": {
        "type": "Polygon",
        "coordinates": [
          [
            [
              925.76,
              340.92
            ],
            [
              977.76,
              340.92
            ],
            [
              977.76,
              374.92
            ],
            [
              925.76,
              374.92
            ],
            [
              925.76,
              340.92
            ]
          ]
        ]
      }
    },
    {
      "type": "Feature",
      "properties": {
        "id": "T-06-3",
        "name": "公共研读翼·南翼",
        "zone": "教学区",
        "kind": "building",
        "footprint": 1768,
        "description": "小组研读、翻译与档案教学准备。",
        "frontageRoad": "R-01",
        "layer": "buildings",
        "sourceV011Id": "T-06",
        "expansionMode": "v0.11-quad-complex",
        "complexWing": 3
      },
      "geometry": {
        "type": "Polygon",
        "coordinates": [
          [
            [
              925.76,
              374.92
            ],
            [
              977.76,
              374.92
            ],
            [
              977.76,
              408.92
            ],
            [
              925.76,
              408.92
            ],
            [
              925.76,
              374.92
            ]
          ]
        ]
      }
    },
    {
      "type": "Feature",
      "properties": {
        "id": "T-06-4",
        "name": "公共研读翼·西翼",
        "zone": "教学区",
        "kind": "building",
        "footprint": 1768,
        "description": "小组研读、翻译与档案教学准备。",
        "frontageRoad": "R-01",
        "layer": "buildings",
        "sourceV011Id": "T-06",
        "expansionMode": "v0.11-quad-complex",
        "complexWing": 4
      },
      "geometry": {
        "type": "Polygon",
        "coordinates": [
          [
            [
              873.76,
              374.92
            ],
            [
              925.76,
              374.92
            ],
            [
              925.76,
              408.92
            ],
            [
              873.76,
              408.92
            ],
            [
              873.76,
              374.92
            ]
          ]
        ]
      }
    },
    {
      "type": "Feature",
      "properties": {
        "id": "T-07-1",
        "name": "基础实操堂·北翼",
        "zone": "教学区",
        "kind": "building",
        "footprint": 7250,
        "description": "护幕、撤离、对抗与器材实操。",
        "shapeType": "错台实操厅",
        "frontageRoad": "T-P01",
        "layer": "buildings",
        "sourceV011Id": "T-07",
        "expansionMode": "v0.11-quad-complex",
        "complexWing": 1
      },
      "geometry": {
        "type": "Polygon",
        "coordinates": [
          [
            [
              647.15,
              604.9
            ],
            [
              732.15,
              604.9
            ],
            [
              732.15,
              614.9
            ],
            [
              767.15,
              614.9
            ],
            [
              767.15,
              669.9
            ],
            [
              667.15,
              669.9
            ],
            [
              667.15,
              659.9
            ],
            [
              647.15,
              659.9
            ],
            [
              647.15,
              604.9
            ]
          ]
        ]
      }
    },
    {
      "type": "Feature",
      "properties": {
        "id": "T-07-2",
        "name": "基础实操堂·东翼",
        "zone": "教学区",
        "kind": "building",
        "footprint": 7250,
        "description": "护幕、撤离、对抗与器材实操。",
        "shapeType": "错台实操厅",
        "frontageRoad": "T-P01",
        "layer": "buildings",
        "sourceV011Id": "T-07",
        "expansionMode": "v0.11-quad-complex",
        "complexWing": 2
      },
      "geometry": {
        "type": "Polygon",
        "coordinates": [
          [
            [
              767.15,
              604.9
            ],
            [
              852.15,
              604.9
            ],
            [
              852.15,
              614.9
            ],
            [
              887.15,
              614.9
            ],
            [
              887.15,
              669.9
            ],
            [
              787.15,
              669.9
            ],
            [
              787.15,
              659.9
            ],
            [
              767.15,
              659.9
            ],
            [
              767.15,
              604.9
            ]
          ]
        ]
      }
    },
    {
      "type": "Feature",
      "properties": {
        "id": "T-07-3",
        "name": "基础实操堂·南翼",
        "zone": "教学区",
        "kind": "building",
        "footprint": 7250,
        "description": "护幕、撤离、对抗与器材实操。",
        "shapeType": "错台实操厅",
        "frontageRoad": "T-P01",
        "layer": "buildings",
        "sourceV011Id": "T-07",
        "expansionMode": "v0.11-quad-complex",
        "complexWing": 3
      },
      "geometry": {
        "type": "Polygon",
        "coordinates": [
          [
            [
              767.15,
              669.9
            ],
            [
              852.15,
              669.9
            ],
            [
              852.15,
              679.9
            ],
            [
              887.15,
              679.9
            ],
            [
              887.15,
              734.9
            ],
            [
              787.15,
              734.9
            ],
            [
              787.15,
              724.9
            ],
            [
              767.15,
              724.9
            ],
            [
              767.15,
              669.9
            ]
          ]
        ]
      }
    },
    {
      "type": "Feature",
      "properties": {
        "id": "T-07-4",
        "name": "基础实操堂·西翼",
        "zone": "教学区",
        "kind": "building",
        "footprint": 7250,
        "description": "护幕、撤离、对抗与器材实操。",
        "shapeType": "错台实操厅",
        "frontageRoad": "T-P01",
        "layer": "buildings",
        "sourceV011Id": "T-07",
        "expansionMode": "v0.11-quad-complex",
        "complexWing": 4
      },
      "geometry": {
        "type": "Polygon",
        "coordinates": [
          [
            [
              647.15,
              669.9
            ],
            [
              732.15,
              669.9
            ],
            [
              732.15,
              679.9
            ],
            [
              767.15,
              679.9
            ],
            [
              767.15,
              734.9
            ],
            [
              667.15,
              734.9
            ],
            [
              667.15,
              724.9
            ],
            [
              647.15,
              724.9
            ],
            [
              647.15,
              669.9
            ]
          ]
        ]
      }
    },
    {
      "type": "Feature",
      "properties": {
        "id": "T-08-1",
        "name": "教师与课程事务楼·北翼",
        "zone": "教学区",
        "kind": "building",
        "footprint": 2204,
        "description": "课程排班、助教值班、导师办公与任务签发。",
        "frontageRoad": "T-P01",
        "layer": "buildings",
        "sourceV011Id": "T-08",
        "expansionMode": "v0.11-quad-complex",
        "complexWing": 1
      },
      "geometry": {
        "type": "Polygon",
        "coordinates": [
          [
            [
              991.24,
              487.84
            ],
            [
              1049.24,
              487.84
            ],
            [
              1049.24,
              525.84
            ],
            [
              991.24,
              525.84
            ],
            [
              991.24,
              487.84
            ]
          ]
        ]
      }
    },
    {
      "type": "Feature",
      "properties": {
        "id": "T-08-2",
        "name": "教师与课程事务楼·东翼",
        "zone": "教学区",
        "kind": "building",
        "footprint": 2204,
        "description": "课程排班、助教值班、导师办公与任务签发。",
        "frontageRoad": "T-P01",
        "layer": "buildings",
        "sourceV011Id": "T-08",
        "expansionMode": "v0.11-quad-complex",
        "complexWing": 2
      },
      "geometry": {
        "type": "Polygon",
        "coordinates": [
          [
            [
              1049.24,
              487.84
            ],
            [
              1107.24,
              487.84
            ],
            [
              1107.24,
              525.84
            ],
            [
              1049.24,
              525.84
            ],
            [
              1049.24,
              487.84
            ]
          ]
        ]
      }
    },
    {
      "type": "Feature",
      "properties": {
        "id": "T-08-3",
        "name": "教师与课程事务楼·南翼",
        "zone": "教学区",
        "kind": "building",
        "footprint": 2204,
        "description": "课程排班、助教值班、导师办公与任务签发。",
        "frontageRoad": "T-P01",
        "layer": "buildings",
        "sourceV011Id": "T-08",
        "expansionMode": "v0.11-quad-complex",
        "complexWing": 3
      },
      "geometry": {
        "type": "Polygon",
        "coordinates": [
          [
            [
              1049.24,
              525.84
            ],
            [
              1107.24,
              525.84
            ],
            [
              1107.24,
              563.84
            ],
            [
              1049.24,
              563.84
            ],
            [
              1049.24,
              525.84
            ]
          ]
        ]
      }
    },
    {
      "type": "Feature",
      "properties": {
        "id": "T-08-4",
        "name": "教师与课程事务楼·西翼",
        "zone": "教学区",
        "kind": "building",
        "footprint": 2204,
        "description": "课程排班、助教值班、导师办公与任务签发。",
        "frontageRoad": "T-P01",
        "layer": "buildings",
        "sourceV011Id": "T-08",
        "expansionMode": "v0.11-quad-complex",
        "complexWing": 4
      },
      "geometry": {
        "type": "Polygon",
        "coordinates": [
          [
            [
              991.24,
              525.84
            ],
            [
              1049.24,
              525.84
            ],
            [
              1049.24,
              563.84
            ],
            [
              991.24,
              563.84
            ],
            [
              991.24,
              525.84
            ]
          ]
        ]
      }
    },
    {
      "type": "Feature",
      "properties": {
        "id": "T-09-1",
        "name": "研究课堂楼·北翼",
        "zone": "教学区",
        "kind": "building",
        "footprint": 2356,
        "description": "可复现实验教学与材料说明课。",
        "frontageRoad": "T-P04",
        "layer": "buildings",
        "sourceV011Id": "T-09",
        "expansionMode": "v0.11-quad-complex",
        "complexWing": 1
      },
      "geometry": {
        "type": "Polygon",
        "coordinates": [
          [
            [
              971.56,
              664.24
            ],
            [
              1033.56,
              664.24
            ],
            [
              1033.56,
              702.24
            ],
            [
              971.56,
              702.24
            ],
            [
              971.56,
              664.24
            ]
          ]
        ]
      }
    },
    {
      "type": "Feature",
      "properties": {
        "id": "T-09-2",
        "name": "研究课堂楼·东翼",
        "zone": "教学区",
        "kind": "building",
        "footprint": 2356,
        "description": "可复现实验教学与材料说明课。",
        "frontageRoad": "T-P04",
        "layer": "buildings",
        "sourceV011Id": "T-09",
        "expansionMode": "v0.11-quad-complex",
        "complexWing": 2
      },
      "geometry": {
        "type": "Polygon",
        "coordinates": [
          [
            [
              1033.56,
              664.24
            ],
            [
              1095.56,
              664.24
            ],
            [
              1095.56,
              702.24
            ],
            [
              1033.56,
              702.24
            ],
            [
              1033.56,
              664.24
            ]
          ]
        ]
      }
    },
    {
      "type": "Feature",
      "properties": {
        "id": "T-09-3",
        "name": "研究课堂楼·南翼",
        "zone": "教学区",
        "kind": "building",
        "footprint": 2356,
        "description": "可复现实验教学与材料说明课。",
        "frontageRoad": "T-P04",
        "layer": "buildings",
        "sourceV011Id": "T-09",
        "expansionMode": "v0.11-quad-complex",
        "complexWing": 3
      },
      "geometry": {
        "type": "Polygon",
        "coordinates": [
          [
            [
              1033.56,
              702.24
            ],
            [
              1095.56,
              702.24
            ],
            [
              1095.56,
              740.24
            ],
            [
              1033.56,
              740.24
            ],
            [
              1033.56,
              702.24
            ]
          ]
        ]
      }
    },
    {
      "type": "Feature",
      "properties": {
        "id": "T-09-4",
        "name": "研究课堂楼·西翼",
        "zone": "教学区",
        "kind": "building",
        "footprint": 2356,
        "description": "可复现实验教学与材料说明课。",
        "frontageRoad": "T-P04",
        "layer": "buildings",
        "sourceV011Id": "T-09",
        "expansionMode": "v0.11-quad-complex",
        "complexWing": 4
      },
      "geometry": {
        "type": "Polygon",
        "coordinates": [
          [
            [
              971.56,
              702.24
            ],
            [
              1033.56,
              702.24
            ],
            [
              1033.56,
              740.24
            ],
            [
              971.56,
              740.24
            ],
            [
              971.56,
              702.24
            ]
          ]
        ]
      }
    },
    {
      "type": "Feature",
      "properties": {
        "id": "C-01-1",
        "name": "学生公共屋·北翼",
        "zone": "中庭区",
        "kind": "building",
        "footprint": 2112,
        "description": "公告、学生自治、社团预约和失物交接。",
        "frontageRoad": "C-P02",
        "layer": "buildings",
        "sourceV011Id": "C-01",
        "expansionMode": "v0.11-quad-complex",
        "complexWing": 1
      },
      "geometry": {
        "type": "Polygon",
        "coordinates": [
          [
            [
              1343.88,
              409.56
            ],
            [
              1409.88,
              409.56
            ],
            [
              1409.88,
              441.56
            ],
            [
              1343.88,
              441.56
            ],
            [
              1343.88,
              409.56
            ]
          ]
        ]
      }
    },
    {
      "type": "Feature",
      "properties": {
        "id": "C-01-2",
        "name": "学生公共屋·东翼",
        "zone": "中庭区",
        "kind": "building",
        "footprint": 2112,
        "description": "公告、学生自治、社团预约和失物交接。",
        "frontageRoad": "C-P02",
        "layer": "buildings",
        "sourceV011Id": "C-01",
        "expansionMode": "v0.11-quad-complex",
        "complexWing": 2
      },
      "geometry": {
        "type": "Polygon",
        "coordinates": [
          [
            [
              1409.88,
              409.56
            ],
            [
              1475.88,
              409.56
            ],
            [
              1475.88,
              441.56
            ],
            [
              1409.88,
              441.56
            ],
            [
              1409.88,
              409.56
            ]
          ]
        ]
      }
    },
    {
      "type": "Feature",
      "properties": {
        "id": "C-01-3",
        "name": "学生公共屋·南翼",
        "zone": "中庭区",
        "kind": "building",
        "footprint": 2112,
        "description": "公告、学生自治、社团预约和失物交接。",
        "frontageRoad": "C-P02",
        "layer": "buildings",
        "sourceV011Id": "C-01",
        "expansionMode": "v0.11-quad-complex",
        "complexWing": 3
      },
      "geometry": {
        "type": "Polygon",
        "coordinates": [
          [
            [
              1409.88,
              441.56
            ],
            [
              1475.88,
              441.56
            ],
            [
              1475.88,
              473.56
            ],
            [
              1409.88,
              473.56
            ],
            [
              1409.88,
              441.56
            ]
          ]
        ]
      }
    },
    {
      "type": "Feature",
      "properties": {
        "id": "C-01-4",
        "name": "学生公共屋·西翼",
        "zone": "中庭区",
        "kind": "building",
        "footprint": 2112,
        "description": "公告、学生自治、社团预约和失物交接。",
        "frontageRoad": "C-P02",
        "layer": "buildings",
        "sourceV011Id": "C-01",
        "expansionMode": "v0.11-quad-complex",
        "complexWing": 4
      },
      "geometry": {
        "type": "Polygon",
        "coordinates": [
          [
            [
              1343.88,
              441.56
            ],
            [
              1409.88,
              441.56
            ],
            [
              1409.88,
              473.56
            ],
            [
              1343.88,
              473.56
            ],
            [
              1343.88,
              441.56
            ]
          ]
        ]
      }
    },
    {
      "type": "Feature",
      "properties": {
        "id": "C-02-1",
        "name": "公共食堂·北翼",
        "zone": "中庭区",
        "kind": "building",
        "footprint": 2912,
        "description": "跨院共用餐食与膳食配给窗口。",
        "shapeType": "双翼食堂",
        "frontageRoad": "C-P03",
        "layer": "buildings",
        "sourceV011Id": "C-02",
        "expansionMode": "v0.11-quad-complex",
        "complexWing": 1
      },
      "geometry": {
        "type": "Polygon",
        "coordinates": [
          [
            [
              1402.32,
              183.76
            ],
            [
              1486.32,
              183.76
            ],
            [
              1486.32,
              221.76
            ],
            [
              1458.32,
              221.76
            ],
            [
              1458.32,
              211.76
            ],
            [
              1430.32,
              211.76
            ],
            [
              1430.32,
              221.76
            ],
            [
              1402.32,
              221.76
            ],
            [
              1402.32,
              183.76
            ]
          ]
        ]
      }
    },
    {
      "type": "Feature",
      "properties": {
        "id": "C-02-2",
        "name": "公共食堂·东翼",
        "zone": "中庭区",
        "kind": "building",
        "footprint": 2912,
        "description": "跨院共用餐食与膳食配给窗口。",
        "shapeType": "双翼食堂",
        "frontageRoad": "C-P03",
        "layer": "buildings",
        "sourceV011Id": "C-02",
        "expansionMode": "v0.11-quad-complex",
        "complexWing": 2
      },
      "geometry": {
        "type": "Polygon",
        "coordinates": [
          [
            [
              1486.32,
              183.76
            ],
            [
              1570.32,
              183.76
            ],
            [
              1570.32,
              221.76
            ],
            [
              1542.32,
              221.76
            ],
            [
              1542.32,
              211.76
            ],
            [
              1514.32,
              211.76
            ],
            [
              1514.32,
              221.76
            ],
            [
              1486.32,
              221.76
            ],
            [
              1486.32,
              183.76
            ]
          ]
        ]
      }
    },
    {
      "type": "Feature",
      "properties": {
        "id": "C-02-3",
        "name": "公共食堂·南翼",
        "zone": "中庭区",
        "kind": "building",
        "footprint": 2912,
        "description": "跨院共用餐食与膳食配给窗口。",
        "shapeType": "双翼食堂",
        "frontageRoad": "C-P03",
        "layer": "buildings",
        "sourceV011Id": "C-02",
        "expansionMode": "v0.11-quad-complex",
        "complexWing": 3
      },
      "geometry": {
        "type": "Polygon",
        "coordinates": [
          [
            [
              1486.32,
              221.76
            ],
            [
              1570.32,
              221.76
            ],
            [
              1570.32,
              259.76
            ],
            [
              1542.32,
              259.76
            ],
            [
              1542.32,
              249.76
            ],
            [
              1514.32,
              249.76
            ],
            [
              1514.32,
              259.76
            ],
            [
              1486.32,
              259.76
            ],
            [
              1486.32,
              221.76
            ]
          ]
        ]
      }
    },
    {
      "type": "Feature",
      "properties": {
        "id": "C-02-4",
        "name": "公共食堂·西翼",
        "zone": "中庭区",
        "kind": "building",
        "footprint": 2912,
        "description": "跨院共用餐食与膳食配给窗口。",
        "shapeType": "双翼食堂",
        "frontageRoad": "C-P03",
        "layer": "buildings",
        "sourceV011Id": "C-02",
        "expansionMode": "v0.11-quad-complex",
        "complexWing": 4
      },
      "geometry": {
        "type": "Polygon",
        "coordinates": [
          [
            [
              1402.32,
              221.76
            ],
            [
              1486.32,
              221.76
            ],
            [
              1486.32,
              259.76
            ],
            [
              1458.32,
              259.76
            ],
            [
              1458.32,
              249.76
            ],
            [
              1430.32,
              249.76
            ],
            [
              1430.32,
              259.76
            ],
            [
              1402.32,
              259.76
            ],
            [
              1402.32,
              221.76
            ]
          ]
        ]
      }
    },
    {
      "type": "Feature",
      "properties": {
        "id": "C-03-1",
        "name": "社团与活动楼·北翼",
        "zone": "中庭区",
        "kind": "building",
        "footprint": 1792,
        "description": "社团、排练、辩论与临时展示。",
        "frontageRoad": "R-02",
        "layer": "buildings",
        "sourceV011Id": "C-03",
        "expansionMode": "v0.11-quad-complex",
        "complexWing": 1
      },
      "geometry": {
        "type": "Polygon",
        "coordinates": [
          [
            [
              1383.28,
              644.76
            ],
            [
              1439.28,
              644.76
            ],
            [
              1439.28,
              676.76
            ],
            [
              1383.28,
              676.76
            ],
            [
              1383.28,
              644.76
            ]
          ]
        ]
      }
    },
    {
      "type": "Feature",
      "properties": {
        "id": "C-03-2",
        "name": "社团与活动楼·东翼",
        "zone": "中庭区",
        "kind": "building",
        "footprint": 1792,
        "description": "社团、排练、辩论与临时展示。",
        "frontageRoad": "R-02",
        "layer": "buildings",
        "sourceV011Id": "C-03",
        "expansionMode": "v0.11-quad-complex",
        "complexWing": 2
      },
      "geometry": {
        "type": "Polygon",
        "coordinates": [
          [
            [
              1439.28,
              644.76
            ],
            [
              1495.28,
              644.76
            ],
            [
              1495.28,
              676.76
            ],
            [
              1439.28,
              676.76
            ],
            [
              1439.28,
              644.76
            ]
          ]
        ]
      }
    },
    {
      "type": "Feature",
      "properties": {
        "id": "C-03-3",
        "name": "社团与活动楼·南翼",
        "zone": "中庭区",
        "kind": "building",
        "footprint": 1792,
        "description": "社团、排练、辩论与临时展示。",
        "frontageRoad": "R-02",
        "layer": "buildings",
        "sourceV011Id": "C-03",
        "expansionMode": "v0.11-quad-complex",
        "complexWing": 3
      },
      "geometry": {
        "type": "Polygon",
        "coordinates": [
          [
            [
              1439.28,
              676.76
            ],
            [
              1495.28,
              676.76
            ],
            [
              1495.28,
              708.76
            ],
            [
              1439.28,
              708.76
            ],
            [
              1439.28,
              676.76
            ]
          ]
        ]
      }
    },
    {
      "type": "Feature",
      "properties": {
        "id": "C-03-4",
        "name": "社团与活动楼·西翼",
        "zone": "中庭区",
        "kind": "building",
        "footprint": 1792,
        "description": "社团、排练、辩论与临时展示。",
        "frontageRoad": "R-02",
        "layer": "buildings",
        "sourceV011Id": "C-03",
        "expansionMode": "v0.11-quad-complex",
        "complexWing": 4
      },
      "geometry": {
        "type": "Polygon",
        "coordinates": [
          [
            [
              1383.28,
              676.76
            ],
            [
              1439.28,
              676.76
            ],
            [
              1439.28,
              708.76
            ],
            [
              1383.28,
              708.76
            ],
            [
              1383.28,
              676.76
            ]
          ]
        ]
      }
    },
    {
      "type": "Feature",
      "properties": {
        "id": "C-04-1",
        "name": "记录与调度事务楼·北翼",
        "zone": "中庭区",
        "kind": "building",
        "footprint": 1288,
        "description": "任务简报、路线许可、课程记录与申诉窗口。",
        "frontageRoad": "C-P03",
        "layer": "buildings",
        "sourceV011Id": "C-04",
        "expansionMode": "v0.11-quad-complex",
        "complexWing": 1
      },
      "geometry": {
        "type": "Polygon",
        "coordinates": [
          [
            [
              1608.88,
              390.04
            ],
            [
              1654.88,
              390.04
            ],
            [
              1654.88,
              418.04
            ],
            [
              1608.88,
              418.04
            ],
            [
              1608.88,
              390.04
            ]
          ]
        ]
      }
    },
    {
      "type": "Feature",
      "properties": {
        "id": "C-04-2",
        "name": "记录与调度事务楼·东翼",
        "zone": "中庭区",
        "kind": "building",
        "footprint": 1288,
        "description": "任务简报、路线许可、课程记录与申诉窗口。",
        "frontageRoad": "C-P03",
        "layer": "buildings",
        "sourceV011Id": "C-04",
        "expansionMode": "v0.11-quad-complex",
        "complexWing": 2
      },
      "geometry": {
        "type": "Polygon",
        "coordinates": [
          [
            [
              1654.88,
              390.04
            ],
            [
              1700.88,
              390.04
            ],
            [
              1700.88,
              418.04
            ],
            [
              1654.88,
              418.04
            ],
            [
              1654.88,
              390.04
            ]
          ]
        ]
      }
    },
    {
      "type": "Feature",
      "properties": {
        "id": "C-04-3",
        "name": "记录与调度事务楼·南翼",
        "zone": "中庭区",
        "kind": "building",
        "footprint": 1288,
        "description": "任务简报、路线许可、课程记录与申诉窗口。",
        "frontageRoad": "C-P03",
        "layer": "buildings",
        "sourceV011Id": "C-04",
        "expansionMode": "v0.11-quad-complex",
        "complexWing": 3
      },
      "geometry": {
        "type": "Polygon",
        "coordinates": [
          [
            [
              1654.88,
              418.04
            ],
            [
              1700.88,
              418.04
            ],
            [
              1700.88,
              446.04
            ],
            [
              1654.88,
              446.04
            ],
            [
              1654.88,
              418.04
            ]
          ]
        ]
      }
    },
    {
      "type": "Feature",
      "properties": {
        "id": "C-04-4",
        "name": "记录与调度事务楼·西翼",
        "zone": "中庭区",
        "kind": "building",
        "footprint": 1288,
        "description": "任务简报、路线许可、课程记录与申诉窗口。",
        "frontageRoad": "C-P03",
        "layer": "buildings",
        "sourceV011Id": "C-04",
        "expansionMode": "v0.11-quad-complex",
        "complexWing": 4
      },
      "geometry": {
        "type": "Polygon",
        "coordinates": [
          [
            [
              1608.88,
              418.04
            ],
            [
              1654.88,
              418.04
            ],
            [
              1654.88,
              446.04
            ],
            [
              1608.88,
              446.04
            ],
            [
              1608.88,
              418.04
            ]
          ]
        ]
      }
    },
    {
      "type": "Feature",
      "properties": {
        "id": "C-05-1",
        "name": "室内练习馆·北翼",
        "zone": "中庭区",
        "kind": "building",
        "footprint": 6017,
        "description": "雨天训练和公开安全演练。",
        "shapeType": "八边大跨馆",
        "frontageRoad": "C-P03",
        "layer": "buildings",
        "sourceV011Id": "C-05",
        "expansionMode": "v0.11-quad-complex",
        "complexWing": 1
      },
      "geometry": {
        "type": "Polygon",
        "coordinates": [
          [
            [
              1600.26,
              555.9
            ],
            [
              1673.26,
              555.9
            ],
            [
              1685.26,
              567.9
            ],
            [
              1685.26,
              608.9
            ],
            [
              1673.26,
              620.9
            ],
            [
              1600.26,
              620.9
            ],
            [
              1588.26,
              608.9
            ],
            [
              1588.26,
              567.9
            ],
            [
              1600.26,
              555.9
            ]
          ]
        ]
      }
    },
    {
      "type": "Feature",
      "properties": {
        "id": "C-05-2",
        "name": "室内练习馆·东翼",
        "zone": "中庭区",
        "kind": "building",
        "footprint": 6017,
        "description": "雨天训练和公开安全演练。",
        "shapeType": "八边大跨馆",
        "frontageRoad": "C-P03",
        "layer": "buildings",
        "sourceV011Id": "C-05",
        "expansionMode": "v0.11-quad-complex",
        "complexWing": 2
      },
      "geometry": {
        "type": "Polygon",
        "coordinates": [
          [
            [
              1697.26,
              555.9
            ],
            [
              1770.26,
              555.9
            ],
            [
              1782.26,
              567.9
            ],
            [
              1782.26,
              608.9
            ],
            [
              1770.26,
              620.9
            ],
            [
              1697.26,
              620.9
            ],
            [
              1685.26,
              608.9
            ],
            [
              1685.26,
              567.9
            ],
            [
              1697.26,
              555.9
            ]
          ]
        ]
      }
    },
    {
      "type": "Feature",
      "properties": {
        "id": "C-05-3",
        "name": "室内练习馆·南翼",
        "zone": "中庭区",
        "kind": "building",
        "footprint": 6017,
        "description": "雨天训练和公开安全演练。",
        "shapeType": "八边大跨馆",
        "frontageRoad": "C-P03",
        "layer": "buildings",
        "sourceV011Id": "C-05",
        "expansionMode": "v0.11-quad-complex",
        "complexWing": 3
      },
      "geometry": {
        "type": "Polygon",
        "coordinates": [
          [
            [
              1697.26,
              620.9
            ],
            [
              1770.26,
              620.9
            ],
            [
              1782.26,
              632.9
            ],
            [
              1782.26,
              673.9
            ],
            [
              1770.26,
              685.9
            ],
            [
              1697.26,
              685.9
            ],
            [
              1685.26,
              673.9
            ],
            [
              1685.26,
              632.9
            ],
            [
              1697.26,
              620.9
            ]
          ]
        ]
      }
    },
    {
      "type": "Feature",
      "properties": {
        "id": "C-05-4",
        "name": "室内练习馆·西翼",
        "zone": "中庭区",
        "kind": "building",
        "footprint": 6017,
        "description": "雨天训练和公开安全演练。",
        "shapeType": "八边大跨馆",
        "frontageRoad": "C-P03",
        "layer": "buildings",
        "sourceV011Id": "C-05",
        "expansionMode": "v0.11-quad-complex",
        "complexWing": 4
      },
      "geometry": {
        "type": "Polygon",
        "coordinates": [
          [
            [
              1600.26,
              620.9
            ],
            [
              1673.26,
              620.9
            ],
            [
              1685.26,
              632.9
            ],
            [
              1685.26,
              673.9
            ],
            [
              1673.26,
              685.9
            ],
            [
              1600.26,
              685.9
            ],
            [
              1588.26,
              673.9
            ],
            [
              1588.26,
              632.9
            ],
            [
              1600.26,
              620.9
            ]
          ]
        ]
      }
    },
    {
      "type": "Feature",
      "properties": {
        "id": "C-06-1",
        "name": "中立审理庭·北翼",
        "zone": "中庭区",
        "kind": "building",
        "footprint": 2520,
        "description": "学院内部审理、调停和公开听证。",
        "shapeType": "八边审理厅",
        "frontageRoad": "C-P01",
        "layer": "buildings",
        "sourceV011Id": "C-06",
        "expansionMode": "v0.11-quad-complex",
        "complexWing": 1
      },
      "geometry": {
        "type": "Polygon",
        "coordinates": [
          [
            [
              1706.64,
              172.24
            ],
            [
              1754.64,
              172.24
            ],
            [
              1764.64,
              182.24
            ],
            [
              1764.64,
              202.24
            ],
            [
              1754.64,
              212.24
            ],
            [
              1706.64,
              212.24
            ],
            [
              1696.64,
              202.24
            ],
            [
              1696.64,
              182.24
            ],
            [
              1706.64,
              172.24
            ]
          ]
        ]
      }
    },
    {
      "type": "Feature",
      "properties": {
        "id": "C-06-2",
        "name": "中立审理庭·东翼",
        "zone": "中庭区",
        "kind": "building",
        "footprint": 2520,
        "description": "学院内部审理、调停和公开听证。",
        "shapeType": "八边审理厅",
        "frontageRoad": "C-P01",
        "layer": "buildings",
        "sourceV011Id": "C-06",
        "expansionMode": "v0.11-quad-complex",
        "complexWing": 2
      },
      "geometry": {
        "type": "Polygon",
        "coordinates": [
          [
            [
              1774.64,
              172.24
            ],
            [
              1822.64,
              172.24
            ],
            [
              1832.64,
              182.24
            ],
            [
              1832.64,
              202.24
            ],
            [
              1822.64,
              212.24
            ],
            [
              1774.64,
              212.24
            ],
            [
              1764.64,
              202.24
            ],
            [
              1764.64,
              182.24
            ],
            [
              1774.64,
              172.24
            ]
          ]
        ]
      }
    },
    {
      "type": "Feature",
      "properties": {
        "id": "C-06-3",
        "name": "中立审理庭·南翼",
        "zone": "中庭区",
        "kind": "building",
        "footprint": 2520,
        "description": "学院内部审理、调停和公开听证。",
        "shapeType": "八边审理厅",
        "frontageRoad": "C-P01",
        "layer": "buildings",
        "sourceV011Id": "C-06",
        "expansionMode": "v0.11-quad-complex",
        "complexWing": 3
      },
      "geometry": {
        "type": "Polygon",
        "coordinates": [
          [
            [
              1774.64,
              212.24
            ],
            [
              1822.64,
              212.24
            ],
            [
              1832.64,
              222.24
            ],
            [
              1832.64,
              242.24
            ],
            [
              1822.64,
              252.24
            ],
            [
              1774.64,
              252.24
            ],
            [
              1764.64,
              242.24
            ],
            [
              1764.64,
              222.24
            ],
            [
              1774.64,
              212.24
            ]
          ]
        ]
      }
    },
    {
      "type": "Feature",
      "properties": {
        "id": "C-06-4",
        "name": "中立审理庭·西翼",
        "zone": "中庭区",
        "kind": "building",
        "footprint": 2520,
        "description": "学院内部审理、调停和公开听证。",
        "shapeType": "八边审理厅",
        "frontageRoad": "C-P01",
        "layer": "buildings",
        "sourceV011Id": "C-06",
        "expansionMode": "v0.11-quad-complex",
        "complexWing": 4
      },
      "geometry": {
        "type": "Polygon",
        "coordinates": [
          [
            [
              1706.64,
              212.24
            ],
            [
              1754.64,
              212.24
            ],
            [
              1764.64,
              222.24
            ],
            [
              1764.64,
              242.24
            ],
            [
              1754.64,
              252.24
            ],
            [
              1706.64,
              252.24
            ],
            [
              1696.64,
              242.24
            ],
            [
              1696.64,
              222.24
            ],
            [
              1706.64,
              212.24
            ]
          ]
        ]
      }
    },
    {
      "type": "Feature",
      "properties": {
        "id": "C-07-1",
        "name": "中庭钟楼",
        "zone": "中庭区",
        "kind": "building",
        "footprint": 956,
        "description": "课程报时、校内通勤调度和公共集会的可见地标；不承担神秘核心或游戏倒计时功能。",
        "shapeType": "八边钟塔基座",
        "frontageRoad": "C-P04",
        "layer": "buildings",
        "sourceV011Id": "C-07",
        "expansionMode": "v0.11-quad-complex",
        "complexWing": 1
      },
      "geometry": {
        "type": "Polygon",
        "coordinates": [
          [
            [
              1315.32,
              713.32
            ],
            [
              1329.32,
              713.32
            ],
            [
              1339.32,
              723.32
            ],
            [
              1339.32,
              737.32
            ],
            [
              1329.32,
              747.32
            ],
            [
              1315.32,
              747.32
            ],
            [
              1305.32,
              737.32
            ],
            [
              1305.32,
              723.32
            ],
            [
              1315.32,
              713.32
            ]
          ]
        ]
      }
    },
    {
      "type": "Feature",
      "properties": {
        "id": "C-07-2",
        "name": "钟楼调度翼",
        "zone": "中庭区",
        "kind": "building",
        "footprint": 956,
        "description": "课程报时、校内通勤调度和公共集会的可见地标；不承担神秘核心或游戏倒计时功能。",
        "shapeType": "八边钟塔基座",
        "frontageRoad": "C-P04",
        "layer": "buildings",
        "sourceV011Id": "C-07",
        "expansionMode": "v0.11-quad-complex",
        "complexWing": 2
      },
      "geometry": {
        "type": "Polygon",
        "coordinates": [
          [
            [
              1349.32,
              713.32
            ],
            [
              1363.32,
              713.32
            ],
            [
              1373.32,
              723.32
            ],
            [
              1373.32,
              737.32
            ],
            [
              1363.32,
              747.32
            ],
            [
              1349.32,
              747.32
            ],
            [
              1339.32,
              737.32
            ],
            [
              1339.32,
              723.32
            ],
            [
              1349.32,
              713.32
            ]
          ]
        ]
      }
    },
    {
      "type": "Feature",
      "properties": {
        "id": "C-07-3",
        "name": "钟楼记录翼",
        "zone": "中庭区",
        "kind": "building",
        "footprint": 956,
        "description": "课程报时、校内通勤调度和公共集会的可见地标；不承担神秘核心或游戏倒计时功能。",
        "shapeType": "八边钟塔基座",
        "frontageRoad": "C-P04",
        "layer": "buildings",
        "sourceV011Id": "C-07",
        "expansionMode": "v0.11-quad-complex",
        "complexWing": 3
      },
      "geometry": {
        "type": "Polygon",
        "coordinates": [
          [
            [
              1349.32,
              747.32
            ],
            [
              1363.32,
              747.32
            ],
            [
              1373.32,
              757.32
            ],
            [
              1373.32,
              771.32
            ],
            [
              1363.32,
              781.32
            ],
            [
              1349.32,
              781.32
            ],
            [
              1339.32,
              771.32
            ],
            [
              1339.32,
              757.32
            ],
            [
              1349.32,
              747.32
            ]
          ]
        ]
      }
    },
    {
      "type": "Feature",
      "properties": {
        "id": "C-07-4",
        "name": "钟楼公共翼",
        "zone": "中庭区",
        "kind": "building",
        "footprint": 956,
        "description": "课程报时、校内通勤调度和公共集会的可见地标；不承担神秘核心或游戏倒计时功能。",
        "shapeType": "八边钟塔基座",
        "frontageRoad": "C-P04",
        "layer": "buildings",
        "sourceV011Id": "C-07",
        "expansionMode": "v0.11-quad-complex",
        "complexWing": 4
      },
      "geometry": {
        "type": "Polygon",
        "coordinates": [
          [
            [
              1315.32,
              747.32
            ],
            [
              1329.32,
              747.32
            ],
            [
              1339.32,
              757.32
            ],
            [
              1339.32,
              771.32
            ],
            [
              1329.32,
              781.32
            ],
            [
              1315.32,
              781.32
            ],
            [
              1305.32,
              771.32
            ],
            [
              1305.32,
              757.32
            ],
            [
              1315.32,
              747.32
            ]
          ]
        ]
      }
    },
    {
      "type": "Feature",
      "properties": {
        "id": "W-01-1",
        "name": "公共校准大厅·北翼",
        "zone": "工坊区",
        "kind": "building",
        "footprint": 5560,
        "description": "学生器材检查、校准、借用与归还。",
        "shapeType": "锯齿校准大厅",
        "frontageRoad": "W-P00",
        "layer": "buildings",
        "sourceV011Id": "W-01",
        "expansionMode": "v0.11-quad-complex",
        "complexWing": 1
      },
      "geometry": {
        "type": "Polygon",
        "coordinates": [
          [
            [
              1950.8,
              183.04
            ],
            [
              2050.8,
              183.04
            ],
            [
              2050.8,
              241.04
            ],
            [
              2030.8,
              241.04
            ],
            [
              2020.8,
              229.04
            ],
            [
              2010.8,
              241.04
            ],
            [
              1990.8,
              241.04
            ],
            [
              1980.8,
              229.04
            ],
            [
              1970.8,
              241.04
            ],
            [
              1950.8,
              241.04
            ],
            [
              1950.8,
              183.04
            ]
          ]
        ]
      }
    },
    {
      "type": "Feature",
      "properties": {
        "id": "W-01-2",
        "name": "公共校准大厅·东翼",
        "zone": "工坊区",
        "kind": "building",
        "footprint": 5560,
        "description": "学生器材检查、校准、借用与归还。",
        "shapeType": "锯齿校准大厅",
        "frontageRoad": "W-P00",
        "layer": "buildings",
        "sourceV011Id": "W-01",
        "expansionMode": "v0.11-quad-complex",
        "complexWing": 2
      },
      "geometry": {
        "type": "Polygon",
        "coordinates": [
          [
            [
              2050.8,
              183.04
            ],
            [
              2150.8,
              183.04
            ],
            [
              2150.8,
              241.04
            ],
            [
              2130.8,
              241.04
            ],
            [
              2120.8,
              229.04
            ],
            [
              2110.8,
              241.04
            ],
            [
              2090.8,
              241.04
            ],
            [
              2080.8,
              229.04
            ],
            [
              2070.8,
              241.04
            ],
            [
              2050.8,
              241.04
            ],
            [
              2050.8,
              183.04
            ]
          ]
        ]
      }
    },
    {
      "type": "Feature",
      "properties": {
        "id": "W-01-3",
        "name": "公共校准大厅·南翼",
        "zone": "工坊区",
        "kind": "building",
        "footprint": 5560,
        "description": "学生器材检查、校准、借用与归还。",
        "shapeType": "锯齿校准大厅",
        "frontageRoad": "W-P00",
        "layer": "buildings",
        "sourceV011Id": "W-01",
        "expansionMode": "v0.11-quad-complex",
        "complexWing": 3
      },
      "geometry": {
        "type": "Polygon",
        "coordinates": [
          [
            [
              2050.8,
              241.04
            ],
            [
              2150.8,
              241.04
            ],
            [
              2150.8,
              299.04
            ],
            [
              2130.8,
              299.04
            ],
            [
              2120.8,
              287.04
            ],
            [
              2110.8,
              299.04
            ],
            [
              2090.8,
              299.04
            ],
            [
              2080.8,
              287.04
            ],
            [
              2070.8,
              299.04
            ],
            [
              2050.8,
              299.04
            ],
            [
              2050.8,
              241.04
            ]
          ]
        ]
      }
    },
    {
      "type": "Feature",
      "properties": {
        "id": "W-01-4",
        "name": "公共校准大厅·西翼",
        "zone": "工坊区",
        "kind": "building",
        "footprint": 5560,
        "description": "学生器材检查、校准、借用与归还。",
        "shapeType": "锯齿校准大厅",
        "frontageRoad": "W-P00",
        "layer": "buildings",
        "sourceV011Id": "W-01",
        "expansionMode": "v0.11-quad-complex",
        "complexWing": 4
      },
      "geometry": {
        "type": "Polygon",
        "coordinates": [
          [
            [
              1950.8,
              241.04
            ],
            [
              2050.8,
              241.04
            ],
            [
              2050.8,
              299.04
            ],
            [
              2030.8,
              299.04
            ],
            [
              2020.8,
              287.04
            ],
            [
              2010.8,
              299.04
            ],
            [
              1990.8,
              299.04
            ],
            [
              1980.8,
              287.04
            ],
            [
              1970.8,
              299.04
            ],
            [
              1950.8,
              299.04
            ],
            [
              1950.8,
              241.04
            ]
          ]
        ]
      }
    },
    {
      "type": "Feature",
      "properties": {
        "id": "W-02-1",
        "name": "材料与机械工坊·北翼",
        "zone": "工坊区",
        "kind": "building",
        "footprint": 4100,
        "description": "常规制作、维修、工具训练与公开工读。",
        "frontageRoad": "W-P05",
        "layer": "buildings",
        "sourceV011Id": "W-02",
        "expansionMode": "v0.11-quad-complex",
        "complexWing": 1
      },
      "geometry": {
        "type": "Polygon",
        "coordinates": [
          [
            [
              2166.76,
              526.8
            ],
            [
              2248.76,
              526.8
            ],
            [
              2248.76,
              576.8
            ],
            [
              2166.76,
              576.8
            ],
            [
              2166.76,
              526.8
            ]
          ]
        ]
      }
    },
    {
      "type": "Feature",
      "properties": {
        "id": "W-02-2",
        "name": "材料与机械工坊·东翼",
        "zone": "工坊区",
        "kind": "building",
        "footprint": 4100,
        "description": "常规制作、维修、工具训练与公开工读。",
        "frontageRoad": "W-P05",
        "layer": "buildings",
        "sourceV011Id": "W-02",
        "expansionMode": "v0.11-quad-complex",
        "complexWing": 2
      },
      "geometry": {
        "type": "Polygon",
        "coordinates": [
          [
            [
              2248.76,
              526.8
            ],
            [
              2330.76,
              526.8
            ],
            [
              2330.76,
              576.8
            ],
            [
              2248.76,
              576.8
            ],
            [
              2248.76,
              526.8
            ]
          ]
        ]
      }
    },
    {
      "type": "Feature",
      "properties": {
        "id": "W-02-3",
        "name": "材料与机械工坊·南翼",
        "zone": "工坊区",
        "kind": "building",
        "footprint": 4100,
        "description": "常规制作、维修、工具训练与公开工读。",
        "frontageRoad": "W-P05",
        "layer": "buildings",
        "sourceV011Id": "W-02",
        "expansionMode": "v0.11-quad-complex",
        "complexWing": 3
      },
      "geometry": {
        "type": "Polygon",
        "coordinates": [
          [
            [
              2248.76,
              576.8
            ],
            [
              2330.76,
              576.8
            ],
            [
              2330.76,
              626.8
            ],
            [
              2248.76,
              626.8
            ],
            [
              2248.76,
              576.8
            ]
          ]
        ]
      }
    },
    {
      "type": "Feature",
      "properties": {
        "id": "W-02-4",
        "name": "材料与机械工坊·西翼",
        "zone": "工坊区",
        "kind": "building",
        "footprint": 4100,
        "description": "常规制作、维修、工具训练与公开工读。",
        "frontageRoad": "W-P05",
        "layer": "buildings",
        "sourceV011Id": "W-02",
        "expansionMode": "v0.11-quad-complex",
        "complexWing": 4
      },
      "geometry": {
        "type": "Polygon",
        "coordinates": [
          [
            [
              2166.76,
              576.8
            ],
            [
              2248.76,
              576.8
            ],
            [
              2248.76,
              626.8
            ],
            [
              2166.76,
              626.8
            ],
            [
              2166.76,
              576.8
            ]
          ]
        ]
      }
    },
    {
      "type": "Feature",
      "properties": {
        "id": "W-03-1",
        "name": "导具设计楼·北翼",
        "zone": "工坊区",
        "kind": "building",
        "footprint": 2688,
        "description": "器物结构、术式适配与可复现实验。",
        "frontageRoad": "W-P03",
        "layer": "buildings",
        "sourceV011Id": "W-03",
        "expansionMode": "v0.11-quad-complex",
        "complexWing": 1
      },
      "geometry": {
        "type": "Polygon",
        "coordinates": [
          [
            [
              2382.72,
              164.36
            ],
            [
              2446.72,
              164.36
            ],
            [
              2446.72,
              206.36
            ],
            [
              2382.72,
              206.36
            ],
            [
              2382.72,
              164.36
            ]
          ]
        ]
      }
    },
    {
      "type": "Feature",
      "properties": {
        "id": "W-03-2",
        "name": "导具设计楼·东翼",
        "zone": "工坊区",
        "kind": "building",
        "footprint": 2688,
        "description": "器物结构、术式适配与可复现实验。",
        "frontageRoad": "W-P03",
        "layer": "buildings",
        "sourceV011Id": "W-03",
        "expansionMode": "v0.11-quad-complex",
        "complexWing": 2
      },
      "geometry": {
        "type": "Polygon",
        "coordinates": [
          [
            [
              2446.72,
              164.36
            ],
            [
              2510.72,
              164.36
            ],
            [
              2510.72,
              206.36
            ],
            [
              2446.72,
              206.36
            ],
            [
              2446.72,
              164.36
            ]
          ]
        ]
      }
    },
    {
      "type": "Feature",
      "properties": {
        "id": "W-03-3",
        "name": "导具设计楼·南翼",
        "zone": "工坊区",
        "kind": "building",
        "footprint": 2688,
        "description": "器物结构、术式适配与可复现实验。",
        "frontageRoad": "W-P03",
        "layer": "buildings",
        "sourceV011Id": "W-03",
        "expansionMode": "v0.11-quad-complex",
        "complexWing": 3
      },
      "geometry": {
        "type": "Polygon",
        "coordinates": [
          [
            [
              2446.72,
              206.36
            ],
            [
              2510.72,
              206.36
            ],
            [
              2510.72,
              248.36
            ],
            [
              2446.72,
              248.36
            ],
            [
              2446.72,
              206.36
            ]
          ]
        ]
      }
    },
    {
      "type": "Feature",
      "properties": {
        "id": "W-03-4",
        "name": "导具设计楼·西翼",
        "zone": "工坊区",
        "kind": "building",
        "footprint": 2688,
        "description": "器物结构、术式适配与可复现实验。",
        "frontageRoad": "W-P03",
        "layer": "buildings",
        "sourceV011Id": "W-03",
        "expansionMode": "v0.11-quad-complex",
        "complexWing": 4
      },
      "geometry": {
        "type": "Polygon",
        "coordinates": [
          [
            [
              2382.72,
              206.36
            ],
            [
              2446.72,
              206.36
            ],
            [
              2446.72,
              248.36
            ],
            [
              2382.72,
              248.36
            ],
            [
              2382.72,
              206.36
            ]
          ]
        ]
      }
    },
    {
      "type": "Feature",
      "properties": {
        "id": "W-04-1",
        "name": "试储与导能楼·北翼",
        "zone": "工坊区",
        "kind": "building",
        "footprint": 1872,
        "description": "受控储能／释放试验，独立安全围栏。",
        "shapeType": "八边隔离试储室",
        "frontageRoad": "W-P04",
        "layer": "buildings",
        "sourceV011Id": "W-04",
        "expansionMode": "v0.11-quad-complex",
        "complexWing": 1
      },
      "geometry": {
        "type": "Polygon",
        "coordinates": [
          [
            [
              2624.12,
              262.48
            ],
            [
              2666.12,
              262.48
            ],
            [
              2672.12,
              268.48
            ],
            [
              2672.12,
              292.48
            ],
            [
              2666.12,
              298.48
            ],
            [
              2624.12,
              298.48
            ],
            [
              2618.12,
              292.48
            ],
            [
              2618.12,
              268.48
            ],
            [
              2624.12,
              262.48
            ]
          ]
        ]
      }
    },
    {
      "type": "Feature",
      "properties": {
        "id": "W-04-2",
        "name": "试储与导能楼·东翼",
        "zone": "工坊区",
        "kind": "building",
        "footprint": 1872,
        "description": "受控储能／释放试验，独立安全围栏。",
        "shapeType": "八边隔离试储室",
        "frontageRoad": "W-P04",
        "layer": "buildings",
        "sourceV011Id": "W-04",
        "expansionMode": "v0.11-quad-complex",
        "complexWing": 2
      },
      "geometry": {
        "type": "Polygon",
        "coordinates": [
          [
            [
              2678.12,
              262.48
            ],
            [
              2720.12,
              262.48
            ],
            [
              2726.12,
              268.48
            ],
            [
              2726.12,
              292.48
            ],
            [
              2720.12,
              298.48
            ],
            [
              2678.12,
              298.48
            ],
            [
              2672.12,
              292.48
            ],
            [
              2672.12,
              268.48
            ],
            [
              2678.12,
              262.48
            ]
          ]
        ]
      }
    },
    {
      "type": "Feature",
      "properties": {
        "id": "W-04-3",
        "name": "试储与导能楼·南翼",
        "zone": "工坊区",
        "kind": "building",
        "footprint": 1872,
        "description": "受控储能／释放试验，独立安全围栏。",
        "shapeType": "八边隔离试储室",
        "frontageRoad": "W-P04",
        "layer": "buildings",
        "sourceV011Id": "W-04",
        "expansionMode": "v0.11-quad-complex",
        "complexWing": 3
      },
      "geometry": {
        "type": "Polygon",
        "coordinates": [
          [
            [
              2678.12,
              298.48
            ],
            [
              2720.12,
              298.48
            ],
            [
              2726.12,
              304.48
            ],
            [
              2726.12,
              328.48
            ],
            [
              2720.12,
              334.48
            ],
            [
              2678.12,
              334.48
            ],
            [
              2672.12,
              328.48
            ],
            [
              2672.12,
              304.48
            ],
            [
              2678.12,
              298.48
            ]
          ]
        ]
      }
    },
    {
      "type": "Feature",
      "properties": {
        "id": "W-04-4",
        "name": "试储与导能楼·西翼",
        "zone": "工坊区",
        "kind": "building",
        "footprint": 1872,
        "description": "受控储能／释放试验，独立安全围栏。",
        "shapeType": "八边隔离试储室",
        "frontageRoad": "W-P04",
        "layer": "buildings",
        "sourceV011Id": "W-04",
        "expansionMode": "v0.11-quad-complex",
        "complexWing": 4
      },
      "geometry": {
        "type": "Polygon",
        "coordinates": [
          [
            [
              2624.12,
              298.48
            ],
            [
              2666.12,
              298.48
            ],
            [
              2672.12,
              304.48
            ],
            [
              2672.12,
              328.48
            ],
            [
              2666.12,
              334.48
            ],
            [
              2624.12,
              334.48
            ],
            [
              2618.12,
              328.48
            ],
            [
              2618.12,
              304.48
            ],
            [
              2624.12,
              298.48
            ]
          ]
        ]
      }
    },
    {
      "type": "Feature",
      "properties": {
        "id": "W-05-1",
        "name": "登记材料库·北翼",
        "zone": "工坊区",
        "kind": "building",
        "footprint": 1768,
        "description": "课程余料、工单材料和可追溯耗材。",
        "frontageRoad": "W-P03",
        "layer": "buildings",
        "sourceV011Id": "W-05",
        "expansionMode": "v0.11-quad-complex",
        "complexWing": 1
      },
      "geometry": {
        "type": "Polygon",
        "coordinates": [
          [
            [
              2382.96,
              389.92
            ],
            [
              2434.96,
              389.92
            ],
            [
              2434.96,
              423.92
            ],
            [
              2382.96,
              423.92
            ],
            [
              2382.96,
              389.92
            ]
          ]
        ]
      }
    },
    {
      "type": "Feature",
      "properties": {
        "id": "W-05-2",
        "name": "登记材料库·东翼",
        "zone": "工坊区",
        "kind": "building",
        "footprint": 1768,
        "description": "课程余料、工单材料和可追溯耗材。",
        "frontageRoad": "W-P03",
        "layer": "buildings",
        "sourceV011Id": "W-05",
        "expansionMode": "v0.11-quad-complex",
        "complexWing": 2
      },
      "geometry": {
        "type": "Polygon",
        "coordinates": [
          [
            [
              2434.96,
              389.92
            ],
            [
              2486.96,
              389.92
            ],
            [
              2486.96,
              423.92
            ],
            [
              2434.96,
              423.92
            ],
            [
              2434.96,
              389.92
            ]
          ]
        ]
      }
    },
    {
      "type": "Feature",
      "properties": {
        "id": "W-05-3",
        "name": "登记材料库·南翼",
        "zone": "工坊区",
        "kind": "building",
        "footprint": 1768,
        "description": "课程余料、工单材料和可追溯耗材。",
        "frontageRoad": "W-P03",
        "layer": "buildings",
        "sourceV011Id": "W-05",
        "expansionMode": "v0.11-quad-complex",
        "complexWing": 3
      },
      "geometry": {
        "type": "Polygon",
        "coordinates": [
          [
            [
              2434.96,
              423.92
            ],
            [
              2486.96,
              423.92
            ],
            [
              2486.96,
              457.92
            ],
            [
              2434.96,
              457.92
            ],
            [
              2434.96,
              423.92
            ]
          ]
        ]
      }
    },
    {
      "type": "Feature",
      "properties": {
        "id": "W-05-4",
        "name": "登记材料库·西翼",
        "zone": "工坊区",
        "kind": "building",
        "footprint": 1768,
        "description": "课程余料、工单材料和可追溯耗材。",
        "frontageRoad": "W-P03",
        "layer": "buildings",
        "sourceV011Id": "W-05",
        "expansionMode": "v0.11-quad-complex",
        "complexWing": 4
      },
      "geometry": {
        "type": "Polygon",
        "coordinates": [
          [
            [
              2382.96,
              423.92
            ],
            [
              2434.96,
              423.92
            ],
            [
              2434.96,
              457.92
            ],
            [
              2382.96,
              457.92
            ],
            [
              2382.96,
              423.92
            ]
          ]
        ]
      }
    },
    {
      "type": "Feature",
      "properties": {
        "id": "W-06-1",
        "name": "绝缘与耗材库·北翼",
        "zone": "工坊区",
        "kind": "building",
        "footprint": 1408,
        "description": "隔离材料、保护耗材与受控领取。",
        "frontageRoad": "W-P06",
        "layer": "buildings",
        "sourceV011Id": "W-06",
        "expansionMode": "v0.11-quad-complex",
        "complexWing": 1
      },
      "geometry": {
        "type": "Polygon",
        "coordinates": [
          [
            [
              2628.12,
              438.96
            ],
            [
              2672.12,
              438.96
            ],
            [
              2672.12,
              470.96
            ],
            [
              2628.12,
              470.96
            ],
            [
              2628.12,
              438.96
            ]
          ]
        ]
      }
    },
    {
      "type": "Feature",
      "properties": {
        "id": "W-06-2",
        "name": "绝缘与耗材库·东翼",
        "zone": "工坊区",
        "kind": "building",
        "footprint": 1408,
        "description": "隔离材料、保护耗材与受控领取。",
        "frontageRoad": "W-P06",
        "layer": "buildings",
        "sourceV011Id": "W-06",
        "expansionMode": "v0.11-quad-complex",
        "complexWing": 2
      },
      "geometry": {
        "type": "Polygon",
        "coordinates": [
          [
            [
              2672.12,
              438.96
            ],
            [
              2716.12,
              438.96
            ],
            [
              2716.12,
              470.96
            ],
            [
              2672.12,
              470.96
            ],
            [
              2672.12,
              438.96
            ]
          ]
        ]
      }
    },
    {
      "type": "Feature",
      "properties": {
        "id": "W-06-3",
        "name": "绝缘与耗材库·南翼",
        "zone": "工坊区",
        "kind": "building",
        "footprint": 1408,
        "description": "隔离材料、保护耗材与受控领取。",
        "frontageRoad": "W-P06",
        "layer": "buildings",
        "sourceV011Id": "W-06",
        "expansionMode": "v0.11-quad-complex",
        "complexWing": 3
      },
      "geometry": {
        "type": "Polygon",
        "coordinates": [
          [
            [
              2672.12,
              470.96
            ],
            [
              2716.12,
              470.96
            ],
            [
              2716.12,
              502.96
            ],
            [
              2672.12,
              502.96
            ],
            [
              2672.12,
              470.96
            ]
          ]
        ]
      }
    },
    {
      "type": "Feature",
      "properties": {
        "id": "W-06-4",
        "name": "绝缘与耗材库·西翼",
        "zone": "工坊区",
        "kind": "building",
        "footprint": 1408,
        "description": "隔离材料、保护耗材与受控领取。",
        "frontageRoad": "W-P06",
        "layer": "buildings",
        "sourceV011Id": "W-06",
        "expansionMode": "v0.11-quad-complex",
        "complexWing": 4
      },
      "geometry": {
        "type": "Polygon",
        "coordinates": [
          [
            [
              2628.12,
              470.96
            ],
            [
              2672.12,
              470.96
            ],
            [
              2672.12,
              502.96
            ],
            [
              2628.12,
              502.96
            ],
            [
              2628.12,
              470.96
            ]
          ]
        ]
      }
    },
    {
      "type": "Feature",
      "properties": {
        "id": "W-07-1",
        "name": "工坊安全与清洗站·北翼",
        "zone": "工坊区",
        "kind": "building",
        "footprint": 1120,
        "description": "事故初处置、洗消、器材封签与安全登记。",
        "frontageRoad": "R-03",
        "layer": "buildings",
        "sourceV011Id": "W-07",
        "expansionMode": "v0.11-quad-complex",
        "complexWing": 1
      },
      "geometry": {
        "type": "Polygon",
        "coordinates": [
          [
            [
              1952,
              705.6
            ],
            [
              1992,
              705.6
            ],
            [
              1992,
              733.6
            ],
            [
              1952,
              733.6
            ],
            [
              1952,
              705.6
            ]
          ]
        ]
      }
    },
    {
      "type": "Feature",
      "properties": {
        "id": "W-07-2",
        "name": "工坊安全与清洗站·东翼",
        "zone": "工坊区",
        "kind": "building",
        "footprint": 1120,
        "description": "事故初处置、洗消、器材封签与安全登记。",
        "frontageRoad": "R-03",
        "layer": "buildings",
        "sourceV011Id": "W-07",
        "expansionMode": "v0.11-quad-complex",
        "complexWing": 2
      },
      "geometry": {
        "type": "Polygon",
        "coordinates": [
          [
            [
              1992,
              705.6
            ],
            [
              2032,
              705.6
            ],
            [
              2032,
              733.6
            ],
            [
              1992,
              733.6
            ],
            [
              1992,
              705.6
            ]
          ]
        ]
      }
    },
    {
      "type": "Feature",
      "properties": {
        "id": "W-07-3",
        "name": "工坊安全与清洗站·南翼",
        "zone": "工坊区",
        "kind": "building",
        "footprint": 1120,
        "description": "事故初处置、洗消、器材封签与安全登记。",
        "frontageRoad": "R-03",
        "layer": "buildings",
        "sourceV011Id": "W-07",
        "expansionMode": "v0.11-quad-complex",
        "complexWing": 3
      },
      "geometry": {
        "type": "Polygon",
        "coordinates": [
          [
            [
              1992,
              733.6
            ],
            [
              2032,
              733.6
            ],
            [
              2032,
              761.6
            ],
            [
              1992,
              761.6
            ],
            [
              1992,
              733.6
            ]
          ]
        ]
      }
    },
    {
      "type": "Feature",
      "properties": {
        "id": "W-07-4",
        "name": "工坊安全与清洗站·西翼",
        "zone": "工坊区",
        "kind": "building",
        "footprint": 1120,
        "description": "事故初处置、洗消、器材封签与安全登记。",
        "frontageRoad": "R-03",
        "layer": "buildings",
        "sourceV011Id": "W-07",
        "expansionMode": "v0.11-quad-complex",
        "complexWing": 4
      },
      "geometry": {
        "type": "Polygon",
        "coordinates": [
          [
            [
              1952,
              733.6
            ],
            [
              1992,
              733.6
            ],
            [
              1992,
              761.6
            ],
            [
              1952,
              761.6
            ],
            [
              1952,
              733.6
            ]
          ]
        ]
      }
    },
    {
      "type": "Feature",
      "properties": {
        "id": "W-08-1",
        "name": "工读与工具发放屋·北翼",
        "zone": "工坊区",
        "kind": "building",
        "footprint": 1740,
        "description": "工读排班、工具交接和维护任务领取。",
        "frontageRoad": "W-P05",
        "layer": "buildings",
        "sourceV011Id": "W-08",
        "expansionMode": "v0.11-quad-complex",
        "complexWing": 1
      },
      "geometry": {
        "type": "Polygon",
        "coordinates": [
          [
            [
              2167.24,
              772.2
            ],
            [
              2225.24,
              772.2
            ],
            [
              2225.24,
              802.2
            ],
            [
              2167.24,
              802.2
            ],
            [
              2167.24,
              772.2
            ]
          ]
        ]
      }
    },
    {
      "type": "Feature",
      "properties": {
        "id": "W-08-2",
        "name": "工读与工具发放屋·东翼",
        "zone": "工坊区",
        "kind": "building",
        "footprint": 1740,
        "description": "工读排班、工具交接和维护任务领取。",
        "frontageRoad": "W-P05",
        "layer": "buildings",
        "sourceV011Id": "W-08",
        "expansionMode": "v0.11-quad-complex",
        "complexWing": 2
      },
      "geometry": {
        "type": "Polygon",
        "coordinates": [
          [
            [
              2225.24,
              772.2
            ],
            [
              2283.24,
              772.2
            ],
            [
              2283.24,
              802.2
            ],
            [
              2225.24,
              802.2
            ],
            [
              2225.24,
              772.2
            ]
          ]
        ]
      }
    },
    {
      "type": "Feature",
      "properties": {
        "id": "W-08-3",
        "name": "工读与工具发放屋·南翼",
        "zone": "工坊区",
        "kind": "building",
        "footprint": 1740,
        "description": "工读排班、工具交接和维护任务领取。",
        "frontageRoad": "W-P05",
        "layer": "buildings",
        "sourceV011Id": "W-08",
        "expansionMode": "v0.11-quad-complex",
        "complexWing": 3
      },
      "geometry": {
        "type": "Polygon",
        "coordinates": [
          [
            [
              2225.24,
              802.2
            ],
            [
              2283.24,
              802.2
            ],
            [
              2283.24,
              832.2
            ],
            [
              2225.24,
              832.2
            ],
            [
              2225.24,
              802.2
            ]
          ]
        ]
      }
    },
    {
      "type": "Feature",
      "properties": {
        "id": "W-08-4",
        "name": "工读与工具发放屋·西翼",
        "zone": "工坊区",
        "kind": "building",
        "footprint": 1740,
        "description": "工读排班、工具交接和维护任务领取。",
        "frontageRoad": "W-P05",
        "layer": "buildings",
        "sourceV011Id": "W-08",
        "expansionMode": "v0.11-quad-complex",
        "complexWing": 4
      },
      "geometry": {
        "type": "Polygon",
        "coordinates": [
          [
            [
              2167.24,
              802.2
            ],
            [
              2225.24,
              802.2
            ],
            [
              2225.24,
              832.2
            ],
            [
              2167.24,
              832.2
            ],
            [
              2167.24,
              802.2
            ]
          ]
        ]
      }
    },
    {
      "type": "Feature",
      "properties": {
        "id": "M-01-1",
        "name": "南市门检查所·北翼",
        "zone": "市集区",
        "kind": "building",
        "footprint": 1120,
        "description": "货运、访客和公开器材的入区检查。",
        "frontageRoad": "R-05",
        "layer": "buildings",
        "sourceV011Id": "M-01",
        "expansionMode": "v0.11-quad-complex",
        "complexWing": 1
      },
      "geometry": {
        "type": "Polygon",
        "coordinates": [
          [
            [
              1697.2,
              1869.84
            ],
            [
              1737.2,
              1869.84
            ],
            [
              1737.2,
              1897.84
            ],
            [
              1697.2,
              1897.84
            ],
            [
              1697.2,
              1869.84
            ]
          ]
        ]
      }
    },
    {
      "type": "Feature",
      "properties": {
        "id": "M-01-2",
        "name": "南市门检查所·东翼",
        "zone": "市集区",
        "kind": "building",
        "footprint": 1120,
        "description": "货运、访客和公开器材的入区检查。",
        "frontageRoad": "R-05",
        "layer": "buildings",
        "sourceV011Id": "M-01",
        "expansionMode": "v0.11-quad-complex",
        "complexWing": 2
      },
      "geometry": {
        "type": "Polygon",
        "coordinates": [
          [
            [
              1737.2,
              1869.84
            ],
            [
              1777.2,
              1869.84
            ],
            [
              1777.2,
              1897.84
            ],
            [
              1737.2,
              1897.84
            ],
            [
              1737.2,
              1869.84
            ]
          ]
        ]
      }
    },
    {
      "type": "Feature",
      "properties": {
        "id": "M-01-3",
        "name": "南市门检查所·南翼",
        "zone": "市集区",
        "kind": "building",
        "footprint": 1120,
        "description": "货运、访客和公开器材的入区检查。",
        "frontageRoad": "R-05",
        "layer": "buildings",
        "sourceV011Id": "M-01",
        "expansionMode": "v0.11-quad-complex",
        "complexWing": 3
      },
      "geometry": {
        "type": "Polygon",
        "coordinates": [
          [
            [
              1737.2,
              1897.84
            ],
            [
              1777.2,
              1897.84
            ],
            [
              1777.2,
              1925.84
            ],
            [
              1737.2,
              1925.84
            ],
            [
              1737.2,
              1897.84
            ]
          ]
        ]
      }
    },
    {
      "type": "Feature",
      "properties": {
        "id": "M-01-4",
        "name": "南市门检查所·西翼",
        "zone": "市集区",
        "kind": "building",
        "footprint": 1120,
        "description": "货运、访客和公开器材的入区检查。",
        "frontageRoad": "R-05",
        "layer": "buildings",
        "sourceV011Id": "M-01",
        "expansionMode": "v0.11-quad-complex",
        "complexWing": 4
      },
      "geometry": {
        "type": "Polygon",
        "coordinates": [
          [
            [
              1697.2,
              1897.84
            ],
            [
              1737.2,
              1897.84
            ],
            [
              1737.2,
              1925.84
            ],
            [
              1697.2,
              1925.84
            ],
            [
              1697.2,
              1897.84
            ]
          ]
        ]
      }
    },
    {
      "type": "Feature",
      "properties": {
        "id": "M-02-1",
        "name": "覆顶市集厅·北翼",
        "zone": "市集区",
        "kind": "building",
        "footprint": 3400,
        "description": "常规器材、补给和学生交易摊位。",
        "shapeType": "切角覆顶市集",
        "frontageRoad": "M-P01",
        "layer": "buildings",
        "sourceV011Id": "M-02",
        "expansionMode": "v0.11-quad-complex",
        "complexWing": 1
      },
      "geometry": {
        "type": "Polygon",
        "coordinates": [
          [
            [
              1480.8,
              1105.2
            ],
            [
              1550.8,
              1105.2
            ],
            [
              1560.8,
              1115.2
            ],
            [
              1560.8,
              1135.2
            ],
            [
              1550.8,
              1145.2
            ],
            [
              1480.8,
              1145.2
            ],
            [
              1470.8,
              1135.2
            ],
            [
              1470.8,
              1115.2
            ],
            [
              1480.8,
              1105.2
            ]
          ]
        ]
      }
    },
    {
      "type": "Feature",
      "properties": {
        "id": "M-02-2",
        "name": "覆顶市集厅·东翼",
        "zone": "市集区",
        "kind": "building",
        "footprint": 3400,
        "description": "常规器材、补给和学生交易摊位。",
        "shapeType": "切角覆顶市集",
        "frontageRoad": "M-P01",
        "layer": "buildings",
        "sourceV011Id": "M-02",
        "expansionMode": "v0.11-quad-complex",
        "complexWing": 2
      },
      "geometry": {
        "type": "Polygon",
        "coordinates": [
          [
            [
              1570.8,
              1105.2
            ],
            [
              1640.8,
              1105.2
            ],
            [
              1650.8,
              1115.2
            ],
            [
              1650.8,
              1135.2
            ],
            [
              1640.8,
              1145.2
            ],
            [
              1570.8,
              1145.2
            ],
            [
              1560.8,
              1135.2
            ],
            [
              1560.8,
              1115.2
            ],
            [
              1570.8,
              1105.2
            ]
          ]
        ]
      }
    },
    {
      "type": "Feature",
      "properties": {
        "id": "M-02-3",
        "name": "覆顶市集厅·南翼",
        "zone": "市集区",
        "kind": "building",
        "footprint": 3400,
        "description": "常规器材、补给和学生交易摊位。",
        "shapeType": "切角覆顶市集",
        "frontageRoad": "M-P01",
        "layer": "buildings",
        "sourceV011Id": "M-02",
        "expansionMode": "v0.11-quad-complex",
        "complexWing": 3
      },
      "geometry": {
        "type": "Polygon",
        "coordinates": [
          [
            [
              1570.8,
              1145.2
            ],
            [
              1640.8,
              1145.2
            ],
            [
              1650.8,
              1155.2
            ],
            [
              1650.8,
              1175.2
            ],
            [
              1640.8,
              1185.2
            ],
            [
              1570.8,
              1185.2
            ],
            [
              1560.8,
              1175.2
            ],
            [
              1560.8,
              1155.2
            ],
            [
              1570.8,
              1145.2
            ]
          ]
        ]
      }
    },
    {
      "type": "Feature",
      "properties": {
        "id": "M-02-4",
        "name": "覆顶市集厅·西翼",
        "zone": "市集区",
        "kind": "building",
        "footprint": 3400,
        "description": "常规器材、补给和学生交易摊位。",
        "shapeType": "切角覆顶市集",
        "frontageRoad": "M-P01",
        "layer": "buildings",
        "sourceV011Id": "M-02",
        "expansionMode": "v0.11-quad-complex",
        "complexWing": 4
      },
      "geometry": {
        "type": "Polygon",
        "coordinates": [
          [
            [
              1480.8,
              1145.2
            ],
            [
              1550.8,
              1145.2
            ],
            [
              1560.8,
              1155.2
            ],
            [
              1560.8,
              1175.2
            ],
            [
              1550.8,
              1185.2
            ],
            [
              1480.8,
              1185.2
            ],
            [
              1470.8,
              1175.2
            ],
            [
              1470.8,
              1155.2
            ],
            [
              1480.8,
              1145.2
            ]
          ]
        ]
      }
    },
    {
      "type": "Feature",
      "properties": {
        "id": "M-05-1",
        "name": "货币与契约所·北翼",
        "zone": "市集区",
        "kind": "building",
        "footprint": 900,
        "description": "货币兑换、担保和公开契约见证。",
        "frontageRoad": "M-P00",
        "layer": "buildings",
        "sourceV011Id": "M-05",
        "expansionMode": "v0.11-quad-complex",
        "complexWing": 1
      },
      "geometry": {
        "type": "Polygon",
        "coordinates": [
          [
            [
              1775.68,
              1115.3
            ],
            [
              1811.68,
              1115.3
            ],
            [
              1811.68,
              1140.3
            ],
            [
              1775.68,
              1140.3
            ],
            [
              1775.68,
              1115.3
            ]
          ]
        ]
      }
    },
    {
      "type": "Feature",
      "properties": {
        "id": "M-05-2",
        "name": "货币与契约所·东翼",
        "zone": "市集区",
        "kind": "building",
        "footprint": 900,
        "description": "货币兑换、担保和公开契约见证。",
        "frontageRoad": "M-P00",
        "layer": "buildings",
        "sourceV011Id": "M-05",
        "expansionMode": "v0.11-quad-complex",
        "complexWing": 2
      },
      "geometry": {
        "type": "Polygon",
        "coordinates": [
          [
            [
              1811.68,
              1115.3
            ],
            [
              1847.68,
              1115.3
            ],
            [
              1847.68,
              1140.3
            ],
            [
              1811.68,
              1140.3
            ],
            [
              1811.68,
              1115.3
            ]
          ]
        ]
      }
    },
    {
      "type": "Feature",
      "properties": {
        "id": "M-05-3",
        "name": "货币与契约所·南翼",
        "zone": "市集区",
        "kind": "building",
        "footprint": 900,
        "description": "货币兑换、担保和公开契约见证。",
        "frontageRoad": "M-P00",
        "layer": "buildings",
        "sourceV011Id": "M-05",
        "expansionMode": "v0.11-quad-complex",
        "complexWing": 3
      },
      "geometry": {
        "type": "Polygon",
        "coordinates": [
          [
            [
              1811.68,
              1140.3
            ],
            [
              1847.68,
              1140.3
            ],
            [
              1847.68,
              1165.3
            ],
            [
              1811.68,
              1165.3
            ],
            [
              1811.68,
              1140.3
            ]
          ]
        ]
      }
    },
    {
      "type": "Feature",
      "properties": {
        "id": "M-05-4",
        "name": "货币与契约所·西翼",
        "zone": "市集区",
        "kind": "building",
        "footprint": 900,
        "description": "货币兑换、担保和公开契约见证。",
        "frontageRoad": "M-P00",
        "layer": "buildings",
        "sourceV011Id": "M-05",
        "expansionMode": "v0.11-quad-complex",
        "complexWing": 4
      },
      "geometry": {
        "type": "Polygon",
        "coordinates": [
          [
            [
              1775.68,
              1140.3
            ],
            [
              1811.68,
              1140.3
            ],
            [
              1811.68,
              1165.3
            ],
            [
              1775.68,
              1165.3
            ],
            [
              1775.68,
              1140.3
            ]
          ]
        ]
      }
    },
    {
      "type": "Feature",
      "properties": {
        "id": "M-06-1",
        "name": "转运与车队屋·北翼",
        "zone": "市集区",
        "kind": "building",
        "footprint": 2280,
        "description": "货物交接、车队排班与公开委托递送。",
        "frontageRoad": "M-P03",
        "layer": "buildings",
        "sourceV011Id": "M-06",
        "expansionMode": "v0.11-quad-complex",
        "complexWing": 1
      },
      "geometry": {
        "type": "Polygon",
        "coordinates": [
          [
            [
              1461.6,
              1463.92
            ],
            [
              1521.6,
              1463.92
            ],
            [
              1521.6,
              1501.92
            ],
            [
              1461.6,
              1501.92
            ],
            [
              1461.6,
              1463.92
            ]
          ]
        ]
      }
    },
    {
      "type": "Feature",
      "properties": {
        "id": "M-06-2",
        "name": "转运与车队屋·东翼",
        "zone": "市集区",
        "kind": "building",
        "footprint": 2280,
        "description": "货物交接、车队排班与公开委托递送。",
        "frontageRoad": "M-P03",
        "layer": "buildings",
        "sourceV011Id": "M-06",
        "expansionMode": "v0.11-quad-complex",
        "complexWing": 2
      },
      "geometry": {
        "type": "Polygon",
        "coordinates": [
          [
            [
              1521.6,
              1463.92
            ],
            [
              1581.6,
              1463.92
            ],
            [
              1581.6,
              1501.92
            ],
            [
              1521.6,
              1501.92
            ],
            [
              1521.6,
              1463.92
            ]
          ]
        ]
      }
    },
    {
      "type": "Feature",
      "properties": {
        "id": "M-06-3",
        "name": "转运与车队屋·南翼",
        "zone": "市集区",
        "kind": "building",
        "footprint": 2280,
        "description": "货物交接、车队排班与公开委托递送。",
        "frontageRoad": "M-P03",
        "layer": "buildings",
        "sourceV011Id": "M-06",
        "expansionMode": "v0.11-quad-complex",
        "complexWing": 3
      },
      "geometry": {
        "type": "Polygon",
        "coordinates": [
          [
            [
              1521.6,
              1501.92
            ],
            [
              1581.6,
              1501.92
            ],
            [
              1581.6,
              1539.92
            ],
            [
              1521.6,
              1539.92
            ],
            [
              1521.6,
              1501.92
            ]
          ]
        ]
      }
    },
    {
      "type": "Feature",
      "properties": {
        "id": "M-06-4",
        "name": "转运与车队屋·西翼",
        "zone": "市集区",
        "kind": "building",
        "footprint": 2280,
        "description": "货物交接、车队排班与公开委托递送。",
        "frontageRoad": "M-P03",
        "layer": "buildings",
        "sourceV011Id": "M-06",
        "expansionMode": "v0.11-quad-complex",
        "complexWing": 4
      },
      "geometry": {
        "type": "Polygon",
        "coordinates": [
          [
            [
              1461.6,
              1501.92
            ],
            [
              1521.6,
              1501.92
            ],
            [
              1521.6,
              1539.92
            ],
            [
              1461.6,
              1539.92
            ],
            [
              1461.6,
              1501.92
            ]
          ]
        ]
      }
    },
    {
      "type": "Feature",
      "properties": {
        "id": "M-07-1",
        "name": "市集货栈·北翼",
        "zone": "市集区",
        "kind": "building",
        "footprint": 1904,
        "description": "已登记普通货物的短期仓储。",
        "frontageRoad": "M-P02B",
        "layer": "buildings",
        "sourceV011Id": "M-07",
        "expansionMode": "v0.11-quad-complex",
        "complexWing": 1
      },
      "geometry": {
        "type": "Polygon",
        "coordinates": [
          [
            [
              1726.28,
              1399.32
            ],
            [
              1782.28,
              1399.32
            ],
            [
              1782.28,
              1433.32
            ],
            [
              1726.28,
              1433.32
            ],
            [
              1726.28,
              1399.32
            ]
          ]
        ]
      }
    },
    {
      "type": "Feature",
      "properties": {
        "id": "M-07-2",
        "name": "市集货栈·东翼",
        "zone": "市集区",
        "kind": "building",
        "footprint": 1904,
        "description": "已登记普通货物的短期仓储。",
        "frontageRoad": "M-P02B",
        "layer": "buildings",
        "sourceV011Id": "M-07",
        "expansionMode": "v0.11-quad-complex",
        "complexWing": 2
      },
      "geometry": {
        "type": "Polygon",
        "coordinates": [
          [
            [
              1782.28,
              1399.32
            ],
            [
              1838.28,
              1399.32
            ],
            [
              1838.28,
              1433.32
            ],
            [
              1782.28,
              1433.32
            ],
            [
              1782.28,
              1399.32
            ]
          ]
        ]
      }
    },
    {
      "type": "Feature",
      "properties": {
        "id": "M-07-3",
        "name": "市集货栈·南翼",
        "zone": "市集区",
        "kind": "building",
        "footprint": 1904,
        "description": "已登记普通货物的短期仓储。",
        "frontageRoad": "M-P02B",
        "layer": "buildings",
        "sourceV011Id": "M-07",
        "expansionMode": "v0.11-quad-complex",
        "complexWing": 3
      },
      "geometry": {
        "type": "Polygon",
        "coordinates": [
          [
            [
              1782.28,
              1433.32
            ],
            [
              1838.28,
              1433.32
            ],
            [
              1838.28,
              1467.32
            ],
            [
              1782.28,
              1467.32
            ],
            [
              1782.28,
              1433.32
            ]
          ]
        ]
      }
    },
    {
      "type": "Feature",
      "properties": {
        "id": "M-07-4",
        "name": "市集货栈·西翼",
        "zone": "市集区",
        "kind": "building",
        "footprint": 1904,
        "description": "已登记普通货物的短期仓储。",
        "frontageRoad": "M-P02B",
        "layer": "buildings",
        "sourceV011Id": "M-07",
        "expansionMode": "v0.11-quad-complex",
        "complexWing": 4
      },
      "geometry": {
        "type": "Polygon",
        "coordinates": [
          [
            [
              1726.28,
              1433.32
            ],
            [
              1782.28,
              1433.32
            ],
            [
              1782.28,
              1467.32
            ],
            [
              1726.28,
              1467.32
            ],
            [
              1726.28,
              1433.32
            ]
          ]
        ]
      }
    },
    {
      "type": "Feature",
      "properties": {
        "id": "M-08-1",
        "name": "度量与巡查所·北翼",
        "zone": "市集区",
        "kind": "building",
        "footprint": 1064,
        "description": "秤量、纠纷初处置和许可证检查。",
        "frontageRoad": "M-P03",
        "layer": "buildings",
        "sourceV011Id": "M-08",
        "expansionMode": "v0.11-quad-complex",
        "complexWing": 1
      },
      "geometry": {
        "type": "Polygon",
        "coordinates": [
          [
            [
              1795.24,
              1595.44
            ],
            [
              1833.24,
              1595.44
            ],
            [
              1833.24,
              1623.44
            ],
            [
              1795.24,
              1623.44
            ],
            [
              1795.24,
              1595.44
            ]
          ]
        ]
      }
    },
    {
      "type": "Feature",
      "properties": {
        "id": "M-08-2",
        "name": "度量与巡查所·东翼",
        "zone": "市集区",
        "kind": "building",
        "footprint": 1064,
        "description": "秤量、纠纷初处置和许可证检查。",
        "frontageRoad": "M-P03",
        "layer": "buildings",
        "sourceV011Id": "M-08",
        "expansionMode": "v0.11-quad-complex",
        "complexWing": 2
      },
      "geometry": {
        "type": "Polygon",
        "coordinates": [
          [
            [
              1833.24,
              1595.44
            ],
            [
              1871.24,
              1595.44
            ],
            [
              1871.24,
              1623.44
            ],
            [
              1833.24,
              1623.44
            ],
            [
              1833.24,
              1595.44
            ]
          ]
        ]
      }
    },
    {
      "type": "Feature",
      "properties": {
        "id": "M-08-3",
        "name": "度量与巡查所·南翼",
        "zone": "市集区",
        "kind": "building",
        "footprint": 1064,
        "description": "秤量、纠纷初处置和许可证检查。",
        "frontageRoad": "M-P03",
        "layer": "buildings",
        "sourceV011Id": "M-08",
        "expansionMode": "v0.11-quad-complex",
        "complexWing": 3
      },
      "geometry": {
        "type": "Polygon",
        "coordinates": [
          [
            [
              1833.24,
              1623.44
            ],
            [
              1871.24,
              1623.44
            ],
            [
              1871.24,
              1651.44
            ],
            [
              1833.24,
              1651.44
            ],
            [
              1833.24,
              1623.44
            ]
          ]
        ]
      }
    },
    {
      "type": "Feature",
      "properties": {
        "id": "M-08-4",
        "name": "度量与巡查所·西翼",
        "zone": "市集区",
        "kind": "building",
        "footprint": 1064,
        "description": "秤量、纠纷初处置和许可证检查。",
        "frontageRoad": "M-P03",
        "layer": "buildings",
        "sourceV011Id": "M-08",
        "expansionMode": "v0.11-quad-complex",
        "complexWing": 4
      },
      "geometry": {
        "type": "Polygon",
        "coordinates": [
          [
            [
              1795.24,
              1623.44
            ],
            [
              1833.24,
              1623.44
            ],
            [
              1833.24,
              1651.44
            ],
            [
              1795.24,
              1651.44
            ],
            [
              1795.24,
              1623.44
            ]
          ]
        ]
      }
    },
    {
      "type": "Feature",
      "properties": {
        "id": "M-09-1",
        "name": "访客客舍·北翼",
        "zone": "市集区",
        "kind": "building",
        "footprint": 2720,
        "description": "来访教师、商人、家属和公开客人住宿。",
        "frontageRoad": "M-P05",
        "layer": "buildings",
        "sourceV011Id": "M-09",
        "expansionMode": "v0.11-quad-complex",
        "complexWing": 1
      },
      "geometry": {
        "type": "Polygon",
        "coordinates": [
          [
            [
              1520.24,
              1654
            ],
            [
              1588.24,
              1654
            ],
            [
              1588.24,
              1694
            ],
            [
              1520.24,
              1694
            ],
            [
              1520.24,
              1654
            ]
          ]
        ]
      }
    },
    {
      "type": "Feature",
      "properties": {
        "id": "M-09-2",
        "name": "访客客舍·东翼",
        "zone": "市集区",
        "kind": "building",
        "footprint": 2720,
        "description": "来访教师、商人、家属和公开客人住宿。",
        "frontageRoad": "M-P05",
        "layer": "buildings",
        "sourceV011Id": "M-09",
        "expansionMode": "v0.11-quad-complex",
        "complexWing": 2
      },
      "geometry": {
        "type": "Polygon",
        "coordinates": [
          [
            [
              1588.24,
              1654
            ],
            [
              1656.24,
              1654
            ],
            [
              1656.24,
              1694
            ],
            [
              1588.24,
              1694
            ],
            [
              1588.24,
              1654
            ]
          ]
        ]
      }
    },
    {
      "type": "Feature",
      "properties": {
        "id": "M-09-3",
        "name": "访客客舍·南翼",
        "zone": "市集区",
        "kind": "building",
        "footprint": 2720,
        "description": "来访教师、商人、家属和公开客人住宿。",
        "frontageRoad": "M-P05",
        "layer": "buildings",
        "sourceV011Id": "M-09",
        "expansionMode": "v0.11-quad-complex",
        "complexWing": 3
      },
      "geometry": {
        "type": "Polygon",
        "coordinates": [
          [
            [
              1588.24,
              1694
            ],
            [
              1656.24,
              1694
            ],
            [
              1656.24,
              1734
            ],
            [
              1588.24,
              1734
            ],
            [
              1588.24,
              1694
            ]
          ]
        ]
      }
    },
    {
      "type": "Feature",
      "properties": {
        "id": "M-09-4",
        "name": "访客客舍·西翼",
        "zone": "市集区",
        "kind": "building",
        "footprint": 2720,
        "description": "来访教师、商人、家属和公开客人住宿。",
        "frontageRoad": "M-P05",
        "layer": "buildings",
        "sourceV011Id": "M-09",
        "expansionMode": "v0.11-quad-complex",
        "complexWing": 4
      },
      "geometry": {
        "type": "Polygon",
        "coordinates": [
          [
            [
              1520.24,
              1694
            ],
            [
              1588.24,
              1694
            ],
            [
              1588.24,
              1734
            ],
            [
              1520.24,
              1734
            ],
            [
              1520.24,
              1694
            ]
          ]
        ]
      }
    },
    {
      "type": "Feature",
      "properties": {
        "id": "L-03-1",
        "name": "生活区餐厨楼·北翼",
        "zone": "生活区",
        "kind": "building",
        "footprint": 2520,
        "description": "宿舍日常供餐与夜间简餐。",
        "frontageRoad": "L-P06",
        "layer": "buildings",
        "sourceV011Id": "L-03",
        "expansionMode": "v0.11-quad-complex",
        "complexWing": 1
      },
      "geometry": {
        "type": "Polygon",
        "coordinates": [
          [
            [
              724.4,
              1105.3
            ],
            [
              796.4,
              1105.3
            ],
            [
              796.4,
              1140.3
            ],
            [
              724.4,
              1140.3
            ],
            [
              724.4,
              1105.3
            ]
          ]
        ]
      }
    },
    {
      "type": "Feature",
      "properties": {
        "id": "L-03-2",
        "name": "生活区餐厨楼·东翼",
        "zone": "生活区",
        "kind": "building",
        "footprint": 2520,
        "description": "宿舍日常供餐与夜间简餐。",
        "frontageRoad": "L-P06",
        "layer": "buildings",
        "sourceV011Id": "L-03",
        "expansionMode": "v0.11-quad-complex",
        "complexWing": 2
      },
      "geometry": {
        "type": "Polygon",
        "coordinates": [
          [
            [
              796.4,
              1105.3
            ],
            [
              868.4,
              1105.3
            ],
            [
              868.4,
              1140.3
            ],
            [
              796.4,
              1140.3
            ],
            [
              796.4,
              1105.3
            ]
          ]
        ]
      }
    },
    {
      "type": "Feature",
      "properties": {
        "id": "L-03-3",
        "name": "生活区餐厨楼·南翼",
        "zone": "生活区",
        "kind": "building",
        "footprint": 2520,
        "description": "宿舍日常供餐与夜间简餐。",
        "frontageRoad": "L-P06",
        "layer": "buildings",
        "sourceV011Id": "L-03",
        "expansionMode": "v0.11-quad-complex",
        "complexWing": 3
      },
      "geometry": {
        "type": "Polygon",
        "coordinates": [
          [
            [
              796.4,
              1140.3
            ],
            [
              868.4,
              1140.3
            ],
            [
              868.4,
              1175.3
            ],
            [
              796.4,
              1175.3
            ],
            [
              796.4,
              1140.3
            ]
          ]
        ]
      }
    },
    {
      "type": "Feature",
      "properties": {
        "id": "L-03-4",
        "name": "生活区餐厨楼·西翼",
        "zone": "生活区",
        "kind": "building",
        "footprint": 2520,
        "description": "宿舍日常供餐与夜间简餐。",
        "frontageRoad": "L-P06",
        "layer": "buildings",
        "sourceV011Id": "L-03",
        "expansionMode": "v0.11-quad-complex",
        "complexWing": 4
      },
      "geometry": {
        "type": "Polygon",
        "coordinates": [
          [
            [
              724.4,
              1140.3
            ],
            [
              796.4,
              1140.3
            ],
            [
              796.4,
              1175.3
            ],
            [
              724.4,
              1175.3
            ],
            [
              724.4,
              1140.3
            ]
          ]
        ]
      }
    },
    {
      "type": "Feature",
      "properties": {
        "id": "L-04-1",
        "name": "学院医务室·北翼",
        "zone": "生活区",
        "kind": "building",
        "footprint": 6830,
        "description": "健康确认、治疗、护理、转诊与战前餐食协作。",
        "shapeType": "双翼医务楼",
        "frontageRoad": "L-P06",
        "layer": "buildings",
        "sourceV011Id": "L-04",
        "expansionMode": "v0.11-quad-complex",
        "complexWing": 1
      },
      "geometry": {
        "type": "Polygon",
        "coordinates": [
          [
            [
              902,
              1183.1
            ],
            [
              949,
              1183.1
            ],
            [
              949,
              1193.1
            ],
            [
              965,
              1193.1
            ],
            [
              965,
              1183.1
            ],
            [
              1012,
              1183.1
            ],
            [
              1012,
              1248.1
            ],
            [
              965,
              1248.1
            ],
            [
              965,
              1238.1
            ],
            [
              949,
              1238.1
            ],
            [
              949,
              1248.1
            ],
            [
              902,
              1248.1
            ],
            [
              902,
              1183.1
            ]
          ]
        ]
      }
    },
    {
      "type": "Feature",
      "properties": {
        "id": "L-04-2",
        "name": "学院医务室·东翼",
        "zone": "生活区",
        "kind": "building",
        "footprint": 6830,
        "description": "健康确认、治疗、护理、转诊与战前餐食协作。",
        "shapeType": "双翼医务楼",
        "frontageRoad": "L-P06",
        "layer": "buildings",
        "sourceV011Id": "L-04",
        "expansionMode": "v0.11-quad-complex",
        "complexWing": 2
      },
      "geometry": {
        "type": "Polygon",
        "coordinates": [
          [
            [
              1012,
              1183.1
            ],
            [
              1059,
              1183.1
            ],
            [
              1059,
              1193.1
            ],
            [
              1075,
              1193.1
            ],
            [
              1075,
              1183.1
            ],
            [
              1122,
              1183.1
            ],
            [
              1122,
              1248.1
            ],
            [
              1075,
              1248.1
            ],
            [
              1075,
              1238.1
            ],
            [
              1059,
              1238.1
            ],
            [
              1059,
              1248.1
            ],
            [
              1012,
              1248.1
            ],
            [
              1012,
              1183.1
            ]
          ]
        ]
      }
    },
    {
      "type": "Feature",
      "properties": {
        "id": "L-04-3",
        "name": "学院医务室·南翼",
        "zone": "生活区",
        "kind": "building",
        "footprint": 6830,
        "description": "健康确认、治疗、护理、转诊与战前餐食协作。",
        "shapeType": "双翼医务楼",
        "frontageRoad": "L-P06",
        "layer": "buildings",
        "sourceV011Id": "L-04",
        "expansionMode": "v0.11-quad-complex",
        "complexWing": 3
      },
      "geometry": {
        "type": "Polygon",
        "coordinates": [
          [
            [
              1012,
              1248.1
            ],
            [
              1059,
              1248.1
            ],
            [
              1059,
              1258.1
            ],
            [
              1075,
              1258.1
            ],
            [
              1075,
              1248.1
            ],
            [
              1122,
              1248.1
            ],
            [
              1122,
              1313.1
            ],
            [
              1075,
              1313.1
            ],
            [
              1075,
              1303.1
            ],
            [
              1059,
              1303.1
            ],
            [
              1059,
              1313.1
            ],
            [
              1012,
              1313.1
            ],
            [
              1012,
              1248.1
            ]
          ]
        ]
      }
    },
    {
      "type": "Feature",
      "properties": {
        "id": "L-04-4",
        "name": "学院医务室·西翼",
        "zone": "生活区",
        "kind": "building",
        "footprint": 6830,
        "description": "健康确认、治疗、护理、转诊与战前餐食协作。",
        "shapeType": "双翼医务楼",
        "frontageRoad": "L-P06",
        "layer": "buildings",
        "sourceV011Id": "L-04",
        "expansionMode": "v0.11-quad-complex",
        "complexWing": 4
      },
      "geometry": {
        "type": "Polygon",
        "coordinates": [
          [
            [
              902,
              1248.1
            ],
            [
              949,
              1248.1
            ],
            [
              949,
              1258.1
            ],
            [
              965,
              1258.1
            ],
            [
              965,
              1248.1
            ],
            [
              1012,
              1248.1
            ],
            [
              1012,
              1313.1
            ],
            [
              965,
              1313.1
            ],
            [
              965,
              1303.1
            ],
            [
              949,
              1303.1
            ],
            [
              949,
              1313.1
            ],
            [
              902,
              1313.1
            ],
            [
              902,
              1248.1
            ]
          ]
        ]
      }
    },
    {
      "type": "Feature",
      "properties": {
        "id": "L-05-1",
        "name": "洗衣与浴室·北翼",
        "zone": "生活区",
        "kind": "building",
        "footprint": 1984,
        "description": "洗衣、热水、衣物修补和公共卫生。",
        "frontageRoad": "R-02B",
        "layer": "buildings",
        "sourceV011Id": "L-05",
        "expansionMode": "v0.11-quad-complex",
        "complexWing": 1
      },
      "geometry": {
        "type": "Polygon",
        "coordinates": [
          [
            [
              716.76,
              1320.96
            ],
            [
              778.76,
              1320.96
            ],
            [
              778.76,
              1352.96
            ],
            [
              716.76,
              1352.96
            ],
            [
              716.76,
              1320.96
            ]
          ]
        ]
      }
    },
    {
      "type": "Feature",
      "properties": {
        "id": "L-05-2",
        "name": "洗衣与浴室·东翼",
        "zone": "生活区",
        "kind": "building",
        "footprint": 1984,
        "description": "洗衣、热水、衣物修补和公共卫生。",
        "frontageRoad": "R-02B",
        "layer": "buildings",
        "sourceV011Id": "L-05",
        "expansionMode": "v0.11-quad-complex",
        "complexWing": 2
      },
      "geometry": {
        "type": "Polygon",
        "coordinates": [
          [
            [
              778.76,
              1320.96
            ],
            [
              840.76,
              1320.96
            ],
            [
              840.76,
              1352.96
            ],
            [
              778.76,
              1352.96
            ],
            [
              778.76,
              1320.96
            ]
          ]
        ]
      }
    },
    {
      "type": "Feature",
      "properties": {
        "id": "L-05-3",
        "name": "洗衣与浴室·南翼",
        "zone": "生活区",
        "kind": "building",
        "footprint": 1984,
        "description": "洗衣、热水、衣物修补和公共卫生。",
        "frontageRoad": "R-02B",
        "layer": "buildings",
        "sourceV011Id": "L-05",
        "expansionMode": "v0.11-quad-complex",
        "complexWing": 3
      },
      "geometry": {
        "type": "Polygon",
        "coordinates": [
          [
            [
              778.76,
              1352.96
            ],
            [
              840.76,
              1352.96
            ],
            [
              840.76,
              1384.96
            ],
            [
              778.76,
              1384.96
            ],
            [
              778.76,
              1352.96
            ]
          ]
        ]
      }
    },
    {
      "type": "Feature",
      "properties": {
        "id": "L-05-4",
        "name": "洗衣与浴室·西翼",
        "zone": "生活区",
        "kind": "building",
        "footprint": 1984,
        "description": "洗衣、热水、衣物修补和公共卫生。",
        "frontageRoad": "R-02B",
        "layer": "buildings",
        "sourceV011Id": "L-05",
        "expansionMode": "v0.11-quad-complex",
        "complexWing": 4
      },
      "geometry": {
        "type": "Polygon",
        "coordinates": [
          [
            [
              716.76,
              1352.96
            ],
            [
              778.76,
              1352.96
            ],
            [
              778.76,
              1384.96
            ],
            [
              716.76,
              1384.96
            ],
            [
              716.76,
              1352.96
            ]
          ]
        ]
      }
    },
    {
      "type": "Feature",
      "properties": {
        "id": "L-06-1",
        "name": "工读与学生服务屋·北翼",
        "zone": "生活区",
        "kind": "building",
        "footprint": 1288,
        "description": "工读排班、补助、住宿事务与失物交接。",
        "frontageRoad": "L-P06",
        "layer": "buildings",
        "sourceV011Id": "L-06",
        "expansionMode": "v0.11-quad-complex",
        "complexWing": 1
      },
      "geometry": {
        "type": "Polygon",
        "coordinates": [
          [
            [
              793.52,
              1468.04
            ],
            [
              839.52,
              1468.04
            ],
            [
              839.52,
              1496.04
            ],
            [
              793.52,
              1496.04
            ],
            [
              793.52,
              1468.04
            ]
          ]
        ]
      }
    },
    {
      "type": "Feature",
      "properties": {
        "id": "L-06-2",
        "name": "工读与学生服务屋·东翼",
        "zone": "生活区",
        "kind": "building",
        "footprint": 1288,
        "description": "工读排班、补助、住宿事务与失物交接。",
        "frontageRoad": "L-P06",
        "layer": "buildings",
        "sourceV011Id": "L-06",
        "expansionMode": "v0.11-quad-complex",
        "complexWing": 2
      },
      "geometry": {
        "type": "Polygon",
        "coordinates": [
          [
            [
              839.52,
              1468.04
            ],
            [
              885.52,
              1468.04
            ],
            [
              885.52,
              1496.04
            ],
            [
              839.52,
              1496.04
            ],
            [
              839.52,
              1468.04
            ]
          ]
        ]
      }
    },
    {
      "type": "Feature",
      "properties": {
        "id": "L-06-3",
        "name": "工读与学生服务屋·南翼",
        "zone": "生活区",
        "kind": "building",
        "footprint": 1288,
        "description": "工读排班、补助、住宿事务与失物交接。",
        "frontageRoad": "L-P06",
        "layer": "buildings",
        "sourceV011Id": "L-06",
        "expansionMode": "v0.11-quad-complex",
        "complexWing": 3
      },
      "geometry": {
        "type": "Polygon",
        "coordinates": [
          [
            [
              839.52,
              1496.04
            ],
            [
              885.52,
              1496.04
            ],
            [
              885.52,
              1524.04
            ],
            [
              839.52,
              1524.04
            ],
            [
              839.52,
              1496.04
            ]
          ]
        ]
      }
    },
    {
      "type": "Feature",
      "properties": {
        "id": "L-06-4",
        "name": "工读与学生服务屋·西翼",
        "zone": "生活区",
        "kind": "building",
        "footprint": 1288,
        "description": "工读排班、补助、住宿事务与失物交接。",
        "frontageRoad": "L-P06",
        "layer": "buildings",
        "sourceV011Id": "L-06",
        "expansionMode": "v0.11-quad-complex",
        "complexWing": 4
      },
      "geometry": {
        "type": "Polygon",
        "coordinates": [
          [
            [
              793.52,
              1496.04
            ],
            [
              839.52,
              1496.04
            ],
            [
              839.52,
              1524.04
            ],
            [
              793.52,
              1524.04
            ],
            [
              793.52,
              1496.04
            ]
          ]
        ]
      }
    },
    {
      "type": "Feature",
      "properties": {
        "id": "L-07-1",
        "name": "夜间公共屋·北翼",
        "zone": "生活区",
        "kind": "building",
        "footprint": 1984,
        "description": "自习、低噪社团和夜间学生活动。",
        "frontageRoad": "L-P06",
        "layer": "buildings",
        "sourceV011Id": "L-07",
        "expansionMode": "v0.11-quad-complex",
        "complexWing": 1
      },
      "geometry": {
        "type": "Polygon",
        "coordinates": [
          [
            [
              922.56,
              1507.16
            ],
            [
              984.56,
              1507.16
            ],
            [
              984.56,
              1539.16
            ],
            [
              922.56,
              1539.16
            ],
            [
              922.56,
              1507.16
            ]
          ]
        ]
      }
    },
    {
      "type": "Feature",
      "properties": {
        "id": "L-07-2",
        "name": "夜间公共屋·东翼",
        "zone": "生活区",
        "kind": "building",
        "footprint": 1984,
        "description": "自习、低噪社团和夜间学生活动。",
        "frontageRoad": "L-P06",
        "layer": "buildings",
        "sourceV011Id": "L-07",
        "expansionMode": "v0.11-quad-complex",
        "complexWing": 2
      },
      "geometry": {
        "type": "Polygon",
        "coordinates": [
          [
            [
              984.56,
              1507.16
            ],
            [
              1046.56,
              1507.16
            ],
            [
              1046.56,
              1539.16
            ],
            [
              984.56,
              1539.16
            ],
            [
              984.56,
              1507.16
            ]
          ]
        ]
      }
    },
    {
      "type": "Feature",
      "properties": {
        "id": "L-07-3",
        "name": "夜间公共屋·南翼",
        "zone": "生活区",
        "kind": "building",
        "footprint": 1984,
        "description": "自习、低噪社团和夜间学生活动。",
        "frontageRoad": "L-P06",
        "layer": "buildings",
        "sourceV011Id": "L-07",
        "expansionMode": "v0.11-quad-complex",
        "complexWing": 3
      },
      "geometry": {
        "type": "Polygon",
        "coordinates": [
          [
            [
              984.56,
              1539.16
            ],
            [
              1046.56,
              1539.16
            ],
            [
              1046.56,
              1571.16
            ],
            [
              984.56,
              1571.16
            ],
            [
              984.56,
              1539.16
            ]
          ]
        ]
      }
    },
    {
      "type": "Feature",
      "properties": {
        "id": "L-07-4",
        "name": "夜间公共屋·西翼",
        "zone": "生活区",
        "kind": "building",
        "footprint": 1984,
        "description": "自习、低噪社团和夜间学生活动。",
        "frontageRoad": "L-P06",
        "layer": "buildings",
        "sourceV011Id": "L-07",
        "expansionMode": "v0.11-quad-complex",
        "complexWing": 4
      },
      "geometry": {
        "type": "Polygon",
        "coordinates": [
          [
            [
              922.56,
              1539.16
            ],
            [
              984.56,
              1539.16
            ],
            [
              984.56,
              1571.16
            ],
            [
              922.56,
              1571.16
            ],
            [
              922.56,
              1539.16
            ]
          ]
        ]
      }
    },
    {
      "type": "Feature",
      "properties": {
        "id": "L-08-1",
        "name": "特殊班旧附属生活单元·北翼",
        "zone": "生活区",
        "kind": "building",
        "footprint": 2160,
        "description": "连续导师照看、额外医疗和工读安排。",
        "frontageRoad": "L-P03",
        "layer": "buildings",
        "sourceV011Id": "L-08",
        "expansionMode": "v0.11-quad-complex",
        "complexWing": 1
      },
      "geometry": {
        "type": "Polygon",
        "coordinates": [
          [
            [
              1079.16,
              1693.4
            ],
            [
              1151.16,
              1693.4
            ],
            [
              1151.16,
              1723.4
            ],
            [
              1079.16,
              1723.4
            ],
            [
              1079.16,
              1693.4
            ]
          ]
        ]
      }
    },
    {
      "type": "Feature",
      "properties": {
        "id": "L-08-2",
        "name": "特殊班旧附属生活单元·东翼",
        "zone": "生活区",
        "kind": "building",
        "footprint": 2160,
        "description": "连续导师照看、额外医疗和工读安排。",
        "frontageRoad": "L-P03",
        "layer": "buildings",
        "sourceV011Id": "L-08",
        "expansionMode": "v0.11-quad-complex",
        "complexWing": 2
      },
      "geometry": {
        "type": "Polygon",
        "coordinates": [
          [
            [
              1151.16,
              1693.4
            ],
            [
              1223.16,
              1693.4
            ],
            [
              1223.16,
              1723.4
            ],
            [
              1151.16,
              1723.4
            ],
            [
              1151.16,
              1693.4
            ]
          ]
        ]
      }
    },
    {
      "type": "Feature",
      "properties": {
        "id": "L-08-3",
        "name": "特殊班旧附属生活单元·南翼",
        "zone": "生活区",
        "kind": "building",
        "footprint": 2160,
        "description": "连续导师照看、额外医疗和工读安排。",
        "frontageRoad": "L-P03",
        "layer": "buildings",
        "sourceV011Id": "L-08",
        "expansionMode": "v0.11-quad-complex",
        "complexWing": 3
      },
      "geometry": {
        "type": "Polygon",
        "coordinates": [
          [
            [
              1151.16,
              1723.4
            ],
            [
              1223.16,
              1723.4
            ],
            [
              1223.16,
              1753.4
            ],
            [
              1151.16,
              1753.4
            ],
            [
              1151.16,
              1723.4
            ]
          ]
        ]
      }
    },
    {
      "type": "Feature",
      "properties": {
        "id": "L-08-4",
        "name": "特殊班旧附属生活单元·西翼",
        "zone": "生活区",
        "kind": "building",
        "footprint": 2160,
        "description": "连续导师照看、额外医疗和工读安排。",
        "frontageRoad": "L-P03",
        "layer": "buildings",
        "sourceV011Id": "L-08",
        "expansionMode": "v0.11-quad-complex",
        "complexWing": 4
      },
      "geometry": {
        "type": "Polygon",
        "coordinates": [
          [
            [
              1079.16,
              1723.4
            ],
            [
              1151.16,
              1723.4
            ],
            [
              1151.16,
              1753.4
            ],
            [
              1079.16,
              1753.4
            ],
            [
              1079.16,
              1723.4
            ]
          ]
        ]
      }
    },
    {
      "type": "Feature",
      "properties": {
        "id": "S-01-1",
        "name": "封存检查门厅·北翼",
        "zone": "封存区",
        "kind": "building",
        "footprint": 1196,
        "description": "入区检查、交接、许可核验与离区复核。",
        "frontageRoad": "R-03",
        "layer": "buildings",
        "sourceV011Id": "S-01",
        "expansionMode": "v0.11-quad-complex",
        "complexWing": 1
      },
      "geometry": {
        "type": "Polygon",
        "coordinates": [
          [
            [
              2010.68,
              1399.48
            ],
            [
              2056.68,
              1399.48
            ],
            [
              2056.68,
              1425.48
            ],
            [
              2010.68,
              1425.48
            ],
            [
              2010.68,
              1399.48
            ]
          ]
        ]
      }
    },
    {
      "type": "Feature",
      "properties": {
        "id": "S-01-2",
        "name": "封存检查门厅·东翼",
        "zone": "封存区",
        "kind": "building",
        "footprint": 1196,
        "description": "入区检查、交接、许可核验与离区复核。",
        "frontageRoad": "R-03",
        "layer": "buildings",
        "sourceV011Id": "S-01",
        "expansionMode": "v0.11-quad-complex",
        "complexWing": 2
      },
      "geometry": {
        "type": "Polygon",
        "coordinates": [
          [
            [
              2056.68,
              1399.48
            ],
            [
              2102.68,
              1399.48
            ],
            [
              2102.68,
              1425.48
            ],
            [
              2056.68,
              1425.48
            ],
            [
              2056.68,
              1399.48
            ]
          ]
        ]
      }
    },
    {
      "type": "Feature",
      "properties": {
        "id": "S-01-3",
        "name": "封存检查门厅·南翼",
        "zone": "封存区",
        "kind": "building",
        "footprint": 1196,
        "description": "入区检查、交接、许可核验与离区复核。",
        "frontageRoad": "R-03",
        "layer": "buildings",
        "sourceV011Id": "S-01",
        "expansionMode": "v0.11-quad-complex",
        "complexWing": 3
      },
      "geometry": {
        "type": "Polygon",
        "coordinates": [
          [
            [
              2056.68,
              1425.48
            ],
            [
              2102.68,
              1425.48
            ],
            [
              2102.68,
              1451.48
            ],
            [
              2056.68,
              1451.48
            ],
            [
              2056.68,
              1425.48
            ]
          ]
        ]
      }
    },
    {
      "type": "Feature",
      "properties": {
        "id": "S-01-4",
        "name": "封存检查门厅·西翼",
        "zone": "封存区",
        "kind": "building",
        "footprint": 1196,
        "description": "入区检查、交接、许可核验与离区复核。",
        "frontageRoad": "R-03",
        "layer": "buildings",
        "sourceV011Id": "S-01",
        "expansionMode": "v0.11-quad-complex",
        "complexWing": 4
      },
      "geometry": {
        "type": "Polygon",
        "coordinates": [
          [
            [
              2010.68,
              1425.48
            ],
            [
              2056.68,
              1425.48
            ],
            [
              2056.68,
              1451.48
            ],
            [
              2010.68,
              1451.48
            ],
            [
              2010.68,
              1425.48
            ]
          ]
        ]
      }
    },
    {
      "type": "Feature",
      "properties": {
        "id": "S-02-1",
        "name": "封存登记楼·北翼",
        "zone": "封存区",
        "kind": "building",
        "footprint": 1560,
        "description": "双重记录、授权申请和观察排班。",
        "frontageRoad": "S-P03",
        "layer": "buildings",
        "sourceV011Id": "S-02",
        "expansionMode": "v0.11-quad-complex",
        "complexWing": 1
      },
      "geometry": {
        "type": "Polygon",
        "coordinates": [
          [
            [
              2137.96,
              1389.6
            ],
            [
              2189.96,
              1389.6
            ],
            [
              2189.96,
              1419.6
            ],
            [
              2137.96,
              1419.6
            ],
            [
              2137.96,
              1389.6
            ]
          ]
        ]
      }
    },
    {
      "type": "Feature",
      "properties": {
        "id": "S-02-2",
        "name": "封存登记楼·东翼",
        "zone": "封存区",
        "kind": "building",
        "footprint": 1560,
        "description": "双重记录、授权申请和观察排班。",
        "frontageRoad": "S-P03",
        "layer": "buildings",
        "sourceV011Id": "S-02",
        "expansionMode": "v0.11-quad-complex",
        "complexWing": 2
      },
      "geometry": {
        "type": "Polygon",
        "coordinates": [
          [
            [
              2189.96,
              1389.6
            ],
            [
              2241.96,
              1389.6
            ],
            [
              2241.96,
              1419.6
            ],
            [
              2189.96,
              1419.6
            ],
            [
              2189.96,
              1389.6
            ]
          ]
        ]
      }
    },
    {
      "type": "Feature",
      "properties": {
        "id": "S-02-3",
        "name": "封存登记楼·南翼",
        "zone": "封存区",
        "kind": "building",
        "footprint": 1560,
        "description": "双重记录、授权申请和观察排班。",
        "frontageRoad": "S-P03",
        "layer": "buildings",
        "sourceV011Id": "S-02",
        "expansionMode": "v0.11-quad-complex",
        "complexWing": 3
      },
      "geometry": {
        "type": "Polygon",
        "coordinates": [
          [
            [
              2189.96,
              1419.6
            ],
            [
              2241.96,
              1419.6
            ],
            [
              2241.96,
              1449.6
            ],
            [
              2189.96,
              1449.6
            ],
            [
              2189.96,
              1419.6
            ]
          ]
        ]
      }
    },
    {
      "type": "Feature",
      "properties": {
        "id": "S-02-4",
        "name": "封存登记楼·西翼",
        "zone": "封存区",
        "kind": "building",
        "footprint": 1560,
        "description": "双重记录、授权申请和观察排班。",
        "frontageRoad": "S-P03",
        "layer": "buildings",
        "sourceV011Id": "S-02",
        "expansionMode": "v0.11-quad-complex",
        "complexWing": 4
      },
      "geometry": {
        "type": "Polygon",
        "coordinates": [
          [
            [
              2137.96,
              1419.6
            ],
            [
              2189.96,
              1419.6
            ],
            [
              2189.96,
              1449.6
            ],
            [
              2137.96,
              1449.6
            ],
            [
              2137.96,
              1419.6
            ]
          ]
        ]
      }
    },
    {
      "type": "Feature",
      "properties": {
        "id": "S-03-1",
        "name": "受控档案库·北翼",
        "zone": "封存区",
        "kind": "building",
        "footprint": 7895,
        "description": "风险档案、复制件和受限阅读室。",
        "shapeType": "U 形受控档案院",
        "frontageRoad": "S-P03",
        "layer": "buildings",
        "sourceV011Id": "S-03",
        "expansionMode": "v0.11-quad-complex",
        "complexWing": 1
      },
      "geometry": {
        "type": "Polygon",
        "coordinates": [
          [
            [
              2185.5,
              1054.99
            ],
            [
              2310.5,
              1054.99
            ],
            [
              2310.5,
              1133.99
            ],
            [
              2275.5,
              1133.99
            ],
            [
              2275.5,
              1097.99
            ],
            [
              2220.5,
              1097.99
            ],
            [
              2220.5,
              1133.99
            ],
            [
              2185.5,
              1133.99
            ],
            [
              2185.5,
              1054.99
            ]
          ]
        ]
      }
    },
    {
      "type": "Feature",
      "properties": {
        "id": "S-03-2",
        "name": "受控档案库·东翼",
        "zone": "封存区",
        "kind": "building",
        "footprint": 7895,
        "description": "风险档案、复制件和受限阅读室。",
        "shapeType": "U 形受控档案院",
        "frontageRoad": "S-P03",
        "layer": "buildings",
        "sourceV011Id": "S-03",
        "expansionMode": "v0.11-quad-complex",
        "complexWing": 2
      },
      "geometry": {
        "type": "Polygon",
        "coordinates": [
          [
            [
              2310.5,
              1054.99
            ],
            [
              2435.5,
              1054.99
            ],
            [
              2435.5,
              1133.99
            ],
            [
              2400.5,
              1133.99
            ],
            [
              2400.5,
              1097.99
            ],
            [
              2345.5,
              1097.99
            ],
            [
              2345.5,
              1133.99
            ],
            [
              2310.5,
              1133.99
            ],
            [
              2310.5,
              1054.99
            ]
          ]
        ]
      }
    },
    {
      "type": "Feature",
      "properties": {
        "id": "S-03-3",
        "name": "受控档案库·南翼",
        "zone": "封存区",
        "kind": "building",
        "footprint": 7895,
        "description": "风险档案、复制件和受限阅读室。",
        "shapeType": "U 形受控档案院",
        "frontageRoad": "S-P03",
        "layer": "buildings",
        "sourceV011Id": "S-03",
        "expansionMode": "v0.11-quad-complex",
        "complexWing": 3
      },
      "geometry": {
        "type": "Polygon",
        "coordinates": [
          [
            [
              2310.5,
              1133.99
            ],
            [
              2435.5,
              1133.99
            ],
            [
              2435.5,
              1212.99
            ],
            [
              2400.5,
              1212.99
            ],
            [
              2400.5,
              1176.99
            ],
            [
              2345.5,
              1176.99
            ],
            [
              2345.5,
              1212.99
            ],
            [
              2310.5,
              1212.99
            ],
            [
              2310.5,
              1133.99
            ]
          ]
        ]
      }
    },
    {
      "type": "Feature",
      "properties": {
        "id": "S-03-4",
        "name": "受控档案库·西翼",
        "zone": "封存区",
        "kind": "building",
        "footprint": 7895,
        "description": "风险档案、复制件和受限阅读室。",
        "shapeType": "U 形受控档案院",
        "frontageRoad": "S-P03",
        "layer": "buildings",
        "sourceV011Id": "S-03",
        "expansionMode": "v0.11-quad-complex",
        "complexWing": 4
      },
      "geometry": {
        "type": "Polygon",
        "coordinates": [
          [
            [
              2185.5,
              1133.99
            ],
            [
              2310.5,
              1133.99
            ],
            [
              2310.5,
              1212.99
            ],
            [
              2275.5,
              1212.99
            ],
            [
              2275.5,
              1176.99
            ],
            [
              2220.5,
              1176.99
            ],
            [
              2220.5,
              1212.99
            ],
            [
              2185.5,
              1212.99
            ],
            [
              2185.5,
              1133.99
            ]
          ]
        ]
      }
    },
    {
      "type": "Feature",
      "properties": {
        "id": "S-04-1",
        "name": "遗物保管库·北翼",
        "zone": "封存区",
        "kind": "building",
        "footprint": 2728,
        "description": "已封签遗物、卷轴与法器。",
        "frontageRoad": "S-P04",
        "layer": "buildings",
        "sourceV011Id": "S-04",
        "expansionMode": "v0.11-quad-complex",
        "complexWing": 1
      },
      "geometry": {
        "type": "Polygon",
        "coordinates": [
          [
            [
              2451.36,
              1095.32
            ],
            [
              2513.36,
              1095.32
            ],
            [
              2513.36,
              1139.32
            ],
            [
              2451.36,
              1139.32
            ],
            [
              2451.36,
              1095.32
            ]
          ]
        ]
      }
    },
    {
      "type": "Feature",
      "properties": {
        "id": "S-04-2",
        "name": "遗物保管库·东翼",
        "zone": "封存区",
        "kind": "building",
        "footprint": 2728,
        "description": "已封签遗物、卷轴与法器。",
        "frontageRoad": "S-P04",
        "layer": "buildings",
        "sourceV011Id": "S-04",
        "expansionMode": "v0.11-quad-complex",
        "complexWing": 2
      },
      "geometry": {
        "type": "Polygon",
        "coordinates": [
          [
            [
              2513.36,
              1095.32
            ],
            [
              2575.36,
              1095.32
            ],
            [
              2575.36,
              1139.32
            ],
            [
              2513.36,
              1139.32
            ],
            [
              2513.36,
              1095.32
            ]
          ]
        ]
      }
    },
    {
      "type": "Feature",
      "properties": {
        "id": "S-04-3",
        "name": "遗物保管库·南翼",
        "zone": "封存区",
        "kind": "building",
        "footprint": 2728,
        "description": "已封签遗物、卷轴与法器。",
        "frontageRoad": "S-P04",
        "layer": "buildings",
        "sourceV011Id": "S-04",
        "expansionMode": "v0.11-quad-complex",
        "complexWing": 3
      },
      "geometry": {
        "type": "Polygon",
        "coordinates": [
          [
            [
              2513.36,
              1139.32
            ],
            [
              2575.36,
              1139.32
            ],
            [
              2575.36,
              1183.32
            ],
            [
              2513.36,
              1183.32
            ],
            [
              2513.36,
              1139.32
            ]
          ]
        ]
      }
    },
    {
      "type": "Feature",
      "properties": {
        "id": "S-04-4",
        "name": "遗物保管库·西翼",
        "zone": "封存区",
        "kind": "building",
        "footprint": 2728,
        "description": "已封签遗物、卷轴与法器。",
        "frontageRoad": "S-P04",
        "layer": "buildings",
        "sourceV011Id": "S-04",
        "expansionMode": "v0.11-quad-complex",
        "complexWing": 4
      },
      "geometry": {
        "type": "Polygon",
        "coordinates": [
          [
            [
              2451.36,
              1139.32
            ],
            [
              2513.36,
              1139.32
            ],
            [
              2513.36,
              1183.32
            ],
            [
              2451.36,
              1183.32
            ],
            [
              2451.36,
              1139.32
            ]
          ]
        ]
      }
    },
    {
      "type": "Feature",
      "properties": {
        "id": "S-05-1",
        "name": "观察与复核厅·北翼",
        "zone": "封存区",
        "kind": "building",
        "footprint": 2204,
        "description": "受监督观察、比对、见证与复核。",
        "frontageRoad": "S-P01",
        "layer": "buildings",
        "sourceV011Id": "S-05",
        "expansionMode": "v0.11-quad-complex",
        "complexWing": 1
      },
      "geometry": {
        "type": "Polygon",
        "coordinates": [
          [
            [
              2206.44,
              1254.2
            ],
            [
              2264.44,
              1254.2
            ],
            [
              2264.44,
              1292.2
            ],
            [
              2206.44,
              1292.2
            ],
            [
              2206.44,
              1254.2
            ]
          ]
        ]
      }
    },
    {
      "type": "Feature",
      "properties": {
        "id": "S-05-2",
        "name": "观察与复核厅·东翼",
        "zone": "封存区",
        "kind": "building",
        "footprint": 2204,
        "description": "受监督观察、比对、见证与复核。",
        "frontageRoad": "S-P01",
        "layer": "buildings",
        "sourceV011Id": "S-05",
        "expansionMode": "v0.11-quad-complex",
        "complexWing": 2
      },
      "geometry": {
        "type": "Polygon",
        "coordinates": [
          [
            [
              2264.44,
              1254.2
            ],
            [
              2322.44,
              1254.2
            ],
            [
              2322.44,
              1292.2
            ],
            [
              2264.44,
              1292.2
            ],
            [
              2264.44,
              1254.2
            ]
          ]
        ]
      }
    },
    {
      "type": "Feature",
      "properties": {
        "id": "S-05-3",
        "name": "观察与复核厅·南翼",
        "zone": "封存区",
        "kind": "building",
        "footprint": 2204,
        "description": "受监督观察、比对、见证与复核。",
        "frontageRoad": "S-P01",
        "layer": "buildings",
        "sourceV011Id": "S-05",
        "expansionMode": "v0.11-quad-complex",
        "complexWing": 3
      },
      "geometry": {
        "type": "Polygon",
        "coordinates": [
          [
            [
              2264.44,
              1292.2
            ],
            [
              2322.44,
              1292.2
            ],
            [
              2322.44,
              1330.2
            ],
            [
              2264.44,
              1330.2
            ],
            [
              2264.44,
              1292.2
            ]
          ]
        ]
      }
    },
    {
      "type": "Feature",
      "properties": {
        "id": "S-05-4",
        "name": "观察与复核厅·西翼",
        "zone": "封存区",
        "kind": "building",
        "footprint": 2204,
        "description": "受监督观察、比对、见证与复核。",
        "frontageRoad": "S-P01",
        "layer": "buildings",
        "sourceV011Id": "S-05",
        "expansionMode": "v0.11-quad-complex",
        "complexWing": 4
      },
      "geometry": {
        "type": "Polygon",
        "coordinates": [
          [
            [
              2206.44,
              1292.2
            ],
            [
              2264.44,
              1292.2
            ],
            [
              2264.44,
              1330.2
            ],
            [
              2206.44,
              1330.2
            ],
            [
              2206.44,
              1292.2
            ]
          ]
        ]
      }
    },
    {
      "type": "Feature",
      "properties": {
        "id": "S-06-1",
        "name": "隔离塔·北翼",
        "zone": "封存区",
        "kind": "building",
        "footprint": 1400,
        "description": "异常对象的短期隔离与硬性阻断。",
        "shapeType": "八边隔离塔基座",
        "frontageRoad": "S-P05",
        "layer": "buildings",
        "sourceV011Id": "S-06",
        "expansionMode": "v0.11-quad-complex",
        "complexWing": 1
      },
      "geometry": {
        "type": "Polygon",
        "coordinates": [
          [
            [
              2579.4,
              1271.8
            ],
            [
              2599.4,
              1271.8
            ],
            [
              2609.4,
              1281.8
            ],
            [
              2609.4,
              1301.8
            ],
            [
              2599.4,
              1311.8
            ],
            [
              2579.4,
              1311.8
            ],
            [
              2569.4,
              1301.8
            ],
            [
              2569.4,
              1281.8
            ],
            [
              2579.4,
              1271.8
            ]
          ]
        ]
      }
    },
    {
      "type": "Feature",
      "properties": {
        "id": "S-06-2",
        "name": "隔离塔·东翼",
        "zone": "封存区",
        "kind": "building",
        "footprint": 1400,
        "description": "异常对象的短期隔离与硬性阻断。",
        "shapeType": "八边隔离塔基座",
        "frontageRoad": "S-P05",
        "layer": "buildings",
        "sourceV011Id": "S-06",
        "expansionMode": "v0.11-quad-complex",
        "complexWing": 2
      },
      "geometry": {
        "type": "Polygon",
        "coordinates": [
          [
            [
              2619.4,
              1271.8
            ],
            [
              2639.4,
              1271.8
            ],
            [
              2649.4,
              1281.8
            ],
            [
              2649.4,
              1301.8
            ],
            [
              2639.4,
              1311.8
            ],
            [
              2619.4,
              1311.8
            ],
            [
              2609.4,
              1301.8
            ],
            [
              2609.4,
              1281.8
            ],
            [
              2619.4,
              1271.8
            ]
          ]
        ]
      }
    },
    {
      "type": "Feature",
      "properties": {
        "id": "S-06-3",
        "name": "隔离塔·南翼",
        "zone": "封存区",
        "kind": "building",
        "footprint": 1400,
        "description": "异常对象的短期隔离与硬性阻断。",
        "shapeType": "八边隔离塔基座",
        "frontageRoad": "S-P05",
        "layer": "buildings",
        "sourceV011Id": "S-06",
        "expansionMode": "v0.11-quad-complex",
        "complexWing": 3
      },
      "geometry": {
        "type": "Polygon",
        "coordinates": [
          [
            [
              2619.4,
              1311.8
            ],
            [
              2639.4,
              1311.8
            ],
            [
              2649.4,
              1321.8
            ],
            [
              2649.4,
              1341.8
            ],
            [
              2639.4,
              1351.8
            ],
            [
              2619.4,
              1351.8
            ],
            [
              2609.4,
              1341.8
            ],
            [
              2609.4,
              1321.8
            ],
            [
              2619.4,
              1311.8
            ]
          ]
        ]
      }
    },
    {
      "type": "Feature",
      "properties": {
        "id": "S-06-4",
        "name": "隔离塔·西翼",
        "zone": "封存区",
        "kind": "building",
        "footprint": 1400,
        "description": "异常对象的短期隔离与硬性阻断。",
        "shapeType": "八边隔离塔基座",
        "frontageRoad": "S-P05",
        "layer": "buildings",
        "sourceV011Id": "S-06",
        "expansionMode": "v0.11-quad-complex",
        "complexWing": 4
      },
      "geometry": {
        "type": "Polygon",
        "coordinates": [
          [
            [
              2579.4,
              1311.8
            ],
            [
              2599.4,
              1311.8
            ],
            [
              2609.4,
              1321.8
            ],
            [
              2609.4,
              1341.8
            ],
            [
              2599.4,
              1351.8
            ],
            [
              2579.4,
              1351.8
            ],
            [
              2569.4,
              1341.8
            ],
            [
              2569.4,
              1321.8
            ],
            [
              2579.4,
              1311.8
            ]
          ]
        ]
      }
    },
    {
      "type": "Feature",
      "properties": {
        "id": "S-07-1",
        "name": "核心维护楼·北翼",
        "zone": "封存区",
        "kind": "building",
        "footprint": 2016,
        "description": "封存核心的外围维护、记录接力和受控接口。",
        "frontageRoad": "S-P02",
        "layer": "buildings",
        "sourceV011Id": "S-07",
        "expansionMode": "v0.11-quad-complex",
        "complexWing": 1
      },
      "geometry": {
        "type": "Polygon",
        "coordinates": [
          [
            [
              2284.88,
              1509.04
            ],
            [
              2340.88,
              1509.04
            ],
            [
              2340.88,
              1545.04
            ],
            [
              2284.88,
              1545.04
            ],
            [
              2284.88,
              1509.04
            ]
          ]
        ]
      }
    },
    {
      "type": "Feature",
      "properties": {
        "id": "S-07-2",
        "name": "核心维护楼·东翼",
        "zone": "封存区",
        "kind": "building",
        "footprint": 2016,
        "description": "封存核心的外围维护、记录接力和受控接口。",
        "frontageRoad": "S-P02",
        "layer": "buildings",
        "sourceV011Id": "S-07",
        "expansionMode": "v0.11-quad-complex",
        "complexWing": 2
      },
      "geometry": {
        "type": "Polygon",
        "coordinates": [
          [
            [
              2340.88,
              1509.04
            ],
            [
              2396.88,
              1509.04
            ],
            [
              2396.88,
              1545.04
            ],
            [
              2340.88,
              1545.04
            ],
            [
              2340.88,
              1509.04
            ]
          ]
        ]
      }
    },
    {
      "type": "Feature",
      "properties": {
        "id": "S-07-3",
        "name": "核心维护楼·南翼",
        "zone": "封存区",
        "kind": "building",
        "footprint": 2016,
        "description": "封存核心的外围维护、记录接力和受控接口。",
        "frontageRoad": "S-P02",
        "layer": "buildings",
        "sourceV011Id": "S-07",
        "expansionMode": "v0.11-quad-complex",
        "complexWing": 3
      },
      "geometry": {
        "type": "Polygon",
        "coordinates": [
          [
            [
              2340.88,
              1545.04
            ],
            [
              2396.88,
              1545.04
            ],
            [
              2396.88,
              1581.04
            ],
            [
              2340.88,
              1581.04
            ],
            [
              2340.88,
              1545.04
            ]
          ]
        ]
      }
    },
    {
      "type": "Feature",
      "properties": {
        "id": "S-07-4",
        "name": "核心维护楼·西翼",
        "zone": "封存区",
        "kind": "building",
        "footprint": 2016,
        "description": "封存核心的外围维护、记录接力和受控接口。",
        "frontageRoad": "S-P02",
        "layer": "buildings",
        "sourceV011Id": "S-07",
        "expansionMode": "v0.11-quad-complex",
        "complexWing": 4
      },
      "geometry": {
        "type": "Polygon",
        "coordinates": [
          [
            [
              2284.88,
              1545.04
            ],
            [
              2340.88,
              1545.04
            ],
            [
              2340.88,
              1581.04
            ],
            [
              2284.88,
              1581.04
            ],
            [
              2284.88,
              1545.04
            ]
          ]
        ]
      }
    },
    {
      "type": "Feature",
      "properties": {
        "id": "S-08-1",
        "name": "安全值守屋·北翼",
        "zone": "封存区",
        "kind": "building",
        "footprint": 1144,
        "description": "巡检轮班、撤离调度与警报确认。",
        "frontageRoad": "S-P02",
        "layer": "buildings",
        "sourceV011Id": "S-08",
        "expansionMode": "v0.11-quad-complex",
        "complexWing": 1
      },
      "geometry": {
        "type": "Polygon",
        "coordinates": [
          [
            [
              2461.52,
              1507.28
            ],
            [
              2505.52,
              1507.28
            ],
            [
              2505.52,
              1533.28
            ],
            [
              2461.52,
              1533.28
            ],
            [
              2461.52,
              1507.28
            ]
          ]
        ]
      }
    },
    {
      "type": "Feature",
      "properties": {
        "id": "S-08-2",
        "name": "安全值守屋·东翼",
        "zone": "封存区",
        "kind": "building",
        "footprint": 1144,
        "description": "巡检轮班、撤离调度与警报确认。",
        "frontageRoad": "S-P02",
        "layer": "buildings",
        "sourceV011Id": "S-08",
        "expansionMode": "v0.11-quad-complex",
        "complexWing": 2
      },
      "geometry": {
        "type": "Polygon",
        "coordinates": [
          [
            [
              2505.52,
              1507.28
            ],
            [
              2549.52,
              1507.28
            ],
            [
              2549.52,
              1533.28
            ],
            [
              2505.52,
              1533.28
            ],
            [
              2505.52,
              1507.28
            ]
          ]
        ]
      }
    },
    {
      "type": "Feature",
      "properties": {
        "id": "S-08-3",
        "name": "安全值守屋·南翼",
        "zone": "封存区",
        "kind": "building",
        "footprint": 1144,
        "description": "巡检轮班、撤离调度与警报确认。",
        "frontageRoad": "S-P02",
        "layer": "buildings",
        "sourceV011Id": "S-08",
        "expansionMode": "v0.11-quad-complex",
        "complexWing": 3
      },
      "geometry": {
        "type": "Polygon",
        "coordinates": [
          [
            [
              2505.52,
              1533.28
            ],
            [
              2549.52,
              1533.28
            ],
            [
              2549.52,
              1559.28
            ],
            [
              2505.52,
              1559.28
            ],
            [
              2505.52,
              1533.28
            ]
          ]
        ]
      }
    },
    {
      "type": "Feature",
      "properties": {
        "id": "S-08-4",
        "name": "安全值守屋·西翼",
        "zone": "封存区",
        "kind": "building",
        "footprint": 1144,
        "description": "巡检轮班、撤离调度与警报确认。",
        "frontageRoad": "S-P02",
        "layer": "buildings",
        "sourceV011Id": "S-08",
        "expansionMode": "v0.11-quad-complex",
        "complexWing": 4
      },
      "geometry": {
        "type": "Polygon",
        "coordinates": [
          [
            [
              2461.52,
              1533.28
            ],
            [
              2505.52,
              1533.28
            ],
            [
              2505.52,
              1559.28
            ],
            [
              2461.52,
              1559.28
            ],
            [
              2461.52,
              1533.28
            ]
          ]
        ]
      }
    },
    {
      "type": "Feature",
      "properties": {
        "id": "S-09-1",
        "name": "受控处置工坊·北翼",
        "zone": "封存区",
        "kind": "building",
        "footprint": 1728,
        "description": "封签、拆解前检查与安全封装。",
        "frontageRoad": "S-P06",
        "layer": "buildings",
        "sourceV011Id": "S-09",
        "expansionMode": "v0.11-quad-complex",
        "complexWing": 1
      },
      "geometry": {
        "type": "Polygon",
        "coordinates": [
          [
            [
              2578.92,
              1605.16
            ],
            [
              2632.92,
              1605.16
            ],
            [
              2632.92,
              1637.16
            ],
            [
              2578.92,
              1637.16
            ],
            [
              2578.92,
              1605.16
            ]
          ]
        ]
      }
    },
    {
      "type": "Feature",
      "properties": {
        "id": "S-09-2",
        "name": "受控处置工坊·东翼",
        "zone": "封存区",
        "kind": "building",
        "footprint": 1728,
        "description": "封签、拆解前检查与安全封装。",
        "frontageRoad": "S-P06",
        "layer": "buildings",
        "sourceV011Id": "S-09",
        "expansionMode": "v0.11-quad-complex",
        "complexWing": 2
      },
      "geometry": {
        "type": "Polygon",
        "coordinates": [
          [
            [
              2632.92,
              1605.16
            ],
            [
              2686.92,
              1605.16
            ],
            [
              2686.92,
              1637.16
            ],
            [
              2632.92,
              1637.16
            ],
            [
              2632.92,
              1605.16
            ]
          ]
        ]
      }
    },
    {
      "type": "Feature",
      "properties": {
        "id": "S-09-3",
        "name": "受控处置工坊·南翼",
        "zone": "封存区",
        "kind": "building",
        "footprint": 1728,
        "description": "封签、拆解前检查与安全封装。",
        "frontageRoad": "S-P06",
        "layer": "buildings",
        "sourceV011Id": "S-09",
        "expansionMode": "v0.11-quad-complex",
        "complexWing": 3
      },
      "geometry": {
        "type": "Polygon",
        "coordinates": [
          [
            [
              2632.92,
              1637.16
            ],
            [
              2686.92,
              1637.16
            ],
            [
              2686.92,
              1669.16
            ],
            [
              2632.92,
              1669.16
            ],
            [
              2632.92,
              1637.16
            ]
          ]
        ]
      }
    },
    {
      "type": "Feature",
      "properties": {
        "id": "S-09-4",
        "name": "受控处置工坊·西翼",
        "zone": "封存区",
        "kind": "building",
        "footprint": 1728,
        "description": "封签、拆解前检查与安全封装。",
        "frontageRoad": "S-P06",
        "layer": "buildings",
        "sourceV011Id": "S-09",
        "expansionMode": "v0.11-quad-complex",
        "complexWing": 4
      },
      "geometry": {
        "type": "Polygon",
        "coordinates": [
          [
            [
              2578.92,
              1637.16
            ],
            [
              2632.92,
              1637.16
            ],
            [
              2632.92,
              1669.16
            ],
            [
              2578.92,
              1669.16
            ],
            [
              2578.92,
              1637.16
            ]
          ]
        ]
      }
    },
    {
      "type": "Feature",
      "properties": {
        "id": "O-01-1",
        "name": "东侧服务门楼·北翼",
        "zone": "郊野／外环",
        "kind": "building",
        "footprint": 1344,
        "description": "服务车队、护障维护和受控外勤出入。",
        "frontageRoad": "R-03",
        "layer": "buildings",
        "sourceV011Id": "O-01",
        "expansionMode": "v0.11-quad-complex",
        "complexWing": 1
      },
      "geometry": {
        "type": "Polygon",
        "coordinates": [
          [
            [
              2990.64,
              1438.64
            ],
            [
              3038.64,
              1438.64
            ],
            [
              3038.64,
              1466.64
            ],
            [
              2990.64,
              1466.64
            ],
            [
              2990.64,
              1438.64
            ]
          ]
        ]
      }
    },
    {
      "type": "Feature",
      "properties": {
        "id": "O-01-2",
        "name": "东侧服务门楼·东翼",
        "zone": "郊野／外环",
        "kind": "building",
        "footprint": 1344,
        "description": "服务车队、护障维护和受控外勤出入。",
        "frontageRoad": "R-03",
        "layer": "buildings",
        "sourceV011Id": "O-01",
        "expansionMode": "v0.11-quad-complex",
        "complexWing": 2
      },
      "geometry": {
        "type": "Polygon",
        "coordinates": [
          [
            [
              3038.64,
              1438.64
            ],
            [
              3086.64,
              1438.64
            ],
            [
              3086.64,
              1466.64
            ],
            [
              3038.64,
              1466.64
            ],
            [
              3038.64,
              1438.64
            ]
          ]
        ]
      }
    },
    {
      "type": "Feature",
      "properties": {
        "id": "O-01-3",
        "name": "东侧服务门楼·南翼",
        "zone": "郊野／外环",
        "kind": "building",
        "footprint": 1344,
        "description": "服务车队、护障维护和受控外勤出入。",
        "frontageRoad": "R-03",
        "layer": "buildings",
        "sourceV011Id": "O-01",
        "expansionMode": "v0.11-quad-complex",
        "complexWing": 3
      },
      "geometry": {
        "type": "Polygon",
        "coordinates": [
          [
            [
              3038.64,
              1466.64
            ],
            [
              3086.64,
              1466.64
            ],
            [
              3086.64,
              1494.64
            ],
            [
              3038.64,
              1494.64
            ],
            [
              3038.64,
              1466.64
            ]
          ]
        ]
      }
    },
    {
      "type": "Feature",
      "properties": {
        "id": "O-01-4",
        "name": "东侧服务门楼·西翼",
        "zone": "郊野／外环",
        "kind": "building",
        "footprint": 1344,
        "description": "服务车队、护障维护和受控外勤出入。",
        "frontageRoad": "R-03",
        "layer": "buildings",
        "sourceV011Id": "O-01",
        "expansionMode": "v0.11-quad-complex",
        "complexWing": 4
      },
      "geometry": {
        "type": "Polygon",
        "coordinates": [
          [
            [
              2990.64,
              1466.64
            ],
            [
              3038.64,
              1466.64
            ],
            [
              3038.64,
              1494.64
            ],
            [
              2990.64,
              1494.64
            ],
            [
              2990.64,
              1466.64
            ]
          ]
        ]
      }
    },
    {
      "type": "Feature",
      "properties": {
        "id": "O-02-1",
        "name": "雨后灯庭教学亭·北翼",
        "zone": "郊野／外环",
        "kind": "building",
        "footprint": 378,
        "description": "实地对抗课集合、器材交接与课程记录。",
        "shapeType": "六边教学亭",
        "frontageRoad": "O-P01B",
        "layer": "buildings",
        "sourceV011Id": "O-02",
        "expansionMode": "v0.11-quad-complex",
        "complexWing": 1
      },
      "geometry": {
        "type": "Polygon",
        "coordinates": [
          [
            [
              1253.64,
              2222.84
            ],
            [
              1267.64,
              2222.84
            ],
            [
              1274.64,
              2231.84
            ],
            [
              1267.64,
              2240.84
            ],
            [
              1253.64,
              2240.84
            ],
            [
              1246.64,
              2231.84
            ],
            [
              1253.64,
              2222.84
            ]
          ]
        ]
      }
    },
    {
      "type": "Feature",
      "properties": {
        "id": "O-02-2",
        "name": "雨后灯庭教学亭·东翼",
        "zone": "郊野／外环",
        "kind": "building",
        "footprint": 378,
        "description": "实地对抗课集合、器材交接与课程记录。",
        "shapeType": "六边教学亭",
        "frontageRoad": "O-P01B",
        "layer": "buildings",
        "sourceV011Id": "O-02",
        "expansionMode": "v0.11-quad-complex",
        "complexWing": 2
      },
      "geometry": {
        "type": "Polygon",
        "coordinates": [
          [
            [
              1281.64,
              2222.84
            ],
            [
              1295.64,
              2222.84
            ],
            [
              1302.64,
              2231.84
            ],
            [
              1295.64,
              2240.84
            ],
            [
              1281.64,
              2240.84
            ],
            [
              1274.64,
              2231.84
            ],
            [
              1281.64,
              2222.84
            ]
          ]
        ]
      }
    },
    {
      "type": "Feature",
      "properties": {
        "id": "O-02-3",
        "name": "雨后灯庭教学亭·南翼",
        "zone": "郊野／外环",
        "kind": "building",
        "footprint": 378,
        "description": "实地对抗课集合、器材交接与课程记录。",
        "shapeType": "六边教学亭",
        "frontageRoad": "O-P01B",
        "layer": "buildings",
        "sourceV011Id": "O-02",
        "expansionMode": "v0.11-quad-complex",
        "complexWing": 3
      },
      "geometry": {
        "type": "Polygon",
        "coordinates": [
          [
            [
              1281.64,
              2240.84
            ],
            [
              1295.64,
              2240.84
            ],
            [
              1302.64,
              2249.84
            ],
            [
              1295.64,
              2258.84
            ],
            [
              1281.64,
              2258.84
            ],
            [
              1274.64,
              2249.84
            ],
            [
              1281.64,
              2240.84
            ]
          ]
        ]
      }
    },
    {
      "type": "Feature",
      "properties": {
        "id": "O-02-4",
        "name": "雨后灯庭教学亭·西翼",
        "zone": "郊野／外环",
        "kind": "building",
        "footprint": 378,
        "description": "实地对抗课集合、器材交接与课程记录。",
        "shapeType": "六边教学亭",
        "frontageRoad": "O-P01B",
        "layer": "buildings",
        "sourceV011Id": "O-02",
        "expansionMode": "v0.11-quad-complex",
        "complexWing": 4
      },
      "geometry": {
        "type": "Polygon",
        "coordinates": [
          [
            [
              1253.64,
              2240.84
            ],
            [
              1267.64,
              2240.84
            ],
            [
              1274.64,
              2249.84
            ],
            [
              1267.64,
              2258.84
            ],
            [
              1253.64,
              2258.84
            ],
            [
              1246.64,
              2249.84
            ],
            [
              1253.64,
              2240.84
            ]
          ]
        ]
      }
    },
    {
      "type": "Feature",
      "properties": {
        "id": "O-03-1",
        "name": "外环维护站·北翼",
        "zone": "郊野／外环",
        "kind": "building",
        "footprint": 3375,
        "description": "护障、排水、巡检工具和维修交接。",
        "frontageRoad": "R-05",
        "layer": "buildings",
        "sourceV011Id": "O-03",
        "expansionMode": "v0.11-quad-complex",
        "complexWing": 1
      },
      "geometry": {
        "type": "Polygon",
        "coordinates": [
          [
            [
              1823.9,
              2192.9
            ],
            [
              1898.9,
              2192.9
            ],
            [
              1898.9,
              2237.9
            ],
            [
              1823.9,
              2237.9
            ],
            [
              1823.9,
              2192.9
            ]
          ]
        ]
      }
    },
    {
      "type": "Feature",
      "properties": {
        "id": "O-03-2",
        "name": "外环维护站·东翼",
        "zone": "郊野／外环",
        "kind": "building",
        "footprint": 3375,
        "description": "护障、排水、巡检工具和维修交接。",
        "frontageRoad": "R-05",
        "layer": "buildings",
        "sourceV011Id": "O-03",
        "expansionMode": "v0.11-quad-complex",
        "complexWing": 2
      },
      "geometry": {
        "type": "Polygon",
        "coordinates": [
          [
            [
              1898.9,
              2192.9
            ],
            [
              1973.9,
              2192.9
            ],
            [
              1973.9,
              2237.9
            ],
            [
              1898.9,
              2237.9
            ],
            [
              1898.9,
              2192.9
            ]
          ]
        ]
      }
    },
    {
      "type": "Feature",
      "properties": {
        "id": "O-03-3",
        "name": "外环维护站·南翼",
        "zone": "郊野／外环",
        "kind": "building",
        "footprint": 3375,
        "description": "护障、排水、巡检工具和维修交接。",
        "frontageRoad": "R-05",
        "layer": "buildings",
        "sourceV011Id": "O-03",
        "expansionMode": "v0.11-quad-complex",
        "complexWing": 3
      },
      "geometry": {
        "type": "Polygon",
        "coordinates": [
          [
            [
              1898.9,
              2237.9
            ],
            [
              1973.9,
              2237.9
            ],
            [
              1973.9,
              2282.9
            ],
            [
              1898.9,
              2282.9
            ],
            [
              1898.9,
              2237.9
            ]
          ]
        ]
      }
    },
    {
      "type": "Feature",
      "properties": {
        "id": "O-03-4",
        "name": "外环维护站·西翼",
        "zone": "郊野／外环",
        "kind": "building",
        "footprint": 3375,
        "description": "护障、排水、巡检工具和维修交接。",
        "frontageRoad": "R-05",
        "layer": "buildings",
        "sourceV011Id": "O-03",
        "expansionMode": "v0.11-quad-complex",
        "complexWing": 4
      },
      "geometry": {
        "type": "Polygon",
        "coordinates": [
          [
            [
              1823.9,
              2237.9
            ],
            [
              1898.9,
              2237.9
            ],
            [
              1898.9,
              2282.9
            ],
            [
              1823.9,
              2282.9
            ],
            [
              1823.9,
              2237.9
            ]
          ]
        ]
      }
    },
    {
      "type": "Feature",
      "properties": {
        "id": "O-04-1",
        "name": "魔法生物管理舍·北翼",
        "zone": "郊野／外环",
        "kind": "building",
        "footprint": 4000,
        "description": "寻迹兽等受控生物的照护、训练与检疫。",
        "frontageRoad": "O-P06",
        "layer": "buildings",
        "sourceV011Id": "O-04",
        "expansionMode": "v0.11-quad-complex",
        "complexWing": 1
      },
      "geometry": {
        "type": "Polygon",
        "coordinates": [
          [
            [
              2382.4,
              2143.8
            ],
            [
              2462.4,
              2143.8
            ],
            [
              2462.4,
              2193.8
            ],
            [
              2382.4,
              2193.8
            ],
            [
              2382.4,
              2143.8
            ]
          ]
        ]
      }
    },
    {
      "type": "Feature",
      "properties": {
        "id": "O-04-2",
        "name": "魔法生物管理舍·东翼",
        "zone": "郊野／外环",
        "kind": "building",
        "footprint": 4000,
        "description": "寻迹兽等受控生物的照护、训练与检疫。",
        "frontageRoad": "O-P06",
        "layer": "buildings",
        "sourceV011Id": "O-04",
        "expansionMode": "v0.11-quad-complex",
        "complexWing": 2
      },
      "geometry": {
        "type": "Polygon",
        "coordinates": [
          [
            [
              2462.4,
              2143.8
            ],
            [
              2542.4,
              2143.8
            ],
            [
              2542.4,
              2193.8
            ],
            [
              2462.4,
              2193.8
            ],
            [
              2462.4,
              2143.8
            ]
          ]
        ]
      }
    },
    {
      "type": "Feature",
      "properties": {
        "id": "O-04-3",
        "name": "魔法生物管理舍·南翼",
        "zone": "郊野／外环",
        "kind": "building",
        "footprint": 4000,
        "description": "寻迹兽等受控生物的照护、训练与检疫。",
        "frontageRoad": "O-P06",
        "layer": "buildings",
        "sourceV011Id": "O-04",
        "expansionMode": "v0.11-quad-complex",
        "complexWing": 3
      },
      "geometry": {
        "type": "Polygon",
        "coordinates": [
          [
            [
              2462.4,
              2193.8
            ],
            [
              2542.4,
              2193.8
            ],
            [
              2542.4,
              2243.8
            ],
            [
              2462.4,
              2243.8
            ],
            [
              2462.4,
              2193.8
            ]
          ]
        ]
      }
    },
    {
      "type": "Feature",
      "properties": {
        "id": "O-04-4",
        "name": "魔法生物管理舍·西翼",
        "zone": "郊野／外环",
        "kind": "building",
        "footprint": 4000,
        "description": "寻迹兽等受控生物的照护、训练与检疫。",
        "frontageRoad": "O-P06",
        "layer": "buildings",
        "sourceV011Id": "O-04",
        "expansionMode": "v0.11-quad-complex",
        "complexWing": 4
      },
      "geometry": {
        "type": "Polygon",
        "coordinates": [
          [
            [
              2382.4,
              2193.8
            ],
            [
              2462.4,
              2193.8
            ],
            [
              2462.4,
              2243.8
            ],
            [
              2382.4,
              2243.8
            ],
            [
              2382.4,
              2193.8
            ]
          ]
        ]
      }
    },
    {
      "type": "Feature",
      "properties": {
        "id": "O-05-1",
        "name": "环境温室·北翼",
        "zone": "郊野／外环",
        "kind": "building",
        "footprint": 1848,
        "description": "药材、灯藤样本和环境课程。",
        "shapeType": "锯齿采光温室",
        "frontageRoad": "O-P04",
        "layer": "buildings",
        "sourceV011Id": "O-05",
        "expansionMode": "v0.11-quad-complex",
        "complexWing": 1
      },
      "geometry": {
        "type": "Polygon",
        "coordinates": [
          [
            [
              2108.14,
              2418.42
            ],
            [
              2180.14,
              2418.42
            ],
            [
              2180.14,
              2446.42
            ],
            [
              2166.14,
              2440.42
            ],
            [
              2152.14,
              2446.42
            ],
            [
              2138.14,
              2440.42
            ],
            [
              2124.14,
              2446.42
            ],
            [
              2108.14,
              2446.42
            ],
            [
              2108.14,
              2418.42
            ]
          ]
        ]
      }
    },
    {
      "type": "Feature",
      "properties": {
        "id": "O-05-2",
        "name": "环境温室·东翼",
        "zone": "郊野／外环",
        "kind": "building",
        "footprint": 1848,
        "description": "药材、灯藤样本和环境课程。",
        "shapeType": "锯齿采光温室",
        "frontageRoad": "O-P04",
        "layer": "buildings",
        "sourceV011Id": "O-05",
        "expansionMode": "v0.11-quad-complex",
        "complexWing": 2
      },
      "geometry": {
        "type": "Polygon",
        "coordinates": [
          [
            [
              2180.14,
              2418.42
            ],
            [
              2252.14,
              2418.42
            ],
            [
              2252.14,
              2446.42
            ],
            [
              2238.14,
              2440.42
            ],
            [
              2224.14,
              2446.42
            ],
            [
              2210.14,
              2440.42
            ],
            [
              2196.14,
              2446.42
            ],
            [
              2180.14,
              2446.42
            ],
            [
              2180.14,
              2418.42
            ]
          ]
        ]
      }
    },
    {
      "type": "Feature",
      "properties": {
        "id": "O-05-3",
        "name": "环境温室·南翼",
        "zone": "郊野／外环",
        "kind": "building",
        "footprint": 1848,
        "description": "药材、灯藤样本和环境课程。",
        "shapeType": "锯齿采光温室",
        "frontageRoad": "O-P04",
        "layer": "buildings",
        "sourceV011Id": "O-05",
        "expansionMode": "v0.11-quad-complex",
        "complexWing": 3
      },
      "geometry": {
        "type": "Polygon",
        "coordinates": [
          [
            [
              2180.14,
              2446.42
            ],
            [
              2252.14,
              2446.42
            ],
            [
              2252.14,
              2474.42
            ],
            [
              2238.14,
              2468.42
            ],
            [
              2224.14,
              2474.42
            ],
            [
              2210.14,
              2468.42
            ],
            [
              2196.14,
              2474.42
            ],
            [
              2180.14,
              2474.42
            ],
            [
              2180.14,
              2446.42
            ]
          ]
        ]
      }
    },
    {
      "type": "Feature",
      "properties": {
        "id": "O-05-4",
        "name": "环境温室·西翼",
        "zone": "郊野／外环",
        "kind": "building",
        "footprint": 1848,
        "description": "药材、灯藤样本和环境课程。",
        "shapeType": "锯齿采光温室",
        "frontageRoad": "O-P04",
        "layer": "buildings",
        "sourceV011Id": "O-05",
        "expansionMode": "v0.11-quad-complex",
        "complexWing": 4
      },
      "geometry": {
        "type": "Polygon",
        "coordinates": [
          [
            [
              2108.14,
              2446.42
            ],
            [
              2180.14,
              2446.42
            ],
            [
              2180.14,
              2474.42
            ],
            [
              2166.14,
              2468.42
            ],
            [
              2152.14,
              2474.42
            ],
            [
              2138.14,
              2468.42
            ],
            [
              2124.14,
              2474.42
            ],
            [
              2108.14,
              2474.42
            ],
            [
              2108.14,
              2446.42
            ]
          ]
        ]
      }
    },
    {
      "type": "Feature",
      "properties": {
        "id": "O-06-1",
        "name": "观测站·北翼",
        "zone": "郊野／外环",
        "kind": "building",
        "footprint": 988,
        "description": "护障、天气、以太环境和郊野风险观测。",
        "shapeType": "十二边观测穹顶",
        "frontageRoad": "O-P03",
        "layer": "buildings",
        "sourceV011Id": "O-06",
        "expansionMode": "v0.11-quad-complex",
        "complexWing": 1
      },
      "geometry": {
        "type": "Polygon",
        "coordinates": [
          [
            [
              2748.04,
              2438.2
            ],
            [
              2762.04,
              2438.2
            ],
            [
              2770.04,
              2441.2
            ],
            [
              2774.04,
              2448.2
            ],
            [
              2774.04,
              2458.2
            ],
            [
              2770.04,
              2465.2
            ],
            [
              2762.04,
              2468.2
            ],
            [
              2748.04,
              2468.2
            ],
            [
              2740.04,
              2465.2
            ],
            [
              2736.04,
              2458.2
            ],
            [
              2736.04,
              2448.2
            ],
            [
              2740.04,
              2441.2
            ],
            [
              2748.04,
              2438.2
            ]
          ]
        ]
      }
    },
    {
      "type": "Feature",
      "properties": {
        "id": "O-06-2",
        "name": "观测站·东翼",
        "zone": "郊野／外环",
        "kind": "building",
        "footprint": 988,
        "description": "护障、天气、以太环境和郊野风险观测。",
        "shapeType": "十二边观测穹顶",
        "frontageRoad": "O-P03",
        "layer": "buildings",
        "sourceV011Id": "O-06",
        "expansionMode": "v0.11-quad-complex",
        "complexWing": 2
      },
      "geometry": {
        "type": "Polygon",
        "coordinates": [
          [
            [
              2786.04,
              2438.2
            ],
            [
              2800.04,
              2438.2
            ],
            [
              2808.04,
              2441.2
            ],
            [
              2812.04,
              2448.2
            ],
            [
              2812.04,
              2458.2
            ],
            [
              2808.04,
              2465.2
            ],
            [
              2800.04,
              2468.2
            ],
            [
              2786.04,
              2468.2
            ],
            [
              2778.04,
              2465.2
            ],
            [
              2774.04,
              2458.2
            ],
            [
              2774.04,
              2448.2
            ],
            [
              2778.04,
              2441.2
            ],
            [
              2786.04,
              2438.2
            ]
          ]
        ]
      }
    },
    {
      "type": "Feature",
      "properties": {
        "id": "O-06-3",
        "name": "观测站·南翼",
        "zone": "郊野／外环",
        "kind": "building",
        "footprint": 988,
        "description": "护障、天气、以太环境和郊野风险观测。",
        "shapeType": "十二边观测穹顶",
        "frontageRoad": "O-P03",
        "layer": "buildings",
        "sourceV011Id": "O-06",
        "expansionMode": "v0.11-quad-complex",
        "complexWing": 3
      },
      "geometry": {
        "type": "Polygon",
        "coordinates": [
          [
            [
              2786.04,
              2468.2
            ],
            [
              2800.04,
              2468.2
            ],
            [
              2808.04,
              2471.2
            ],
            [
              2812.04,
              2478.2
            ],
            [
              2812.04,
              2488.2
            ],
            [
              2808.04,
              2495.2
            ],
            [
              2800.04,
              2498.2
            ],
            [
              2786.04,
              2498.2
            ],
            [
              2778.04,
              2495.2
            ],
            [
              2774.04,
              2488.2
            ],
            [
              2774.04,
              2478.2
            ],
            [
              2778.04,
              2471.2
            ],
            [
              2786.04,
              2468.2
            ]
          ]
        ]
      }
    },
    {
      "type": "Feature",
      "properties": {
        "id": "O-06-4",
        "name": "观测站·西翼",
        "zone": "郊野／外环",
        "kind": "building",
        "footprint": 988,
        "description": "护障、天气、以太环境和郊野风险观测。",
        "shapeType": "十二边观测穹顶",
        "frontageRoad": "O-P03",
        "layer": "buildings",
        "sourceV011Id": "O-06",
        "expansionMode": "v0.11-quad-complex",
        "complexWing": 4
      },
      "geometry": {
        "type": "Polygon",
        "coordinates": [
          [
            [
              2748.04,
              2468.2
            ],
            [
              2762.04,
              2468.2
            ],
            [
              2770.04,
              2471.2
            ],
            [
              2774.04,
              2478.2
            ],
            [
              2774.04,
              2488.2
            ],
            [
              2770.04,
              2495.2
            ],
            [
              2762.04,
              2498.2
            ],
            [
              2748.04,
              2498.2
            ],
            [
              2740.04,
              2495.2
            ],
            [
              2736.04,
              2488.2
            ],
            [
              2736.04,
              2478.2
            ],
            [
              2740.04,
              2471.2
            ],
            [
              2748.04,
              2468.2
            ]
          ]
        ]
      }
    },
    {
      "type": "Feature",
      "properties": {
        "id": "O-07-1",
        "name": "外勤急救屋·北翼",
        "zone": "郊野／外环",
        "kind": "building",
        "footprint": 704,
        "description": "郊野课程与维护任务的初步救护。",
        "frontageRoad": "O-P05",
        "layer": "buildings",
        "sourceV011Id": "O-07",
        "expansionMode": "v0.11-quad-complex",
        "complexWing": 1
      },
      "geometry": {
        "type": "Polygon",
        "coordinates": [
          [
            [
              1599.36,
              2399.16
            ],
            [
              1631.36,
              2399.16
            ],
            [
              1631.36,
              2421.16
            ],
            [
              1599.36,
              2421.16
            ],
            [
              1599.36,
              2399.16
            ]
          ]
        ]
      }
    },
    {
      "type": "Feature",
      "properties": {
        "id": "O-07-2",
        "name": "外勤急救屋·东翼",
        "zone": "郊野／外环",
        "kind": "building",
        "footprint": 704,
        "description": "郊野课程与维护任务的初步救护。",
        "frontageRoad": "O-P05",
        "layer": "buildings",
        "sourceV011Id": "O-07",
        "expansionMode": "v0.11-quad-complex",
        "complexWing": 2
      },
      "geometry": {
        "type": "Polygon",
        "coordinates": [
          [
            [
              1631.36,
              2399.16
            ],
            [
              1663.36,
              2399.16
            ],
            [
              1663.36,
              2421.16
            ],
            [
              1631.36,
              2421.16
            ],
            [
              1631.36,
              2399.16
            ]
          ]
        ]
      }
    },
    {
      "type": "Feature",
      "properties": {
        "id": "O-07-3",
        "name": "外勤急救屋·南翼",
        "zone": "郊野／外环",
        "kind": "building",
        "footprint": 704,
        "description": "郊野课程与维护任务的初步救护。",
        "frontageRoad": "O-P05",
        "layer": "buildings",
        "sourceV011Id": "O-07",
        "expansionMode": "v0.11-quad-complex",
        "complexWing": 3
      },
      "geometry": {
        "type": "Polygon",
        "coordinates": [
          [
            [
              1631.36,
              2421.16
            ],
            [
              1663.36,
              2421.16
            ],
            [
              1663.36,
              2443.16
            ],
            [
              1631.36,
              2443.16
            ],
            [
              1631.36,
              2421.16
            ]
          ]
        ]
      }
    },
    {
      "type": "Feature",
      "properties": {
        "id": "O-07-4",
        "name": "外勤急救屋·西翼",
        "zone": "郊野／外环",
        "kind": "building",
        "footprint": 704,
        "description": "郊野课程与维护任务的初步救护。",
        "frontageRoad": "O-P05",
        "layer": "buildings",
        "sourceV011Id": "O-07",
        "expansionMode": "v0.11-quad-complex",
        "complexWing": 4
      },
      "geometry": {
        "type": "Polygon",
        "coordinates": [
          [
            [
              1599.36,
              2421.16
            ],
            [
              1631.36,
              2421.16
            ],
            [
              1631.36,
              2443.16
            ],
            [
              1599.36,
              2443.16
            ],
            [
              1599.36,
              2421.16
            ]
          ]
        ]
      }
    },
    {
      "type": "Feature",
      "properties": {
        "id": "L-01A-1",
        "name": "共同基础学部宿舍 1 号·北翼",
        "zone": "生活区",
        "kind": "building",
        "footprint": 1968,
        "description": "前两年普通学生按年级居住。",
        "frontageRoad": "L-P01",
        "layer": "buildings",
        "sourceV011Id": "L-01A",
        "expansionMode": "v0.11-quad-complex",
        "complexWing": 1
      },
      "geometry": {
        "type": "Polygon",
        "coordinates": [
          [
            [
              138.16,
              1095.72
            ],
            [
              220.16,
              1095.72
            ],
            [
              220.16,
              1119.72
            ],
            [
              138.16,
              1119.72
            ],
            [
              138.16,
              1095.72
            ]
          ]
        ]
      }
    },
    {
      "type": "Feature",
      "properties": {
        "id": "L-01A-2",
        "name": "共同基础学部宿舍 1 号·东翼",
        "zone": "生活区",
        "kind": "building",
        "footprint": 1968,
        "description": "前两年普通学生按年级居住。",
        "frontageRoad": "L-P01",
        "layer": "buildings",
        "sourceV011Id": "L-01A",
        "expansionMode": "v0.11-quad-complex",
        "complexWing": 2
      },
      "geometry": {
        "type": "Polygon",
        "coordinates": [
          [
            [
              220.16,
              1095.72
            ],
            [
              302.16,
              1095.72
            ],
            [
              302.16,
              1119.72
            ],
            [
              220.16,
              1119.72
            ],
            [
              220.16,
              1095.72
            ]
          ]
        ]
      }
    },
    {
      "type": "Feature",
      "properties": {
        "id": "L-01A-3",
        "name": "共同基础学部宿舍 1 号·南翼",
        "zone": "生活区",
        "kind": "building",
        "footprint": 1968,
        "description": "前两年普通学生按年级居住。",
        "frontageRoad": "L-P01",
        "layer": "buildings",
        "sourceV011Id": "L-01A",
        "expansionMode": "v0.11-quad-complex",
        "complexWing": 3
      },
      "geometry": {
        "type": "Polygon",
        "coordinates": [
          [
            [
              220.16,
              1119.72
            ],
            [
              302.16,
              1119.72
            ],
            [
              302.16,
              1143.72
            ],
            [
              220.16,
              1143.72
            ],
            [
              220.16,
              1119.72
            ]
          ]
        ]
      }
    },
    {
      "type": "Feature",
      "properties": {
        "id": "L-01A-4",
        "name": "共同基础学部宿舍 1 号·西翼",
        "zone": "生活区",
        "kind": "building",
        "footprint": 1968,
        "description": "前两年普通学生按年级居住。",
        "frontageRoad": "L-P01",
        "layer": "buildings",
        "sourceV011Id": "L-01A",
        "expansionMode": "v0.11-quad-complex",
        "complexWing": 4
      },
      "geometry": {
        "type": "Polygon",
        "coordinates": [
          [
            [
              138.16,
              1119.72
            ],
            [
              220.16,
              1119.72
            ],
            [
              220.16,
              1143.72
            ],
            [
              138.16,
              1143.72
            ],
            [
              138.16,
              1119.72
            ]
          ]
        ]
      }
    },
    {
      "type": "Feature",
      "properties": {
        "id": "L-01B-1",
        "name": "共同基础学部宿舍 2 号·北翼",
        "zone": "生活区",
        "kind": "building",
        "footprint": 1968,
        "description": "前两年普通学生按年级居住。",
        "frontageRoad": "L-P02",
        "layer": "buildings",
        "sourceV011Id": "L-01B",
        "expansionMode": "v0.11-quad-complex",
        "complexWing": 1
      },
      "geometry": {
        "type": "Polygon",
        "coordinates": [
          [
            [
              138.16,
              1248.6
            ],
            [
              220.16,
              1248.6
            ],
            [
              220.16,
              1272.6
            ],
            [
              138.16,
              1272.6
            ],
            [
              138.16,
              1248.6
            ]
          ]
        ]
      }
    },
    {
      "type": "Feature",
      "properties": {
        "id": "L-01B-2",
        "name": "共同基础学部宿舍 2 号·东翼",
        "zone": "生活区",
        "kind": "building",
        "footprint": 1968,
        "description": "前两年普通学生按年级居住。",
        "frontageRoad": "L-P02",
        "layer": "buildings",
        "sourceV011Id": "L-01B",
        "expansionMode": "v0.11-quad-complex",
        "complexWing": 2
      },
      "geometry": {
        "type": "Polygon",
        "coordinates": [
          [
            [
              220.16,
              1248.6
            ],
            [
              302.16,
              1248.6
            ],
            [
              302.16,
              1272.6
            ],
            [
              220.16,
              1272.6
            ],
            [
              220.16,
              1248.6
            ]
          ]
        ]
      }
    },
    {
      "type": "Feature",
      "properties": {
        "id": "L-01B-3",
        "name": "共同基础学部宿舍 2 号·南翼",
        "zone": "生活区",
        "kind": "building",
        "footprint": 1968,
        "description": "前两年普通学生按年级居住。",
        "frontageRoad": "L-P02",
        "layer": "buildings",
        "sourceV011Id": "L-01B",
        "expansionMode": "v0.11-quad-complex",
        "complexWing": 3
      },
      "geometry": {
        "type": "Polygon",
        "coordinates": [
          [
            [
              220.16,
              1272.6
            ],
            [
              302.16,
              1272.6
            ],
            [
              302.16,
              1296.6
            ],
            [
              220.16,
              1296.6
            ],
            [
              220.16,
              1272.6
            ]
          ]
        ]
      }
    },
    {
      "type": "Feature",
      "properties": {
        "id": "L-01B-4",
        "name": "共同基础学部宿舍 2 号·西翼",
        "zone": "生活区",
        "kind": "building",
        "footprint": 1968,
        "description": "前两年普通学生按年级居住。",
        "frontageRoad": "L-P02",
        "layer": "buildings",
        "sourceV011Id": "L-01B",
        "expansionMode": "v0.11-quad-complex",
        "complexWing": 4
      },
      "geometry": {
        "type": "Polygon",
        "coordinates": [
          [
            [
              138.16,
              1272.6
            ],
            [
              220.16,
              1272.6
            ],
            [
              220.16,
              1296.6
            ],
            [
              138.16,
              1296.6
            ],
            [
              138.16,
              1272.6
            ]
          ]
        ]
      }
    },
    {
      "type": "Feature",
      "properties": {
        "id": "L-01C-1",
        "name": "共同基础学部宿舍 3 号·北翼",
        "zone": "生活区",
        "kind": "building",
        "footprint": 1968,
        "description": "前两年普通学生按年级居住。",
        "frontageRoad": "L-P04",
        "layer": "buildings",
        "sourceV011Id": "L-01C",
        "expansionMode": "v0.11-quad-complex",
        "complexWing": 1
      },
      "geometry": {
        "type": "Polygon",
        "coordinates": [
          [
            [
              138.16,
              1401.48
            ],
            [
              220.16,
              1401.48
            ],
            [
              220.16,
              1425.48
            ],
            [
              138.16,
              1425.48
            ],
            [
              138.16,
              1401.48
            ]
          ]
        ]
      }
    },
    {
      "type": "Feature",
      "properties": {
        "id": "L-01C-2",
        "name": "共同基础学部宿舍 3 号·东翼",
        "zone": "生活区",
        "kind": "building",
        "footprint": 1968,
        "description": "前两年普通学生按年级居住。",
        "frontageRoad": "L-P04",
        "layer": "buildings",
        "sourceV011Id": "L-01C",
        "expansionMode": "v0.11-quad-complex",
        "complexWing": 2
      },
      "geometry": {
        "type": "Polygon",
        "coordinates": [
          [
            [
              220.16,
              1401.48
            ],
            [
              302.16,
              1401.48
            ],
            [
              302.16,
              1425.48
            ],
            [
              220.16,
              1425.48
            ],
            [
              220.16,
              1401.48
            ]
          ]
        ]
      }
    },
    {
      "type": "Feature",
      "properties": {
        "id": "L-01C-3",
        "name": "共同基础学部宿舍 3 号·南翼",
        "zone": "生活区",
        "kind": "building",
        "footprint": 1968,
        "description": "前两年普通学生按年级居住。",
        "frontageRoad": "L-P04",
        "layer": "buildings",
        "sourceV011Id": "L-01C",
        "expansionMode": "v0.11-quad-complex",
        "complexWing": 3
      },
      "geometry": {
        "type": "Polygon",
        "coordinates": [
          [
            [
              220.16,
              1425.48
            ],
            [
              302.16,
              1425.48
            ],
            [
              302.16,
              1449.48
            ],
            [
              220.16,
              1449.48
            ],
            [
              220.16,
              1425.48
            ]
          ]
        ]
      }
    },
    {
      "type": "Feature",
      "properties": {
        "id": "L-01C-4",
        "name": "共同基础学部宿舍 3 号·西翼",
        "zone": "生活区",
        "kind": "building",
        "footprint": 1968,
        "description": "前两年普通学生按年级居住。",
        "frontageRoad": "L-P04",
        "layer": "buildings",
        "sourceV011Id": "L-01C",
        "expansionMode": "v0.11-quad-complex",
        "complexWing": 4
      },
      "geometry": {
        "type": "Polygon",
        "coordinates": [
          [
            [
              138.16,
              1425.48
            ],
            [
              220.16,
              1425.48
            ],
            [
              220.16,
              1449.48
            ],
            [
              138.16,
              1449.48
            ],
            [
              138.16,
              1425.48
            ]
          ]
        ]
      }
    },
    {
      "type": "Feature",
      "properties": {
        "id": "L-01D-1",
        "name": "共同基础学部宿舍 4 号·北翼",
        "zone": "生活区",
        "kind": "building",
        "footprint": 1968,
        "description": "前两年普通学生按年级居住。",
        "frontageRoad": "L-P03",
        "layer": "buildings",
        "sourceV011Id": "L-01D",
        "expansionMode": "v0.11-quad-complex",
        "complexWing": 1
      },
      "geometry": {
        "type": "Polygon",
        "coordinates": [
          [
            [
              138.16,
              1554.36
            ],
            [
              220.16,
              1554.36
            ],
            [
              220.16,
              1578.36
            ],
            [
              138.16,
              1578.36
            ],
            [
              138.16,
              1554.36
            ]
          ]
        ]
      }
    },
    {
      "type": "Feature",
      "properties": {
        "id": "L-01D-2",
        "name": "共同基础学部宿舍 4 号·东翼",
        "zone": "生活区",
        "kind": "building",
        "footprint": 1968,
        "description": "前两年普通学生按年级居住。",
        "frontageRoad": "L-P03",
        "layer": "buildings",
        "sourceV011Id": "L-01D",
        "expansionMode": "v0.11-quad-complex",
        "complexWing": 2
      },
      "geometry": {
        "type": "Polygon",
        "coordinates": [
          [
            [
              220.16,
              1554.36
            ],
            [
              302.16,
              1554.36
            ],
            [
              302.16,
              1578.36
            ],
            [
              220.16,
              1578.36
            ],
            [
              220.16,
              1554.36
            ]
          ]
        ]
      }
    },
    {
      "type": "Feature",
      "properties": {
        "id": "L-01D-3",
        "name": "共同基础学部宿舍 4 号·南翼",
        "zone": "生活区",
        "kind": "building",
        "footprint": 1968,
        "description": "前两年普通学生按年级居住。",
        "frontageRoad": "L-P03",
        "layer": "buildings",
        "sourceV011Id": "L-01D",
        "expansionMode": "v0.11-quad-complex",
        "complexWing": 3
      },
      "geometry": {
        "type": "Polygon",
        "coordinates": [
          [
            [
              220.16,
              1578.36
            ],
            [
              302.16,
              1578.36
            ],
            [
              302.16,
              1602.36
            ],
            [
              220.16,
              1602.36
            ],
            [
              220.16,
              1578.36
            ]
          ]
        ]
      }
    },
    {
      "type": "Feature",
      "properties": {
        "id": "L-01D-4",
        "name": "共同基础学部宿舍 4 号·西翼",
        "zone": "生活区",
        "kind": "building",
        "footprint": 1968,
        "description": "前两年普通学生按年级居住。",
        "frontageRoad": "L-P03",
        "layer": "buildings",
        "sourceV011Id": "L-01D",
        "expansionMode": "v0.11-quad-complex",
        "complexWing": 4
      },
      "geometry": {
        "type": "Polygon",
        "coordinates": [
          [
            [
              138.16,
              1578.36
            ],
            [
              220.16,
              1578.36
            ],
            [
              220.16,
              1602.36
            ],
            [
              138.16,
              1602.36
            ],
            [
              138.16,
              1578.36
            ]
          ]
        ]
      }
    },
    {
      "type": "Feature",
      "properties": {
        "id": "L-02A-1",
        "name": "守护与实地安全宿舍·北翼",
        "zone": "生活区",
        "kind": "building",
        "footprint": 1976,
        "description": "第三年起按主院系和年级安排。",
        "frontageRoad": "L-P05",
        "layer": "buildings",
        "sourceV011Id": "L-02A",
        "expansionMode": "v0.11-quad-complex",
        "complexWing": 1
      },
      "geometry": {
        "type": "Polygon",
        "coordinates": [
          [
            [
              391.12,
              1095.68
            ],
            [
              467.12,
              1095.68
            ],
            [
              467.12,
              1121.68
            ],
            [
              391.12,
              1121.68
            ],
            [
              391.12,
              1095.68
            ]
          ]
        ]
      }
    },
    {
      "type": "Feature",
      "properties": {
        "id": "L-02A-2",
        "name": "守护与实地安全宿舍·东翼",
        "zone": "生活区",
        "kind": "building",
        "footprint": 1976,
        "description": "第三年起按主院系和年级安排。",
        "frontageRoad": "L-P05",
        "layer": "buildings",
        "sourceV011Id": "L-02A",
        "expansionMode": "v0.11-quad-complex",
        "complexWing": 2
      },
      "geometry": {
        "type": "Polygon",
        "coordinates": [
          [
            [
              467.12,
              1095.68
            ],
            [
              543.12,
              1095.68
            ],
            [
              543.12,
              1121.68
            ],
            [
              467.12,
              1121.68
            ],
            [
              467.12,
              1095.68
            ]
          ]
        ]
      }
    },
    {
      "type": "Feature",
      "properties": {
        "id": "L-02A-3",
        "name": "守护与实地安全宿舍·南翼",
        "zone": "生活区",
        "kind": "building",
        "footprint": 1976,
        "description": "第三年起按主院系和年级安排。",
        "frontageRoad": "L-P05",
        "layer": "buildings",
        "sourceV011Id": "L-02A",
        "expansionMode": "v0.11-quad-complex",
        "complexWing": 3
      },
      "geometry": {
        "type": "Polygon",
        "coordinates": [
          [
            [
              467.12,
              1121.68
            ],
            [
              543.12,
              1121.68
            ],
            [
              543.12,
              1147.68
            ],
            [
              467.12,
              1147.68
            ],
            [
              467.12,
              1121.68
            ]
          ]
        ]
      }
    },
    {
      "type": "Feature",
      "properties": {
        "id": "L-02A-4",
        "name": "守护与实地安全宿舍·西翼",
        "zone": "生活区",
        "kind": "building",
        "footprint": 1976,
        "description": "第三年起按主院系和年级安排。",
        "frontageRoad": "L-P05",
        "layer": "buildings",
        "sourceV011Id": "L-02A",
        "expansionMode": "v0.11-quad-complex",
        "complexWing": 4
      },
      "geometry": {
        "type": "Polygon",
        "coordinates": [
          [
            [
              391.12,
              1121.68
            ],
            [
              467.12,
              1121.68
            ],
            [
              467.12,
              1147.68
            ],
            [
              391.12,
              1147.68
            ],
            [
              391.12,
              1121.68
            ]
          ]
        ]
      }
    },
    {
      "type": "Feature",
      "properties": {
        "id": "L-02B-1",
        "name": "援护与生命环境宿舍·北翼",
        "zone": "生活区",
        "kind": "building",
        "footprint": 1976,
        "description": "第三年起按主院系和年级安排。",
        "frontageRoad": "L-P02",
        "layer": "buildings",
        "sourceV011Id": "L-02B",
        "expansionMode": "v0.11-quad-complex",
        "complexWing": 1
      },
      "geometry": {
        "type": "Polygon",
        "coordinates": [
          [
            [
              391.12,
              1248.56
            ],
            [
              467.12,
              1248.56
            ],
            [
              467.12,
              1274.56
            ],
            [
              391.12,
              1274.56
            ],
            [
              391.12,
              1248.56
            ]
          ]
        ]
      }
    },
    {
      "type": "Feature",
      "properties": {
        "id": "L-02B-2",
        "name": "援护与生命环境宿舍·东翼",
        "zone": "生活区",
        "kind": "building",
        "footprint": 1976,
        "description": "第三年起按主院系和年级安排。",
        "frontageRoad": "L-P02",
        "layer": "buildings",
        "sourceV011Id": "L-02B",
        "expansionMode": "v0.11-quad-complex",
        "complexWing": 2
      },
      "geometry": {
        "type": "Polygon",
        "coordinates": [
          [
            [
              467.12,
              1248.56
            ],
            [
              543.12,
              1248.56
            ],
            [
              543.12,
              1274.56
            ],
            [
              467.12,
              1274.56
            ],
            [
              467.12,
              1248.56
            ]
          ]
        ]
      }
    },
    {
      "type": "Feature",
      "properties": {
        "id": "L-02B-3",
        "name": "援护与生命环境宿舍·南翼",
        "zone": "生活区",
        "kind": "building",
        "footprint": 1976,
        "description": "第三年起按主院系和年级安排。",
        "frontageRoad": "L-P02",
        "layer": "buildings",
        "sourceV011Id": "L-02B",
        "expansionMode": "v0.11-quad-complex",
        "complexWing": 3
      },
      "geometry": {
        "type": "Polygon",
        "coordinates": [
          [
            [
              467.12,
              1274.56
            ],
            [
              543.12,
              1274.56
            ],
            [
              543.12,
              1300.56
            ],
            [
              467.12,
              1300.56
            ],
            [
              467.12,
              1274.56
            ]
          ]
        ]
      }
    },
    {
      "type": "Feature",
      "properties": {
        "id": "L-02B-4",
        "name": "援护与生命环境宿舍·西翼",
        "zone": "生活区",
        "kind": "building",
        "footprint": 1976,
        "description": "第三年起按主院系和年级安排。",
        "frontageRoad": "L-P02",
        "layer": "buildings",
        "sourceV011Id": "L-02B",
        "expansionMode": "v0.11-quad-complex",
        "complexWing": 4
      },
      "geometry": {
        "type": "Polygon",
        "coordinates": [
          [
            [
              391.12,
              1274.56
            ],
            [
              467.12,
              1274.56
            ],
            [
              467.12,
              1300.56
            ],
            [
              391.12,
              1300.56
            ],
            [
              391.12,
              1274.56
            ]
          ]
        ]
      }
    },
    {
      "type": "Feature",
      "properties": {
        "id": "L-02C-1",
        "name": "魔导工学与研究宿舍·北翼",
        "zone": "生活区",
        "kind": "building",
        "footprint": 1976,
        "description": "第三年起按主院系和年级安排。",
        "frontageRoad": "L-P05",
        "layer": "buildings",
        "sourceV011Id": "L-02C",
        "expansionMode": "v0.11-quad-complex",
        "complexWing": 1
      },
      "geometry": {
        "type": "Polygon",
        "coordinates": [
          [
            [
              391.12,
              1401.44
            ],
            [
              467.12,
              1401.44
            ],
            [
              467.12,
              1427.44
            ],
            [
              391.12,
              1427.44
            ],
            [
              391.12,
              1401.44
            ]
          ]
        ]
      }
    },
    {
      "type": "Feature",
      "properties": {
        "id": "L-02C-2",
        "name": "魔导工学与研究宿舍·东翼",
        "zone": "生活区",
        "kind": "building",
        "footprint": 1976,
        "description": "第三年起按主院系和年级安排。",
        "frontageRoad": "L-P05",
        "layer": "buildings",
        "sourceV011Id": "L-02C",
        "expansionMode": "v0.11-quad-complex",
        "complexWing": 2
      },
      "geometry": {
        "type": "Polygon",
        "coordinates": [
          [
            [
              467.12,
              1401.44
            ],
            [
              543.12,
              1401.44
            ],
            [
              543.12,
              1427.44
            ],
            [
              467.12,
              1427.44
            ],
            [
              467.12,
              1401.44
            ]
          ]
        ]
      }
    },
    {
      "type": "Feature",
      "properties": {
        "id": "L-02C-3",
        "name": "魔导工学与研究宿舍·南翼",
        "zone": "生活区",
        "kind": "building",
        "footprint": 1976,
        "description": "第三年起按主院系和年级安排。",
        "frontageRoad": "L-P05",
        "layer": "buildings",
        "sourceV011Id": "L-02C",
        "expansionMode": "v0.11-quad-complex",
        "complexWing": 3
      },
      "geometry": {
        "type": "Polygon",
        "coordinates": [
          [
            [
              467.12,
              1427.44
            ],
            [
              543.12,
              1427.44
            ],
            [
              543.12,
              1453.44
            ],
            [
              467.12,
              1453.44
            ],
            [
              467.12,
              1427.44
            ]
          ]
        ]
      }
    },
    {
      "type": "Feature",
      "properties": {
        "id": "L-02C-4",
        "name": "魔导工学与研究宿舍·西翼",
        "zone": "生活区",
        "kind": "building",
        "footprint": 1976,
        "description": "第三年起按主院系和年级安排。",
        "frontageRoad": "L-P05",
        "layer": "buildings",
        "sourceV011Id": "L-02C",
        "expansionMode": "v0.11-quad-complex",
        "complexWing": 4
      },
      "geometry": {
        "type": "Polygon",
        "coordinates": [
          [
            [
              391.12,
              1427.44
            ],
            [
              467.12,
              1427.44
            ],
            [
              467.12,
              1453.44
            ],
            [
              391.12,
              1453.44
            ],
            [
              391.12,
              1427.44
            ]
          ]
        ]
      }
    },
    {
      "type": "Feature",
      "properties": {
        "id": "L-02D-1",
        "name": "遗迹、档案与秩序宿舍·北翼",
        "zone": "生活区",
        "kind": "building",
        "footprint": 1976,
        "description": "第三年起按主院系和年级安排。",
        "frontageRoad": "L-P05",
        "layer": "buildings",
        "sourceV011Id": "L-02D",
        "expansionMode": "v0.11-quad-complex",
        "complexWing": 1
      },
      "geometry": {
        "type": "Polygon",
        "coordinates": [
          [
            [
              391.12,
              1554.32
            ],
            [
              467.12,
              1554.32
            ],
            [
              467.12,
              1580.32
            ],
            [
              391.12,
              1580.32
            ],
            [
              391.12,
              1554.32
            ]
          ]
        ]
      }
    },
    {
      "type": "Feature",
      "properties": {
        "id": "L-02D-2",
        "name": "遗迹、档案与秩序宿舍·东翼",
        "zone": "生活区",
        "kind": "building",
        "footprint": 1976,
        "description": "第三年起按主院系和年级安排。",
        "frontageRoad": "L-P05",
        "layer": "buildings",
        "sourceV011Id": "L-02D",
        "expansionMode": "v0.11-quad-complex",
        "complexWing": 2
      },
      "geometry": {
        "type": "Polygon",
        "coordinates": [
          [
            [
              467.12,
              1554.32
            ],
            [
              543.12,
              1554.32
            ],
            [
              543.12,
              1580.32
            ],
            [
              467.12,
              1580.32
            ],
            [
              467.12,
              1554.32
            ]
          ]
        ]
      }
    },
    {
      "type": "Feature",
      "properties": {
        "id": "L-02D-3",
        "name": "遗迹、档案与秩序宿舍·南翼",
        "zone": "生活区",
        "kind": "building",
        "footprint": 1976,
        "description": "第三年起按主院系和年级安排。",
        "frontageRoad": "L-P05",
        "layer": "buildings",
        "sourceV011Id": "L-02D",
        "expansionMode": "v0.11-quad-complex",
        "complexWing": 3
      },
      "geometry": {
        "type": "Polygon",
        "coordinates": [
          [
            [
              467.12,
              1580.32
            ],
            [
              543.12,
              1580.32
            ],
            [
              543.12,
              1606.32
            ],
            [
              467.12,
              1606.32
            ],
            [
              467.12,
              1580.32
            ]
          ]
        ]
      }
    },
    {
      "type": "Feature",
      "properties": {
        "id": "L-02D-4",
        "name": "遗迹、档案与秩序宿舍·西翼",
        "zone": "生活区",
        "kind": "building",
        "footprint": 1976,
        "description": "第三年起按主院系和年级安排。",
        "frontageRoad": "L-P05",
        "layer": "buildings",
        "sourceV011Id": "L-02D",
        "expansionMode": "v0.11-quad-complex",
        "complexWing": 4
      },
      "geometry": {
        "type": "Polygon",
        "coordinates": [
          [
            [
              391.12,
              1580.32
            ],
            [
              467.12,
              1580.32
            ],
            [
              467.12,
              1606.32
            ],
            [
              391.12,
              1606.32
            ],
            [
              391.12,
              1580.32
            ]
          ]
        ]
      }
    },
    {
      "type": "Feature",
      "properties": {
        "id": "M-03-01-1",
        "name": "常用品街铺 1·北翼",
        "zone": "市集区",
        "kind": "building",
        "footprint": 80,
        "description": "纸张、衣物、修补、工具与日用品的独立门面。",
        "frontageRoad": "M-P01",
        "layer": "buildings",
        "sourceV011Id": "M-03-01",
        "expansionMode": "v0.11-quad-complex",
        "complexWing": 1
      },
      "geometry": {
        "type": "Polygon",
        "coordinates": [
          [
            [
              1472.44,
              1243
            ],
            [
              1480.44,
              1243
            ],
            [
              1480.44,
              1253
            ],
            [
              1472.44,
              1253
            ],
            [
              1472.44,
              1243
            ]
          ]
        ]
      }
    },
    {
      "type": "Feature",
      "properties": {
        "id": "M-03-01-2",
        "name": "常用品街铺 1·东翼",
        "zone": "市集区",
        "kind": "building",
        "footprint": 80,
        "description": "纸张、衣物、修补、工具与日用品的独立门面。",
        "frontageRoad": "M-P01",
        "layer": "buildings",
        "sourceV011Id": "M-03-01",
        "expansionMode": "v0.11-quad-complex",
        "complexWing": 2
      },
      "geometry": {
        "type": "Polygon",
        "coordinates": [
          [
            [
              1480.44,
              1243
            ],
            [
              1488.44,
              1243
            ],
            [
              1488.44,
              1253
            ],
            [
              1480.44,
              1253
            ],
            [
              1480.44,
              1243
            ]
          ]
        ]
      }
    },
    {
      "type": "Feature",
      "properties": {
        "id": "M-03-01-3",
        "name": "常用品街铺 1·南翼",
        "zone": "市集区",
        "kind": "building",
        "footprint": 80,
        "description": "纸张、衣物、修补、工具与日用品的独立门面。",
        "frontageRoad": "M-P01",
        "layer": "buildings",
        "sourceV011Id": "M-03-01",
        "expansionMode": "v0.11-quad-complex",
        "complexWing": 3
      },
      "geometry": {
        "type": "Polygon",
        "coordinates": [
          [
            [
              1480.44,
              1253
            ],
            [
              1488.44,
              1253
            ],
            [
              1488.44,
              1263
            ],
            [
              1480.44,
              1263
            ],
            [
              1480.44,
              1253
            ]
          ]
        ]
      }
    },
    {
      "type": "Feature",
      "properties": {
        "id": "M-03-01-4",
        "name": "常用品街铺 1·西翼",
        "zone": "市集区",
        "kind": "building",
        "footprint": 80,
        "description": "纸张、衣物、修补、工具与日用品的独立门面。",
        "frontageRoad": "M-P01",
        "layer": "buildings",
        "sourceV011Id": "M-03-01",
        "expansionMode": "v0.11-quad-complex",
        "complexWing": 4
      },
      "geometry": {
        "type": "Polygon",
        "coordinates": [
          [
            [
              1472.44,
              1253
            ],
            [
              1480.44,
              1253
            ],
            [
              1480.44,
              1263
            ],
            [
              1472.44,
              1263
            ],
            [
              1472.44,
              1253
            ]
          ]
        ]
      }
    },
    {
      "type": "Feature",
      "properties": {
        "id": "M-03-02-1",
        "name": "常用品街铺 2·北翼",
        "zone": "市集区",
        "kind": "building",
        "footprint": 80,
        "description": "纸张、衣物、修补、工具与日用品的独立门面。",
        "frontageRoad": "M-P01",
        "layer": "buildings",
        "sourceV011Id": "M-03-02",
        "expansionMode": "v0.11-quad-complex",
        "complexWing": 1
      },
      "geometry": {
        "type": "Polygon",
        "coordinates": [
          [
            [
              1519.48,
              1243
            ],
            [
              1527.48,
              1243
            ],
            [
              1527.48,
              1253
            ],
            [
              1519.48,
              1253
            ],
            [
              1519.48,
              1243
            ]
          ]
        ]
      }
    },
    {
      "type": "Feature",
      "properties": {
        "id": "M-03-02-2",
        "name": "常用品街铺 2·东翼",
        "zone": "市集区",
        "kind": "building",
        "footprint": 80,
        "description": "纸张、衣物、修补、工具与日用品的独立门面。",
        "frontageRoad": "M-P01",
        "layer": "buildings",
        "sourceV011Id": "M-03-02",
        "expansionMode": "v0.11-quad-complex",
        "complexWing": 2
      },
      "geometry": {
        "type": "Polygon",
        "coordinates": [
          [
            [
              1527.48,
              1243
            ],
            [
              1535.48,
              1243
            ],
            [
              1535.48,
              1253
            ],
            [
              1527.48,
              1253
            ],
            [
              1527.48,
              1243
            ]
          ]
        ]
      }
    },
    {
      "type": "Feature",
      "properties": {
        "id": "M-03-02-3",
        "name": "常用品街铺 2·南翼",
        "zone": "市集区",
        "kind": "building",
        "footprint": 80,
        "description": "纸张、衣物、修补、工具与日用品的独立门面。",
        "frontageRoad": "M-P01",
        "layer": "buildings",
        "sourceV011Id": "M-03-02",
        "expansionMode": "v0.11-quad-complex",
        "complexWing": 3
      },
      "geometry": {
        "type": "Polygon",
        "coordinates": [
          [
            [
              1527.48,
              1253
            ],
            [
              1535.48,
              1253
            ],
            [
              1535.48,
              1263
            ],
            [
              1527.48,
              1263
            ],
            [
              1527.48,
              1253
            ]
          ]
        ]
      }
    },
    {
      "type": "Feature",
      "properties": {
        "id": "M-03-02-4",
        "name": "常用品街铺 2·西翼",
        "zone": "市集区",
        "kind": "building",
        "footprint": 80,
        "description": "纸张、衣物、修补、工具与日用品的独立门面。",
        "frontageRoad": "M-P01",
        "layer": "buildings",
        "sourceV011Id": "M-03-02",
        "expansionMode": "v0.11-quad-complex",
        "complexWing": 4
      },
      "geometry": {
        "type": "Polygon",
        "coordinates": [
          [
            [
              1519.48,
              1253
            ],
            [
              1527.48,
              1253
            ],
            [
              1527.48,
              1263
            ],
            [
              1519.48,
              1263
            ],
            [
              1519.48,
              1253
            ]
          ]
        ]
      }
    },
    {
      "type": "Feature",
      "properties": {
        "id": "M-03-03-1",
        "name": "常用品街铺 3·北翼",
        "zone": "市集区",
        "kind": "building",
        "footprint": 80,
        "description": "纸张、衣物、修补、工具与日用品的独立门面。",
        "frontageRoad": "M-P01",
        "layer": "buildings",
        "sourceV011Id": "M-03-03",
        "expansionMode": "v0.11-quad-complex",
        "complexWing": 1
      },
      "geometry": {
        "type": "Polygon",
        "coordinates": [
          [
            [
              1566.52,
              1243
            ],
            [
              1574.52,
              1243
            ],
            [
              1574.52,
              1253
            ],
            [
              1566.52,
              1253
            ],
            [
              1566.52,
              1243
            ]
          ]
        ]
      }
    },
    {
      "type": "Feature",
      "properties": {
        "id": "M-03-03-2",
        "name": "常用品街铺 3·东翼",
        "zone": "市集区",
        "kind": "building",
        "footprint": 80,
        "description": "纸张、衣物、修补、工具与日用品的独立门面。",
        "frontageRoad": "M-P01",
        "layer": "buildings",
        "sourceV011Id": "M-03-03",
        "expansionMode": "v0.11-quad-complex",
        "complexWing": 2
      },
      "geometry": {
        "type": "Polygon",
        "coordinates": [
          [
            [
              1574.52,
              1243
            ],
            [
              1582.52,
              1243
            ],
            [
              1582.52,
              1253
            ],
            [
              1574.52,
              1253
            ],
            [
              1574.52,
              1243
            ]
          ]
        ]
      }
    },
    {
      "type": "Feature",
      "properties": {
        "id": "M-03-03-3",
        "name": "常用品街铺 3·南翼",
        "zone": "市集区",
        "kind": "building",
        "footprint": 80,
        "description": "纸张、衣物、修补、工具与日用品的独立门面。",
        "frontageRoad": "M-P01",
        "layer": "buildings",
        "sourceV011Id": "M-03-03",
        "expansionMode": "v0.11-quad-complex",
        "complexWing": 3
      },
      "geometry": {
        "type": "Polygon",
        "coordinates": [
          [
            [
              1574.52,
              1253
            ],
            [
              1582.52,
              1253
            ],
            [
              1582.52,
              1263
            ],
            [
              1574.52,
              1263
            ],
            [
              1574.52,
              1253
            ]
          ]
        ]
      }
    },
    {
      "type": "Feature",
      "properties": {
        "id": "M-03-03-4",
        "name": "常用品街铺 3·西翼",
        "zone": "市集区",
        "kind": "building",
        "footprint": 80,
        "description": "纸张、衣物、修补、工具与日用品的独立门面。",
        "frontageRoad": "M-P01",
        "layer": "buildings",
        "sourceV011Id": "M-03-03",
        "expansionMode": "v0.11-quad-complex",
        "complexWing": 4
      },
      "geometry": {
        "type": "Polygon",
        "coordinates": [
          [
            [
              1566.52,
              1253
            ],
            [
              1574.52,
              1253
            ],
            [
              1574.52,
              1263
            ],
            [
              1566.52,
              1263
            ],
            [
              1566.52,
              1253
            ]
          ]
        ]
      }
    },
    {
      "type": "Feature",
      "properties": {
        "id": "M-03-04-1",
        "name": "常用品街铺 4·北翼",
        "zone": "市集区",
        "kind": "building",
        "footprint": 80,
        "description": "纸张、衣物、修补、工具与日用品的独立门面。",
        "frontageRoad": "M-P01",
        "layer": "buildings",
        "sourceV011Id": "M-03-04",
        "expansionMode": "v0.11-quad-complex",
        "complexWing": 1
      },
      "geometry": {
        "type": "Polygon",
        "coordinates": [
          [
            [
              1613.56,
              1243
            ],
            [
              1621.56,
              1243
            ],
            [
              1621.56,
              1253
            ],
            [
              1613.56,
              1253
            ],
            [
              1613.56,
              1243
            ]
          ]
        ]
      }
    },
    {
      "type": "Feature",
      "properties": {
        "id": "M-03-04-2",
        "name": "常用品街铺 4·东翼",
        "zone": "市集区",
        "kind": "building",
        "footprint": 80,
        "description": "纸张、衣物、修补、工具与日用品的独立门面。",
        "frontageRoad": "M-P01",
        "layer": "buildings",
        "sourceV011Id": "M-03-04",
        "expansionMode": "v0.11-quad-complex",
        "complexWing": 2
      },
      "geometry": {
        "type": "Polygon",
        "coordinates": [
          [
            [
              1621.56,
              1243
            ],
            [
              1629.56,
              1243
            ],
            [
              1629.56,
              1253
            ],
            [
              1621.56,
              1253
            ],
            [
              1621.56,
              1243
            ]
          ]
        ]
      }
    },
    {
      "type": "Feature",
      "properties": {
        "id": "M-03-04-3",
        "name": "常用品街铺 4·南翼",
        "zone": "市集区",
        "kind": "building",
        "footprint": 80,
        "description": "纸张、衣物、修补、工具与日用品的独立门面。",
        "frontageRoad": "M-P01",
        "layer": "buildings",
        "sourceV011Id": "M-03-04",
        "expansionMode": "v0.11-quad-complex",
        "complexWing": 3
      },
      "geometry": {
        "type": "Polygon",
        "coordinates": [
          [
            [
              1621.56,
              1253
            ],
            [
              1629.56,
              1253
            ],
            [
              1629.56,
              1263
            ],
            [
              1621.56,
              1263
            ],
            [
              1621.56,
              1253
            ]
          ]
        ]
      }
    },
    {
      "type": "Feature",
      "properties": {
        "id": "M-03-04-4",
        "name": "常用品街铺 4·西翼",
        "zone": "市集区",
        "kind": "building",
        "footprint": 80,
        "description": "纸张、衣物、修补、工具与日用品的独立门面。",
        "frontageRoad": "M-P01",
        "layer": "buildings",
        "sourceV011Id": "M-03-04",
        "expansionMode": "v0.11-quad-complex",
        "complexWing": 4
      },
      "geometry": {
        "type": "Polygon",
        "coordinates": [
          [
            [
              1613.56,
              1253
            ],
            [
              1621.56,
              1253
            ],
            [
              1621.56,
              1263
            ],
            [
              1613.56,
              1263
            ],
            [
              1613.56,
              1253
            ]
          ]
        ]
      }
    },
    {
      "type": "Feature",
      "properties": {
        "id": "M-03-05-1",
        "name": "常用品街铺 5·北翼",
        "zone": "市集区",
        "kind": "building",
        "footprint": 80,
        "description": "纸张、衣物、修补、工具与日用品的独立门面。",
        "frontageRoad": "M-P01",
        "layer": "buildings",
        "sourceV011Id": "M-03-05",
        "expansionMode": "v0.11-quad-complex",
        "complexWing": 1
      },
      "geometry": {
        "type": "Polygon",
        "coordinates": [
          [
            [
              1660.6,
              1243
            ],
            [
              1668.6,
              1243
            ],
            [
              1668.6,
              1253
            ],
            [
              1660.6,
              1253
            ],
            [
              1660.6,
              1243
            ]
          ]
        ]
      }
    },
    {
      "type": "Feature",
      "properties": {
        "id": "M-03-05-2",
        "name": "常用品街铺 5·东翼",
        "zone": "市集区",
        "kind": "building",
        "footprint": 80,
        "description": "纸张、衣物、修补、工具与日用品的独立门面。",
        "frontageRoad": "M-P01",
        "layer": "buildings",
        "sourceV011Id": "M-03-05",
        "expansionMode": "v0.11-quad-complex",
        "complexWing": 2
      },
      "geometry": {
        "type": "Polygon",
        "coordinates": [
          [
            [
              1668.6,
              1243
            ],
            [
              1676.6,
              1243
            ],
            [
              1676.6,
              1253
            ],
            [
              1668.6,
              1253
            ],
            [
              1668.6,
              1243
            ]
          ]
        ]
      }
    },
    {
      "type": "Feature",
      "properties": {
        "id": "M-03-05-3",
        "name": "常用品街铺 5·南翼",
        "zone": "市集区",
        "kind": "building",
        "footprint": 80,
        "description": "纸张、衣物、修补、工具与日用品的独立门面。",
        "frontageRoad": "M-P01",
        "layer": "buildings",
        "sourceV011Id": "M-03-05",
        "expansionMode": "v0.11-quad-complex",
        "complexWing": 3
      },
      "geometry": {
        "type": "Polygon",
        "coordinates": [
          [
            [
              1668.6,
              1253
            ],
            [
              1676.6,
              1253
            ],
            [
              1676.6,
              1263
            ],
            [
              1668.6,
              1263
            ],
            [
              1668.6,
              1253
            ]
          ]
        ]
      }
    },
    {
      "type": "Feature",
      "properties": {
        "id": "M-03-05-4",
        "name": "常用品街铺 5·西翼",
        "zone": "市集区",
        "kind": "building",
        "footprint": 80,
        "description": "纸张、衣物、修补、工具与日用品的独立门面。",
        "frontageRoad": "M-P01",
        "layer": "buildings",
        "sourceV011Id": "M-03-05",
        "expansionMode": "v0.11-quad-complex",
        "complexWing": 4
      },
      "geometry": {
        "type": "Polygon",
        "coordinates": [
          [
            [
              1660.6,
              1253
            ],
            [
              1668.6,
              1253
            ],
            [
              1668.6,
              1263
            ],
            [
              1660.6,
              1263
            ],
            [
              1660.6,
              1253
            ]
          ]
        ]
      }
    },
    {
      "type": "Feature",
      "properties": {
        "id": "M-03-06-1",
        "name": "常用品街铺 6·北翼",
        "zone": "市集区",
        "kind": "building",
        "footprint": 80,
        "description": "纸张、衣物、修补、工具与日用品的独立门面。",
        "frontageRoad": "M-P01B",
        "layer": "buildings",
        "sourceV011Id": "M-03-06",
        "expansionMode": "v0.11-quad-complex",
        "complexWing": 1
      },
      "geometry": {
        "type": "Polygon",
        "coordinates": [
          [
            [
              1707.64,
              1243
            ],
            [
              1715.64,
              1243
            ],
            [
              1715.64,
              1253
            ],
            [
              1707.64,
              1253
            ],
            [
              1707.64,
              1243
            ]
          ]
        ]
      }
    },
    {
      "type": "Feature",
      "properties": {
        "id": "M-03-06-2",
        "name": "常用品街铺 6·东翼",
        "zone": "市集区",
        "kind": "building",
        "footprint": 80,
        "description": "纸张、衣物、修补、工具与日用品的独立门面。",
        "frontageRoad": "M-P01B",
        "layer": "buildings",
        "sourceV011Id": "M-03-06",
        "expansionMode": "v0.11-quad-complex",
        "complexWing": 2
      },
      "geometry": {
        "type": "Polygon",
        "coordinates": [
          [
            [
              1715.64,
              1243
            ],
            [
              1723.64,
              1243
            ],
            [
              1723.64,
              1253
            ],
            [
              1715.64,
              1253
            ],
            [
              1715.64,
              1243
            ]
          ]
        ]
      }
    },
    {
      "type": "Feature",
      "properties": {
        "id": "M-03-06-3",
        "name": "常用品街铺 6·南翼",
        "zone": "市集区",
        "kind": "building",
        "footprint": 80,
        "description": "纸张、衣物、修补、工具与日用品的独立门面。",
        "frontageRoad": "M-P01B",
        "layer": "buildings",
        "sourceV011Id": "M-03-06",
        "expansionMode": "v0.11-quad-complex",
        "complexWing": 3
      },
      "geometry": {
        "type": "Polygon",
        "coordinates": [
          [
            [
              1715.64,
              1253
            ],
            [
              1723.64,
              1253
            ],
            [
              1723.64,
              1263
            ],
            [
              1715.64,
              1263
            ],
            [
              1715.64,
              1253
            ]
          ]
        ]
      }
    },
    {
      "type": "Feature",
      "properties": {
        "id": "M-03-06-4",
        "name": "常用品街铺 6·西翼",
        "zone": "市集区",
        "kind": "building",
        "footprint": 80,
        "description": "纸张、衣物、修补、工具与日用品的独立门面。",
        "frontageRoad": "M-P01B",
        "layer": "buildings",
        "sourceV011Id": "M-03-06",
        "expansionMode": "v0.11-quad-complex",
        "complexWing": 4
      },
      "geometry": {
        "type": "Polygon",
        "coordinates": [
          [
            [
              1707.64,
              1253
            ],
            [
              1715.64,
              1253
            ],
            [
              1715.64,
              1263
            ],
            [
              1707.64,
              1263
            ],
            [
              1707.64,
              1253
            ]
          ]
        ]
      }
    },
    {
      "type": "Feature",
      "properties": {
        "id": "M-03-07-1",
        "name": "常用品街铺 7·北翼",
        "zone": "市集区",
        "kind": "building",
        "footprint": 80,
        "description": "纸张、衣物、修补、工具与日用品的独立门面。",
        "frontageRoad": "M-P02",
        "layer": "buildings",
        "sourceV011Id": "M-03-07",
        "expansionMode": "v0.11-quad-complex",
        "complexWing": 1
      },
      "geometry": {
        "type": "Polygon",
        "coordinates": [
          [
            [
              1472.44,
              1297.88
            ],
            [
              1480.44,
              1297.88
            ],
            [
              1480.44,
              1307.88
            ],
            [
              1472.44,
              1307.88
            ],
            [
              1472.44,
              1297.88
            ]
          ]
        ]
      }
    },
    {
      "type": "Feature",
      "properties": {
        "id": "M-03-07-2",
        "name": "常用品街铺 7·东翼",
        "zone": "市集区",
        "kind": "building",
        "footprint": 80,
        "description": "纸张、衣物、修补、工具与日用品的独立门面。",
        "frontageRoad": "M-P02",
        "layer": "buildings",
        "sourceV011Id": "M-03-07",
        "expansionMode": "v0.11-quad-complex",
        "complexWing": 2
      },
      "geometry": {
        "type": "Polygon",
        "coordinates": [
          [
            [
              1480.44,
              1297.88
            ],
            [
              1488.44,
              1297.88
            ],
            [
              1488.44,
              1307.88
            ],
            [
              1480.44,
              1307.88
            ],
            [
              1480.44,
              1297.88
            ]
          ]
        ]
      }
    },
    {
      "type": "Feature",
      "properties": {
        "id": "M-03-07-3",
        "name": "常用品街铺 7·南翼",
        "zone": "市集区",
        "kind": "building",
        "footprint": 80,
        "description": "纸张、衣物、修补、工具与日用品的独立门面。",
        "frontageRoad": "M-P02",
        "layer": "buildings",
        "sourceV011Id": "M-03-07",
        "expansionMode": "v0.11-quad-complex",
        "complexWing": 3
      },
      "geometry": {
        "type": "Polygon",
        "coordinates": [
          [
            [
              1480.44,
              1307.88
            ],
            [
              1488.44,
              1307.88
            ],
            [
              1488.44,
              1317.88
            ],
            [
              1480.44,
              1317.88
            ],
            [
              1480.44,
              1307.88
            ]
          ]
        ]
      }
    },
    {
      "type": "Feature",
      "properties": {
        "id": "M-03-07-4",
        "name": "常用品街铺 7·西翼",
        "zone": "市集区",
        "kind": "building",
        "footprint": 80,
        "description": "纸张、衣物、修补、工具与日用品的独立门面。",
        "frontageRoad": "M-P02",
        "layer": "buildings",
        "sourceV011Id": "M-03-07",
        "expansionMode": "v0.11-quad-complex",
        "complexWing": 4
      },
      "geometry": {
        "type": "Polygon",
        "coordinates": [
          [
            [
              1472.44,
              1307.88
            ],
            [
              1480.44,
              1307.88
            ],
            [
              1480.44,
              1317.88
            ],
            [
              1472.44,
              1317.88
            ],
            [
              1472.44,
              1307.88
            ]
          ]
        ]
      }
    },
    {
      "type": "Feature",
      "properties": {
        "id": "M-03-08-1",
        "name": "常用品街铺 8·北翼",
        "zone": "市集区",
        "kind": "building",
        "footprint": 80,
        "description": "纸张、衣物、修补、工具与日用品的独立门面。",
        "frontageRoad": "M-P02",
        "layer": "buildings",
        "sourceV011Id": "M-03-08",
        "expansionMode": "v0.11-quad-complex",
        "complexWing": 1
      },
      "geometry": {
        "type": "Polygon",
        "coordinates": [
          [
            [
              1519.48,
              1297.88
            ],
            [
              1527.48,
              1297.88
            ],
            [
              1527.48,
              1307.88
            ],
            [
              1519.48,
              1307.88
            ],
            [
              1519.48,
              1297.88
            ]
          ]
        ]
      }
    },
    {
      "type": "Feature",
      "properties": {
        "id": "M-03-08-2",
        "name": "常用品街铺 8·东翼",
        "zone": "市集区",
        "kind": "building",
        "footprint": 80,
        "description": "纸张、衣物、修补、工具与日用品的独立门面。",
        "frontageRoad": "M-P02",
        "layer": "buildings",
        "sourceV011Id": "M-03-08",
        "expansionMode": "v0.11-quad-complex",
        "complexWing": 2
      },
      "geometry": {
        "type": "Polygon",
        "coordinates": [
          [
            [
              1527.48,
              1297.88
            ],
            [
              1535.48,
              1297.88
            ],
            [
              1535.48,
              1307.88
            ],
            [
              1527.48,
              1307.88
            ],
            [
              1527.48,
              1297.88
            ]
          ]
        ]
      }
    },
    {
      "type": "Feature",
      "properties": {
        "id": "M-03-08-3",
        "name": "常用品街铺 8·南翼",
        "zone": "市集区",
        "kind": "building",
        "footprint": 80,
        "description": "纸张、衣物、修补、工具与日用品的独立门面。",
        "frontageRoad": "M-P02",
        "layer": "buildings",
        "sourceV011Id": "M-03-08",
        "expansionMode": "v0.11-quad-complex",
        "complexWing": 3
      },
      "geometry": {
        "type": "Polygon",
        "coordinates": [
          [
            [
              1527.48,
              1307.88
            ],
            [
              1535.48,
              1307.88
            ],
            [
              1535.48,
              1317.88
            ],
            [
              1527.48,
              1317.88
            ],
            [
              1527.48,
              1307.88
            ]
          ]
        ]
      }
    },
    {
      "type": "Feature",
      "properties": {
        "id": "M-03-08-4",
        "name": "常用品街铺 8·西翼",
        "zone": "市集区",
        "kind": "building",
        "footprint": 80,
        "description": "纸张、衣物、修补、工具与日用品的独立门面。",
        "frontageRoad": "M-P02",
        "layer": "buildings",
        "sourceV011Id": "M-03-08",
        "expansionMode": "v0.11-quad-complex",
        "complexWing": 4
      },
      "geometry": {
        "type": "Polygon",
        "coordinates": [
          [
            [
              1519.48,
              1307.88
            ],
            [
              1527.48,
              1307.88
            ],
            [
              1527.48,
              1317.88
            ],
            [
              1519.48,
              1317.88
            ],
            [
              1519.48,
              1307.88
            ]
          ]
        ]
      }
    },
    {
      "type": "Feature",
      "properties": {
        "id": "M-03-09-1",
        "name": "常用品街铺 9·北翼",
        "zone": "市集区",
        "kind": "building",
        "footprint": 80,
        "description": "纸张、衣物、修补、工具与日用品的独立门面。",
        "frontageRoad": "M-P02",
        "layer": "buildings",
        "sourceV011Id": "M-03-09",
        "expansionMode": "v0.11-quad-complex",
        "complexWing": 1
      },
      "geometry": {
        "type": "Polygon",
        "coordinates": [
          [
            [
              1566.52,
              1297.88
            ],
            [
              1574.52,
              1297.88
            ],
            [
              1574.52,
              1307.88
            ],
            [
              1566.52,
              1307.88
            ],
            [
              1566.52,
              1297.88
            ]
          ]
        ]
      }
    },
    {
      "type": "Feature",
      "properties": {
        "id": "M-03-09-2",
        "name": "常用品街铺 9·东翼",
        "zone": "市集区",
        "kind": "building",
        "footprint": 80,
        "description": "纸张、衣物、修补、工具与日用品的独立门面。",
        "frontageRoad": "M-P02",
        "layer": "buildings",
        "sourceV011Id": "M-03-09",
        "expansionMode": "v0.11-quad-complex",
        "complexWing": 2
      },
      "geometry": {
        "type": "Polygon",
        "coordinates": [
          [
            [
              1574.52,
              1297.88
            ],
            [
              1582.52,
              1297.88
            ],
            [
              1582.52,
              1307.88
            ],
            [
              1574.52,
              1307.88
            ],
            [
              1574.52,
              1297.88
            ]
          ]
        ]
      }
    },
    {
      "type": "Feature",
      "properties": {
        "id": "M-03-09-3",
        "name": "常用品街铺 9·南翼",
        "zone": "市集区",
        "kind": "building",
        "footprint": 80,
        "description": "纸张、衣物、修补、工具与日用品的独立门面。",
        "frontageRoad": "M-P02",
        "layer": "buildings",
        "sourceV011Id": "M-03-09",
        "expansionMode": "v0.11-quad-complex",
        "complexWing": 3
      },
      "geometry": {
        "type": "Polygon",
        "coordinates": [
          [
            [
              1574.52,
              1307.88
            ],
            [
              1582.52,
              1307.88
            ],
            [
              1582.52,
              1317.88
            ],
            [
              1574.52,
              1317.88
            ],
            [
              1574.52,
              1307.88
            ]
          ]
        ]
      }
    },
    {
      "type": "Feature",
      "properties": {
        "id": "M-03-09-4",
        "name": "常用品街铺 9·西翼",
        "zone": "市集区",
        "kind": "building",
        "footprint": 80,
        "description": "纸张、衣物、修补、工具与日用品的独立门面。",
        "frontageRoad": "M-P02",
        "layer": "buildings",
        "sourceV011Id": "M-03-09",
        "expansionMode": "v0.11-quad-complex",
        "complexWing": 4
      },
      "geometry": {
        "type": "Polygon",
        "coordinates": [
          [
            [
              1566.52,
              1307.88
            ],
            [
              1574.52,
              1307.88
            ],
            [
              1574.52,
              1317.88
            ],
            [
              1566.52,
              1317.88
            ],
            [
              1566.52,
              1307.88
            ]
          ]
        ]
      }
    },
    {
      "type": "Feature",
      "properties": {
        "id": "M-03-10-1",
        "name": "常用品街铺 10·北翼",
        "zone": "市集区",
        "kind": "building",
        "footprint": 80,
        "description": "纸张、衣物、修补、工具与日用品的独立门面。",
        "frontageRoad": "M-P02",
        "layer": "buildings",
        "sourceV011Id": "M-03-10",
        "expansionMode": "v0.11-quad-complex",
        "complexWing": 1
      },
      "geometry": {
        "type": "Polygon",
        "coordinates": [
          [
            [
              1613.56,
              1297.88
            ],
            [
              1621.56,
              1297.88
            ],
            [
              1621.56,
              1307.88
            ],
            [
              1613.56,
              1307.88
            ],
            [
              1613.56,
              1297.88
            ]
          ]
        ]
      }
    },
    {
      "type": "Feature",
      "properties": {
        "id": "M-03-10-2",
        "name": "常用品街铺 10·东翼",
        "zone": "市集区",
        "kind": "building",
        "footprint": 80,
        "description": "纸张、衣物、修补、工具与日用品的独立门面。",
        "frontageRoad": "M-P02",
        "layer": "buildings",
        "sourceV011Id": "M-03-10",
        "expansionMode": "v0.11-quad-complex",
        "complexWing": 2
      },
      "geometry": {
        "type": "Polygon",
        "coordinates": [
          [
            [
              1621.56,
              1297.88
            ],
            [
              1629.56,
              1297.88
            ],
            [
              1629.56,
              1307.88
            ],
            [
              1621.56,
              1307.88
            ],
            [
              1621.56,
              1297.88
            ]
          ]
        ]
      }
    },
    {
      "type": "Feature",
      "properties": {
        "id": "M-03-10-3",
        "name": "常用品街铺 10·南翼",
        "zone": "市集区",
        "kind": "building",
        "footprint": 80,
        "description": "纸张、衣物、修补、工具与日用品的独立门面。",
        "frontageRoad": "M-P02",
        "layer": "buildings",
        "sourceV011Id": "M-03-10",
        "expansionMode": "v0.11-quad-complex",
        "complexWing": 3
      },
      "geometry": {
        "type": "Polygon",
        "coordinates": [
          [
            [
              1621.56,
              1307.88
            ],
            [
              1629.56,
              1307.88
            ],
            [
              1629.56,
              1317.88
            ],
            [
              1621.56,
              1317.88
            ],
            [
              1621.56,
              1307.88
            ]
          ]
        ]
      }
    },
    {
      "type": "Feature",
      "properties": {
        "id": "M-03-10-4",
        "name": "常用品街铺 10·西翼",
        "zone": "市集区",
        "kind": "building",
        "footprint": 80,
        "description": "纸张、衣物、修补、工具与日用品的独立门面。",
        "frontageRoad": "M-P02",
        "layer": "buildings",
        "sourceV011Id": "M-03-10",
        "expansionMode": "v0.11-quad-complex",
        "complexWing": 4
      },
      "geometry": {
        "type": "Polygon",
        "coordinates": [
          [
            [
              1613.56,
              1307.88
            ],
            [
              1621.56,
              1307.88
            ],
            [
              1621.56,
              1317.88
            ],
            [
              1613.56,
              1317.88
            ],
            [
              1613.56,
              1307.88
            ]
          ]
        ]
      }
    },
    {
      "type": "Feature",
      "properties": {
        "id": "M-03-11-1",
        "name": "常用品街铺 11·北翼",
        "zone": "市集区",
        "kind": "building",
        "footprint": 80,
        "description": "纸张、衣物、修补、工具与日用品的独立门面。",
        "frontageRoad": "M-P02",
        "layer": "buildings",
        "sourceV011Id": "M-03-11",
        "expansionMode": "v0.11-quad-complex",
        "complexWing": 1
      },
      "geometry": {
        "type": "Polygon",
        "coordinates": [
          [
            [
              1660.6,
              1297.88
            ],
            [
              1668.6,
              1297.88
            ],
            [
              1668.6,
              1307.88
            ],
            [
              1660.6,
              1307.88
            ],
            [
              1660.6,
              1297.88
            ]
          ]
        ]
      }
    },
    {
      "type": "Feature",
      "properties": {
        "id": "M-03-11-2",
        "name": "常用品街铺 11·东翼",
        "zone": "市集区",
        "kind": "building",
        "footprint": 80,
        "description": "纸张、衣物、修补、工具与日用品的独立门面。",
        "frontageRoad": "M-P02",
        "layer": "buildings",
        "sourceV011Id": "M-03-11",
        "expansionMode": "v0.11-quad-complex",
        "complexWing": 2
      },
      "geometry": {
        "type": "Polygon",
        "coordinates": [
          [
            [
              1668.6,
              1297.88
            ],
            [
              1676.6,
              1297.88
            ],
            [
              1676.6,
              1307.88
            ],
            [
              1668.6,
              1307.88
            ],
            [
              1668.6,
              1297.88
            ]
          ]
        ]
      }
    },
    {
      "type": "Feature",
      "properties": {
        "id": "M-03-11-3",
        "name": "常用品街铺 11·南翼",
        "zone": "市集区",
        "kind": "building",
        "footprint": 80,
        "description": "纸张、衣物、修补、工具与日用品的独立门面。",
        "frontageRoad": "M-P02",
        "layer": "buildings",
        "sourceV011Id": "M-03-11",
        "expansionMode": "v0.11-quad-complex",
        "complexWing": 3
      },
      "geometry": {
        "type": "Polygon",
        "coordinates": [
          [
            [
              1668.6,
              1307.88
            ],
            [
              1676.6,
              1307.88
            ],
            [
              1676.6,
              1317.88
            ],
            [
              1668.6,
              1317.88
            ],
            [
              1668.6,
              1307.88
            ]
          ]
        ]
      }
    },
    {
      "type": "Feature",
      "properties": {
        "id": "M-03-11-4",
        "name": "常用品街铺 11·西翼",
        "zone": "市集区",
        "kind": "building",
        "footprint": 80,
        "description": "纸张、衣物、修补、工具与日用品的独立门面。",
        "frontageRoad": "M-P02",
        "layer": "buildings",
        "sourceV011Id": "M-03-11",
        "expansionMode": "v0.11-quad-complex",
        "complexWing": 4
      },
      "geometry": {
        "type": "Polygon",
        "coordinates": [
          [
            [
              1660.6,
              1307.88
            ],
            [
              1668.6,
              1307.88
            ],
            [
              1668.6,
              1317.88
            ],
            [
              1660.6,
              1317.88
            ],
            [
              1660.6,
              1307.88
            ]
          ]
        ]
      }
    },
    {
      "type": "Feature",
      "properties": {
        "id": "M-03-12-1",
        "name": "常用品街铺 12·北翼",
        "zone": "市集区",
        "kind": "building",
        "footprint": 80,
        "description": "纸张、衣物、修补、工具与日用品的独立门面。",
        "frontageRoad": "M-P02",
        "layer": "buildings",
        "sourceV011Id": "M-03-12",
        "expansionMode": "v0.11-quad-complex",
        "complexWing": 1
      },
      "geometry": {
        "type": "Polygon",
        "coordinates": [
          [
            [
              1707.64,
              1297.88
            ],
            [
              1715.64,
              1297.88
            ],
            [
              1715.64,
              1307.88
            ],
            [
              1707.64,
              1307.88
            ],
            [
              1707.64,
              1297.88
            ]
          ]
        ]
      }
    },
    {
      "type": "Feature",
      "properties": {
        "id": "M-03-12-2",
        "name": "常用品街铺 12·东翼",
        "zone": "市集区",
        "kind": "building",
        "footprint": 80,
        "description": "纸张、衣物、修补、工具与日用品的独立门面。",
        "frontageRoad": "M-P02",
        "layer": "buildings",
        "sourceV011Id": "M-03-12",
        "expansionMode": "v0.11-quad-complex",
        "complexWing": 2
      },
      "geometry": {
        "type": "Polygon",
        "coordinates": [
          [
            [
              1715.64,
              1297.88
            ],
            [
              1723.64,
              1297.88
            ],
            [
              1723.64,
              1307.88
            ],
            [
              1715.64,
              1307.88
            ],
            [
              1715.64,
              1297.88
            ]
          ]
        ]
      }
    },
    {
      "type": "Feature",
      "properties": {
        "id": "M-03-12-3",
        "name": "常用品街铺 12·南翼",
        "zone": "市集区",
        "kind": "building",
        "footprint": 80,
        "description": "纸张、衣物、修补、工具与日用品的独立门面。",
        "frontageRoad": "M-P02",
        "layer": "buildings",
        "sourceV011Id": "M-03-12",
        "expansionMode": "v0.11-quad-complex",
        "complexWing": 3
      },
      "geometry": {
        "type": "Polygon",
        "coordinates": [
          [
            [
              1715.64,
              1307.88
            ],
            [
              1723.64,
              1307.88
            ],
            [
              1723.64,
              1317.88
            ],
            [
              1715.64,
              1317.88
            ],
            [
              1715.64,
              1307.88
            ]
          ]
        ]
      }
    },
    {
      "type": "Feature",
      "properties": {
        "id": "M-03-12-4",
        "name": "常用品街铺 12·西翼",
        "zone": "市集区",
        "kind": "building",
        "footprint": 80,
        "description": "纸张、衣物、修补、工具与日用品的独立门面。",
        "frontageRoad": "M-P02",
        "layer": "buildings",
        "sourceV011Id": "M-03-12",
        "expansionMode": "v0.11-quad-complex",
        "complexWing": 4
      },
      "geometry": {
        "type": "Polygon",
        "coordinates": [
          [
            [
              1707.64,
              1307.88
            ],
            [
              1715.64,
              1307.88
            ],
            [
              1715.64,
              1317.88
            ],
            [
              1707.64,
              1317.88
            ],
            [
              1707.64,
              1307.88
            ]
          ]
        ]
      }
    },
    {
      "type": "Feature",
      "properties": {
        "id": "M-03-13-1",
        "name": "常用品街铺 13·北翼",
        "zone": "市集区",
        "kind": "building",
        "footprint": 80,
        "description": "纸张、衣物、修补、工具与日用品的独立门面。",
        "frontageRoad": "M-P02B",
        "layer": "buildings",
        "sourceV011Id": "M-03-13",
        "expansionMode": "v0.11-quad-complex",
        "complexWing": 1
      },
      "geometry": {
        "type": "Polygon",
        "coordinates": [
          [
            [
              1472.44,
              1352.76
            ],
            [
              1480.44,
              1352.76
            ],
            [
              1480.44,
              1362.76
            ],
            [
              1472.44,
              1362.76
            ],
            [
              1472.44,
              1352.76
            ]
          ]
        ]
      }
    },
    {
      "type": "Feature",
      "properties": {
        "id": "M-03-13-2",
        "name": "常用品街铺 13·东翼",
        "zone": "市集区",
        "kind": "building",
        "footprint": 80,
        "description": "纸张、衣物、修补、工具与日用品的独立门面。",
        "frontageRoad": "M-P02B",
        "layer": "buildings",
        "sourceV011Id": "M-03-13",
        "expansionMode": "v0.11-quad-complex",
        "complexWing": 2
      },
      "geometry": {
        "type": "Polygon",
        "coordinates": [
          [
            [
              1480.44,
              1352.76
            ],
            [
              1488.44,
              1352.76
            ],
            [
              1488.44,
              1362.76
            ],
            [
              1480.44,
              1362.76
            ],
            [
              1480.44,
              1352.76
            ]
          ]
        ]
      }
    },
    {
      "type": "Feature",
      "properties": {
        "id": "M-03-13-3",
        "name": "常用品街铺 13·南翼",
        "zone": "市集区",
        "kind": "building",
        "footprint": 80,
        "description": "纸张、衣物、修补、工具与日用品的独立门面。",
        "frontageRoad": "M-P02B",
        "layer": "buildings",
        "sourceV011Id": "M-03-13",
        "expansionMode": "v0.11-quad-complex",
        "complexWing": 3
      },
      "geometry": {
        "type": "Polygon",
        "coordinates": [
          [
            [
              1480.44,
              1362.76
            ],
            [
              1488.44,
              1362.76
            ],
            [
              1488.44,
              1372.76
            ],
            [
              1480.44,
              1372.76
            ],
            [
              1480.44,
              1362.76
            ]
          ]
        ]
      }
    },
    {
      "type": "Feature",
      "properties": {
        "id": "M-03-13-4",
        "name": "常用品街铺 13·西翼",
        "zone": "市集区",
        "kind": "building",
        "footprint": 80,
        "description": "纸张、衣物、修补、工具与日用品的独立门面。",
        "frontageRoad": "M-P02B",
        "layer": "buildings",
        "sourceV011Id": "M-03-13",
        "expansionMode": "v0.11-quad-complex",
        "complexWing": 4
      },
      "geometry": {
        "type": "Polygon",
        "coordinates": [
          [
            [
              1472.44,
              1362.76
            ],
            [
              1480.44,
              1362.76
            ],
            [
              1480.44,
              1372.76
            ],
            [
              1472.44,
              1372.76
            ],
            [
              1472.44,
              1362.76
            ]
          ]
        ]
      }
    },
    {
      "type": "Feature",
      "properties": {
        "id": "M-03-14-1",
        "name": "常用品街铺 14·北翼",
        "zone": "市集区",
        "kind": "building",
        "footprint": 80,
        "description": "纸张、衣物、修补、工具与日用品的独立门面。",
        "frontageRoad": "M-P02B",
        "layer": "buildings",
        "sourceV011Id": "M-03-14",
        "expansionMode": "v0.11-quad-complex",
        "complexWing": 1
      },
      "geometry": {
        "type": "Polygon",
        "coordinates": [
          [
            [
              1519.48,
              1352.76
            ],
            [
              1527.48,
              1352.76
            ],
            [
              1527.48,
              1362.76
            ],
            [
              1519.48,
              1362.76
            ],
            [
              1519.48,
              1352.76
            ]
          ]
        ]
      }
    },
    {
      "type": "Feature",
      "properties": {
        "id": "M-03-14-2",
        "name": "常用品街铺 14·东翼",
        "zone": "市集区",
        "kind": "building",
        "footprint": 80,
        "description": "纸张、衣物、修补、工具与日用品的独立门面。",
        "frontageRoad": "M-P02B",
        "layer": "buildings",
        "sourceV011Id": "M-03-14",
        "expansionMode": "v0.11-quad-complex",
        "complexWing": 2
      },
      "geometry": {
        "type": "Polygon",
        "coordinates": [
          [
            [
              1527.48,
              1352.76
            ],
            [
              1535.48,
              1352.76
            ],
            [
              1535.48,
              1362.76
            ],
            [
              1527.48,
              1362.76
            ],
            [
              1527.48,
              1352.76
            ]
          ]
        ]
      }
    },
    {
      "type": "Feature",
      "properties": {
        "id": "M-03-14-3",
        "name": "常用品街铺 14·南翼",
        "zone": "市集区",
        "kind": "building",
        "footprint": 80,
        "description": "纸张、衣物、修补、工具与日用品的独立门面。",
        "frontageRoad": "M-P02B",
        "layer": "buildings",
        "sourceV011Id": "M-03-14",
        "expansionMode": "v0.11-quad-complex",
        "complexWing": 3
      },
      "geometry": {
        "type": "Polygon",
        "coordinates": [
          [
            [
              1527.48,
              1362.76
            ],
            [
              1535.48,
              1362.76
            ],
            [
              1535.48,
              1372.76
            ],
            [
              1527.48,
              1372.76
            ],
            [
              1527.48,
              1362.76
            ]
          ]
        ]
      }
    },
    {
      "type": "Feature",
      "properties": {
        "id": "M-03-14-4",
        "name": "常用品街铺 14·西翼",
        "zone": "市集区",
        "kind": "building",
        "footprint": 80,
        "description": "纸张、衣物、修补、工具与日用品的独立门面。",
        "frontageRoad": "M-P02B",
        "layer": "buildings",
        "sourceV011Id": "M-03-14",
        "expansionMode": "v0.11-quad-complex",
        "complexWing": 4
      },
      "geometry": {
        "type": "Polygon",
        "coordinates": [
          [
            [
              1519.48,
              1362.76
            ],
            [
              1527.48,
              1362.76
            ],
            [
              1527.48,
              1372.76
            ],
            [
              1519.48,
              1372.76
            ],
            [
              1519.48,
              1362.76
            ]
          ]
        ]
      }
    },
    {
      "type": "Feature",
      "properties": {
        "id": "M-03-15-1",
        "name": "常用品街铺 15·北翼",
        "zone": "市集区",
        "kind": "building",
        "footprint": 80,
        "description": "纸张、衣物、修补、工具与日用品的独立门面。",
        "frontageRoad": "M-P02B",
        "layer": "buildings",
        "sourceV011Id": "M-03-15",
        "expansionMode": "v0.11-quad-complex",
        "complexWing": 1
      },
      "geometry": {
        "type": "Polygon",
        "coordinates": [
          [
            [
              1566.52,
              1352.76
            ],
            [
              1574.52,
              1352.76
            ],
            [
              1574.52,
              1362.76
            ],
            [
              1566.52,
              1362.76
            ],
            [
              1566.52,
              1352.76
            ]
          ]
        ]
      }
    },
    {
      "type": "Feature",
      "properties": {
        "id": "M-03-15-2",
        "name": "常用品街铺 15·东翼",
        "zone": "市集区",
        "kind": "building",
        "footprint": 80,
        "description": "纸张、衣物、修补、工具与日用品的独立门面。",
        "frontageRoad": "M-P02B",
        "layer": "buildings",
        "sourceV011Id": "M-03-15",
        "expansionMode": "v0.11-quad-complex",
        "complexWing": 2
      },
      "geometry": {
        "type": "Polygon",
        "coordinates": [
          [
            [
              1574.52,
              1352.76
            ],
            [
              1582.52,
              1352.76
            ],
            [
              1582.52,
              1362.76
            ],
            [
              1574.52,
              1362.76
            ],
            [
              1574.52,
              1352.76
            ]
          ]
        ]
      }
    },
    {
      "type": "Feature",
      "properties": {
        "id": "M-03-15-3",
        "name": "常用品街铺 15·南翼",
        "zone": "市集区",
        "kind": "building",
        "footprint": 80,
        "description": "纸张、衣物、修补、工具与日用品的独立门面。",
        "frontageRoad": "M-P02B",
        "layer": "buildings",
        "sourceV011Id": "M-03-15",
        "expansionMode": "v0.11-quad-complex",
        "complexWing": 3
      },
      "geometry": {
        "type": "Polygon",
        "coordinates": [
          [
            [
              1574.52,
              1362.76
            ],
            [
              1582.52,
              1362.76
            ],
            [
              1582.52,
              1372.76
            ],
            [
              1574.52,
              1372.76
            ],
            [
              1574.52,
              1362.76
            ]
          ]
        ]
      }
    },
    {
      "type": "Feature",
      "properties": {
        "id": "M-03-15-4",
        "name": "常用品街铺 15·西翼",
        "zone": "市集区",
        "kind": "building",
        "footprint": 80,
        "description": "纸张、衣物、修补、工具与日用品的独立门面。",
        "frontageRoad": "M-P02B",
        "layer": "buildings",
        "sourceV011Id": "M-03-15",
        "expansionMode": "v0.11-quad-complex",
        "complexWing": 4
      },
      "geometry": {
        "type": "Polygon",
        "coordinates": [
          [
            [
              1566.52,
              1362.76
            ],
            [
              1574.52,
              1362.76
            ],
            [
              1574.52,
              1372.76
            ],
            [
              1566.52,
              1372.76
            ],
            [
              1566.52,
              1362.76
            ]
          ]
        ]
      }
    },
    {
      "type": "Feature",
      "properties": {
        "id": "M-03-16-1",
        "name": "常用品街铺 16·北翼",
        "zone": "市集区",
        "kind": "building",
        "footprint": 80,
        "description": "纸张、衣物、修补、工具与日用品的独立门面。",
        "frontageRoad": "M-P02B",
        "layer": "buildings",
        "sourceV011Id": "M-03-16",
        "expansionMode": "v0.11-quad-complex",
        "complexWing": 1
      },
      "geometry": {
        "type": "Polygon",
        "coordinates": [
          [
            [
              1613.56,
              1352.76
            ],
            [
              1621.56,
              1352.76
            ],
            [
              1621.56,
              1362.76
            ],
            [
              1613.56,
              1362.76
            ],
            [
              1613.56,
              1352.76
            ]
          ]
        ]
      }
    },
    {
      "type": "Feature",
      "properties": {
        "id": "M-03-16-2",
        "name": "常用品街铺 16·东翼",
        "zone": "市集区",
        "kind": "building",
        "footprint": 80,
        "description": "纸张、衣物、修补、工具与日用品的独立门面。",
        "frontageRoad": "M-P02B",
        "layer": "buildings",
        "sourceV011Id": "M-03-16",
        "expansionMode": "v0.11-quad-complex",
        "complexWing": 2
      },
      "geometry": {
        "type": "Polygon",
        "coordinates": [
          [
            [
              1621.56,
              1352.76
            ],
            [
              1629.56,
              1352.76
            ],
            [
              1629.56,
              1362.76
            ],
            [
              1621.56,
              1362.76
            ],
            [
              1621.56,
              1352.76
            ]
          ]
        ]
      }
    },
    {
      "type": "Feature",
      "properties": {
        "id": "M-03-16-3",
        "name": "常用品街铺 16·南翼",
        "zone": "市集区",
        "kind": "building",
        "footprint": 80,
        "description": "纸张、衣物、修补、工具与日用品的独立门面。",
        "frontageRoad": "M-P02B",
        "layer": "buildings",
        "sourceV011Id": "M-03-16",
        "expansionMode": "v0.11-quad-complex",
        "complexWing": 3
      },
      "geometry": {
        "type": "Polygon",
        "coordinates": [
          [
            [
              1621.56,
              1362.76
            ],
            [
              1629.56,
              1362.76
            ],
            [
              1629.56,
              1372.76
            ],
            [
              1621.56,
              1372.76
            ],
            [
              1621.56,
              1362.76
            ]
          ]
        ]
      }
    },
    {
      "type": "Feature",
      "properties": {
        "id": "M-03-16-4",
        "name": "常用品街铺 16·西翼",
        "zone": "市集区",
        "kind": "building",
        "footprint": 80,
        "description": "纸张、衣物、修补、工具与日用品的独立门面。",
        "frontageRoad": "M-P02B",
        "layer": "buildings",
        "sourceV011Id": "M-03-16",
        "expansionMode": "v0.11-quad-complex",
        "complexWing": 4
      },
      "geometry": {
        "type": "Polygon",
        "coordinates": [
          [
            [
              1613.56,
              1362.76
            ],
            [
              1621.56,
              1362.76
            ],
            [
              1621.56,
              1372.76
            ],
            [
              1613.56,
              1372.76
            ],
            [
              1613.56,
              1362.76
            ]
          ]
        ]
      }
    },
    {
      "type": "Feature",
      "properties": {
        "id": "M-03-17-1",
        "name": "常用品街铺 17·北翼",
        "zone": "市集区",
        "kind": "building",
        "footprint": 80,
        "description": "纸张、衣物、修补、工具与日用品的独立门面。",
        "frontageRoad": "M-P02B",
        "layer": "buildings",
        "sourceV011Id": "M-03-17",
        "expansionMode": "v0.11-quad-complex",
        "complexWing": 1
      },
      "geometry": {
        "type": "Polygon",
        "coordinates": [
          [
            [
              1660.6,
              1352.76
            ],
            [
              1668.6,
              1352.76
            ],
            [
              1668.6,
              1362.76
            ],
            [
              1660.6,
              1362.76
            ],
            [
              1660.6,
              1352.76
            ]
          ]
        ]
      }
    },
    {
      "type": "Feature",
      "properties": {
        "id": "M-03-17-2",
        "name": "常用品街铺 17·东翼",
        "zone": "市集区",
        "kind": "building",
        "footprint": 80,
        "description": "纸张、衣物、修补、工具与日用品的独立门面。",
        "frontageRoad": "M-P02B",
        "layer": "buildings",
        "sourceV011Id": "M-03-17",
        "expansionMode": "v0.11-quad-complex",
        "complexWing": 2
      },
      "geometry": {
        "type": "Polygon",
        "coordinates": [
          [
            [
              1668.6,
              1352.76
            ],
            [
              1676.6,
              1352.76
            ],
            [
              1676.6,
              1362.76
            ],
            [
              1668.6,
              1362.76
            ],
            [
              1668.6,
              1352.76
            ]
          ]
        ]
      }
    },
    {
      "type": "Feature",
      "properties": {
        "id": "M-03-17-3",
        "name": "常用品街铺 17·南翼",
        "zone": "市集区",
        "kind": "building",
        "footprint": 80,
        "description": "纸张、衣物、修补、工具与日用品的独立门面。",
        "frontageRoad": "M-P02B",
        "layer": "buildings",
        "sourceV011Id": "M-03-17",
        "expansionMode": "v0.11-quad-complex",
        "complexWing": 3
      },
      "geometry": {
        "type": "Polygon",
        "coordinates": [
          [
            [
              1668.6,
              1362.76
            ],
            [
              1676.6,
              1362.76
            ],
            [
              1676.6,
              1372.76
            ],
            [
              1668.6,
              1372.76
            ],
            [
              1668.6,
              1362.76
            ]
          ]
        ]
      }
    },
    {
      "type": "Feature",
      "properties": {
        "id": "M-03-17-4",
        "name": "常用品街铺 17·西翼",
        "zone": "市集区",
        "kind": "building",
        "footprint": 80,
        "description": "纸张、衣物、修补、工具与日用品的独立门面。",
        "frontageRoad": "M-P02B",
        "layer": "buildings",
        "sourceV011Id": "M-03-17",
        "expansionMode": "v0.11-quad-complex",
        "complexWing": 4
      },
      "geometry": {
        "type": "Polygon",
        "coordinates": [
          [
            [
              1660.6,
              1362.76
            ],
            [
              1668.6,
              1362.76
            ],
            [
              1668.6,
              1372.76
            ],
            [
              1660.6,
              1372.76
            ],
            [
              1660.6,
              1362.76
            ]
          ]
        ]
      }
    },
    {
      "type": "Feature",
      "properties": {
        "id": "M-03-18-1",
        "name": "常用品街铺 18·北翼",
        "zone": "市集区",
        "kind": "building",
        "footprint": 80,
        "description": "纸张、衣物、修补、工具与日用品的独立门面。",
        "frontageRoad": "M-P02B",
        "layer": "buildings",
        "sourceV011Id": "M-03-18",
        "expansionMode": "v0.11-quad-complex",
        "complexWing": 1
      },
      "geometry": {
        "type": "Polygon",
        "coordinates": [
          [
            [
              1707.64,
              1352.76
            ],
            [
              1715.64,
              1352.76
            ],
            [
              1715.64,
              1362.76
            ],
            [
              1707.64,
              1362.76
            ],
            [
              1707.64,
              1352.76
            ]
          ]
        ]
      }
    },
    {
      "type": "Feature",
      "properties": {
        "id": "M-03-18-2",
        "name": "常用品街铺 18·东翼",
        "zone": "市集区",
        "kind": "building",
        "footprint": 80,
        "description": "纸张、衣物、修补、工具与日用品的独立门面。",
        "frontageRoad": "M-P02B",
        "layer": "buildings",
        "sourceV011Id": "M-03-18",
        "expansionMode": "v0.11-quad-complex",
        "complexWing": 2
      },
      "geometry": {
        "type": "Polygon",
        "coordinates": [
          [
            [
              1715.64,
              1352.76
            ],
            [
              1723.64,
              1352.76
            ],
            [
              1723.64,
              1362.76
            ],
            [
              1715.64,
              1362.76
            ],
            [
              1715.64,
              1352.76
            ]
          ]
        ]
      }
    },
    {
      "type": "Feature",
      "properties": {
        "id": "M-03-18-3",
        "name": "常用品街铺 18·南翼",
        "zone": "市集区",
        "kind": "building",
        "footprint": 80,
        "description": "纸张、衣物、修补、工具与日用品的独立门面。",
        "frontageRoad": "M-P02B",
        "layer": "buildings",
        "sourceV011Id": "M-03-18",
        "expansionMode": "v0.11-quad-complex",
        "complexWing": 3
      },
      "geometry": {
        "type": "Polygon",
        "coordinates": [
          [
            [
              1715.64,
              1362.76
            ],
            [
              1723.64,
              1362.76
            ],
            [
              1723.64,
              1372.76
            ],
            [
              1715.64,
              1372.76
            ],
            [
              1715.64,
              1362.76
            ]
          ]
        ]
      }
    },
    {
      "type": "Feature",
      "properties": {
        "id": "M-03-18-4",
        "name": "常用品街铺 18·西翼",
        "zone": "市集区",
        "kind": "building",
        "footprint": 80,
        "description": "纸张、衣物、修补、工具与日用品的独立门面。",
        "frontageRoad": "M-P02B",
        "layer": "buildings",
        "sourceV011Id": "M-03-18",
        "expansionMode": "v0.11-quad-complex",
        "complexWing": 4
      },
      "geometry": {
        "type": "Polygon",
        "coordinates": [
          [
            [
              1707.64,
              1362.76
            ],
            [
              1715.64,
              1362.76
            ],
            [
              1715.64,
              1372.76
            ],
            [
              1707.64,
              1372.76
            ],
            [
              1707.64,
              1362.76
            ]
          ]
        ]
      }
    },
    {
      "type": "Feature",
      "properties": {
        "id": "M-04-01-1",
        "name": "食材与熟食棚 1·北翼",
        "zone": "市集区",
        "kind": "building",
        "footprint": 48,
        "description": "学生食材、熟食与餐食供应。",
        "frontageRoad": "M-P01B",
        "layer": "buildings",
        "sourceV011Id": "M-04-01",
        "expansionMode": "v0.11-quad-complex",
        "complexWing": 1
      },
      "geometry": {
        "type": "Polygon",
        "coordinates": [
          [
            [
              1786.08,
              1243.04
            ],
            [
              1792.08,
              1243.04
            ],
            [
              1792.08,
              1251.04
            ],
            [
              1786.08,
              1251.04
            ],
            [
              1786.08,
              1243.04
            ]
          ]
        ]
      }
    },
    {
      "type": "Feature",
      "properties": {
        "id": "M-04-01-2",
        "name": "食材与熟食棚 1·东翼",
        "zone": "市集区",
        "kind": "building",
        "footprint": 48,
        "description": "学生食材、熟食与餐食供应。",
        "frontageRoad": "M-P01B",
        "layer": "buildings",
        "sourceV011Id": "M-04-01",
        "expansionMode": "v0.11-quad-complex",
        "complexWing": 2
      },
      "geometry": {
        "type": "Polygon",
        "coordinates": [
          [
            [
              1792.08,
              1243.04
            ],
            [
              1798.08,
              1243.04
            ],
            [
              1798.08,
              1251.04
            ],
            [
              1792.08,
              1251.04
            ],
            [
              1792.08,
              1243.04
            ]
          ]
        ]
      }
    },
    {
      "type": "Feature",
      "properties": {
        "id": "M-04-01-3",
        "name": "食材与熟食棚 1·南翼",
        "zone": "市集区",
        "kind": "building",
        "footprint": 48,
        "description": "学生食材、熟食与餐食供应。",
        "frontageRoad": "M-P01B",
        "layer": "buildings",
        "sourceV011Id": "M-04-01",
        "expansionMode": "v0.11-quad-complex",
        "complexWing": 3
      },
      "geometry": {
        "type": "Polygon",
        "coordinates": [
          [
            [
              1792.08,
              1251.04
            ],
            [
              1798.08,
              1251.04
            ],
            [
              1798.08,
              1259.04
            ],
            [
              1792.08,
              1259.04
            ],
            [
              1792.08,
              1251.04
            ]
          ]
        ]
      }
    },
    {
      "type": "Feature",
      "properties": {
        "id": "M-04-01-4",
        "name": "食材与熟食棚 1·西翼",
        "zone": "市集区",
        "kind": "building",
        "footprint": 48,
        "description": "学生食材、熟食与餐食供应。",
        "frontageRoad": "M-P01B",
        "layer": "buildings",
        "sourceV011Id": "M-04-01",
        "expansionMode": "v0.11-quad-complex",
        "complexWing": 4
      },
      "geometry": {
        "type": "Polygon",
        "coordinates": [
          [
            [
              1786.08,
              1251.04
            ],
            [
              1792.08,
              1251.04
            ],
            [
              1792.08,
              1259.04
            ],
            [
              1786.08,
              1259.04
            ],
            [
              1786.08,
              1251.04
            ]
          ]
        ]
      }
    },
    {
      "type": "Feature",
      "properties": {
        "id": "M-04-02-1",
        "name": "食材与熟食棚 2·北翼",
        "zone": "市集区",
        "kind": "building",
        "footprint": 48,
        "description": "学生食材、熟食与餐食供应。",
        "frontageRoad": "M-P01B",
        "layer": "buildings",
        "sourceV011Id": "M-04-02",
        "expansionMode": "v0.11-quad-complex",
        "complexWing": 1
      },
      "geometry": {
        "type": "Polygon",
        "coordinates": [
          [
            [
              1811.56,
              1243.04
            ],
            [
              1817.56,
              1243.04
            ],
            [
              1817.56,
              1251.04
            ],
            [
              1811.56,
              1251.04
            ],
            [
              1811.56,
              1243.04
            ]
          ]
        ]
      }
    },
    {
      "type": "Feature",
      "properties": {
        "id": "M-04-02-2",
        "name": "食材与熟食棚 2·东翼",
        "zone": "市集区",
        "kind": "building",
        "footprint": 48,
        "description": "学生食材、熟食与餐食供应。",
        "frontageRoad": "M-P01B",
        "layer": "buildings",
        "sourceV011Id": "M-04-02",
        "expansionMode": "v0.11-quad-complex",
        "complexWing": 2
      },
      "geometry": {
        "type": "Polygon",
        "coordinates": [
          [
            [
              1817.56,
              1243.04
            ],
            [
              1823.56,
              1243.04
            ],
            [
              1823.56,
              1251.04
            ],
            [
              1817.56,
              1251.04
            ],
            [
              1817.56,
              1243.04
            ]
          ]
        ]
      }
    },
    {
      "type": "Feature",
      "properties": {
        "id": "M-04-02-3",
        "name": "食材与熟食棚 2·南翼",
        "zone": "市集区",
        "kind": "building",
        "footprint": 48,
        "description": "学生食材、熟食与餐食供应。",
        "frontageRoad": "M-P01B",
        "layer": "buildings",
        "sourceV011Id": "M-04-02",
        "expansionMode": "v0.11-quad-complex",
        "complexWing": 3
      },
      "geometry": {
        "type": "Polygon",
        "coordinates": [
          [
            [
              1817.56,
              1251.04
            ],
            [
              1823.56,
              1251.04
            ],
            [
              1823.56,
              1259.04
            ],
            [
              1817.56,
              1259.04
            ],
            [
              1817.56,
              1251.04
            ]
          ]
        ]
      }
    },
    {
      "type": "Feature",
      "properties": {
        "id": "M-04-02-4",
        "name": "食材与熟食棚 2·西翼",
        "zone": "市集区",
        "kind": "building",
        "footprint": 48,
        "description": "学生食材、熟食与餐食供应。",
        "frontageRoad": "M-P01B",
        "layer": "buildings",
        "sourceV011Id": "M-04-02",
        "expansionMode": "v0.11-quad-complex",
        "complexWing": 4
      },
      "geometry": {
        "type": "Polygon",
        "coordinates": [
          [
            [
              1811.56,
              1251.04
            ],
            [
              1817.56,
              1251.04
            ],
            [
              1817.56,
              1259.04
            ],
            [
              1811.56,
              1259.04
            ],
            [
              1811.56,
              1251.04
            ]
          ]
        ]
      }
    },
    {
      "type": "Feature",
      "properties": {
        "id": "M-04-03-1",
        "name": "食材与熟食棚 3·北翼",
        "zone": "市集区",
        "kind": "building",
        "footprint": 48,
        "description": "学生食材、熟食与餐食供应。",
        "frontageRoad": "M-P01B",
        "layer": "buildings",
        "sourceV011Id": "M-04-03",
        "expansionMode": "v0.11-quad-complex",
        "complexWing": 1
      },
      "geometry": {
        "type": "Polygon",
        "coordinates": [
          [
            [
              1837.04,
              1243.04
            ],
            [
              1843.04,
              1243.04
            ],
            [
              1843.04,
              1251.04
            ],
            [
              1837.04,
              1251.04
            ],
            [
              1837.04,
              1243.04
            ]
          ]
        ]
      }
    },
    {
      "type": "Feature",
      "properties": {
        "id": "M-04-03-2",
        "name": "食材与熟食棚 3·东翼",
        "zone": "市集区",
        "kind": "building",
        "footprint": 48,
        "description": "学生食材、熟食与餐食供应。",
        "frontageRoad": "M-P01B",
        "layer": "buildings",
        "sourceV011Id": "M-04-03",
        "expansionMode": "v0.11-quad-complex",
        "complexWing": 2
      },
      "geometry": {
        "type": "Polygon",
        "coordinates": [
          [
            [
              1843.04,
              1243.04
            ],
            [
              1849.04,
              1243.04
            ],
            [
              1849.04,
              1251.04
            ],
            [
              1843.04,
              1251.04
            ],
            [
              1843.04,
              1243.04
            ]
          ]
        ]
      }
    },
    {
      "type": "Feature",
      "properties": {
        "id": "M-04-03-3",
        "name": "食材与熟食棚 3·南翼",
        "zone": "市集区",
        "kind": "building",
        "footprint": 48,
        "description": "学生食材、熟食与餐食供应。",
        "frontageRoad": "M-P01B",
        "layer": "buildings",
        "sourceV011Id": "M-04-03",
        "expansionMode": "v0.11-quad-complex",
        "complexWing": 3
      },
      "geometry": {
        "type": "Polygon",
        "coordinates": [
          [
            [
              1843.04,
              1251.04
            ],
            [
              1849.04,
              1251.04
            ],
            [
              1849.04,
              1259.04
            ],
            [
              1843.04,
              1259.04
            ],
            [
              1843.04,
              1251.04
            ]
          ]
        ]
      }
    },
    {
      "type": "Feature",
      "properties": {
        "id": "M-04-03-4",
        "name": "食材与熟食棚 3·西翼",
        "zone": "市集区",
        "kind": "building",
        "footprint": 48,
        "description": "学生食材、熟食与餐食供应。",
        "frontageRoad": "M-P01B",
        "layer": "buildings",
        "sourceV011Id": "M-04-03",
        "expansionMode": "v0.11-quad-complex",
        "complexWing": 4
      },
      "geometry": {
        "type": "Polygon",
        "coordinates": [
          [
            [
              1837.04,
              1251.04
            ],
            [
              1843.04,
              1251.04
            ],
            [
              1843.04,
              1259.04
            ],
            [
              1837.04,
              1259.04
            ],
            [
              1837.04,
              1251.04
            ]
          ]
        ]
      }
    },
    {
      "type": "Feature",
      "properties": {
        "id": "M-04-04-1",
        "name": "食材与熟食棚 4·北翼",
        "zone": "市集区",
        "kind": "building",
        "footprint": 48,
        "description": "学生食材、熟食与餐食供应。",
        "frontageRoad": "M-P01B",
        "layer": "buildings",
        "sourceV011Id": "M-04-04",
        "expansionMode": "v0.11-quad-complex",
        "complexWing": 1
      },
      "geometry": {
        "type": "Polygon",
        "coordinates": [
          [
            [
              1862.52,
              1243.04
            ],
            [
              1868.52,
              1243.04
            ],
            [
              1868.52,
              1251.04
            ],
            [
              1862.52,
              1251.04
            ],
            [
              1862.52,
              1243.04
            ]
          ]
        ]
      }
    },
    {
      "type": "Feature",
      "properties": {
        "id": "M-04-04-2",
        "name": "食材与熟食棚 4·东翼",
        "zone": "市集区",
        "kind": "building",
        "footprint": 48,
        "description": "学生食材、熟食与餐食供应。",
        "frontageRoad": "M-P01B",
        "layer": "buildings",
        "sourceV011Id": "M-04-04",
        "expansionMode": "v0.11-quad-complex",
        "complexWing": 2
      },
      "geometry": {
        "type": "Polygon",
        "coordinates": [
          [
            [
              1868.52,
              1243.04
            ],
            [
              1874.52,
              1243.04
            ],
            [
              1874.52,
              1251.04
            ],
            [
              1868.52,
              1251.04
            ],
            [
              1868.52,
              1243.04
            ]
          ]
        ]
      }
    },
    {
      "type": "Feature",
      "properties": {
        "id": "M-04-04-3",
        "name": "食材与熟食棚 4·南翼",
        "zone": "市集区",
        "kind": "building",
        "footprint": 48,
        "description": "学生食材、熟食与餐食供应。",
        "frontageRoad": "M-P01B",
        "layer": "buildings",
        "sourceV011Id": "M-04-04",
        "expansionMode": "v0.11-quad-complex",
        "complexWing": 3
      },
      "geometry": {
        "type": "Polygon",
        "coordinates": [
          [
            [
              1868.52,
              1251.04
            ],
            [
              1874.52,
              1251.04
            ],
            [
              1874.52,
              1259.04
            ],
            [
              1868.52,
              1259.04
            ],
            [
              1868.52,
              1251.04
            ]
          ]
        ]
      }
    },
    {
      "type": "Feature",
      "properties": {
        "id": "M-04-04-4",
        "name": "食材与熟食棚 4·西翼",
        "zone": "市集区",
        "kind": "building",
        "footprint": 48,
        "description": "学生食材、熟食与餐食供应。",
        "frontageRoad": "M-P01B",
        "layer": "buildings",
        "sourceV011Id": "M-04-04",
        "expansionMode": "v0.11-quad-complex",
        "complexWing": 4
      },
      "geometry": {
        "type": "Polygon",
        "coordinates": [
          [
            [
              1862.52,
              1251.04
            ],
            [
              1868.52,
              1251.04
            ],
            [
              1868.52,
              1259.04
            ],
            [
              1862.52,
              1259.04
            ],
            [
              1862.52,
              1251.04
            ]
          ]
        ]
      }
    },
    {
      "type": "Feature",
      "properties": {
        "id": "M-04-05-1",
        "name": "食材与熟食棚 5·北翼",
        "zone": "市集区",
        "kind": "building",
        "footprint": 48,
        "description": "学生食材、熟食与餐食供应。",
        "frontageRoad": "M-P01B",
        "layer": "buildings",
        "sourceV011Id": "M-04-05",
        "expansionMode": "v0.11-quad-complex",
        "complexWing": 1
      },
      "geometry": {
        "type": "Polygon",
        "coordinates": [
          [
            [
              1888,
              1243.04
            ],
            [
              1894,
              1243.04
            ],
            [
              1894,
              1251.04
            ],
            [
              1888,
              1251.04
            ],
            [
              1888,
              1243.04
            ]
          ]
        ]
      }
    },
    {
      "type": "Feature",
      "properties": {
        "id": "M-04-05-2",
        "name": "食材与熟食棚 5·东翼",
        "zone": "市集区",
        "kind": "building",
        "footprint": 48,
        "description": "学生食材、熟食与餐食供应。",
        "frontageRoad": "M-P01B",
        "layer": "buildings",
        "sourceV011Id": "M-04-05",
        "expansionMode": "v0.11-quad-complex",
        "complexWing": 2
      },
      "geometry": {
        "type": "Polygon",
        "coordinates": [
          [
            [
              1894,
              1243.04
            ],
            [
              1900,
              1243.04
            ],
            [
              1900,
              1251.04
            ],
            [
              1894,
              1251.04
            ],
            [
              1894,
              1243.04
            ]
          ]
        ]
      }
    },
    {
      "type": "Feature",
      "properties": {
        "id": "M-04-05-3",
        "name": "食材与熟食棚 5·南翼",
        "zone": "市集区",
        "kind": "building",
        "footprint": 48,
        "description": "学生食材、熟食与餐食供应。",
        "frontageRoad": "M-P01B",
        "layer": "buildings",
        "sourceV011Id": "M-04-05",
        "expansionMode": "v0.11-quad-complex",
        "complexWing": 3
      },
      "geometry": {
        "type": "Polygon",
        "coordinates": [
          [
            [
              1894,
              1251.04
            ],
            [
              1900,
              1251.04
            ],
            [
              1900,
              1259.04
            ],
            [
              1894,
              1259.04
            ],
            [
              1894,
              1251.04
            ]
          ]
        ]
      }
    },
    {
      "type": "Feature",
      "properties": {
        "id": "M-04-05-4",
        "name": "食材与熟食棚 5·西翼",
        "zone": "市集区",
        "kind": "building",
        "footprint": 48,
        "description": "学生食材、熟食与餐食供应。",
        "frontageRoad": "M-P01B",
        "layer": "buildings",
        "sourceV011Id": "M-04-05",
        "expansionMode": "v0.11-quad-complex",
        "complexWing": 4
      },
      "geometry": {
        "type": "Polygon",
        "coordinates": [
          [
            [
              1888,
              1251.04
            ],
            [
              1894,
              1251.04
            ],
            [
              1894,
              1259.04
            ],
            [
              1888,
              1259.04
            ],
            [
              1888,
              1251.04
            ]
          ]
        ]
      }
    },
    {
      "type": "Feature",
      "properties": {
        "id": "M-04-06-1",
        "name": "食材与熟食棚 6·北翼",
        "zone": "市集区",
        "kind": "building",
        "footprint": 48,
        "description": "学生食材、熟食与餐食供应。",
        "frontageRoad": "M-P01B",
        "layer": "buildings",
        "sourceV011Id": "M-04-06",
        "expansionMode": "v0.11-quad-complex",
        "complexWing": 1
      },
      "geometry": {
        "type": "Polygon",
        "coordinates": [
          [
            [
              1913.48,
              1243.04
            ],
            [
              1919.48,
              1243.04
            ],
            [
              1919.48,
              1251.04
            ],
            [
              1913.48,
              1251.04
            ],
            [
              1913.48,
              1243.04
            ]
          ]
        ]
      }
    },
    {
      "type": "Feature",
      "properties": {
        "id": "M-04-06-2",
        "name": "食材与熟食棚 6·东翼",
        "zone": "市集区",
        "kind": "building",
        "footprint": 48,
        "description": "学生食材、熟食与餐食供应。",
        "frontageRoad": "M-P01B",
        "layer": "buildings",
        "sourceV011Id": "M-04-06",
        "expansionMode": "v0.11-quad-complex",
        "complexWing": 2
      },
      "geometry": {
        "type": "Polygon",
        "coordinates": [
          [
            [
              1919.48,
              1243.04
            ],
            [
              1925.48,
              1243.04
            ],
            [
              1925.48,
              1251.04
            ],
            [
              1919.48,
              1251.04
            ],
            [
              1919.48,
              1243.04
            ]
          ]
        ]
      }
    },
    {
      "type": "Feature",
      "properties": {
        "id": "M-04-06-3",
        "name": "食材与熟食棚 6·南翼",
        "zone": "市集区",
        "kind": "building",
        "footprint": 48,
        "description": "学生食材、熟食与餐食供应。",
        "frontageRoad": "M-P01B",
        "layer": "buildings",
        "sourceV011Id": "M-04-06",
        "expansionMode": "v0.11-quad-complex",
        "complexWing": 3
      },
      "geometry": {
        "type": "Polygon",
        "coordinates": [
          [
            [
              1919.48,
              1251.04
            ],
            [
              1925.48,
              1251.04
            ],
            [
              1925.48,
              1259.04
            ],
            [
              1919.48,
              1259.04
            ],
            [
              1919.48,
              1251.04
            ]
          ]
        ]
      }
    },
    {
      "type": "Feature",
      "properties": {
        "id": "M-04-06-4",
        "name": "食材与熟食棚 6·西翼",
        "zone": "市集区",
        "kind": "building",
        "footprint": 48,
        "description": "学生食材、熟食与餐食供应。",
        "frontageRoad": "M-P01B",
        "layer": "buildings",
        "sourceV011Id": "M-04-06",
        "expansionMode": "v0.11-quad-complex",
        "complexWing": 4
      },
      "geometry": {
        "type": "Polygon",
        "coordinates": [
          [
            [
              1913.48,
              1251.04
            ],
            [
              1919.48,
              1251.04
            ],
            [
              1919.48,
              1259.04
            ],
            [
              1913.48,
              1259.04
            ],
            [
              1913.48,
              1251.04
            ]
          ]
        ]
      }
    },
    {
      "type": "Feature",
      "properties": {
        "id": "M-04-07-1",
        "name": "食材与熟食棚 7·北翼",
        "zone": "市集区",
        "kind": "building",
        "footprint": 48,
        "description": "学生食材、熟食与餐食供应。",
        "frontageRoad": "M-P02",
        "layer": "buildings",
        "sourceV011Id": "M-04-07",
        "expansionMode": "v0.11-quad-complex",
        "complexWing": 1
      },
      "geometry": {
        "type": "Polygon",
        "coordinates": [
          [
            [
              1786.08,
              1290.08
            ],
            [
              1792.08,
              1290.08
            ],
            [
              1792.08,
              1298.08
            ],
            [
              1786.08,
              1298.08
            ],
            [
              1786.08,
              1290.08
            ]
          ]
        ]
      }
    },
    {
      "type": "Feature",
      "properties": {
        "id": "M-04-07-2",
        "name": "食材与熟食棚 7·东翼",
        "zone": "市集区",
        "kind": "building",
        "footprint": 48,
        "description": "学生食材、熟食与餐食供应。",
        "frontageRoad": "M-P02",
        "layer": "buildings",
        "sourceV011Id": "M-04-07",
        "expansionMode": "v0.11-quad-complex",
        "complexWing": 2
      },
      "geometry": {
        "type": "Polygon",
        "coordinates": [
          [
            [
              1792.08,
              1290.08
            ],
            [
              1798.08,
              1290.08
            ],
            [
              1798.08,
              1298.08
            ],
            [
              1792.08,
              1298.08
            ],
            [
              1792.08,
              1290.08
            ]
          ]
        ]
      }
    },
    {
      "type": "Feature",
      "properties": {
        "id": "M-04-07-3",
        "name": "食材与熟食棚 7·南翼",
        "zone": "市集区",
        "kind": "building",
        "footprint": 48,
        "description": "学生食材、熟食与餐食供应。",
        "frontageRoad": "M-P02",
        "layer": "buildings",
        "sourceV011Id": "M-04-07",
        "expansionMode": "v0.11-quad-complex",
        "complexWing": 3
      },
      "geometry": {
        "type": "Polygon",
        "coordinates": [
          [
            [
              1792.08,
              1298.08
            ],
            [
              1798.08,
              1298.08
            ],
            [
              1798.08,
              1306.08
            ],
            [
              1792.08,
              1306.08
            ],
            [
              1792.08,
              1298.08
            ]
          ]
        ]
      }
    },
    {
      "type": "Feature",
      "properties": {
        "id": "M-04-07-4",
        "name": "食材与熟食棚 7·西翼",
        "zone": "市集区",
        "kind": "building",
        "footprint": 48,
        "description": "学生食材、熟食与餐食供应。",
        "frontageRoad": "M-P02",
        "layer": "buildings",
        "sourceV011Id": "M-04-07",
        "expansionMode": "v0.11-quad-complex",
        "complexWing": 4
      },
      "geometry": {
        "type": "Polygon",
        "coordinates": [
          [
            [
              1786.08,
              1298.08
            ],
            [
              1792.08,
              1298.08
            ],
            [
              1792.08,
              1306.08
            ],
            [
              1786.08,
              1306.08
            ],
            [
              1786.08,
              1298.08
            ]
          ]
        ]
      }
    },
    {
      "type": "Feature",
      "properties": {
        "id": "M-04-08-1",
        "name": "食材与熟食棚 8·北翼",
        "zone": "市集区",
        "kind": "building",
        "footprint": 48,
        "description": "学生食材、熟食与餐食供应。",
        "frontageRoad": "M-P02",
        "layer": "buildings",
        "sourceV011Id": "M-04-08",
        "expansionMode": "v0.11-quad-complex",
        "complexWing": 1
      },
      "geometry": {
        "type": "Polygon",
        "coordinates": [
          [
            [
              1811.56,
              1290.08
            ],
            [
              1817.56,
              1290.08
            ],
            [
              1817.56,
              1298.08
            ],
            [
              1811.56,
              1298.08
            ],
            [
              1811.56,
              1290.08
            ]
          ]
        ]
      }
    },
    {
      "type": "Feature",
      "properties": {
        "id": "M-04-08-2",
        "name": "食材与熟食棚 8·东翼",
        "zone": "市集区",
        "kind": "building",
        "footprint": 48,
        "description": "学生食材、熟食与餐食供应。",
        "frontageRoad": "M-P02",
        "layer": "buildings",
        "sourceV011Id": "M-04-08",
        "expansionMode": "v0.11-quad-complex",
        "complexWing": 2
      },
      "geometry": {
        "type": "Polygon",
        "coordinates": [
          [
            [
              1817.56,
              1290.08
            ],
            [
              1823.56,
              1290.08
            ],
            [
              1823.56,
              1298.08
            ],
            [
              1817.56,
              1298.08
            ],
            [
              1817.56,
              1290.08
            ]
          ]
        ]
      }
    },
    {
      "type": "Feature",
      "properties": {
        "id": "M-04-08-3",
        "name": "食材与熟食棚 8·南翼",
        "zone": "市集区",
        "kind": "building",
        "footprint": 48,
        "description": "学生食材、熟食与餐食供应。",
        "frontageRoad": "M-P02",
        "layer": "buildings",
        "sourceV011Id": "M-04-08",
        "expansionMode": "v0.11-quad-complex",
        "complexWing": 3
      },
      "geometry": {
        "type": "Polygon",
        "coordinates": [
          [
            [
              1817.56,
              1298.08
            ],
            [
              1823.56,
              1298.08
            ],
            [
              1823.56,
              1306.08
            ],
            [
              1817.56,
              1306.08
            ],
            [
              1817.56,
              1298.08
            ]
          ]
        ]
      }
    },
    {
      "type": "Feature",
      "properties": {
        "id": "M-04-08-4",
        "name": "食材与熟食棚 8·西翼",
        "zone": "市集区",
        "kind": "building",
        "footprint": 48,
        "description": "学生食材、熟食与餐食供应。",
        "frontageRoad": "M-P02",
        "layer": "buildings",
        "sourceV011Id": "M-04-08",
        "expansionMode": "v0.11-quad-complex",
        "complexWing": 4
      },
      "geometry": {
        "type": "Polygon",
        "coordinates": [
          [
            [
              1811.56,
              1298.08
            ],
            [
              1817.56,
              1298.08
            ],
            [
              1817.56,
              1306.08
            ],
            [
              1811.56,
              1306.08
            ],
            [
              1811.56,
              1298.08
            ]
          ]
        ]
      }
    },
    {
      "type": "Feature",
      "properties": {
        "id": "M-04-09-1",
        "name": "食材与熟食棚 9·北翼",
        "zone": "市集区",
        "kind": "building",
        "footprint": 48,
        "description": "学生食材、熟食与餐食供应。",
        "frontageRoad": "M-P02",
        "layer": "buildings",
        "sourceV011Id": "M-04-09",
        "expansionMode": "v0.11-quad-complex",
        "complexWing": 1
      },
      "geometry": {
        "type": "Polygon",
        "coordinates": [
          [
            [
              1837.04,
              1290.08
            ],
            [
              1843.04,
              1290.08
            ],
            [
              1843.04,
              1298.08
            ],
            [
              1837.04,
              1298.08
            ],
            [
              1837.04,
              1290.08
            ]
          ]
        ]
      }
    },
    {
      "type": "Feature",
      "properties": {
        "id": "M-04-09-2",
        "name": "食材与熟食棚 9·东翼",
        "zone": "市集区",
        "kind": "building",
        "footprint": 48,
        "description": "学生食材、熟食与餐食供应。",
        "frontageRoad": "M-P02",
        "layer": "buildings",
        "sourceV011Id": "M-04-09",
        "expansionMode": "v0.11-quad-complex",
        "complexWing": 2
      },
      "geometry": {
        "type": "Polygon",
        "coordinates": [
          [
            [
              1843.04,
              1290.08
            ],
            [
              1849.04,
              1290.08
            ],
            [
              1849.04,
              1298.08
            ],
            [
              1843.04,
              1298.08
            ],
            [
              1843.04,
              1290.08
            ]
          ]
        ]
      }
    },
    {
      "type": "Feature",
      "properties": {
        "id": "M-04-09-3",
        "name": "食材与熟食棚 9·南翼",
        "zone": "市集区",
        "kind": "building",
        "footprint": 48,
        "description": "学生食材、熟食与餐食供应。",
        "frontageRoad": "M-P02",
        "layer": "buildings",
        "sourceV011Id": "M-04-09",
        "expansionMode": "v0.11-quad-complex",
        "complexWing": 3
      },
      "geometry": {
        "type": "Polygon",
        "coordinates": [
          [
            [
              1843.04,
              1298.08
            ],
            [
              1849.04,
              1298.08
            ],
            [
              1849.04,
              1306.08
            ],
            [
              1843.04,
              1306.08
            ],
            [
              1843.04,
              1298.08
            ]
          ]
        ]
      }
    },
    {
      "type": "Feature",
      "properties": {
        "id": "M-04-09-4",
        "name": "食材与熟食棚 9·西翼",
        "zone": "市集区",
        "kind": "building",
        "footprint": 48,
        "description": "学生食材、熟食与餐食供应。",
        "frontageRoad": "M-P02",
        "layer": "buildings",
        "sourceV011Id": "M-04-09",
        "expansionMode": "v0.11-quad-complex",
        "complexWing": 4
      },
      "geometry": {
        "type": "Polygon",
        "coordinates": [
          [
            [
              1837.04,
              1298.08
            ],
            [
              1843.04,
              1298.08
            ],
            [
              1843.04,
              1306.08
            ],
            [
              1837.04,
              1306.08
            ],
            [
              1837.04,
              1298.08
            ]
          ]
        ]
      }
    },
    {
      "type": "Feature",
      "properties": {
        "id": "M-04-10-1",
        "name": "食材与熟食棚 10·北翼",
        "zone": "市集区",
        "kind": "building",
        "footprint": 48,
        "description": "学生食材、熟食与餐食供应。",
        "frontageRoad": "M-P02",
        "layer": "buildings",
        "sourceV011Id": "M-04-10",
        "expansionMode": "v0.11-quad-complex",
        "complexWing": 1
      },
      "geometry": {
        "type": "Polygon",
        "coordinates": [
          [
            [
              1862.52,
              1290.08
            ],
            [
              1868.52,
              1290.08
            ],
            [
              1868.52,
              1298.08
            ],
            [
              1862.52,
              1298.08
            ],
            [
              1862.52,
              1290.08
            ]
          ]
        ]
      }
    },
    {
      "type": "Feature",
      "properties": {
        "id": "M-04-10-2",
        "name": "食材与熟食棚 10·东翼",
        "zone": "市集区",
        "kind": "building",
        "footprint": 48,
        "description": "学生食材、熟食与餐食供应。",
        "frontageRoad": "M-P02",
        "layer": "buildings",
        "sourceV011Id": "M-04-10",
        "expansionMode": "v0.11-quad-complex",
        "complexWing": 2
      },
      "geometry": {
        "type": "Polygon",
        "coordinates": [
          [
            [
              1868.52,
              1290.08
            ],
            [
              1874.52,
              1290.08
            ],
            [
              1874.52,
              1298.08
            ],
            [
              1868.52,
              1298.08
            ],
            [
              1868.52,
              1290.08
            ]
          ]
        ]
      }
    },
    {
      "type": "Feature",
      "properties": {
        "id": "M-04-10-3",
        "name": "食材与熟食棚 10·南翼",
        "zone": "市集区",
        "kind": "building",
        "footprint": 48,
        "description": "学生食材、熟食与餐食供应。",
        "frontageRoad": "M-P02",
        "layer": "buildings",
        "sourceV011Id": "M-04-10",
        "expansionMode": "v0.11-quad-complex",
        "complexWing": 3
      },
      "geometry": {
        "type": "Polygon",
        "coordinates": [
          [
            [
              1868.52,
              1298.08
            ],
            [
              1874.52,
              1298.08
            ],
            [
              1874.52,
              1306.08
            ],
            [
              1868.52,
              1306.08
            ],
            [
              1868.52,
              1298.08
            ]
          ]
        ]
      }
    },
    {
      "type": "Feature",
      "properties": {
        "id": "M-04-10-4",
        "name": "食材与熟食棚 10·西翼",
        "zone": "市集区",
        "kind": "building",
        "footprint": 48,
        "description": "学生食材、熟食与餐食供应。",
        "frontageRoad": "M-P02",
        "layer": "buildings",
        "sourceV011Id": "M-04-10",
        "expansionMode": "v0.11-quad-complex",
        "complexWing": 4
      },
      "geometry": {
        "type": "Polygon",
        "coordinates": [
          [
            [
              1862.52,
              1298.08
            ],
            [
              1868.52,
              1298.08
            ],
            [
              1868.52,
              1306.08
            ],
            [
              1862.52,
              1306.08
            ],
            [
              1862.52,
              1298.08
            ]
          ]
        ]
      }
    },
    {
      "type": "Feature",
      "properties": {
        "id": "M-04-11-1",
        "name": "食材与熟食棚 11·北翼",
        "zone": "市集区",
        "kind": "building",
        "footprint": 48,
        "description": "学生食材、熟食与餐食供应。",
        "frontageRoad": "M-P02",
        "layer": "buildings",
        "sourceV011Id": "M-04-11",
        "expansionMode": "v0.11-quad-complex",
        "complexWing": 1
      },
      "geometry": {
        "type": "Polygon",
        "coordinates": [
          [
            [
              1888,
              1290.08
            ],
            [
              1894,
              1290.08
            ],
            [
              1894,
              1298.08
            ],
            [
              1888,
              1298.08
            ],
            [
              1888,
              1290.08
            ]
          ]
        ]
      }
    },
    {
      "type": "Feature",
      "properties": {
        "id": "M-04-11-2",
        "name": "食材与熟食棚 11·东翼",
        "zone": "市集区",
        "kind": "building",
        "footprint": 48,
        "description": "学生食材、熟食与餐食供应。",
        "frontageRoad": "M-P02",
        "layer": "buildings",
        "sourceV011Id": "M-04-11",
        "expansionMode": "v0.11-quad-complex",
        "complexWing": 2
      },
      "geometry": {
        "type": "Polygon",
        "coordinates": [
          [
            [
              1894,
              1290.08
            ],
            [
              1900,
              1290.08
            ],
            [
              1900,
              1298.08
            ],
            [
              1894,
              1298.08
            ],
            [
              1894,
              1290.08
            ]
          ]
        ]
      }
    },
    {
      "type": "Feature",
      "properties": {
        "id": "M-04-11-3",
        "name": "食材与熟食棚 11·南翼",
        "zone": "市集区",
        "kind": "building",
        "footprint": 48,
        "description": "学生食材、熟食与餐食供应。",
        "frontageRoad": "M-P02",
        "layer": "buildings",
        "sourceV011Id": "M-04-11",
        "expansionMode": "v0.11-quad-complex",
        "complexWing": 3
      },
      "geometry": {
        "type": "Polygon",
        "coordinates": [
          [
            [
              1894,
              1298.08
            ],
            [
              1900,
              1298.08
            ],
            [
              1900,
              1306.08
            ],
            [
              1894,
              1306.08
            ],
            [
              1894,
              1298.08
            ]
          ]
        ]
      }
    },
    {
      "type": "Feature",
      "properties": {
        "id": "M-04-11-4",
        "name": "食材与熟食棚 11·西翼",
        "zone": "市集区",
        "kind": "building",
        "footprint": 48,
        "description": "学生食材、熟食与餐食供应。",
        "frontageRoad": "M-P02",
        "layer": "buildings",
        "sourceV011Id": "M-04-11",
        "expansionMode": "v0.11-quad-complex",
        "complexWing": 4
      },
      "geometry": {
        "type": "Polygon",
        "coordinates": [
          [
            [
              1888,
              1298.08
            ],
            [
              1894,
              1298.08
            ],
            [
              1894,
              1306.08
            ],
            [
              1888,
              1306.08
            ],
            [
              1888,
              1298.08
            ]
          ]
        ]
      }
    },
    {
      "type": "Feature",
      "properties": {
        "id": "M-04-12-1",
        "name": "食材与熟食棚 12·北翼",
        "zone": "市集区",
        "kind": "building",
        "footprint": 48,
        "description": "学生食材、熟食与餐食供应。",
        "frontageRoad": "M-P02",
        "layer": "buildings",
        "sourceV011Id": "M-04-12",
        "expansionMode": "v0.11-quad-complex",
        "complexWing": 1
      },
      "geometry": {
        "type": "Polygon",
        "coordinates": [
          [
            [
              1913.48,
              1290.08
            ],
            [
              1919.48,
              1290.08
            ],
            [
              1919.48,
              1298.08
            ],
            [
              1913.48,
              1298.08
            ],
            [
              1913.48,
              1290.08
            ]
          ]
        ]
      }
    },
    {
      "type": "Feature",
      "properties": {
        "id": "M-04-12-2",
        "name": "食材与熟食棚 12·东翼",
        "zone": "市集区",
        "kind": "building",
        "footprint": 48,
        "description": "学生食材、熟食与餐食供应。",
        "frontageRoad": "M-P02",
        "layer": "buildings",
        "sourceV011Id": "M-04-12",
        "expansionMode": "v0.11-quad-complex",
        "complexWing": 2
      },
      "geometry": {
        "type": "Polygon",
        "coordinates": [
          [
            [
              1919.48,
              1290.08
            ],
            [
              1925.48,
              1290.08
            ],
            [
              1925.48,
              1298.08
            ],
            [
              1919.48,
              1298.08
            ],
            [
              1919.48,
              1290.08
            ]
          ]
        ]
      }
    },
    {
      "type": "Feature",
      "properties": {
        "id": "M-04-12-3",
        "name": "食材与熟食棚 12·南翼",
        "zone": "市集区",
        "kind": "building",
        "footprint": 48,
        "description": "学生食材、熟食与餐食供应。",
        "frontageRoad": "M-P02",
        "layer": "buildings",
        "sourceV011Id": "M-04-12",
        "expansionMode": "v0.11-quad-complex",
        "complexWing": 3
      },
      "geometry": {
        "type": "Polygon",
        "coordinates": [
          [
            [
              1919.48,
              1298.08
            ],
            [
              1925.48,
              1298.08
            ],
            [
              1925.48,
              1306.08
            ],
            [
              1919.48,
              1306.08
            ],
            [
              1919.48,
              1298.08
            ]
          ]
        ]
      }
    },
    {
      "type": "Feature",
      "properties": {
        "id": "M-04-12-4",
        "name": "食材与熟食棚 12·西翼",
        "zone": "市集区",
        "kind": "building",
        "footprint": 48,
        "description": "学生食材、熟食与餐食供应。",
        "frontageRoad": "M-P02",
        "layer": "buildings",
        "sourceV011Id": "M-04-12",
        "expansionMode": "v0.11-quad-complex",
        "complexWing": 4
      },
      "geometry": {
        "type": "Polygon",
        "coordinates": [
          [
            [
              1913.48,
              1298.08
            ],
            [
              1919.48,
              1298.08
            ],
            [
              1919.48,
              1306.08
            ],
            [
              1913.48,
              1306.08
            ],
            [
              1913.48,
              1298.08
            ]
          ]
        ]
      }
    },
    {
      "type": "Feature",
      "properties": {
        "id": "T-10-1",
        "name": "西侧基础教室·北翼",
        "zone": "教学区",
        "kind": "building",
        "footprint": 1500,
        "description": "补充共同底座课程与临时分班教学。",
        "frontageRoad": "T-P05",
        "layer": "buildings",
        "sourceV011Id": "T-10",
        "expansionMode": "v0.11-quad-complex",
        "complexWing": 1
      },
      "geometry": {
        "type": "Polygon",
        "coordinates": [
          [
            [
              70.2,
              615.4
            ],
            [
              120.2,
              615.4
            ],
            [
              120.2,
              645.4
            ],
            [
              70.2,
              645.4
            ],
            [
              70.2,
              615.4
            ]
          ]
        ]
      }
    },
    {
      "type": "Feature",
      "properties": {
        "id": "T-10-2",
        "name": "西侧基础教室·东翼",
        "zone": "教学区",
        "kind": "building",
        "footprint": 1500,
        "description": "补充共同底座课程与临时分班教学。",
        "frontageRoad": "T-P05",
        "layer": "buildings",
        "sourceV011Id": "T-10",
        "expansionMode": "v0.11-quad-complex",
        "complexWing": 2
      },
      "geometry": {
        "type": "Polygon",
        "coordinates": [
          [
            [
              120.2,
              615.4
            ],
            [
              170.2,
              615.4
            ],
            [
              170.2,
              645.4
            ],
            [
              120.2,
              645.4
            ],
            [
              120.2,
              615.4
            ]
          ]
        ]
      }
    },
    {
      "type": "Feature",
      "properties": {
        "id": "T-10-3",
        "name": "西侧基础教室·南翼",
        "zone": "教学区",
        "kind": "building",
        "footprint": 1500,
        "description": "补充共同底座课程与临时分班教学。",
        "frontageRoad": "T-P05",
        "layer": "buildings",
        "sourceV011Id": "T-10",
        "expansionMode": "v0.11-quad-complex",
        "complexWing": 3
      },
      "geometry": {
        "type": "Polygon",
        "coordinates": [
          [
            [
              120.2,
              645.4
            ],
            [
              170.2,
              645.4
            ],
            [
              170.2,
              675.4
            ],
            [
              120.2,
              675.4
            ],
            [
              120.2,
              645.4
            ]
          ]
        ]
      }
    },
    {
      "type": "Feature",
      "properties": {
        "id": "T-10-4",
        "name": "西侧基础教室·西翼",
        "zone": "教学区",
        "kind": "building",
        "footprint": 1500,
        "description": "补充共同底座课程与临时分班教学。",
        "frontageRoad": "T-P05",
        "layer": "buildings",
        "sourceV011Id": "T-10",
        "expansionMode": "v0.11-quad-complex",
        "complexWing": 4
      },
      "geometry": {
        "type": "Polygon",
        "coordinates": [
          [
            [
              70.2,
              645.4
            ],
            [
              120.2,
              645.4
            ],
            [
              120.2,
              675.4
            ],
            [
              70.2,
              675.4
            ],
            [
              70.2,
              645.4
            ]
          ]
        ]
      }
    },
    {
      "type": "Feature",
      "properties": {
        "id": "T-11-1",
        "name": "语言与社会讲堂·北翼",
        "zone": "教学区",
        "kind": "building",
        "footprint": 2160,
        "description": "语言、社会制度、公共伦理与跨国交往课程。",
        "frontageRoad": "T-P01",
        "layer": "buildings",
        "sourceV011Id": "T-11",
        "expansionMode": "v0.11-quad-complex",
        "complexWing": 1
      },
      "geometry": {
        "type": "Polygon",
        "coordinates": [
          [
            [
              383.6,
              615.28
            ],
            [
              443.6,
              615.28
            ],
            [
              443.6,
              651.28
            ],
            [
              383.6,
              651.28
            ],
            [
              383.6,
              615.28
            ]
          ]
        ]
      }
    },
    {
      "type": "Feature",
      "properties": {
        "id": "T-11-2",
        "name": "语言与社会讲堂·东翼",
        "zone": "教学区",
        "kind": "building",
        "footprint": 2160,
        "description": "语言、社会制度、公共伦理与跨国交往课程。",
        "frontageRoad": "T-P01",
        "layer": "buildings",
        "sourceV011Id": "T-11",
        "expansionMode": "v0.11-quad-complex",
        "complexWing": 2
      },
      "geometry": {
        "type": "Polygon",
        "coordinates": [
          [
            [
              443.6,
              615.28
            ],
            [
              503.6,
              615.28
            ],
            [
              503.6,
              651.28
            ],
            [
              443.6,
              651.28
            ],
            [
              443.6,
              615.28
            ]
          ]
        ]
      }
    },
    {
      "type": "Feature",
      "properties": {
        "id": "T-11-3",
        "name": "语言与社会讲堂·南翼",
        "zone": "教学区",
        "kind": "building",
        "footprint": 2160,
        "description": "语言、社会制度、公共伦理与跨国交往课程。",
        "frontageRoad": "T-P01",
        "layer": "buildings",
        "sourceV011Id": "T-11",
        "expansionMode": "v0.11-quad-complex",
        "complexWing": 3
      },
      "geometry": {
        "type": "Polygon",
        "coordinates": [
          [
            [
              443.6,
              651.28
            ],
            [
              503.6,
              651.28
            ],
            [
              503.6,
              687.28
            ],
            [
              443.6,
              687.28
            ],
            [
              443.6,
              651.28
            ]
          ]
        ]
      }
    },
    {
      "type": "Feature",
      "properties": {
        "id": "T-11-4",
        "name": "语言与社会讲堂·西翼",
        "zone": "教学区",
        "kind": "building",
        "footprint": 2160,
        "description": "语言、社会制度、公共伦理与跨国交往课程。",
        "frontageRoad": "T-P01",
        "layer": "buildings",
        "sourceV011Id": "T-11",
        "expansionMode": "v0.11-quad-complex",
        "complexWing": 4
      },
      "geometry": {
        "type": "Polygon",
        "coordinates": [
          [
            [
              383.6,
              651.28
            ],
            [
              443.6,
              651.28
            ],
            [
              443.6,
              687.28
            ],
            [
              383.6,
              687.28
            ],
            [
              383.6,
              651.28
            ]
          ]
        ]
      }
    },
    {
      "type": "Feature",
      "properties": {
        "id": "T-12-1",
        "name": "度量与记录教室·北翼",
        "zone": "教学区",
        "kind": "building",
        "footprint": 2520,
        "description": "基础测量、记录规范、地图识读与现场报告训练。",
        "frontageRoad": "R-01",
        "layer": "buildings",
        "sourceV011Id": "T-12",
        "expansionMode": "v0.11-quad-complex",
        "complexWing": 1
      },
      "geometry": {
        "type": "Polygon",
        "coordinates": [
          [
            [
              442.16,
              409.5
            ],
            [
              514.16,
              409.5
            ],
            [
              514.16,
              444.5
            ],
            [
              442.16,
              444.5
            ],
            [
              442.16,
              409.5
            ]
          ]
        ]
      }
    },
    {
      "type": "Feature",
      "properties": {
        "id": "T-12-2",
        "name": "度量与记录教室·东翼",
        "zone": "教学区",
        "kind": "building",
        "footprint": 2520,
        "description": "基础测量、记录规范、地图识读与现场报告训练。",
        "frontageRoad": "R-01",
        "layer": "buildings",
        "sourceV011Id": "T-12",
        "expansionMode": "v0.11-quad-complex",
        "complexWing": 2
      },
      "geometry": {
        "type": "Polygon",
        "coordinates": [
          [
            [
              514.16,
              409.5
            ],
            [
              586.16,
              409.5
            ],
            [
              586.16,
              444.5
            ],
            [
              514.16,
              444.5
            ],
            [
              514.16,
              409.5
            ]
          ]
        ]
      }
    },
    {
      "type": "Feature",
      "properties": {
        "id": "T-12-3",
        "name": "度量与记录教室·南翼",
        "zone": "教学区",
        "kind": "building",
        "footprint": 2520,
        "description": "基础测量、记录规范、地图识读与现场报告训练。",
        "frontageRoad": "R-01",
        "layer": "buildings",
        "sourceV011Id": "T-12",
        "expansionMode": "v0.11-quad-complex",
        "complexWing": 3
      },
      "geometry": {
        "type": "Polygon",
        "coordinates": [
          [
            [
              514.16,
              444.5
            ],
            [
              586.16,
              444.5
            ],
            [
              586.16,
              479.5
            ],
            [
              514.16,
              479.5
            ],
            [
              514.16,
              444.5
            ]
          ]
        ]
      }
    },
    {
      "type": "Feature",
      "properties": {
        "id": "T-12-4",
        "name": "度量与记录教室·西翼",
        "zone": "教学区",
        "kind": "building",
        "footprint": 2520,
        "description": "基础测量、记录规范、地图识读与现场报告训练。",
        "frontageRoad": "R-01",
        "layer": "buildings",
        "sourceV011Id": "T-12",
        "expansionMode": "v0.11-quad-complex",
        "complexWing": 4
      },
      "geometry": {
        "type": "Polygon",
        "coordinates": [
          [
            [
              442.16,
              444.5
            ],
            [
              514.16,
              444.5
            ],
            [
              514.16,
              479.5
            ],
            [
              442.16,
              479.5
            ],
            [
              442.16,
              444.5
            ]
          ]
        ]
      }
    },
    {
      "type": "Feature",
      "properties": {
        "id": "C-08-1",
        "name": "学生邮政与通信屋·北翼",
        "zone": "中庭区",
        "kind": "building",
        "footprint": 936,
        "description": "校内信件、公开通信、包裹登记与失物转交。",
        "frontageRoad": "C-P01",
        "layer": "buildings",
        "sourceV011Id": "C-08",
        "expansionMode": "v0.11-quad-complex",
        "complexWing": 1
      },
      "geometry": {
        "type": "Polygon",
        "coordinates": [
          [
            [
              1305.28,
              311.68
            ],
            [
              1341.28,
              311.68
            ],
            [
              1341.28,
              337.68
            ],
            [
              1305.28,
              337.68
            ],
            [
              1305.28,
              311.68
            ]
          ]
        ]
      }
    },
    {
      "type": "Feature",
      "properties": {
        "id": "C-08-2",
        "name": "学生邮政与通信屋·东翼",
        "zone": "中庭区",
        "kind": "building",
        "footprint": 936,
        "description": "校内信件、公开通信、包裹登记与失物转交。",
        "frontageRoad": "C-P01",
        "layer": "buildings",
        "sourceV011Id": "C-08",
        "expansionMode": "v0.11-quad-complex",
        "complexWing": 2
      },
      "geometry": {
        "type": "Polygon",
        "coordinates": [
          [
            [
              1341.28,
              311.68
            ],
            [
              1377.28,
              311.68
            ],
            [
              1377.28,
              337.68
            ],
            [
              1341.28,
              337.68
            ],
            [
              1341.28,
              311.68
            ]
          ]
        ]
      }
    },
    {
      "type": "Feature",
      "properties": {
        "id": "C-08-3",
        "name": "学生邮政与通信屋·南翼",
        "zone": "中庭区",
        "kind": "building",
        "footprint": 936,
        "description": "校内信件、公开通信、包裹登记与失物转交。",
        "frontageRoad": "C-P01",
        "layer": "buildings",
        "sourceV011Id": "C-08",
        "expansionMode": "v0.11-quad-complex",
        "complexWing": 3
      },
      "geometry": {
        "type": "Polygon",
        "coordinates": [
          [
            [
              1341.28,
              337.68
            ],
            [
              1377.28,
              337.68
            ],
            [
              1377.28,
              363.68
            ],
            [
              1341.28,
              363.68
            ],
            [
              1341.28,
              337.68
            ]
          ]
        ]
      }
    },
    {
      "type": "Feature",
      "properties": {
        "id": "C-08-4",
        "name": "学生邮政与通信屋·西翼",
        "zone": "中庭区",
        "kind": "building",
        "footprint": 936,
        "description": "校内信件、公开通信、包裹登记与失物转交。",
        "frontageRoad": "C-P01",
        "layer": "buildings",
        "sourceV011Id": "C-08",
        "expansionMode": "v0.11-quad-complex",
        "complexWing": 4
      },
      "geometry": {
        "type": "Polygon",
        "coordinates": [
          [
            [
              1305.28,
              337.68
            ],
            [
              1341.28,
              337.68
            ],
            [
              1341.28,
              363.68
            ],
            [
              1305.28,
              363.68
            ],
            [
              1305.28,
              337.68
            ]
          ]
        ]
      }
    },
    {
      "type": "Feature",
      "properties": {
        "id": "C-09-1",
        "name": "公共议事小厅·北翼",
        "zone": "中庭区",
        "kind": "building",
        "footprint": 1500,
        "description": "小型学生议事、社团协调与公开说明会。",
        "frontageRoad": "R-05",
        "layer": "buildings",
        "sourceV011Id": "C-09",
        "expansionMode": "v0.11-quad-complex",
        "complexWing": 1
      },
      "geometry": {
        "type": "Polygon",
        "coordinates": [
          [
            [
              1667.6,
              693.8
            ],
            [
              1717.6,
              693.8
            ],
            [
              1717.6,
              723.8
            ],
            [
              1667.6,
              723.8
            ],
            [
              1667.6,
              693.8
            ]
          ]
        ]
      }
    },
    {
      "type": "Feature",
      "properties": {
        "id": "C-09-2",
        "name": "公共议事小厅·东翼",
        "zone": "中庭区",
        "kind": "building",
        "footprint": 1500,
        "description": "小型学生议事、社团协调与公开说明会。",
        "frontageRoad": "R-05",
        "layer": "buildings",
        "sourceV011Id": "C-09",
        "expansionMode": "v0.11-quad-complex",
        "complexWing": 2
      },
      "geometry": {
        "type": "Polygon",
        "coordinates": [
          [
            [
              1717.6,
              693.8
            ],
            [
              1767.6,
              693.8
            ],
            [
              1767.6,
              723.8
            ],
            [
              1717.6,
              723.8
            ],
            [
              1717.6,
              693.8
            ]
          ]
        ]
      }
    },
    {
      "type": "Feature",
      "properties": {
        "id": "C-09-3",
        "name": "公共议事小厅·南翼",
        "zone": "中庭区",
        "kind": "building",
        "footprint": 1500,
        "description": "小型学生议事、社团协调与公开说明会。",
        "frontageRoad": "R-05",
        "layer": "buildings",
        "sourceV011Id": "C-09",
        "expansionMode": "v0.11-quad-complex",
        "complexWing": 3
      },
      "geometry": {
        "type": "Polygon",
        "coordinates": [
          [
            [
              1717.6,
              723.8
            ],
            [
              1767.6,
              723.8
            ],
            [
              1767.6,
              753.8
            ],
            [
              1717.6,
              753.8
            ],
            [
              1717.6,
              723.8
            ]
          ]
        ]
      }
    },
    {
      "type": "Feature",
      "properties": {
        "id": "C-09-4",
        "name": "公共议事小厅·西翼",
        "zone": "中庭区",
        "kind": "building",
        "footprint": 1500,
        "description": "小型学生议事、社团协调与公开说明会。",
        "frontageRoad": "R-05",
        "layer": "buildings",
        "sourceV011Id": "C-09",
        "expansionMode": "v0.11-quad-complex",
        "complexWing": 4
      },
      "geometry": {
        "type": "Polygon",
        "coordinates": [
          [
            [
              1667.6,
              723.8
            ],
            [
              1717.6,
              723.8
            ],
            [
              1717.6,
              753.8
            ],
            [
              1667.6,
              753.8
            ],
            [
              1667.6,
              723.8
            ]
          ]
        ]
      }
    },
    {
      "type": "Feature",
      "properties": {
        "id": "W-09-1",
        "name": "器材检验附楼·北翼",
        "zone": "工坊区",
        "kind": "building",
        "footprint": 1232,
        "description": "课程器材复核、损伤登记与返修分流。",
        "frontageRoad": "W-P08",
        "layer": "buildings",
        "sourceV011Id": "W-09",
        "expansionMode": "v0.11-quad-complex",
        "complexWing": 1
      },
      "geometry": {
        "type": "Polygon",
        "coordinates": [
          [
            [
              2294.92,
              772.24
            ],
            [
              2338.92,
              772.24
            ],
            [
              2338.92,
              800.24
            ],
            [
              2294.92,
              800.24
            ],
            [
              2294.92,
              772.24
            ]
          ]
        ]
      }
    },
    {
      "type": "Feature",
      "properties": {
        "id": "W-09-2",
        "name": "器材检验附楼·东翼",
        "zone": "工坊区",
        "kind": "building",
        "footprint": 1232,
        "description": "课程器材复核、损伤登记与返修分流。",
        "frontageRoad": "W-P08",
        "layer": "buildings",
        "sourceV011Id": "W-09",
        "expansionMode": "v0.11-quad-complex",
        "complexWing": 2
      },
      "geometry": {
        "type": "Polygon",
        "coordinates": [
          [
            [
              2338.92,
              772.24
            ],
            [
              2382.92,
              772.24
            ],
            [
              2382.92,
              800.24
            ],
            [
              2338.92,
              800.24
            ],
            [
              2338.92,
              772.24
            ]
          ]
        ]
      }
    },
    {
      "type": "Feature",
      "properties": {
        "id": "W-09-3",
        "name": "器材检验附楼·南翼",
        "zone": "工坊区",
        "kind": "building",
        "footprint": 1232,
        "description": "课程器材复核、损伤登记与返修分流。",
        "frontageRoad": "W-P08",
        "layer": "buildings",
        "sourceV011Id": "W-09",
        "expansionMode": "v0.11-quad-complex",
        "complexWing": 3
      },
      "geometry": {
        "type": "Polygon",
        "coordinates": [
          [
            [
              2338.92,
              800.24
            ],
            [
              2382.92,
              800.24
            ],
            [
              2382.92,
              828.24
            ],
            [
              2338.92,
              828.24
            ],
            [
              2338.92,
              800.24
            ]
          ]
        ]
      }
    },
    {
      "type": "Feature",
      "properties": {
        "id": "W-09-4",
        "name": "器材检验附楼·西翼",
        "zone": "工坊区",
        "kind": "building",
        "footprint": 1232,
        "description": "课程器材复核、损伤登记与返修分流。",
        "frontageRoad": "W-P08",
        "layer": "buildings",
        "sourceV011Id": "W-09",
        "expansionMode": "v0.11-quad-complex",
        "complexWing": 4
      },
      "geometry": {
        "type": "Polygon",
        "coordinates": [
          [
            [
              2294.92,
              800.24
            ],
            [
              2338.92,
              800.24
            ],
            [
              2338.92,
              828.24
            ],
            [
              2294.92,
              828.24
            ],
            [
              2294.92,
              800.24
            ]
          ]
        ]
      }
    },
    {
      "type": "Feature",
      "properties": {
        "id": "W-10-1",
        "name": "基础材料实验楼·北翼",
        "zone": "工坊区",
        "kind": "building",
        "footprint": 2800,
        "description": "普通材料性质、加工误差与安全边界教学。",
        "frontageRoad": "W-P07",
        "layer": "buildings",
        "sourceV011Id": "W-10",
        "expansionMode": "v0.11-quad-complex",
        "complexWing": 1
      },
      "geometry": {
        "type": "Polygon",
        "coordinates": [
          [
            [
              2186.6,
              164.4
            ],
            [
              2256.6,
              164.4
            ],
            [
              2256.6,
              204.4
            ],
            [
              2186.6,
              204.4
            ],
            [
              2186.6,
              164.4
            ]
          ]
        ]
      }
    },
    {
      "type": "Feature",
      "properties": {
        "id": "W-10-2",
        "name": "基础材料实验楼·东翼",
        "zone": "工坊区",
        "kind": "building",
        "footprint": 2800,
        "description": "普通材料性质、加工误差与安全边界教学。",
        "frontageRoad": "W-P07",
        "layer": "buildings",
        "sourceV011Id": "W-10",
        "expansionMode": "v0.11-quad-complex",
        "complexWing": 2
      },
      "geometry": {
        "type": "Polygon",
        "coordinates": [
          [
            [
              2256.6,
              164.4
            ],
            [
              2326.6,
              164.4
            ],
            [
              2326.6,
              204.4
            ],
            [
              2256.6,
              204.4
            ],
            [
              2256.6,
              164.4
            ]
          ]
        ]
      }
    },
    {
      "type": "Feature",
      "properties": {
        "id": "W-10-3",
        "name": "基础材料实验楼·南翼",
        "zone": "工坊区",
        "kind": "building",
        "footprint": 2800,
        "description": "普通材料性质、加工误差与安全边界教学。",
        "frontageRoad": "W-P07",
        "layer": "buildings",
        "sourceV011Id": "W-10",
        "expansionMode": "v0.11-quad-complex",
        "complexWing": 3
      },
      "geometry": {
        "type": "Polygon",
        "coordinates": [
          [
            [
              2256.6,
              204.4
            ],
            [
              2326.6,
              204.4
            ],
            [
              2326.6,
              244.4
            ],
            [
              2256.6,
              244.4
            ],
            [
              2256.6,
              204.4
            ]
          ]
        ]
      }
    },
    {
      "type": "Feature",
      "properties": {
        "id": "W-10-4",
        "name": "基础材料实验楼·西翼",
        "zone": "工坊区",
        "kind": "building",
        "footprint": 2800,
        "description": "普通材料性质、加工误差与安全边界教学。",
        "frontageRoad": "W-P07",
        "layer": "buildings",
        "sourceV011Id": "W-10",
        "expansionMode": "v0.11-quad-complex",
        "complexWing": 4
      },
      "geometry": {
        "type": "Polygon",
        "coordinates": [
          [
            [
              2186.6,
              204.4
            ],
            [
              2256.6,
              204.4
            ],
            [
              2256.6,
              244.4
            ],
            [
              2186.6,
              244.4
            ],
            [
              2186.6,
              204.4
            ]
          ]
        ]
      }
    },
    {
      "type": "Feature",
      "properties": {
        "id": "W-11-1",
        "name": "织构与软材工坊·北翼",
        "zone": "工坊区",
        "kind": "building",
        "footprint": 3200,
        "description": "织物、软性导能层、护具内衬与修补工艺。",
        "frontageRoad": "W-P07",
        "layer": "buildings",
        "sourceV011Id": "W-11",
        "expansionMode": "v0.11-quad-complex",
        "complexWing": 1
      },
      "geometry": {
        "type": "Polygon",
        "coordinates": [
          [
            [
              2539.2,
              164.4
            ],
            [
              2619.2,
              164.4
            ],
            [
              2619.2,
              204.4
            ],
            [
              2539.2,
              204.4
            ],
            [
              2539.2,
              164.4
            ]
          ]
        ]
      }
    },
    {
      "type": "Feature",
      "properties": {
        "id": "W-11-2",
        "name": "织构与软材工坊·东翼",
        "zone": "工坊区",
        "kind": "building",
        "footprint": 3200,
        "description": "织物、软性导能层、护具内衬与修补工艺。",
        "frontageRoad": "W-P07",
        "layer": "buildings",
        "sourceV011Id": "W-11",
        "expansionMode": "v0.11-quad-complex",
        "complexWing": 2
      },
      "geometry": {
        "type": "Polygon",
        "coordinates": [
          [
            [
              2619.2,
              164.4
            ],
            [
              2699.2,
              164.4
            ],
            [
              2699.2,
              204.4
            ],
            [
              2619.2,
              204.4
            ],
            [
              2619.2,
              164.4
            ]
          ]
        ]
      }
    },
    {
      "type": "Feature",
      "properties": {
        "id": "W-11-3",
        "name": "织构与软材工坊·南翼",
        "zone": "工坊区",
        "kind": "building",
        "footprint": 3200,
        "description": "织物、软性导能层、护具内衬与修补工艺。",
        "frontageRoad": "W-P07",
        "layer": "buildings",
        "sourceV011Id": "W-11",
        "expansionMode": "v0.11-quad-complex",
        "complexWing": 3
      },
      "geometry": {
        "type": "Polygon",
        "coordinates": [
          [
            [
              2619.2,
              204.4
            ],
            [
              2699.2,
              204.4
            ],
            [
              2699.2,
              244.4
            ],
            [
              2619.2,
              244.4
            ],
            [
              2619.2,
              204.4
            ]
          ]
        ]
      }
    },
    {
      "type": "Feature",
      "properties": {
        "id": "W-11-4",
        "name": "织构与软材工坊·西翼",
        "zone": "工坊区",
        "kind": "building",
        "footprint": 3200,
        "description": "织物、软性导能层、护具内衬与修补工艺。",
        "frontageRoad": "W-P07",
        "layer": "buildings",
        "sourceV011Id": "W-11",
        "expansionMode": "v0.11-quad-complex",
        "complexWing": 4
      },
      "geometry": {
        "type": "Polygon",
        "coordinates": [
          [
            [
              2539.2,
              204.4
            ],
            [
              2619.2,
              204.4
            ],
            [
              2619.2,
              244.4
            ],
            [
              2539.2,
              244.4
            ],
            [
              2539.2,
              204.4
            ]
          ]
        ]
      }
    },
    {
      "type": "Feature",
      "properties": {
        "id": "L-09-1",
        "name": "低年级宿舍五号·北翼",
        "zone": "生活区",
        "kind": "building",
        "footprint": 2296,
        "description": "普通低年级学生住宿。",
        "frontageRoad": "L-P03",
        "layer": "buildings",
        "sourceV011Id": "L-09",
        "expansionMode": "v0.11-quad-complex",
        "complexWing": 1
      },
      "geometry": {
        "type": "Polygon",
        "coordinates": [
          [
            [
              128.36,
              1693.44
            ],
            [
              210.36,
              1693.44
            ],
            [
              210.36,
              1721.44
            ],
            [
              128.36,
              1721.44
            ],
            [
              128.36,
              1693.44
            ]
          ]
        ]
      }
    },
    {
      "type": "Feature",
      "properties": {
        "id": "L-09-2",
        "name": "低年级宿舍五号·东翼",
        "zone": "生活区",
        "kind": "building",
        "footprint": 2296,
        "description": "普通低年级学生住宿。",
        "frontageRoad": "L-P03",
        "layer": "buildings",
        "sourceV011Id": "L-09",
        "expansionMode": "v0.11-quad-complex",
        "complexWing": 2
      },
      "geometry": {
        "type": "Polygon",
        "coordinates": [
          [
            [
              210.36,
              1693.44
            ],
            [
              292.36,
              1693.44
            ],
            [
              292.36,
              1721.44
            ],
            [
              210.36,
              1721.44
            ],
            [
              210.36,
              1693.44
            ]
          ]
        ]
      }
    },
    {
      "type": "Feature",
      "properties": {
        "id": "L-09-3",
        "name": "低年级宿舍五号·南翼",
        "zone": "生活区",
        "kind": "building",
        "footprint": 2296,
        "description": "普通低年级学生住宿。",
        "frontageRoad": "L-P03",
        "layer": "buildings",
        "sourceV011Id": "L-09",
        "expansionMode": "v0.11-quad-complex",
        "complexWing": 3
      },
      "geometry": {
        "type": "Polygon",
        "coordinates": [
          [
            [
              210.36,
              1721.44
            ],
            [
              292.36,
              1721.44
            ],
            [
              292.36,
              1749.44
            ],
            [
              210.36,
              1749.44
            ],
            [
              210.36,
              1721.44
            ]
          ]
        ]
      }
    },
    {
      "type": "Feature",
      "properties": {
        "id": "L-09-4",
        "name": "低年级宿舍五号·西翼",
        "zone": "生活区",
        "kind": "building",
        "footprint": 2296,
        "description": "普通低年级学生住宿。",
        "frontageRoad": "L-P03",
        "layer": "buildings",
        "sourceV011Id": "L-09",
        "expansionMode": "v0.11-quad-complex",
        "complexWing": 4
      },
      "geometry": {
        "type": "Polygon",
        "coordinates": [
          [
            [
              128.36,
              1721.44
            ],
            [
              210.36,
              1721.44
            ],
            [
              210.36,
              1749.44
            ],
            [
              128.36,
              1749.44
            ],
            [
              128.36,
              1721.44
            ]
          ]
        ]
      }
    },
    {
      "type": "Feature",
      "properties": {
        "id": "L-10-1",
        "name": "院系宿舍五号·北翼",
        "zone": "生活区",
        "kind": "building",
        "footprint": 2128,
        "description": "普通高年级学生住宿。",
        "frontageRoad": "L-P03",
        "layer": "buildings",
        "sourceV011Id": "L-10",
        "expansionMode": "v0.11-quad-complex",
        "complexWing": 1
      },
      "geometry": {
        "type": "Polygon",
        "coordinates": [
          [
            [
              383.28,
              1693.44
            ],
            [
              459.28,
              1693.44
            ],
            [
              459.28,
              1721.44
            ],
            [
              383.28,
              1721.44
            ],
            [
              383.28,
              1693.44
            ]
          ]
        ]
      }
    },
    {
      "type": "Feature",
      "properties": {
        "id": "L-10-2",
        "name": "院系宿舍五号·东翼",
        "zone": "生活区",
        "kind": "building",
        "footprint": 2128,
        "description": "普通高年级学生住宿。",
        "frontageRoad": "L-P03",
        "layer": "buildings",
        "sourceV011Id": "L-10",
        "expansionMode": "v0.11-quad-complex",
        "complexWing": 2
      },
      "geometry": {
        "type": "Polygon",
        "coordinates": [
          [
            [
              459.28,
              1693.44
            ],
            [
              535.28,
              1693.44
            ],
            [
              535.28,
              1721.44
            ],
            [
              459.28,
              1721.44
            ],
            [
              459.28,
              1693.44
            ]
          ]
        ]
      }
    },
    {
      "type": "Feature",
      "properties": {
        "id": "L-10-3",
        "name": "院系宿舍五号·南翼",
        "zone": "生活区",
        "kind": "building",
        "footprint": 2128,
        "description": "普通高年级学生住宿。",
        "frontageRoad": "L-P03",
        "layer": "buildings",
        "sourceV011Id": "L-10",
        "expansionMode": "v0.11-quad-complex",
        "complexWing": 3
      },
      "geometry": {
        "type": "Polygon",
        "coordinates": [
          [
            [
              459.28,
              1721.44
            ],
            [
              535.28,
              1721.44
            ],
            [
              535.28,
              1749.44
            ],
            [
              459.28,
              1749.44
            ],
            [
              459.28,
              1721.44
            ]
          ]
        ]
      }
    },
    {
      "type": "Feature",
      "properties": {
        "id": "L-10-4",
        "name": "院系宿舍五号·西翼",
        "zone": "生活区",
        "kind": "building",
        "footprint": 2128,
        "description": "普通高年级学生住宿。",
        "frontageRoad": "L-P03",
        "layer": "buildings",
        "sourceV011Id": "L-10",
        "expansionMode": "v0.11-quad-complex",
        "complexWing": 4
      },
      "geometry": {
        "type": "Polygon",
        "coordinates": [
          [
            [
              383.28,
              1721.44
            ],
            [
              459.28,
              1721.44
            ],
            [
              459.28,
              1749.44
            ],
            [
              383.28,
              1749.44
            ],
            [
              383.28,
              1721.44
            ]
          ]
        ]
      }
    },
    {
      "type": "Feature",
      "properties": {
        "id": "L-11-1",
        "name": "生活自习楼·北翼",
        "zone": "生活区",
        "kind": "building",
        "footprint": 2016,
        "description": "宿舍区安静自习、抄录与小组讨论。",
        "frontageRoad": "L-P03",
        "layer": "buildings",
        "sourceV011Id": "L-11",
        "expansionMode": "v0.11-quad-complex",
        "complexWing": 1
      },
      "geometry": {
        "type": "Polygon",
        "coordinates": [
          [
            [
              677.36,
              1693.44
            ],
            [
              749.36,
              1693.44
            ],
            [
              749.36,
              1721.44
            ],
            [
              677.36,
              1721.44
            ],
            [
              677.36,
              1693.44
            ]
          ]
        ]
      }
    },
    {
      "type": "Feature",
      "properties": {
        "id": "L-11-2",
        "name": "生活自习楼·东翼",
        "zone": "生活区",
        "kind": "building",
        "footprint": 2016,
        "description": "宿舍区安静自习、抄录与小组讨论。",
        "frontageRoad": "L-P03",
        "layer": "buildings",
        "sourceV011Id": "L-11",
        "expansionMode": "v0.11-quad-complex",
        "complexWing": 2
      },
      "geometry": {
        "type": "Polygon",
        "coordinates": [
          [
            [
              749.36,
              1693.44
            ],
            [
              821.36,
              1693.44
            ],
            [
              821.36,
              1721.44
            ],
            [
              749.36,
              1721.44
            ],
            [
              749.36,
              1693.44
            ]
          ]
        ]
      }
    },
    {
      "type": "Feature",
      "properties": {
        "id": "L-11-3",
        "name": "生活自习楼·南翼",
        "zone": "生活区",
        "kind": "building",
        "footprint": 2016,
        "description": "宿舍区安静自习、抄录与小组讨论。",
        "frontageRoad": "L-P03",
        "layer": "buildings",
        "sourceV011Id": "L-11",
        "expansionMode": "v0.11-quad-complex",
        "complexWing": 3
      },
      "geometry": {
        "type": "Polygon",
        "coordinates": [
          [
            [
              749.36,
              1721.44
            ],
            [
              821.36,
              1721.44
            ],
            [
              821.36,
              1749.44
            ],
            [
              749.36,
              1749.44
            ],
            [
              749.36,
              1721.44
            ]
          ]
        ]
      }
    },
    {
      "type": "Feature",
      "properties": {
        "id": "L-11-4",
        "name": "生活自习楼·西翼",
        "zone": "生活区",
        "kind": "building",
        "footprint": 2016,
        "description": "宿舍区安静自习、抄录与小组讨论。",
        "frontageRoad": "L-P03",
        "layer": "buildings",
        "sourceV011Id": "L-11",
        "expansionMode": "v0.11-quad-complex",
        "complexWing": 4
      },
      "geometry": {
        "type": "Polygon",
        "coordinates": [
          [
            [
              677.36,
              1721.44
            ],
            [
              749.36,
              1721.44
            ],
            [
              749.36,
              1749.44
            ],
            [
              677.36,
              1749.44
            ],
            [
              677.36,
              1721.44
            ]
          ]
        ]
      }
    },
    {
      "type": "Feature",
      "properties": {
        "id": "L-12-1",
        "name": "低年级宿舍六号·北翼",
        "zone": "生活区",
        "kind": "building",
        "footprint": 2296,
        "description": "普通低年级学生住宿。",
        "frontageRoad": "L-P09",
        "layer": "buildings",
        "sourceV011Id": "L-12",
        "expansionMode": "v0.11-quad-complex",
        "complexWing": 1
      },
      "geometry": {
        "type": "Polygon",
        "coordinates": [
          [
            [
              128.36,
              1771.84
            ],
            [
              210.36,
              1771.84
            ],
            [
              210.36,
              1799.84
            ],
            [
              128.36,
              1799.84
            ],
            [
              128.36,
              1771.84
            ]
          ]
        ]
      }
    },
    {
      "type": "Feature",
      "properties": {
        "id": "L-12-2",
        "name": "低年级宿舍六号·东翼",
        "zone": "生活区",
        "kind": "building",
        "footprint": 2296,
        "description": "普通低年级学生住宿。",
        "frontageRoad": "L-P09",
        "layer": "buildings",
        "sourceV011Id": "L-12",
        "expansionMode": "v0.11-quad-complex",
        "complexWing": 2
      },
      "geometry": {
        "type": "Polygon",
        "coordinates": [
          [
            [
              210.36,
              1771.84
            ],
            [
              292.36,
              1771.84
            ],
            [
              292.36,
              1799.84
            ],
            [
              210.36,
              1799.84
            ],
            [
              210.36,
              1771.84
            ]
          ]
        ]
      }
    },
    {
      "type": "Feature",
      "properties": {
        "id": "L-12-3",
        "name": "低年级宿舍六号·南翼",
        "zone": "生活区",
        "kind": "building",
        "footprint": 2296,
        "description": "普通低年级学生住宿。",
        "frontageRoad": "L-P09",
        "layer": "buildings",
        "sourceV011Id": "L-12",
        "expansionMode": "v0.11-quad-complex",
        "complexWing": 3
      },
      "geometry": {
        "type": "Polygon",
        "coordinates": [
          [
            [
              210.36,
              1799.84
            ],
            [
              292.36,
              1799.84
            ],
            [
              292.36,
              1827.84
            ],
            [
              210.36,
              1827.84
            ],
            [
              210.36,
              1799.84
            ]
          ]
        ]
      }
    },
    {
      "type": "Feature",
      "properties": {
        "id": "L-12-4",
        "name": "低年级宿舍六号·西翼",
        "zone": "生活区",
        "kind": "building",
        "footprint": 2296,
        "description": "普通低年级学生住宿。",
        "frontageRoad": "L-P09",
        "layer": "buildings",
        "sourceV011Id": "L-12",
        "expansionMode": "v0.11-quad-complex",
        "complexWing": 4
      },
      "geometry": {
        "type": "Polygon",
        "coordinates": [
          [
            [
              128.36,
              1799.84
            ],
            [
              210.36,
              1799.84
            ],
            [
              210.36,
              1827.84
            ],
            [
              128.36,
              1827.84
            ],
            [
              128.36,
              1799.84
            ]
          ]
        ]
      }
    },
    {
      "type": "Feature",
      "properties": {
        "id": "L-13-1",
        "name": "院系宿舍六号·北翼",
        "zone": "生活区",
        "kind": "building",
        "footprint": 2128,
        "description": "普通高年级学生住宿。",
        "frontageRoad": "L-P09",
        "layer": "buildings",
        "sourceV011Id": "L-13",
        "expansionMode": "v0.11-quad-complex",
        "complexWing": 1
      },
      "geometry": {
        "type": "Polygon",
        "coordinates": [
          [
            [
              383.28,
              1771.84
            ],
            [
              459.28,
              1771.84
            ],
            [
              459.28,
              1799.84
            ],
            [
              383.28,
              1799.84
            ],
            [
              383.28,
              1771.84
            ]
          ]
        ]
      }
    },
    {
      "type": "Feature",
      "properties": {
        "id": "L-13-2",
        "name": "院系宿舍六号·东翼",
        "zone": "生活区",
        "kind": "building",
        "footprint": 2128,
        "description": "普通高年级学生住宿。",
        "frontageRoad": "L-P09",
        "layer": "buildings",
        "sourceV011Id": "L-13",
        "expansionMode": "v0.11-quad-complex",
        "complexWing": 2
      },
      "geometry": {
        "type": "Polygon",
        "coordinates": [
          [
            [
              459.28,
              1771.84
            ],
            [
              535.28,
              1771.84
            ],
            [
              535.28,
              1799.84
            ],
            [
              459.28,
              1799.84
            ],
            [
              459.28,
              1771.84
            ]
          ]
        ]
      }
    },
    {
      "type": "Feature",
      "properties": {
        "id": "L-13-3",
        "name": "院系宿舍六号·南翼",
        "zone": "生活区",
        "kind": "building",
        "footprint": 2128,
        "description": "普通高年级学生住宿。",
        "frontageRoad": "L-P09",
        "layer": "buildings",
        "sourceV011Id": "L-13",
        "expansionMode": "v0.11-quad-complex",
        "complexWing": 3
      },
      "geometry": {
        "type": "Polygon",
        "coordinates": [
          [
            [
              459.28,
              1799.84
            ],
            [
              535.28,
              1799.84
            ],
            [
              535.28,
              1827.84
            ],
            [
              459.28,
              1827.84
            ],
            [
              459.28,
              1799.84
            ]
          ]
        ]
      }
    },
    {
      "type": "Feature",
      "properties": {
        "id": "L-13-4",
        "name": "院系宿舍六号·西翼",
        "zone": "生活区",
        "kind": "building",
        "footprint": 2128,
        "description": "普通高年级学生住宿。",
        "frontageRoad": "L-P09",
        "layer": "buildings",
        "sourceV011Id": "L-13",
        "expansionMode": "v0.11-quad-complex",
        "complexWing": 4
      },
      "geometry": {
        "type": "Polygon",
        "coordinates": [
          [
            [
              383.28,
              1799.84
            ],
            [
              459.28,
              1799.84
            ],
            [
              459.28,
              1827.84
            ],
            [
              383.28,
              1827.84
            ],
            [
              383.28,
              1799.84
            ]
          ]
        ]
      }
    },
    {
      "type": "Feature",
      "properties": {
        "id": "L-14-1",
        "name": "生活储物与修补屋·北翼",
        "zone": "生活区",
        "kind": "building",
        "footprint": 2016,
        "description": "学生公共储物、家具修补与换季物资交接。",
        "frontageRoad": "L-P09",
        "layer": "buildings",
        "sourceV011Id": "L-14",
        "expansionMode": "v0.11-quad-complex",
        "complexWing": 1
      },
      "geometry": {
        "type": "Polygon",
        "coordinates": [
          [
            [
              677.36,
              1777.72
            ],
            [
              749.36,
              1777.72
            ],
            [
              749.36,
              1805.72
            ],
            [
              677.36,
              1805.72
            ],
            [
              677.36,
              1777.72
            ]
          ]
        ]
      }
    },
    {
      "type": "Feature",
      "properties": {
        "id": "L-14-2",
        "name": "生活储物与修补屋·东翼",
        "zone": "生活区",
        "kind": "building",
        "footprint": 2016,
        "description": "学生公共储物、家具修补与换季物资交接。",
        "frontageRoad": "L-P09",
        "layer": "buildings",
        "sourceV011Id": "L-14",
        "expansionMode": "v0.11-quad-complex",
        "complexWing": 2
      },
      "geometry": {
        "type": "Polygon",
        "coordinates": [
          [
            [
              749.36,
              1777.72
            ],
            [
              821.36,
              1777.72
            ],
            [
              821.36,
              1805.72
            ],
            [
              749.36,
              1805.72
            ],
            [
              749.36,
              1777.72
            ]
          ]
        ]
      }
    },
    {
      "type": "Feature",
      "properties": {
        "id": "L-14-3",
        "name": "生活储物与修补屋·南翼",
        "zone": "生活区",
        "kind": "building",
        "footprint": 2016,
        "description": "学生公共储物、家具修补与换季物资交接。",
        "frontageRoad": "L-P09",
        "layer": "buildings",
        "sourceV011Id": "L-14",
        "expansionMode": "v0.11-quad-complex",
        "complexWing": 3
      },
      "geometry": {
        "type": "Polygon",
        "coordinates": [
          [
            [
              749.36,
              1805.72
            ],
            [
              821.36,
              1805.72
            ],
            [
              821.36,
              1833.72
            ],
            [
              749.36,
              1833.72
            ],
            [
              749.36,
              1805.72
            ]
          ]
        ]
      }
    },
    {
      "type": "Feature",
      "properties": {
        "id": "L-14-4",
        "name": "生活储物与修补屋·西翼",
        "zone": "生活区",
        "kind": "building",
        "footprint": 2016,
        "description": "学生公共储物、家具修补与换季物资交接。",
        "frontageRoad": "L-P09",
        "layer": "buildings",
        "sourceV011Id": "L-14",
        "expansionMode": "v0.11-quad-complex",
        "complexWing": 4
      },
      "geometry": {
        "type": "Polygon",
        "coordinates": [
          [
            [
              677.36,
              1805.72
            ],
            [
              749.36,
              1805.72
            ],
            [
              749.36,
              1833.72
            ],
            [
              677.36,
              1833.72
            ],
            [
              677.36,
              1805.72
            ]
          ]
        ]
      }
    },
    {
      "type": "Feature",
      "properties": {
        "id": "L-15-1",
        "name": "低年级宿舍七号·北翼",
        "zone": "生活区",
        "kind": "building",
        "footprint": 2460,
        "description": "普通低年级学生住宿。",
        "frontageRoad": "L-P09A",
        "layer": "buildings",
        "sourceV011Id": "L-15",
        "expansionMode": "v0.11-quad-complex",
        "complexWing": 1
      },
      "geometry": {
        "type": "Polygon",
        "coordinates": [
          [
            [
              128.36,
              1879.6
            ],
            [
              210.36,
              1879.6
            ],
            [
              210.36,
              1909.6
            ],
            [
              128.36,
              1909.6
            ],
            [
              128.36,
              1879.6
            ]
          ]
        ]
      }
    },
    {
      "type": "Feature",
      "properties": {
        "id": "L-15-2",
        "name": "低年级宿舍七号·东翼",
        "zone": "生活区",
        "kind": "building",
        "footprint": 2460,
        "description": "普通低年级学生住宿。",
        "frontageRoad": "L-P09A",
        "layer": "buildings",
        "sourceV011Id": "L-15",
        "expansionMode": "v0.11-quad-complex",
        "complexWing": 2
      },
      "geometry": {
        "type": "Polygon",
        "coordinates": [
          [
            [
              210.36,
              1879.6
            ],
            [
              292.36,
              1879.6
            ],
            [
              292.36,
              1909.6
            ],
            [
              210.36,
              1909.6
            ],
            [
              210.36,
              1879.6
            ]
          ]
        ]
      }
    },
    {
      "type": "Feature",
      "properties": {
        "id": "L-15-3",
        "name": "低年级宿舍七号·南翼",
        "zone": "生活区",
        "kind": "building",
        "footprint": 2460,
        "description": "普通低年级学生住宿。",
        "frontageRoad": "L-P09A",
        "layer": "buildings",
        "sourceV011Id": "L-15",
        "expansionMode": "v0.11-quad-complex",
        "complexWing": 3
      },
      "geometry": {
        "type": "Polygon",
        "coordinates": [
          [
            [
              210.36,
              1909.6
            ],
            [
              292.36,
              1909.6
            ],
            [
              292.36,
              1939.6
            ],
            [
              210.36,
              1939.6
            ],
            [
              210.36,
              1909.6
            ]
          ]
        ]
      }
    },
    {
      "type": "Feature",
      "properties": {
        "id": "L-15-4",
        "name": "低年级宿舍七号·西翼",
        "zone": "生活区",
        "kind": "building",
        "footprint": 2460,
        "description": "普通低年级学生住宿。",
        "frontageRoad": "L-P09A",
        "layer": "buildings",
        "sourceV011Id": "L-15",
        "expansionMode": "v0.11-quad-complex",
        "complexWing": 4
      },
      "geometry": {
        "type": "Polygon",
        "coordinates": [
          [
            [
              128.36,
              1909.6
            ],
            [
              210.36,
              1909.6
            ],
            [
              210.36,
              1939.6
            ],
            [
              128.36,
              1939.6
            ],
            [
              128.36,
              1909.6
            ]
          ]
        ]
      }
    },
    {
      "type": "Feature",
      "properties": {
        "id": "L-16-1",
        "name": "院系宿舍七号·北翼",
        "zone": "生活区",
        "kind": "building",
        "footprint": 2280,
        "description": "普通高年级学生住宿。",
        "frontageRoad": "L-P09",
        "layer": "buildings",
        "sourceV011Id": "L-16",
        "expansionMode": "v0.11-quad-complex",
        "complexWing": 1
      },
      "geometry": {
        "type": "Polygon",
        "coordinates": [
          [
            [
              383.28,
              1879.6
            ],
            [
              459.28,
              1879.6
            ],
            [
              459.28,
              1909.6
            ],
            [
              383.28,
              1909.6
            ],
            [
              383.28,
              1879.6
            ]
          ]
        ]
      }
    },
    {
      "type": "Feature",
      "properties": {
        "id": "L-16-2",
        "name": "院系宿舍七号·东翼",
        "zone": "生活区",
        "kind": "building",
        "footprint": 2280,
        "description": "普通高年级学生住宿。",
        "frontageRoad": "L-P09",
        "layer": "buildings",
        "sourceV011Id": "L-16",
        "expansionMode": "v0.11-quad-complex",
        "complexWing": 2
      },
      "geometry": {
        "type": "Polygon",
        "coordinates": [
          [
            [
              459.28,
              1879.6
            ],
            [
              535.28,
              1879.6
            ],
            [
              535.28,
              1909.6
            ],
            [
              459.28,
              1909.6
            ],
            [
              459.28,
              1879.6
            ]
          ]
        ]
      }
    },
    {
      "type": "Feature",
      "properties": {
        "id": "L-16-3",
        "name": "院系宿舍七号·南翼",
        "zone": "生活区",
        "kind": "building",
        "footprint": 2280,
        "description": "普通高年级学生住宿。",
        "frontageRoad": "L-P09",
        "layer": "buildings",
        "sourceV011Id": "L-16",
        "expansionMode": "v0.11-quad-complex",
        "complexWing": 3
      },
      "geometry": {
        "type": "Polygon",
        "coordinates": [
          [
            [
              459.28,
              1909.6
            ],
            [
              535.28,
              1909.6
            ],
            [
              535.28,
              1939.6
            ],
            [
              459.28,
              1939.6
            ],
            [
              459.28,
              1909.6
            ]
          ]
        ]
      }
    },
    {
      "type": "Feature",
      "properties": {
        "id": "L-16-4",
        "name": "院系宿舍七号·西翼",
        "zone": "生活区",
        "kind": "building",
        "footprint": 2280,
        "description": "普通高年级学生住宿。",
        "frontageRoad": "L-P09",
        "layer": "buildings",
        "sourceV011Id": "L-16",
        "expansionMode": "v0.11-quad-complex",
        "complexWing": 4
      },
      "geometry": {
        "type": "Polygon",
        "coordinates": [
          [
            [
              383.28,
              1909.6
            ],
            [
              459.28,
              1909.6
            ],
            [
              459.28,
              1939.6
            ],
            [
              383.28,
              1939.6
            ],
            [
              383.28,
              1909.6
            ]
          ]
        ]
      }
    },
    {
      "type": "Feature",
      "properties": {
        "id": "L-17-1",
        "name": "生活区备餐与夜勤屋·北翼",
        "zone": "生活区",
        "kind": "building",
        "footprint": 2160,
        "description": "夜间备餐、值勤交接和生活物资临时保管。",
        "frontageRoad": "L-P09",
        "layer": "buildings",
        "sourceV011Id": "L-17",
        "expansionMode": "v0.11-quad-complex",
        "complexWing": 1
      },
      "geometry": {
        "type": "Polygon",
        "coordinates": [
          [
            [
              677.36,
              1879.6
            ],
            [
              749.36,
              1879.6
            ],
            [
              749.36,
              1909.6
            ],
            [
              677.36,
              1909.6
            ],
            [
              677.36,
              1879.6
            ]
          ]
        ]
      }
    },
    {
      "type": "Feature",
      "properties": {
        "id": "L-17-2",
        "name": "生活区备餐与夜勤屋·东翼",
        "zone": "生活区",
        "kind": "building",
        "footprint": 2160,
        "description": "夜间备餐、值勤交接和生活物资临时保管。",
        "frontageRoad": "L-P09",
        "layer": "buildings",
        "sourceV011Id": "L-17",
        "expansionMode": "v0.11-quad-complex",
        "complexWing": 2
      },
      "geometry": {
        "type": "Polygon",
        "coordinates": [
          [
            [
              749.36,
              1879.6
            ],
            [
              821.36,
              1879.6
            ],
            [
              821.36,
              1909.6
            ],
            [
              749.36,
              1909.6
            ],
            [
              749.36,
              1879.6
            ]
          ]
        ]
      }
    },
    {
      "type": "Feature",
      "properties": {
        "id": "L-17-3",
        "name": "生活区备餐与夜勤屋·南翼",
        "zone": "生活区",
        "kind": "building",
        "footprint": 2160,
        "description": "夜间备餐、值勤交接和生活物资临时保管。",
        "frontageRoad": "L-P09",
        "layer": "buildings",
        "sourceV011Id": "L-17",
        "expansionMode": "v0.11-quad-complex",
        "complexWing": 3
      },
      "geometry": {
        "type": "Polygon",
        "coordinates": [
          [
            [
              749.36,
              1909.6
            ],
            [
              821.36,
              1909.6
            ],
            [
              821.36,
              1939.6
            ],
            [
              749.36,
              1939.6
            ],
            [
              749.36,
              1909.6
            ]
          ]
        ]
      }
    },
    {
      "type": "Feature",
      "properties": {
        "id": "L-17-4",
        "name": "生活区备餐与夜勤屋·西翼",
        "zone": "生活区",
        "kind": "building",
        "footprint": 2160,
        "description": "夜间备餐、值勤交接和生活物资临时保管。",
        "frontageRoad": "L-P09",
        "layer": "buildings",
        "sourceV011Id": "L-17",
        "expansionMode": "v0.11-quad-complex",
        "complexWing": 4
      },
      "geometry": {
        "type": "Polygon",
        "coordinates": [
          [
            [
              677.36,
              1909.6
            ],
            [
              749.36,
              1909.6
            ],
            [
              749.36,
              1939.6
            ],
            [
              677.36,
              1939.6
            ],
            [
              677.36,
              1909.6
            ]
          ]
        ]
      }
    },
    {
      "type": "Feature",
      "properties": {
        "id": "M-10-1",
        "name": "学生用品合营社·北翼",
        "zone": "市集区",
        "kind": "building",
        "footprint": 2100,
        "description": "常用学习用品、基础器材与集体采购。",
        "frontageRoad": "M-P04",
        "layer": "buildings",
        "sourceV011Id": "M-10",
        "expansionMode": "v0.11-quad-complex",
        "complexWing": 1
      },
      "geometry": {
        "type": "Polygon",
        "coordinates": [
          [
            [
              1441.8,
              1791.4
            ],
            [
              1511.8,
              1791.4
            ],
            [
              1511.8,
              1821.4
            ],
            [
              1441.8,
              1821.4
            ],
            [
              1441.8,
              1791.4
            ]
          ]
        ]
      }
    },
    {
      "type": "Feature",
      "properties": {
        "id": "M-10-2",
        "name": "学生用品合营社·东翼",
        "zone": "市集区",
        "kind": "building",
        "footprint": 2100,
        "description": "常用学习用品、基础器材与集体采购。",
        "frontageRoad": "M-P04",
        "layer": "buildings",
        "sourceV011Id": "M-10",
        "expansionMode": "v0.11-quad-complex",
        "complexWing": 2
      },
      "geometry": {
        "type": "Polygon",
        "coordinates": [
          [
            [
              1511.8,
              1791.4
            ],
            [
              1581.8,
              1791.4
            ],
            [
              1581.8,
              1821.4
            ],
            [
              1511.8,
              1821.4
            ],
            [
              1511.8,
              1791.4
            ]
          ]
        ]
      }
    },
    {
      "type": "Feature",
      "properties": {
        "id": "M-10-3",
        "name": "学生用品合营社·南翼",
        "zone": "市集区",
        "kind": "building",
        "footprint": 2100,
        "description": "常用学习用品、基础器材与集体采购。",
        "frontageRoad": "M-P04",
        "layer": "buildings",
        "sourceV011Id": "M-10",
        "expansionMode": "v0.11-quad-complex",
        "complexWing": 3
      },
      "geometry": {
        "type": "Polygon",
        "coordinates": [
          [
            [
              1511.8,
              1821.4
            ],
            [
              1581.8,
              1821.4
            ],
            [
              1581.8,
              1851.4
            ],
            [
              1511.8,
              1851.4
            ],
            [
              1511.8,
              1821.4
            ]
          ]
        ]
      }
    },
    {
      "type": "Feature",
      "properties": {
        "id": "M-10-4",
        "name": "学生用品合营社·西翼",
        "zone": "市集区",
        "kind": "building",
        "footprint": 2100,
        "description": "常用学习用品、基础器材与集体采购。",
        "frontageRoad": "M-P04",
        "layer": "buildings",
        "sourceV011Id": "M-10",
        "expansionMode": "v0.11-quad-complex",
        "complexWing": 4
      },
      "geometry": {
        "type": "Polygon",
        "coordinates": [
          [
            [
              1441.8,
              1821.4
            ],
            [
              1511.8,
              1821.4
            ],
            [
              1511.8,
              1851.4
            ],
            [
              1441.8,
              1851.4
            ],
            [
              1441.8,
              1821.4
            ]
          ]
        ]
      }
    },
    {
      "type": "Feature",
      "properties": {
        "id": "M-11-1",
        "name": "访客服务与寄存屋·北翼",
        "zone": "市集区",
        "kind": "building",
        "footprint": 1650,
        "description": "访客登记补充、行李寄存与公开导引。",
        "frontageRoad": "R-05",
        "layer": "buildings",
        "sourceV011Id": "M-11",
        "expansionMode": "v0.11-quad-complex",
        "complexWing": 1
      },
      "geometry": {
        "type": "Polygon",
        "coordinates": [
          [
            [
              1834.1,
              1693.4
            ],
            [
              1889.1,
              1693.4
            ],
            [
              1889.1,
              1723.4
            ],
            [
              1834.1,
              1723.4
            ],
            [
              1834.1,
              1693.4
            ]
          ]
        ]
      }
    },
    {
      "type": "Feature",
      "properties": {
        "id": "M-11-2",
        "name": "访客服务与寄存屋·东翼",
        "zone": "市集区",
        "kind": "building",
        "footprint": 1650,
        "description": "访客登记补充、行李寄存与公开导引。",
        "frontageRoad": "R-05",
        "layer": "buildings",
        "sourceV011Id": "M-11",
        "expansionMode": "v0.11-quad-complex",
        "complexWing": 2
      },
      "geometry": {
        "type": "Polygon",
        "coordinates": [
          [
            [
              1889.1,
              1693.4
            ],
            [
              1944.1,
              1693.4
            ],
            [
              1944.1,
              1723.4
            ],
            [
              1889.1,
              1723.4
            ],
            [
              1889.1,
              1693.4
            ]
          ]
        ]
      }
    },
    {
      "type": "Feature",
      "properties": {
        "id": "M-11-3",
        "name": "访客服务与寄存屋·南翼",
        "zone": "市集区",
        "kind": "building",
        "footprint": 1650,
        "description": "访客登记补充、行李寄存与公开导引。",
        "frontageRoad": "R-05",
        "layer": "buildings",
        "sourceV011Id": "M-11",
        "expansionMode": "v0.11-quad-complex",
        "complexWing": 3
      },
      "geometry": {
        "type": "Polygon",
        "coordinates": [
          [
            [
              1889.1,
              1723.4
            ],
            [
              1944.1,
              1723.4
            ],
            [
              1944.1,
              1753.4
            ],
            [
              1889.1,
              1753.4
            ],
            [
              1889.1,
              1723.4
            ]
          ]
        ]
      }
    },
    {
      "type": "Feature",
      "properties": {
        "id": "M-11-4",
        "name": "访客服务与寄存屋·西翼",
        "zone": "市集区",
        "kind": "building",
        "footprint": 1650,
        "description": "访客登记补充、行李寄存与公开导引。",
        "frontageRoad": "R-05",
        "layer": "buildings",
        "sourceV011Id": "M-11",
        "expansionMode": "v0.11-quad-complex",
        "complexWing": 4
      },
      "geometry": {
        "type": "Polygon",
        "coordinates": [
          [
            [
              1834.1,
              1723.4
            ],
            [
              1889.1,
              1723.4
            ],
            [
              1889.1,
              1753.4
            ],
            [
              1834.1,
              1753.4
            ],
            [
              1834.1,
              1723.4
            ]
          ]
        ]
      }
    },
    {
      "type": "Feature",
      "properties": {
        "id": "M-12-1",
        "name": "南市货运文书楼·北翼",
        "zone": "市集区",
        "kind": "building",
        "footprint": 1650,
        "description": "货单、车队记录、普通货物追溯与交接。",
        "frontageRoad": "R-05",
        "layer": "buildings",
        "sourceV011Id": "M-12",
        "expansionMode": "v0.11-quad-complex",
        "complexWing": 1
      },
      "geometry": {
        "type": "Polygon",
        "coordinates": [
          [
            [
              1830.18,
              1869.8
            ],
            [
              1885.18,
              1869.8
            ],
            [
              1885.18,
              1899.8
            ],
            [
              1830.18,
              1899.8
            ],
            [
              1830.18,
              1869.8
            ]
          ]
        ]
      }
    },
    {
      "type": "Feature",
      "properties": {
        "id": "M-12-2",
        "name": "南市货运文书楼·东翼",
        "zone": "市集区",
        "kind": "building",
        "footprint": 1650,
        "description": "货单、车队记录、普通货物追溯与交接。",
        "frontageRoad": "R-05",
        "layer": "buildings",
        "sourceV011Id": "M-12",
        "expansionMode": "v0.11-quad-complex",
        "complexWing": 2
      },
      "geometry": {
        "type": "Polygon",
        "coordinates": [
          [
            [
              1885.18,
              1869.8
            ],
            [
              1940.18,
              1869.8
            ],
            [
              1940.18,
              1899.8
            ],
            [
              1885.18,
              1899.8
            ],
            [
              1885.18,
              1869.8
            ]
          ]
        ]
      }
    },
    {
      "type": "Feature",
      "properties": {
        "id": "M-12-3",
        "name": "南市货运文书楼·南翼",
        "zone": "市集区",
        "kind": "building",
        "footprint": 1650,
        "description": "货单、车队记录、普通货物追溯与交接。",
        "frontageRoad": "R-05",
        "layer": "buildings",
        "sourceV011Id": "M-12",
        "expansionMode": "v0.11-quad-complex",
        "complexWing": 3
      },
      "geometry": {
        "type": "Polygon",
        "coordinates": [
          [
            [
              1885.18,
              1899.8
            ],
            [
              1940.18,
              1899.8
            ],
            [
              1940.18,
              1929.8
            ],
            [
              1885.18,
              1929.8
            ],
            [
              1885.18,
              1899.8
            ]
          ]
        ]
      }
    },
    {
      "type": "Feature",
      "properties": {
        "id": "M-12-4",
        "name": "南市货运文书楼·西翼",
        "zone": "市集区",
        "kind": "building",
        "footprint": 1650,
        "description": "货单、车队记录、普通货物追溯与交接。",
        "frontageRoad": "R-05",
        "layer": "buildings",
        "sourceV011Id": "M-12",
        "expansionMode": "v0.11-quad-complex",
        "complexWing": 4
      },
      "geometry": {
        "type": "Polygon",
        "coordinates": [
          [
            [
              1830.18,
              1899.8
            ],
            [
              1885.18,
              1899.8
            ],
            [
              1885.18,
              1929.8
            ],
            [
              1830.18,
              1929.8
            ],
            [
              1830.18,
              1899.8
            ]
          ]
        ]
      }
    },
    {
      "type": "Feature",
      "properties": {
        "id": "M-13-1",
        "name": "学生修补合营社·北翼",
        "zone": "市集区",
        "kind": "building",
        "footprint": 1950,
        "description": "衣物、书具、小型器材与日常用品修补。",
        "frontageRoad": "M-P04",
        "layer": "buildings",
        "sourceV011Id": "M-13",
        "expansionMode": "v0.11-quad-complex",
        "complexWing": 1
      },
      "geometry": {
        "type": "Polygon",
        "coordinates": [
          [
            [
              1441.9,
              1889.4
            ],
            [
              1506.9,
              1889.4
            ],
            [
              1506.9,
              1919.4
            ],
            [
              1441.9,
              1919.4
            ],
            [
              1441.9,
              1889.4
            ]
          ]
        ]
      }
    },
    {
      "type": "Feature",
      "properties": {
        "id": "M-13-2",
        "name": "学生修补合营社·东翼",
        "zone": "市集区",
        "kind": "building",
        "footprint": 1950,
        "description": "衣物、书具、小型器材与日常用品修补。",
        "frontageRoad": "M-P04",
        "layer": "buildings",
        "sourceV011Id": "M-13",
        "expansionMode": "v0.11-quad-complex",
        "complexWing": 2
      },
      "geometry": {
        "type": "Polygon",
        "coordinates": [
          [
            [
              1506.9,
              1889.4
            ],
            [
              1571.9,
              1889.4
            ],
            [
              1571.9,
              1919.4
            ],
            [
              1506.9,
              1919.4
            ],
            [
              1506.9,
              1889.4
            ]
          ]
        ]
      }
    },
    {
      "type": "Feature",
      "properties": {
        "id": "M-13-3",
        "name": "学生修补合营社·南翼",
        "zone": "市集区",
        "kind": "building",
        "footprint": 1950,
        "description": "衣物、书具、小型器材与日常用品修补。",
        "frontageRoad": "M-P04",
        "layer": "buildings",
        "sourceV011Id": "M-13",
        "expansionMode": "v0.11-quad-complex",
        "complexWing": 3
      },
      "geometry": {
        "type": "Polygon",
        "coordinates": [
          [
            [
              1506.9,
              1919.4
            ],
            [
              1571.9,
              1919.4
            ],
            [
              1571.9,
              1949.4
            ],
            [
              1506.9,
              1949.4
            ],
            [
              1506.9,
              1919.4
            ]
          ]
        ]
      }
    },
    {
      "type": "Feature",
      "properties": {
        "id": "M-13-4",
        "name": "学生修补合营社·西翼",
        "zone": "市集区",
        "kind": "building",
        "footprint": 1950,
        "description": "衣物、书具、小型器材与日常用品修补。",
        "frontageRoad": "M-P04",
        "layer": "buildings",
        "sourceV011Id": "M-13",
        "expansionMode": "v0.11-quad-complex",
        "complexWing": 4
      },
      "geometry": {
        "type": "Polygon",
        "coordinates": [
          [
            [
              1441.9,
              1919.4
            ],
            [
              1506.9,
              1919.4
            ],
            [
              1506.9,
              1949.4
            ],
            [
              1441.9,
              1949.4
            ],
            [
              1441.9,
              1919.4
            ]
          ]
        ]
      }
    },
    {
      "type": "Feature",
      "properties": {
        "id": "S-10-1",
        "name": "封存记录副楼·北翼",
        "zone": "封存区",
        "kind": "building",
        "footprint": 1920,
        "description": "低风险复制记录、值班文书与受控交接准备。",
        "frontageRoad": "S-P07",
        "layer": "buildings",
        "sourceV011Id": "S-10",
        "expansionMode": "v0.11-quad-complex",
        "complexWing": 1
      },
      "geometry": {
        "type": "Polygon",
        "coordinates": [
          [
            [
              2069.2,
              1575.76
            ],
            [
              2129.2,
              1575.76
            ],
            [
              2129.2,
              1607.76
            ],
            [
              2069.2,
              1607.76
            ],
            [
              2069.2,
              1575.76
            ]
          ]
        ]
      }
    },
    {
      "type": "Feature",
      "properties": {
        "id": "S-10-2",
        "name": "封存记录副楼·东翼",
        "zone": "封存区",
        "kind": "building",
        "footprint": 1920,
        "description": "低风险复制记录、值班文书与受控交接准备。",
        "frontageRoad": "S-P07",
        "layer": "buildings",
        "sourceV011Id": "S-10",
        "expansionMode": "v0.11-quad-complex",
        "complexWing": 2
      },
      "geometry": {
        "type": "Polygon",
        "coordinates": [
          [
            [
              2129.2,
              1575.76
            ],
            [
              2189.2,
              1575.76
            ],
            [
              2189.2,
              1607.76
            ],
            [
              2129.2,
              1607.76
            ],
            [
              2129.2,
              1575.76
            ]
          ]
        ]
      }
    },
    {
      "type": "Feature",
      "properties": {
        "id": "S-10-3",
        "name": "封存记录副楼·南翼",
        "zone": "封存区",
        "kind": "building",
        "footprint": 1920,
        "description": "低风险复制记录、值班文书与受控交接准备。",
        "frontageRoad": "S-P07",
        "layer": "buildings",
        "sourceV011Id": "S-10",
        "expansionMode": "v0.11-quad-complex",
        "complexWing": 3
      },
      "geometry": {
        "type": "Polygon",
        "coordinates": [
          [
            [
              2129.2,
              1607.76
            ],
            [
              2189.2,
              1607.76
            ],
            [
              2189.2,
              1639.76
            ],
            [
              2129.2,
              1639.76
            ],
            [
              2129.2,
              1607.76
            ]
          ]
        ]
      }
    },
    {
      "type": "Feature",
      "properties": {
        "id": "S-10-4",
        "name": "封存记录副楼·西翼",
        "zone": "封存区",
        "kind": "building",
        "footprint": 1920,
        "description": "低风险复制记录、值班文书与受控交接准备。",
        "frontageRoad": "S-P07",
        "layer": "buildings",
        "sourceV011Id": "S-10",
        "expansionMode": "v0.11-quad-complex",
        "complexWing": 4
      },
      "geometry": {
        "type": "Polygon",
        "coordinates": [
          [
            [
              2069.2,
              1607.76
            ],
            [
              2129.2,
              1607.76
            ],
            [
              2129.2,
              1639.76
            ],
            [
              2069.2,
              1639.76
            ],
            [
              2069.2,
              1607.76
            ]
          ]
        ]
      }
    },
    {
      "type": "Feature",
      "properties": {
        "id": "O-08-1",
        "name": "外环课程器材棚·北翼",
        "zone": "郊野／外环",
        "kind": "building",
        "footprint": 1800,
        "description": "实地课程用普通器材的领取、清点与晾置。",
        "frontageRoad": "R-04B",
        "layer": "buildings",
        "sourceV011Id": "O-08",
        "expansionMode": "v0.11-quad-complex",
        "complexWing": 1
      },
      "geometry": {
        "type": "Polygon",
        "coordinates": [
          [
            [
              1638,
              2134.4
            ],
            [
              1698,
              2134.4
            ],
            [
              1698,
              2164.4
            ],
            [
              1638,
              2164.4
            ],
            [
              1638,
              2134.4
            ]
          ]
        ]
      }
    },
    {
      "type": "Feature",
      "properties": {
        "id": "O-08-2",
        "name": "外环课程器材棚·东翼",
        "zone": "郊野／外环",
        "kind": "building",
        "footprint": 1800,
        "description": "实地课程用普通器材的领取、清点与晾置。",
        "frontageRoad": "R-04B",
        "layer": "buildings",
        "sourceV011Id": "O-08",
        "expansionMode": "v0.11-quad-complex",
        "complexWing": 2
      },
      "geometry": {
        "type": "Polygon",
        "coordinates": [
          [
            [
              1698,
              2134.4
            ],
            [
              1758,
              2134.4
            ],
            [
              1758,
              2164.4
            ],
            [
              1698,
              2164.4
            ],
            [
              1698,
              2134.4
            ]
          ]
        ]
      }
    },
    {
      "type": "Feature",
      "properties": {
        "id": "O-08-3",
        "name": "外环课程器材棚·南翼",
        "zone": "郊野／外环",
        "kind": "building",
        "footprint": 1800,
        "description": "实地课程用普通器材的领取、清点与晾置。",
        "frontageRoad": "R-04B",
        "layer": "buildings",
        "sourceV011Id": "O-08",
        "expansionMode": "v0.11-quad-complex",
        "complexWing": 3
      },
      "geometry": {
        "type": "Polygon",
        "coordinates": [
          [
            [
              1698,
              2164.4
            ],
            [
              1758,
              2164.4
            ],
            [
              1758,
              2194.4
            ],
            [
              1698,
              2194.4
            ],
            [
              1698,
              2164.4
            ]
          ]
        ]
      }
    },
    {
      "type": "Feature",
      "properties": {
        "id": "O-08-4",
        "name": "外环课程器材棚·西翼",
        "zone": "郊野／外环",
        "kind": "building",
        "footprint": 1800,
        "description": "实地课程用普通器材的领取、清点与晾置。",
        "frontageRoad": "R-04B",
        "layer": "buildings",
        "sourceV011Id": "O-08",
        "expansionMode": "v0.11-quad-complex",
        "complexWing": 4
      },
      "geometry": {
        "type": "Polygon",
        "coordinates": [
          [
            [
              1638,
              2164.4
            ],
            [
              1698,
              2164.4
            ],
            [
              1698,
              2194.4
            ],
            [
              1638,
              2194.4
            ],
            [
              1638,
              2164.4
            ]
          ]
        ]
      }
    },
    {
      "type": "Feature",
      "properties": {
        "id": "O-09-1",
        "name": "生态巡护小站·北翼",
        "zone": "郊野／外环",
        "kind": "building",
        "footprint": 1800,
        "description": "生态恢复、河岸观察与巡护人员交接。",
        "frontageRoad": "R-04B",
        "layer": "buildings",
        "sourceV011Id": "O-09",
        "expansionMode": "v0.11-quad-complex",
        "complexWing": 1
      },
      "geometry": {
        "type": "Polygon",
        "coordinates": [
          [
            [
              2147.6,
              2132.44
            ],
            [
              2207.6,
              2132.44
            ],
            [
              2207.6,
              2162.44
            ],
            [
              2147.6,
              2162.44
            ],
            [
              2147.6,
              2132.44
            ]
          ]
        ]
      }
    },
    {
      "type": "Feature",
      "properties": {
        "id": "O-09-2",
        "name": "生态巡护小站·东翼",
        "zone": "郊野／外环",
        "kind": "building",
        "footprint": 1800,
        "description": "生态恢复、河岸观察与巡护人员交接。",
        "frontageRoad": "R-04B",
        "layer": "buildings",
        "sourceV011Id": "O-09",
        "expansionMode": "v0.11-quad-complex",
        "complexWing": 2
      },
      "geometry": {
        "type": "Polygon",
        "coordinates": [
          [
            [
              2207.6,
              2132.44
            ],
            [
              2267.6,
              2132.44
            ],
            [
              2267.6,
              2162.44
            ],
            [
              2207.6,
              2162.44
            ],
            [
              2207.6,
              2132.44
            ]
          ]
        ]
      }
    },
    {
      "type": "Feature",
      "properties": {
        "id": "O-09-3",
        "name": "生态巡护小站·南翼",
        "zone": "郊野／外环",
        "kind": "building",
        "footprint": 1800,
        "description": "生态恢复、河岸观察与巡护人员交接。",
        "frontageRoad": "R-04B",
        "layer": "buildings",
        "sourceV011Id": "O-09",
        "expansionMode": "v0.11-quad-complex",
        "complexWing": 3
      },
      "geometry": {
        "type": "Polygon",
        "coordinates": [
          [
            [
              2207.6,
              2162.44
            ],
            [
              2267.6,
              2162.44
            ],
            [
              2267.6,
              2192.44
            ],
            [
              2207.6,
              2192.44
            ],
            [
              2207.6,
              2162.44
            ]
          ]
        ]
      }
    },
    {
      "type": "Feature",
      "properties": {
        "id": "O-09-4",
        "name": "生态巡护小站·西翼",
        "zone": "郊野／外环",
        "kind": "building",
        "footprint": 1800,
        "description": "生态恢复、河岸观察与巡护人员交接。",
        "frontageRoad": "R-04B",
        "layer": "buildings",
        "sourceV011Id": "O-09",
        "expansionMode": "v0.11-quad-complex",
        "complexWing": 4
      },
      "geometry": {
        "type": "Polygon",
        "coordinates": [
          [
            [
              2147.6,
              2162.44
            ],
            [
              2207.6,
              2162.44
            ],
            [
              2207.6,
              2192.44
            ],
            [
              2147.6,
              2192.44
            ],
            [
              2147.6,
              2162.44
            ]
          ]
        ]
      }
    },
    {
      "type": "Feature",
      "properties": {
        "id": "O-10-1",
        "name": "体育场看台与更衣楼·北翼",
        "zone": "郊野／外环",
        "kind": "building",
        "footprint": 3000,
        "description": "体育课程看台、更衣、器材暂存与赛前集合。",
        "frontageRoad": "O-P04",
        "layer": "buildings",
        "sourceV011Id": "O-10",
        "expansionMode": "v0.11-quad-complex",
        "complexWing": 1
      },
      "geometry": {
        "type": "Polygon",
        "coordinates": [
          [
            [
              696.4,
              2457.8
            ],
            [
              796.4,
              2457.8
            ],
            [
              796.4,
              2487.8
            ],
            [
              696.4,
              2487.8
            ],
            [
              696.4,
              2457.8
            ]
          ]
        ]
      }
    },
    {
      "type": "Feature",
      "properties": {
        "id": "O-10-2",
        "name": "体育场看台与更衣楼·东翼",
        "zone": "郊野／外环",
        "kind": "building",
        "footprint": 3000,
        "description": "体育课程看台、更衣、器材暂存与赛前集合。",
        "frontageRoad": "O-P04",
        "layer": "buildings",
        "sourceV011Id": "O-10",
        "expansionMode": "v0.11-quad-complex",
        "complexWing": 2
      },
      "geometry": {
        "type": "Polygon",
        "coordinates": [
          [
            [
              796.4,
              2457.8
            ],
            [
              896.4,
              2457.8
            ],
            [
              896.4,
              2487.8
            ],
            [
              796.4,
              2487.8
            ],
            [
              796.4,
              2457.8
            ]
          ]
        ]
      }
    },
    {
      "type": "Feature",
      "properties": {
        "id": "O-10-3",
        "name": "体育场看台与更衣楼·南翼",
        "zone": "郊野／外环",
        "kind": "building",
        "footprint": 3000,
        "description": "体育课程看台、更衣、器材暂存与赛前集合。",
        "frontageRoad": "O-P04",
        "layer": "buildings",
        "sourceV011Id": "O-10",
        "expansionMode": "v0.11-quad-complex",
        "complexWing": 3
      },
      "geometry": {
        "type": "Polygon",
        "coordinates": [
          [
            [
              796.4,
              2487.8
            ],
            [
              896.4,
              2487.8
            ],
            [
              896.4,
              2517.8
            ],
            [
              796.4,
              2517.8
            ],
            [
              796.4,
              2487.8
            ]
          ]
        ]
      }
    },
    {
      "type": "Feature",
      "properties": {
        "id": "O-10-4",
        "name": "体育场看台与更衣楼·西翼",
        "zone": "郊野／外环",
        "kind": "building",
        "footprint": 3000,
        "description": "体育课程看台、更衣、器材暂存与赛前集合。",
        "frontageRoad": "O-P04",
        "layer": "buildings",
        "sourceV011Id": "O-10",
        "expansionMode": "v0.11-quad-complex",
        "complexWing": 4
      },
      "geometry": {
        "type": "Polygon",
        "coordinates": [
          [
            [
              696.4,
              2487.8
            ],
            [
              796.4,
              2487.8
            ],
            [
              796.4,
              2517.8
            ],
            [
              696.4,
              2517.8
            ],
            [
              696.4,
              2487.8
            ]
          ]
        ]
      }
    },
    {
      "type": "Feature",
      "properties": {
        "id": "O-11-1",
        "name": "体育器材与浴室·北翼",
        "zone": "郊野／外环",
        "kind": "building",
        "footprint": 2700,
        "description": "体育器材借还、清洗、浴室与赛后恢复。",
        "frontageRoad": "O-P04",
        "layer": "buildings",
        "sourceV011Id": "O-11",
        "expansionMode": "v0.11-quad-complex",
        "complexWing": 1
      },
      "geometry": {
        "type": "Polygon",
        "coordinates": [
          [
            [
              951.4,
              2457.8
            ],
            [
              1041.4,
              2457.8
            ],
            [
              1041.4,
              2487.8
            ],
            [
              951.4,
              2487.8
            ],
            [
              951.4,
              2457.8
            ]
          ]
        ]
      }
    },
    {
      "type": "Feature",
      "properties": {
        "id": "O-11-2",
        "name": "体育器材与浴室·东翼",
        "zone": "郊野／外环",
        "kind": "building",
        "footprint": 2700,
        "description": "体育器材借还、清洗、浴室与赛后恢复。",
        "frontageRoad": "O-P04",
        "layer": "buildings",
        "sourceV011Id": "O-11",
        "expansionMode": "v0.11-quad-complex",
        "complexWing": 2
      },
      "geometry": {
        "type": "Polygon",
        "coordinates": [
          [
            [
              1041.4,
              2457.8
            ],
            [
              1131.4,
              2457.8
            ],
            [
              1131.4,
              2487.8
            ],
            [
              1041.4,
              2487.8
            ],
            [
              1041.4,
              2457.8
            ]
          ]
        ]
      }
    },
    {
      "type": "Feature",
      "properties": {
        "id": "O-11-3",
        "name": "体育器材与浴室·南翼",
        "zone": "郊野／外环",
        "kind": "building",
        "footprint": 2700,
        "description": "体育器材借还、清洗、浴室与赛后恢复。",
        "frontageRoad": "O-P04",
        "layer": "buildings",
        "sourceV011Id": "O-11",
        "expansionMode": "v0.11-quad-complex",
        "complexWing": 3
      },
      "geometry": {
        "type": "Polygon",
        "coordinates": [
          [
            [
              1041.4,
              2487.8
            ],
            [
              1131.4,
              2487.8
            ],
            [
              1131.4,
              2517.8
            ],
            [
              1041.4,
              2517.8
            ],
            [
              1041.4,
              2487.8
            ]
          ]
        ]
      }
    },
    {
      "type": "Feature",
      "properties": {
        "id": "O-11-4",
        "name": "体育器材与浴室·西翼",
        "zone": "郊野／外环",
        "kind": "building",
        "footprint": 2700,
        "description": "体育器材借还、清洗、浴室与赛后恢复。",
        "frontageRoad": "O-P04",
        "layer": "buildings",
        "sourceV011Id": "O-11",
        "expansionMode": "v0.11-quad-complex",
        "complexWing": 4
      },
      "geometry": {
        "type": "Polygon",
        "coordinates": [
          [
            [
              951.4,
              2487.8
            ],
            [
              1041.4,
              2487.8
            ],
            [
              1041.4,
              2517.8
            ],
            [
              951.4,
              2517.8
            ],
            [
              951.4,
              2487.8
            ]
          ]
        ]
      }
    },
    {
      "type": "Feature",
      "properties": {
        "id": "O-12-1",
        "name": "护障对抗场控制厅·北翼",
        "zone": "郊野／外环",
        "kind": "building",
        "footprint": 2400,
        "description": "课程护障、裁判记录、出入许可与紧急停场。",
        "frontageRoad": "O-P07",
        "layer": "buildings",
        "sourceV011Id": "O-12",
        "expansionMode": "v0.11-quad-complex",
        "complexWing": 1
      },
      "geometry": {
        "type": "Polygon",
        "coordinates": [
          [
            [
              226.4,
              2389.2
            ],
            [
              306.4,
              2389.2
            ],
            [
              306.4,
              2419.2
            ],
            [
              226.4,
              2419.2
            ],
            [
              226.4,
              2389.2
            ]
          ]
        ]
      }
    },
    {
      "type": "Feature",
      "properties": {
        "id": "O-12-2",
        "name": "护障对抗场控制厅·东翼",
        "zone": "郊野／外环",
        "kind": "building",
        "footprint": 2400,
        "description": "课程护障、裁判记录、出入许可与紧急停场。",
        "frontageRoad": "O-P07",
        "layer": "buildings",
        "sourceV011Id": "O-12",
        "expansionMode": "v0.11-quad-complex",
        "complexWing": 2
      },
      "geometry": {
        "type": "Polygon",
        "coordinates": [
          [
            [
              306.4,
              2389.2
            ],
            [
              386.4,
              2389.2
            ],
            [
              386.4,
              2419.2
            ],
            [
              306.4,
              2419.2
            ],
            [
              306.4,
              2389.2
            ]
          ]
        ]
      }
    },
    {
      "type": "Feature",
      "properties": {
        "id": "O-12-3",
        "name": "护障对抗场控制厅·南翼",
        "zone": "郊野／外环",
        "kind": "building",
        "footprint": 2400,
        "description": "课程护障、裁判记录、出入许可与紧急停场。",
        "frontageRoad": "O-P07",
        "layer": "buildings",
        "sourceV011Id": "O-12",
        "expansionMode": "v0.11-quad-complex",
        "complexWing": 3
      },
      "geometry": {
        "type": "Polygon",
        "coordinates": [
          [
            [
              306.4,
              2419.2
            ],
            [
              386.4,
              2419.2
            ],
            [
              386.4,
              2449.2
            ],
            [
              306.4,
              2449.2
            ],
            [
              306.4,
              2419.2
            ]
          ]
        ]
      }
    },
    {
      "type": "Feature",
      "properties": {
        "id": "O-12-4",
        "name": "护障对抗场控制厅·西翼",
        "zone": "郊野／外环",
        "kind": "building",
        "footprint": 2400,
        "description": "课程护障、裁判记录、出入许可与紧急停场。",
        "frontageRoad": "O-P07",
        "layer": "buildings",
        "sourceV011Id": "O-12",
        "expansionMode": "v0.11-quad-complex",
        "complexWing": 4
      },
      "geometry": {
        "type": "Polygon",
        "coordinates": [
          [
            [
              226.4,
              2419.2
            ],
            [
              306.4,
              2419.2
            ],
            [
              306.4,
              2449.2
            ],
            [
              226.4,
              2449.2
            ],
            [
              226.4,
              2419.2
            ]
          ]
        ]
      }
    },
    {
      "type": "Feature",
      "properties": {
        "id": "O-13-1",
        "name": "小队战术场器材屋·北翼",
        "zone": "郊野／外环",
        "kind": "building",
        "footprint": 2700,
        "description": "小队课程器材、标识物、裁判席与课后清点。",
        "frontageRoad": "O-P04",
        "layer": "buildings",
        "sourceV011Id": "O-13",
        "expansionMode": "v0.11-quad-complex",
        "complexWing": 1
      },
      "geometry": {
        "type": "Polygon",
        "coordinates": [
          [
            [
              1363,
              2457.8
            ],
            [
              1453,
              2457.8
            ],
            [
              1453,
              2487.8
            ],
            [
              1363,
              2487.8
            ],
            [
              1363,
              2457.8
            ]
          ]
        ]
      }
    },
    {
      "type": "Feature",
      "properties": {
        "id": "O-13-2",
        "name": "小队战术场器材屋·东翼",
        "zone": "郊野／外环",
        "kind": "building",
        "footprint": 2700,
        "description": "小队课程器材、标识物、裁判席与课后清点。",
        "frontageRoad": "O-P04",
        "layer": "buildings",
        "sourceV011Id": "O-13",
        "expansionMode": "v0.11-quad-complex",
        "complexWing": 2
      },
      "geometry": {
        "type": "Polygon",
        "coordinates": [
          [
            [
              1453,
              2457.8
            ],
            [
              1543,
              2457.8
            ],
            [
              1543,
              2487.8
            ],
            [
              1453,
              2487.8
            ],
            [
              1453,
              2457.8
            ]
          ]
        ]
      }
    },
    {
      "type": "Feature",
      "properties": {
        "id": "O-13-3",
        "name": "小队战术场器材屋·南翼",
        "zone": "郊野／外环",
        "kind": "building",
        "footprint": 2700,
        "description": "小队课程器材、标识物、裁判席与课后清点。",
        "frontageRoad": "O-P04",
        "layer": "buildings",
        "sourceV011Id": "O-13",
        "expansionMode": "v0.11-quad-complex",
        "complexWing": 3
      },
      "geometry": {
        "type": "Polygon",
        "coordinates": [
          [
            [
              1453,
              2487.8
            ],
            [
              1543,
              2487.8
            ],
            [
              1543,
              2517.8
            ],
            [
              1453,
              2517.8
            ],
            [
              1453,
              2487.8
            ]
          ]
        ]
      }
    },
    {
      "type": "Feature",
      "properties": {
        "id": "O-13-4",
        "name": "小队战术场器材屋·西翼",
        "zone": "郊野／外环",
        "kind": "building",
        "footprint": 2700,
        "description": "小队课程器材、标识物、裁判席与课后清点。",
        "frontageRoad": "O-P04",
        "layer": "buildings",
        "sourceV011Id": "O-13",
        "expansionMode": "v0.11-quad-complex",
        "complexWing": 4
      },
      "geometry": {
        "type": "Polygon",
        "coordinates": [
          [
            [
              1363,
              2487.8
            ],
            [
              1453,
              2487.8
            ],
            [
              1453,
              2517.8
            ],
            [
              1363,
              2517.8
            ],
            [
              1363,
              2487.8
            ]
          ]
        ]
      }
    },
    {
      "type": "Feature",
      "properties": {
        "id": "O-14-1",
        "name": "场地护障机房·北翼",
        "zone": "郊野／外环",
        "kind": "building",
        "footprint": 2100,
        "description": "对抗场护障供能、故障隔离与维护值班。",
        "frontageRoad": "O-P07",
        "layer": "buildings",
        "sourceV011Id": "O-14",
        "expansionMode": "v0.11-quad-complex",
        "complexWing": 1
      },
      "geometry": {
        "type": "Polygon",
        "coordinates": [
          [
            [
              412.8,
              2389.2
            ],
            [
              482.8,
              2389.2
            ],
            [
              482.8,
              2419.2
            ],
            [
              412.8,
              2419.2
            ],
            [
              412.8,
              2389.2
            ]
          ]
        ]
      }
    },
    {
      "type": "Feature",
      "properties": {
        "id": "O-14-2",
        "name": "场地护障机房·东翼",
        "zone": "郊野／外环",
        "kind": "building",
        "footprint": 2100,
        "description": "对抗场护障供能、故障隔离与维护值班。",
        "frontageRoad": "O-P07",
        "layer": "buildings",
        "sourceV011Id": "O-14",
        "expansionMode": "v0.11-quad-complex",
        "complexWing": 2
      },
      "geometry": {
        "type": "Polygon",
        "coordinates": [
          [
            [
              482.8,
              2389.2
            ],
            [
              552.8,
              2389.2
            ],
            [
              552.8,
              2419.2
            ],
            [
              482.8,
              2419.2
            ],
            [
              482.8,
              2389.2
            ]
          ]
        ]
      }
    },
    {
      "type": "Feature",
      "properties": {
        "id": "O-14-3",
        "name": "场地护障机房·南翼",
        "zone": "郊野／外环",
        "kind": "building",
        "footprint": 2100,
        "description": "对抗场护障供能、故障隔离与维护值班。",
        "frontageRoad": "O-P07",
        "layer": "buildings",
        "sourceV011Id": "O-14",
        "expansionMode": "v0.11-quad-complex",
        "complexWing": 3
      },
      "geometry": {
        "type": "Polygon",
        "coordinates": [
          [
            [
              482.8,
              2419.2
            ],
            [
              552.8,
              2419.2
            ],
            [
              552.8,
              2449.2
            ],
            [
              482.8,
              2449.2
            ],
            [
              482.8,
              2419.2
            ]
          ]
        ]
      }
    },
    {
      "type": "Feature",
      "properties": {
        "id": "O-14-4",
        "name": "场地护障机房·西翼",
        "zone": "郊野／外环",
        "kind": "building",
        "footprint": 2100,
        "description": "对抗场护障供能、故障隔离与维护值班。",
        "frontageRoad": "O-P07",
        "layer": "buildings",
        "sourceV011Id": "O-14",
        "expansionMode": "v0.11-quad-complex",
        "complexWing": 4
      },
      "geometry": {
        "type": "Polygon",
        "coordinates": [
          [
            [
              412.8,
              2419.2
            ],
            [
              482.8,
              2419.2
            ],
            [
              482.8,
              2449.2
            ],
            [
              412.8,
              2449.2
            ],
            [
              412.8,
              2419.2
            ]
          ]
        ]
      }
    },
    {
      "type": "Feature",
      "properties": {
        "id": "G-01",
        "name": "西门",
        "kind": "入口",
        "description": "学生与日常访客的主要步行入口。",
        "layer": "points"
      },
      "geometry": {
        "type": "Point",
        "coordinates": [
          61.4,
          445.48
        ]
      }
    },
    {
      "type": "Feature",
      "properties": {
        "id": "G-02",
        "name": "南市门",
        "kind": "入口",
        "description": "补给、车队、市场访客与公开货运入口。",
        "layer": "points"
      },
      "geometry": {
        "type": "Point",
        "coordinates": [
          1698,
          2693.6
        ]
      }
    },
    {
      "type": "Feature",
      "properties": {
        "id": "G-03",
        "name": "东侧服务门",
        "kind": "入口",
        "description": "器材、维护车队与受控服务入口。",
        "layer": "points"
      },
      "geometry": {
        "type": "Point",
        "coordinates": [
          3109.2,
          1517.6
        ]
      }
    },
    {
      "type": "Feature",
      "properties": {
        "id": "POI-01",
        "name": "学院任务调度台",
        "kind": "服务",
        "description": "课程、维护和安全任务的公开调度入口。",
        "layer": "points"
      },
      "geometry": {
        "type": "Point",
        "coordinates": [
          1413.8,
          478.8
        ]
      }
    },
    {
      "type": "Feature",
      "properties": {
        "id": "POI-02",
        "name": "雨后灯庭",
        "kind": "课程",
        "description": "环境回路、遮挡判断与安全处置的实地对抗课程。",
        "layer": "points"
      },
      "geometry": {
        "type": "Point",
        "coordinates": [
          1247.2,
          2223.2
        ]
      }
    },
    {
      "type": "Feature",
      "properties": {
        "id": "POI-03",
        "name": "医务入口",
        "kind": "服务",
        "description": "健康确认、治疗、护理与餐食协作入口。",
        "layer": "points"
      },
      "geometry": {
        "type": "Point",
        "coordinates": [
          914,
          1302
        ]
      }
    },
    {
      "type": "Feature",
      "properties": {
        "id": "POI-04",
        "name": "工坊器材柜台",
        "kind": "服务",
        "description": "装备借还、公共校准与器材登记入口。",
        "layer": "points"
      },
      "geometry": {
        "type": "Point",
        "coordinates": [
          2011.6,
          322
        ]
      }
    },
    {
      "type": "Feature",
      "properties": {
        "id": "POI-05",
        "name": "封存许可窗口",
        "kind": "受控服务",
        "description": "受限资料、观察和维护任务的登记入口。",
        "layer": "points"
      },
      "geometry": {
        "type": "Point",
        "coordinates": [
          2188,
          1370.6
        ]
      }
    },
    {
      "type": "Feature",
      "properties": {
        "id": "POI-06",
        "name": "市集信息牌",
        "kind": "公共服务",
        "description": "公开交易、货运和临时委托的告示点。",
        "layer": "points"
      },
      "geometry": {
        "type": "Point",
        "coordinates": [
          1668.6,
          1380.4
        ]
      }
    },
    {
      "type": "Feature",
      "properties": {
        "id": "POI-07",
        "name": "外环维护集合点",
        "kind": "维护",
        "description": "护障、排水和巡检任务的外勤集合点。",
        "layer": "points"
      },
      "geometry": {
        "type": "Point",
        "coordinates": [
          1894,
          2297.68
        ]
      }
    },
    {
      "type": "Feature",
      "properties": {
        "id": "POI-08",
        "name": "学院体育场",
        "kind": "体育",
        "description": "体育课程、学院赛事、公共锻炼与毕业季集会场地。",
        "layer": "points"
      },
      "geometry": {
        "type": "Point",
        "coordinates": [
          972.8,
          2654.4
        ]
      }
    },
    {
      "type": "Feature",
      "properties": {
        "id": "POI-09",
        "name": "护障对抗场",
        "kind": "战斗课程",
        "description": "非致命对抗、裁判考核和安全停场训练。",
        "layer": "points"
      },
      "geometry": {
        "type": "Point",
        "coordinates": [
          384.8,
          2625
        ]
      }
    },
    {
      "type": "Feature",
      "properties": {
        "id": "POI-10",
        "name": "小队战术训练场",
        "kind": "战斗课程",
        "description": "小队路线、掩体、协作与撤离训练。",
        "layer": "points"
      },
      "geometry": {
        "type": "Point",
        "coordinates": [
          1482.4,
          2654.4
        ]
      }
    },
    {
      "type": "Feature",
      "properties": {
        "id": "TR-S01",
        "name": "西门通勤站",
        "kind": "通勤站",
        "description": "驮轨巨蚓通勤环线的西侧上车站，服务教学区与西门来访者。",
        "layer": "points"
      },
      "geometry": {
        "type": "Point",
        "coordinates": [
          55.52,
          733.6
        ]
      }
    },
    {
      "type": "Feature",
      "properties": {
        "id": "TR-S02",
        "name": "钟楼湖畔站",
        "kind": "通勤站",
        "description": "钟楼南侧的环线站，连接中庭、湖岸步道与生活区。",
        "layer": "points"
      },
      "geometry": {
        "type": "Point",
        "coordinates": [
          1404,
          831.6
        ]
      }
    },
    {
      "type": "Feature",
      "properties": {
        "id": "TR-S03",
        "name": "工坊校准站",
        "kind": "通勤站",
        "description": "服务工坊器材交接与课程通勤；货运另走维护路线。",
        "layer": "points"
      },
      "geometry": {
        "type": "Point",
        "coordinates": [
          2031.2,
          870.8
        ]
      }
    },
    {
      "type": "Feature",
      "properties": {
        "id": "TR-S04",
        "name": "南市生活站",
        "kind": "通勤站",
        "description": "连接生活区、市集与南部郊野慢行线的环线站。",
        "layer": "points"
      },
      "geometry": {
        "type": "Point",
        "coordinates": [
          1404,
          2046.8
        ]
      }
    }
  ]
}
