{
  "type": "FeatureCollection",
  "metadata": {
    "title": "OCC 学院城邦全域地图 v0.18",
    "coordinateSystem": "学院本地平面坐标：西北角为 (0,0)，x 向东、y 向南，单位 m。",
    "source": "Tools/AcademyMapPrototype/src/data.js",
    "generatedBy": "npm run export:geojson",
    "scope": "地图精修中的矢量母版交换格式；不包含 Unity 战斗格图。"
  },
  "features": [
    {
      "type": "Feature",
      "properties": {
        "id": "Z-N",
        "name": "北部郊野外环",
        "zone": "郊野／外环",
        "openSpacePurpose": "北门、防灾林、检疫与生态维护",
        "layer": "zones"
      },
      "geometry": {
        "type": "Polygon",
        "coordinates": [
          [
            [
              0,
              0
            ],
            [
              3200,
              0
            ],
            [
              3200,
              240
            ],
            [
              0,
              240
            ],
            [
              0,
              0
            ]
          ]
        ]
      }
    },
    {
      "type": "Feature",
      "properties": {
        "id": "Z-T",
        "name": "教学区",
        "zone": "教学区",
        "openSpacePurpose": "历史学院街巷、教学庭院与扩建预留",
        "layer": "zones"
      },
      "geometry": {
        "type": "Polygon",
        "coordinates": [
          [
            [
              0,
              240
            ],
            [
              1480,
              240
            ],
            [
              1480,
              1350
            ],
            [
              0,
              1350
            ],
            [
              0,
              240
            ]
          ]
        ]
      }
    },
    {
      "type": "Feature",
      "properties": {
        "id": "Z-L",
        "name": "生活区",
        "zone": "生活区",
        "openSpacePurpose": "居住街坊、公共庭院、消防退界与河岸步道",
        "layer": "zones"
      },
      "geometry": {
        "type": "Polygon",
        "coordinates": [
          [
            [
              0,
              1350
            ],
            [
              1480,
              1350
            ],
            [
              1480,
              2360
            ],
            [
              0,
              2360
            ],
            [
              0,
              1350
            ]
          ]
        ]
      }
    },
    {
      "type": "Feature",
      "properties": {
        "id": "Z-C",
        "name": "双核中庭带",
        "zone": "中庭区",
        "openSpacePurpose": "中央河湖、桥头广场、防洪退界与公共轴线",
        "layer": "zones"
      },
      "geometry": {
        "type": "Polygon",
        "coordinates": [
          [
            [
              1480,
              240
            ],
            [
              1770,
              240
            ],
            [
              1770,
              2360
            ],
            [
              1480,
              2360
            ],
            [
              1480,
              240
            ]
          ]
        ]
      }
    },
    {
      "type": "Feature",
      "properties": {
        "id": "Z-M",
        "name": "城市市集区",
        "zone": "市集区",
        "openSpacePurpose": "市政、商业、文化、旅宿和公共交通",
        "layer": "zones"
      },
      "geometry": {
        "type": "Polygon",
        "coordinates": [
          [
            [
              1770,
              240
            ],
            [
              3200,
              240
            ],
            [
              3200,
              1350
            ],
            [
              1770,
              1350
            ],
            [
              1770,
              240
            ]
          ]
        ]
      }
    },
    {
      "type": "Feature",
      "properties": {
        "id": "Z-W",
        "name": "工坊区",
        "zone": "工坊区",
        "openSpacePurpose": "制作、能源、货运、公共工程和消防间距",
        "layer": "zones"
      },
      "geometry": {
        "type": "Polygon",
        "coordinates": [
          [
            [
              2200,
              1350
            ],
            [
              3200,
              1350
            ],
            [
              3200,
              2360
            ],
            [
              2200,
              2360
            ],
            [
              2200,
              1350
            ]
          ]
        ]
      }
    },
    {
      "type": "Feature",
      "properties": {
        "id": "Z-S",
        "name": "封存区",
        "zone": "封存区",
        "openSpacePurpose": "许可边界、隔离缓冲、观察与受控档案",
        "layer": "zones"
      },
      "geometry": {
        "type": "Polygon",
        "coordinates": [
          [
            [
              1770,
              1350
            ],
            [
              2200,
              1350
            ],
            [
              2200,
              2360
            ],
            [
              1770,
              2360
            ],
            [
              1770,
              1350
            ]
          ]
        ]
      }
    },
    {
      "type": "Feature",
      "properties": {
        "id": "Z-O",
        "name": "南部郊野外环",
        "zone": "郊野／外环",
        "openSpacePurpose": "体育、战斗课程、水务与城市后勤",
        "layer": "zones"
      },
      "geometry": {
        "type": "Polygon",
        "coordinates": [
          [
            [
              0,
              2360
            ],
            [
              3200,
              2360
            ],
            [
              3200,
              2800
            ],
            [
              0,
              2800
            ],
            [
              0,
              2360
            ]
          ]
        ]
      }
    },
    {
      "type": "Feature",
      "properties": {
        "id": "G-WATER",
        "name": "学院城邦连续河湖",
        "kind": "water",
        "description": "北河—中央湖—南河连续水系",
        "layer": "terrain"
      },
      "geometry": {
        "type": "Polygon",
        "coordinates": [
          [
            [
              1515,
              0
            ],
            [
              1490,
              300
            ],
            [
              1510,
              620
            ],
            [
              1450,
              850
            ],
            [
              1330,
              1040
            ],
            [
              1260,
              1220
            ],
            [
              1280,
              1430
            ],
            [
              1350,
              1600
            ],
            [
              1430,
              1780
            ],
            [
              1460,
              2100
            ],
            [
              1480,
              2400
            ],
            [
              1460,
              2800
            ],
            [
              1710,
              2800
            ],
            [
              1690,
              2400
            ],
            [
              1715,
              2100
            ],
            [
              1770,
              1780
            ],
            [
              1870,
              1600
            ],
            [
              1960,
              1430
            ],
            [
              1980,
              1220
            ],
            [
              1910,
              1040
            ],
            [
              1780,
              850
            ],
            [
              1700,
              620
            ],
            [
              1720,
              300
            ],
            [
              1690,
              0
            ],
            [
              1515,
              0
            ]
          ]
        ]
      }
    },
    {
      "type": "Feature",
      "properties": {
        "id": "G-A-SQ",
        "name": "学院正厅门廊前庭",
        "kind": "paved",
        "description": "紧贴学院正厅外墙并衔接双核主路的门廊前庭",
        "layer": "terrain"
      },
      "geometry": {
        "type": "Polygon",
        "coordinates": [
          [
            [
              800,
              1235
            ],
            [
              905,
              1235
            ],
            [
              905,
              1240
            ],
            [
              800,
              1240
            ],
            [
              800,
              1235
            ]
          ]
        ]
      }
    },
    {
      "type": "Feature",
      "properties": {
        "id": "G-C-SQ",
        "name": "市民议政厅门廊前庭",
        "kind": "paved",
        "description": "紧贴议政厅外墙并衔接城市中央大道的门廊前庭",
        "layer": "terrain"
      },
      "geometry": {
        "type": "Polygon",
        "coordinates": [
          [
            [
              2385,
              1235
            ],
            [
              2515,
              1235
            ],
            [
              2515,
              1240
            ],
            [
              2385,
              1240
            ],
            [
              2385,
              1235
            ]
          ]
        ]
      }
    },
    {
      "type": "Feature",
      "properties": {
        "id": "G-W-PARK",
        "name": "西岸公共步道",
        "kind": "green",
        "description": "河岸公园、防洪与步行连续带",
        "layer": "terrain"
      },
      "geometry": {
        "type": "Polygon",
        "coordinates": [
          [
            [
              1200,
              1350
            ],
            [
              1240,
              1430
            ],
            [
              1310,
              1600
            ],
            [
              1390,
              1780
            ],
            [
              1420,
              2050
            ],
            [
              1360,
              2030
            ],
            [
              1330,
              1800
            ],
            [
              1250,
              1630
            ],
            [
              1180,
              1450
            ],
            [
              1200,
              1350
            ]
          ]
        ]
      }
    },
    {
      "type": "Feature",
      "properties": {
        "id": "G-E-PARK",
        "name": "东岸公共步道",
        "kind": "green",
        "description": "河岸公园、防洪与步行连续带",
        "layer": "terrain"
      },
      "geometry": {
        "type": "Polygon",
        "coordinates": [
          [
            [
              2020,
              1350
            ],
            [
              2000,
              1430
            ],
            [
              1930,
              1600
            ],
            [
              1880,
              1680
            ],
            [
              1940,
              1700
            ],
            [
              2010,
              1630
            ],
            [
              2060,
              1450
            ],
            [
              2020,
              1350
            ]
          ]
        ]
      }
    },
    {
      "type": "Feature",
      "properties": {
        "id": "G-T-PARK",
        "name": "旧讲堂街坊公园",
        "kind": "park",
        "description": "教学街坊的树荫、候课与短时休息空间",
        "layer": "terrain"
      },
      "geometry": {
        "type": "Polygon",
        "coordinates": [
          [
            [
              820,
              880
            ],
            [
              960,
              880
            ],
            [
              960,
              980
            ],
            [
              820,
              980
            ],
            [
              820,
              880
            ]
          ]
        ]
      }
    },
    {
      "type": "Feature",
      "properties": {
        "id": "G-T-WEST-PARK",
        "name": "西门前街公园",
        "kind": "park",
        "description": "西门入口侧的等候、遮荫与短时集散空间",
        "layer": "terrain"
      },
      "geometry": {
        "type": "Polygon",
        "coordinates": [
          [
            [
              0,
              420
            ],
            [
              130,
              420
            ],
            [
              130,
              580
            ],
            [
              0,
              580
            ],
            [
              0,
              420
            ]
          ]
        ]
      }
    },
    {
      "type": "Feature",
      "properties": {
        "id": "G-L-PARK",
        "name": "灯庭生活公园",
        "kind": "park",
        "description": "生活区居民与学生共用的小型公园",
        "layer": "terrain"
      },
      "geometry": {
        "type": "Polygon",
        "coordinates": [
          [
            [
              600,
              1550
            ],
            [
              720,
              1550
            ],
            [
              720,
              1660
            ],
            [
              600,
              1660
            ],
            [
              600,
              1550
            ]
          ]
        ]
      }
    },
    {
      "type": "Feature",
      "properties": {
        "id": "G-M-PARK",
        "name": "市集口袋公园",
        "kind": "park",
        "description": "市集区步行休息、等候与小型摊位轮换空间",
        "layer": "terrain"
      },
      "geometry": {
        "type": "Polygon",
        "coordinates": [
          [
            [
              2620,
              680
            ],
            [
              2700,
              680
            ],
            [
              2700,
              770
            ],
            [
              2620,
              770
            ],
            [
              2620,
              680
            ]
          ]
        ]
      }
    },
    {
      "type": "Feature",
      "properties": {
        "id": "G-WORK-PARK",
        "name": "工坊午休公园",
        "kind": "park",
        "description": "工坊工人午休、用餐与应急疏散空间",
        "layer": "terrain"
      },
      "geometry": {
        "type": "Polygon",
        "coordinates": [
          [
            [
              2400,
              1790
            ],
            [
              2500,
              1790
            ],
            [
              2500,
              1860
            ],
            [
              2400,
              1860
            ],
            [
              2400,
              1790
            ]
          ]
        ]
      }
    },
    {
      "type": "Feature",
      "properties": {
        "id": "G-STADIUM",
        "name": "学院体育场",
        "kind": "sports",
        "description": "体育课程、比赛与大型集会",
        "layer": "terrain"
      },
      "geometry": {
        "type": "Polygon",
        "coordinates": [
          [
            [
              220,
              2480
            ],
            [
              880,
              2480
            ],
            [
              920,
              2720
            ],
            [
              190,
              2720
            ],
            [
              220,
              2480
            ]
          ]
        ]
      }
    },
    {
      "type": "Feature",
      "properties": {
        "id": "G-COMBAT",
        "name": "护障对抗场",
        "kind": "combat",
        "description": "非致命对抗课程与护障训练",
        "layer": "terrain"
      },
      "geometry": {
        "type": "Polygon",
        "coordinates": [
          [
            [
              1010,
              2480
            ],
            [
              1430,
              2480
            ],
            [
              1430,
              2720
            ],
            [
              1000,
              2700
            ],
            [
              1010,
              2480
            ]
          ]
        ]
      }
    },
    {
      "type": "Feature",
      "properties": {
        "id": "G-TACTICAL",
        "name": "小队战术训练场",
        "kind": "training",
        "description": "路线、协同与团队战术训练",
        "layer": "terrain"
      },
      "geometry": {
        "type": "Polygon",
        "coordinates": [
          [
            [
              1810,
              2480
            ],
            [
              2390,
              2480
            ],
            [
              2440,
              2720
            ],
            [
              1780,
              2720
            ],
            [
              1810,
              2480
            ]
          ]
        ]
      }
    },
    {
      "type": "Feature",
      "properties": {
        "id": "G-SEALED",
        "name": "封存缓冲庭",
        "kind": "restricted",
        "description": "封存隔离、观察与消防缓冲",
        "layer": "terrain"
      },
      "geometry": {
        "type": "Polygon",
        "coordinates": [
          [
            [
              1840,
              1730
            ],
            [
              2140,
              1730
            ],
            [
              2140,
              2200
            ],
            [
              1840,
              2200
            ],
            [
              1840,
              1730
            ]
          ]
        ]
      }
    },
    {
      "type": "Feature",
      "properties": {
        "id": "G-NORTH",
        "name": "北门防灾林",
        "kind": "terrain",
        "description": "防风、防火和北门集结",
        "layer": "terrain"
      },
      "geometry": {
        "type": "Polygon",
        "coordinates": [
          [
            [
              120,
              40
            ],
            [
              720,
              40
            ],
            [
              760,
              200
            ],
            [
              100,
              200
            ],
            [
              120,
              40
            ]
          ]
        ]
      }
    },
    {
      "type": "Feature",
      "properties": {
        "id": "G-SOUTH",
        "name": "南部水务恢复地",
        "kind": "terrain",
        "description": "下游防洪、生态恢复和水务维护",
        "layer": "terrain"
      },
      "geometry": {
        "type": "Polygon",
        "coordinates": [
          [
            [
              2550,
              2460
            ],
            [
              3100,
              2460
            ],
            [
              3060,
              2720
            ],
            [
              2580,
              2720
            ],
            [
              2550,
              2460
            ]
          ]
        ]
      }
    },
    {
      "type": "Feature",
      "properties": {
        "id": "R-NW",
        "name": "北部学府大道",
        "roadClass": "主步道",
        "width": 16,
        "layer": "roads"
      },
      "geometry": {
        "type": "LineString",
        "coordinates": [
          [
            0,
            620
          ],
          [
            1506,
            620
          ]
        ]
      }
    },
    {
      "type": "Feature",
      "properties": {
        "id": "B-N",
        "name": "北部公共桥",
        "roadClass": "桥梁",
        "width": 16,
        "layer": "roads"
      },
      "geometry": {
        "type": "LineString",
        "coordinates": [
          [
            1506,
            620
          ],
          [
            1704,
            620
          ]
        ]
      }
    },
    {
      "type": "Feature",
      "properties": {
        "id": "R-NE",
        "name": "北部城市大道",
        "roadClass": "主步道",
        "width": 16,
        "layer": "roads"
      },
      "geometry": {
        "type": "LineString",
        "coordinates": [
          [
            1704,
            620
          ],
          [
            3200,
            620
          ]
        ]
      }
    },
    {
      "type": "Feature",
      "properties": {
        "id": "R-CW",
        "name": "学院桥头大道",
        "roadClass": "主步道",
        "width": 20,
        "layer": "roads"
      },
      "geometry": {
        "type": "LineString",
        "coordinates": [
          [
            0,
            1250
          ],
          [
            1258,
            1250
          ]
        ]
      }
    },
    {
      "type": "Feature",
      "properties": {
        "id": "B-MAIN",
        "name": "双核主桥",
        "roadClass": "桥梁",
        "width": 20,
        "layer": "roads"
      },
      "geometry": {
        "type": "LineString",
        "coordinates": [
          [
            1258,
            1250
          ],
          [
            1982,
            1250
          ]
        ]
      }
    },
    {
      "type": "Feature",
      "properties": {
        "id": "R-CE",
        "name": "城市中央大道",
        "roadClass": "主步道",
        "width": 20,
        "layer": "roads"
      },
      "geometry": {
        "type": "LineString",
        "coordinates": [
          [
            1982,
            1250
          ],
          [
            3200,
            1250
          ]
        ]
      }
    },
    {
      "type": "Feature",
      "properties": {
        "id": "R-SW",
        "name": "南部学院大道",
        "roadClass": "主步道",
        "width": 16,
        "layer": "roads"
      },
      "geometry": {
        "type": "LineString",
        "coordinates": [
          [
            0,
            2050
          ],
          [
            1452,
            2050
          ]
        ]
      }
    },
    {
      "type": "Feature",
      "properties": {
        "id": "B-S",
        "name": "南部公共桥",
        "roadClass": "桥梁",
        "width": 16,
        "layer": "roads"
      },
      "geometry": {
        "type": "LineString",
        "coordinates": [
          [
            1452,
            2050
          ],
          [
            1740,
            2050
          ]
        ]
      }
    },
    {
      "type": "Feature",
      "properties": {
        "id": "R-SE",
        "name": "南部工坊大道",
        "roadClass": "主步道",
        "width": 16,
        "layer": "roads"
      },
      "geometry": {
        "type": "LineString",
        "coordinates": [
          [
            1740,
            2050
          ],
          [
            3200,
            2050
          ]
        ]
      }
    },
    {
      "type": "Feature",
      "properties": {
        "id": "R-W1",
        "name": "西门学院路",
        "roadClass": "主步道",
        "width": 14,
        "layer": "roads"
      },
      "geometry": {
        "type": "LineString",
        "coordinates": [
          [
            360,
            0
          ],
          [
            360,
            2380
          ]
        ]
      }
    },
    {
      "type": "Feature",
      "properties": {
        "id": "R-W2",
        "name": "学院中路",
        "roadClass": "支路",
        "width": 9,
        "layer": "roads"
      },
      "geometry": {
        "type": "LineString",
        "coordinates": [
          [
            760,
            0
          ],
          [
            760,
            2380
          ]
        ]
      }
    },
    {
      "type": "Feature",
      "properties": {
        "id": "R-W3",
        "name": "钟楼西路",
        "roadClass": "支路",
        "width": 9,
        "layer": "roads"
      },
      "geometry": {
        "type": "LineString",
        "coordinates": [
          [
            1120,
            0
          ],
          [
            1120,
            2380
          ]
        ]
      }
    },
    {
      "type": "Feature",
      "properties": {
        "id": "R-E1",
        "name": "市民东路",
        "roadClass": "主步道",
        "width": 14,
        "layer": "roads"
      },
      "geometry": {
        "type": "LineString",
        "coordinates": [
          [
            2760,
            0
          ],
          [
            2760,
            2380
          ]
        ]
      }
    },
    {
      "type": "Feature",
      "properties": {
        "id": "R-E2",
        "name": "议政东路",
        "roadClass": "支路",
        "width": 9,
        "layer": "roads"
      },
      "geometry": {
        "type": "LineString",
        "coordinates": [
          [
            2350,
            0
          ],
          [
            2350,
            2380
          ]
        ]
      }
    },
    {
      "type": "Feature",
      "properties": {
        "id": "M-V0",
        "name": "河港纵路",
        "roadClass": "支路",
        "width": 9,
        "layer": "roads"
      },
      "geometry": {
        "type": "LineString",
        "coordinates": [
          [
            2020,
            0
          ],
          [
            2020,
            1250
          ]
        ]
      }
    },
    {
      "type": "Feature",
      "properties": {
        "id": "W-V0",
        "name": "封存工坊界路",
        "roadClass": "支路",
        "width": 9,
        "layer": "roads"
      },
      "geometry": {
        "type": "LineString",
        "coordinates": [
          [
            2180,
            1250
          ],
          [
            2180,
            2380
          ]
        ]
      }
    },
    {
      "type": "Feature",
      "properties": {
        "id": "T-01",
        "name": "古讲堂街",
        "roadClass": "支路",
        "width": 8,
        "layer": "roads"
      },
      "geometry": {
        "type": "LineString",
        "coordinates": [
          [
            0,
            360
          ],
          [
            1440,
            360
          ]
        ]
      }
    },
    {
      "type": "Feature",
      "properties": {
        "id": "T-02",
        "name": "图书馆街",
        "roadClass": "支路",
        "width": 8,
        "layer": "roads"
      },
      "geometry": {
        "type": "LineString",
        "coordinates": [
          [
            0,
            820
          ],
          [
            1438,
            820
          ]
        ]
      }
    },
    {
      "type": "Feature",
      "properties": {
        "id": "T-03",
        "name": "学院南街",
        "roadClass": "支路",
        "width": 8,
        "layer": "roads"
      },
      "geometry": {
        "type": "LineString",
        "coordinates": [
          [
            0,
            1050
          ],
          [
            1120,
            1050
          ]
        ]
      }
    },
    {
      "type": "Feature",
      "properties": {
        "id": "T-04",
        "name": "学院北巷",
        "roadClass": "支路",
        "width": 7,
        "layer": "roads"
      },
      "geometry": {
        "type": "LineString",
        "coordinates": [
          [
            360,
            500
          ],
          [
            1120,
            500
          ]
        ]
      }
    },
    {
      "type": "Feature",
      "properties": {
        "id": "T-V1",
        "name": "讲堂西巷",
        "roadClass": "支路",
        "width": 7,
        "layer": "roads"
      },
      "geometry": {
        "type": "LineString",
        "coordinates": [
          [
            560,
            360
          ],
          [
            560,
            1250
          ]
        ]
      }
    },
    {
      "type": "Feature",
      "properties": {
        "id": "T-V2",
        "name": "河岸教学巷",
        "roadClass": "支路",
        "width": 7,
        "layer": "roads"
      },
      "geometry": {
        "type": "LineString",
        "coordinates": [
          [
            1250,
            360
          ],
          [
            1250,
            1250
          ]
        ]
      }
    },
    {
      "type": "Feature",
      "properties": {
        "id": "T-V3",
        "name": "西侧教学巷",
        "roadClass": "支路",
        "width": 7,
        "layer": "roads"
      },
      "geometry": {
        "type": "LineString",
        "coordinates": [
          [
            180,
            360
          ],
          [
            180,
            1250
          ]
        ]
      }
    },
    {
      "type": "Feature",
      "properties": {
        "id": "L-01",
        "name": "灯庭街",
        "roadClass": "支路",
        "width": 8,
        "layer": "roads"
      },
      "geometry": {
        "type": "LineString",
        "coordinates": [
          [
            0,
            1460
          ],
          [
            1260,
            1460
          ]
        ]
      }
    },
    {
      "type": "Feature",
      "properties": {
        "id": "L-02",
        "name": "宿舍街",
        "roadClass": "支路",
        "width": 8,
        "layer": "roads"
      },
      "geometry": {
        "type": "LineString",
        "coordinates": [
          [
            0,
            1760
          ],
          [
            1260,
            1760
          ]
        ]
      }
    },
    {
      "type": "Feature",
      "properties": {
        "id": "L-03",
        "name": "生活服务街",
        "roadClass": "支路",
        "width": 8,
        "layer": "roads"
      },
      "geometry": {
        "type": "LineString",
        "coordinates": [
          [
            0,
            2200
          ],
          [
            1430,
            2200
          ]
        ]
      }
    },
    {
      "type": "Feature",
      "properties": {
        "id": "L-04",
        "name": "生活南街",
        "roadClass": "支路",
        "width": 7,
        "layer": "roads"
      },
      "geometry": {
        "type": "LineString",
        "coordinates": [
          [
            360,
            1900
          ],
          [
            1430,
            1900
          ]
        ]
      }
    },
    {
      "type": "Feature",
      "properties": {
        "id": "L-V0",
        "name": "西门生活巷",
        "roadClass": "支路",
        "width": 7,
        "layer": "roads"
      },
      "geometry": {
        "type": "LineString",
        "coordinates": [
          [
            120,
            1460
          ],
          [
            120,
            1760
          ]
        ]
      }
    },
    {
      "type": "Feature",
      "properties": {
        "id": "L-V1",
        "name": "西岸医馆路",
        "roadClass": "支路",
        "width": 7,
        "layer": "roads"
      },
      "geometry": {
        "type": "LineString",
        "coordinates": [
          [
            520,
            1250
          ],
          [
            520,
            2050
          ]
        ]
      }
    },
    {
      "type": "Feature",
      "properties": {
        "id": "L-V2",
        "name": "生活中巷",
        "roadClass": "支路",
        "width": 7,
        "layer": "roads"
      },
      "geometry": {
        "type": "LineString",
        "coordinates": [
          [
            920,
            1250
          ],
          [
            920,
            2200
          ]
        ]
      }
    },
    {
      "type": "Feature",
      "properties": {
        "id": "L-V3",
        "name": "河岸生活巷",
        "roadClass": "支路",
        "width": 7,
        "layer": "roads"
      },
      "geometry": {
        "type": "LineString",
        "coordinates": [
          [
            1260,
            1250
          ],
          [
            1260,
            2200
          ]
        ]
      }
    },
    {
      "type": "Feature",
      "properties": {
        "id": "M-00",
        "name": "北河门街",
        "roadClass": "支路",
        "width": 8,
        "layer": "roads"
      },
      "geometry": {
        "type": "LineString",
        "coordinates": [
          [
            1730,
            280
          ],
          [
            3200,
            280
          ]
        ]
      }
    },
    {
      "type": "Feature",
      "properties": {
        "id": "M-01",
        "name": "市政北街",
        "roadClass": "支路",
        "width": 8,
        "layer": "roads"
      },
      "geometry": {
        "type": "LineString",
        "coordinates": [
          [
            1715,
            390
          ],
          [
            3200,
            390
          ]
        ]
      }
    },
    {
      "type": "Feature",
      "properties": {
        "id": "M-02",
        "name": "覆顶市集街",
        "roadClass": "支路",
        "width": 9,
        "layer": "roads"
      },
      "geometry": {
        "type": "LineString",
        "coordinates": [
          [
            1785,
            830
          ],
          [
            3200,
            830
          ]
        ]
      }
    },
    {
      "type": "Feature",
      "properties": {
        "id": "M-03",
        "name": "公共剧场街",
        "roadClass": "支路",
        "width": 8,
        "layer": "roads"
      },
      "geometry": {
        "type": "LineString",
        "coordinates": [
          [
            1925,
            1050
          ],
          [
            2760,
            1050
          ]
        ]
      }
    },
    {
      "type": "Feature",
      "properties": {
        "id": "M-04",
        "name": "旅舍街",
        "roadClass": "支路",
        "width": 7,
        "layer": "roads"
      },
      "geometry": {
        "type": "LineString",
        "coordinates": [
          [
            2350,
            1090
          ],
          [
            3200,
            1090
          ]
        ]
      }
    },
    {
      "type": "Feature",
      "properties": {
        "id": "M-V1",
        "name": "市集西路",
        "roadClass": "支路",
        "width": 7,
        "layer": "roads"
      },
      "geometry": {
        "type": "LineString",
        "coordinates": [
          [
            2180,
            390
          ],
          [
            2180,
            1250
          ]
        ]
      }
    },
    {
      "type": "Feature",
      "properties": {
        "id": "M-V2",
        "name": "市集东路",
        "roadClass": "支路",
        "width": 7,
        "layer": "roads"
      },
      "geometry": {
        "type": "LineString",
        "coordinates": [
          [
            2550,
            390
          ],
          [
            2550,
            1250
          ]
        ]
      }
    },
    {
      "type": "Feature",
      "properties": {
        "id": "M-V3",
        "name": "旅舍纵巷",
        "roadClass": "支路",
        "width": 7,
        "layer": "roads"
      },
      "geometry": {
        "type": "LineString",
        "coordinates": [
          [
            3040,
            390
          ],
          [
            3040,
            1250
          ]
        ]
      }
    },
    {
      "type": "Feature",
      "properties": {
        "id": "W-01",
        "name": "总工坊街",
        "roadClass": "主步道",
        "width": 14,
        "layer": "roads"
      },
      "geometry": {
        "type": "LineString",
        "coordinates": [
          [
            2180,
            1450
          ],
          [
            3200,
            1450
          ]
        ]
      }
    },
    {
      "type": "Feature",
      "properties": {
        "id": "W-02",
        "name": "材料交换街",
        "roadClass": "支路",
        "width": 9,
        "layer": "roads"
      },
      "geometry": {
        "type": "LineString",
        "coordinates": [
          [
            2180,
            1730
          ],
          [
            3200,
            1730
          ]
        ]
      }
    },
    {
      "type": "Feature",
      "properties": {
        "id": "W-03",
        "name": "工坊中街",
        "roadClass": "支路",
        "width": 9,
        "layer": "roads"
      },
      "geometry": {
        "type": "LineString",
        "coordinates": [
          [
            2180,
            1900
          ],
          [
            3200,
            1900
          ]
        ]
      }
    },
    {
      "type": "Feature",
      "properties": {
        "id": "W-04",
        "name": "机务南街",
        "roadClass": "支路",
        "width": 9,
        "layer": "roads"
      },
      "geometry": {
        "type": "LineString",
        "coordinates": [
          [
            2180,
            2200
          ],
          [
            3200,
            2200
          ]
        ]
      }
    },
    {
      "type": "Feature",
      "properties": {
        "id": "W-V1",
        "name": "工坊纵路",
        "roadClass": "支路",
        "width": 8,
        "layer": "roads"
      },
      "geometry": {
        "type": "LineString",
        "coordinates": [
          [
            2550,
            1250
          ],
          [
            2550,
            2380
          ]
        ]
      }
    },
    {
      "type": "Feature",
      "properties": {
        "id": "W-V2",
        "name": "货运纵路",
        "roadClass": "维护道",
        "width": 12,
        "layer": "roads"
      },
      "geometry": {
        "type": "LineString",
        "coordinates": [
          [
            2910,
            1250
          ],
          [
            2910,
            2380
          ]
        ]
      }
    },
    {
      "type": "Feature",
      "properties": {
        "id": "W-V3",
        "name": "东侧机务路",
        "roadClass": "支路",
        "width": 8,
        "layer": "roads"
      },
      "geometry": {
        "type": "LineString",
        "coordinates": [
          [
            3040,
            1250
          ],
          [
            3040,
            2380
          ]
        ]
      }
    },
    {
      "type": "Feature",
      "properties": {
        "id": "S-01",
        "name": "封存许可路",
        "roadClass": "受控路",
        "width": 8,
        "layer": "roads"
      },
      "geometry": {
        "type": "LineString",
        "coordinates": [
          [
            1985,
            1450
          ],
          [
            2180,
            1450
          ]
        ]
      }
    },
    {
      "type": "Feature",
      "properties": {
        "id": "S-02",
        "name": "隔离北路",
        "roadClass": "受控路",
        "width": 7,
        "layer": "roads"
      },
      "geometry": {
        "type": "LineString",
        "coordinates": [
          [
            1885,
            1580
          ],
          [
            1885,
            1600
          ],
          [
            2180,
            1600
          ]
        ]
      }
    },
    {
      "type": "Feature",
      "properties": {
        "id": "S-03",
        "name": "封存值守路",
        "roadClass": "受控路",
        "width": 7,
        "layer": "roads"
      },
      "geometry": {
        "type": "LineString",
        "coordinates": [
          [
            1770,
            2260
          ],
          [
            2180,
            2260
          ]
        ]
      }
    },
    {
      "type": "Feature",
      "properties": {
        "id": "S-04",
        "name": "档案北街",
        "roadClass": "受控路",
        "width": 7,
        "layer": "roads"
      },
      "geometry": {
        "type": "LineString",
        "coordinates": [
          [
            2020,
            1600
          ],
          [
            2020,
            1700
          ],
          [
            2180,
            1700
          ]
        ]
      }
    },
    {
      "type": "Feature",
      "properties": {
        "id": "O-01",
        "name": "南部课程联络路",
        "roadClass": "主步道",
        "width": 14,
        "layer": "roads"
      },
      "geometry": {
        "type": "LineString",
        "coordinates": [
          [
            0,
            2380
          ],
          [
            1450,
            2380
          ]
        ]
      }
    },
    {
      "type": "Feature",
      "properties": {
        "id": "O-02",
        "name": "南部后勤联络路",
        "roadClass": "主步道",
        "width": 14,
        "layer": "roads"
      },
      "geometry": {
        "type": "LineString",
        "coordinates": [
          [
            1720,
            2380
          ],
          [
            3200,
            2380
          ]
        ]
      }
    },
    {
      "type": "Feature",
      "properties": {
        "id": "O-03",
        "name": "课程设施南路",
        "roadClass": "支路",
        "width": 8,
        "layer": "roads"
      },
      "geometry": {
        "type": "LineString",
        "coordinates": [
          [
            0,
            2760
          ],
          [
            1450,
            2760
          ]
        ]
      }
    },
    {
      "type": "Feature",
      "properties": {
        "id": "O-04",
        "name": "战术水务南路",
        "roadClass": "支路",
        "width": 8,
        "layer": "roads"
      },
      "geometry": {
        "type": "LineString",
        "coordinates": [
          [
            1720,
            2760
          ],
          [
            3200,
            2760
          ]
        ]
      }
    },
    {
      "type": "Feature",
      "properties": {
        "id": "O-V1",
        "name": "课程场西联络路",
        "roadClass": "支路",
        "width": 8,
        "layer": "roads"
      },
      "geometry": {
        "type": "LineString",
        "coordinates": [
          [
            960,
            2380
          ],
          [
            960,
            2760
          ]
        ]
      }
    },
    {
      "type": "Feature",
      "properties": {
        "id": "O-V2",
        "name": "课程场东联络路",
        "roadClass": "支路",
        "width": 8,
        "layer": "roads"
      },
      "geometry": {
        "type": "LineString",
        "coordinates": [
          [
            2500,
            2380
          ],
          [
            2500,
            2760
          ]
        ]
      }
    },
    {
      "type": "Feature",
      "properties": {
        "id": "O-V3",
        "name": "西南入口路",
        "roadClass": "支路",
        "width": 8,
        "layer": "roads"
      },
      "geometry": {
        "type": "LineString",
        "coordinates": [
          [
            100,
            2380
          ],
          [
            100,
            2800
          ]
        ]
      }
    },
    {
      "type": "Feature",
      "properties": {
        "id": "O-V4",
        "name": "东南入口路",
        "roadClass": "支路",
        "width": 8,
        "layer": "roads"
      },
      "geometry": {
        "type": "LineString",
        "coordinates": [
          [
            3160,
            2380
          ],
          [
            3160,
            2800
          ]
        ]
      }
    },
    {
      "type": "Feature",
      "properties": {
        "id": "TR-OUT-W",
        "name": "外环巨蚓西线",
        "roadClass": "生物列车轨道",
        "width": 10,
        "routeId": "TR-OUT",
        "layer": "roads"
      },
      "geometry": {
        "type": "LineString",
        "coordinates": [
          [
            80,
            180
          ],
          [
            1496,
            180
          ]
        ]
      }
    },
    {
      "type": "Feature",
      "properties": {
        "id": "TR-OUT-NB",
        "name": "外环巨蚓北桥槽",
        "roadClass": "生物列车桥梁",
        "width": 10,
        "routeId": "TR-OUT",
        "layer": "roads"
      },
      "geometry": {
        "type": "LineString",
        "coordinates": [
          [
            1496,
            180
          ],
          [
            1715,
            180
          ]
        ]
      }
    },
    {
      "type": "Feature",
      "properties": {
        "id": "TR-OUT-E",
        "name": "外环巨蚓东线",
        "roadClass": "生物列车轨道",
        "width": 10,
        "routeId": "TR-OUT",
        "layer": "roads"
      },
      "geometry": {
        "type": "LineString",
        "coordinates": [
          [
            1715,
            180
          ],
          [
            3120,
            180
          ],
          [
            3120,
            2620
          ],
          [
            1715,
            2620
          ]
        ]
      }
    },
    {
      "type": "Feature",
      "properties": {
        "id": "TR-OUT-SB",
        "name": "外环巨蚓南桥槽",
        "roadClass": "生物列车桥梁",
        "width": 10,
        "routeId": "TR-OUT",
        "layer": "roads"
      },
      "geometry": {
        "type": "LineString",
        "coordinates": [
          [
            1715,
            2620
          ],
          [
            1455,
            2620
          ]
        ]
      }
    },
    {
      "type": "Feature",
      "properties": {
        "id": "TR-OUT-W2",
        "name": "外环巨蚓西线",
        "roadClass": "生物列车轨道",
        "width": 10,
        "routeId": "TR-OUT",
        "layer": "roads"
      },
      "geometry": {
        "type": "LineString",
        "coordinates": [
          [
            1455,
            2620
          ],
          [
            80,
            2620
          ],
          [
            80,
            180
          ]
        ]
      }
    },
    {
      "type": "Feature",
      "properties": {
        "id": "TR-IN-W",
        "name": "内环巨蚓学院线",
        "roadClass": "生物列车轨道",
        "width": 9,
        "routeId": "TR-IN",
        "layer": "roads"
      },
      "geometry": {
        "type": "LineString",
        "coordinates": [
          [
            560,
            680
          ],
          [
            1180,
            680
          ],
          [
            1180,
            980
          ],
          [
            1050,
            1250
          ],
          [
            1190,
            1600
          ],
          [
            1190,
            1900
          ],
          [
            620,
            1820
          ],
          [
            600,
            1280
          ],
          [
            560,
            680
          ]
        ]
      }
    },
    {
      "type": "Feature",
      "properties": {
        "id": "TR-IN-WB",
        "name": "内环巨蚓学院桥引线",
        "roadClass": "生物列车轨道",
        "width": 9,
        "routeId": "TR-IN",
        "layer": "roads"
      },
      "geometry": {
        "type": "LineString",
        "coordinates": [
          [
            1120,
            1600
          ],
          [
            1315,
            1520
          ]
        ]
      }
    },
    {
      "type": "Feature",
      "properties": {
        "id": "TR-IN-B",
        "name": "双核巨蚓专用桥",
        "roadClass": "生物列车桥梁",
        "width": 9,
        "routeId": "TR-IN",
        "layer": "roads"
      },
      "geometry": {
        "type": "LineString",
        "coordinates": [
          [
            1315,
            1520
          ],
          [
            1920,
            1520
          ]
        ]
      }
    },
    {
      "type": "Feature",
      "properties": {
        "id": "TR-IN-EB",
        "name": "内环巨蚓城市桥引线",
        "roadClass": "生物列车轨道",
        "width": 9,
        "routeId": "TR-IN",
        "layer": "roads"
      },
      "geometry": {
        "type": "LineString",
        "coordinates": [
          [
            1920,
            1520
          ],
          [
            2100,
            1600
          ]
        ]
      }
    },
    {
      "type": "Feature",
      "properties": {
        "id": "TR-IN-E",
        "name": "内环巨蚓城市线",
        "roadClass": "生物列车轨道",
        "width": 9,
        "routeId": "TR-IN",
        "layer": "roads"
      },
      "geometry": {
        "type": "LineString",
        "coordinates": [
          [
            2100,
            1600
          ],
          [
            2050,
            850
          ],
          [
            2650,
            700
          ],
          [
            2920,
            1120
          ],
          [
            2760,
            1780
          ],
          [
            2240,
            1900
          ],
          [
            2100,
            1600
          ]
        ]
      }
    },
    {
      "type": "Feature",
      "properties": {
        "id": "LM-A1",
        "name": "中庭总钟楼",
        "zone": "教学区",
        "frontageRoad": "R-W3",
        "description": "学院时间、调度和公共仪式中心",
        "footprint": 4896,
        "shapeType": "地标切角轮廓",
        "scaleClass": "全城级地标",
        "landmarkTier": "city",
        "layer": "buildings"
      },
      "geometry": {
        "type": "Polygon",
        "coordinates": [
          [
            [
              1110.5,
              972
            ],
            [
              1110.5,
              1020
            ],
            [
              1098.5,
              1032
            ],
            [
              1050.5,
              1032
            ],
            [
              1038.5,
              1020
            ],
            [
              1038.5,
              972
            ],
            [
              1050.5,
              960
            ],
            [
              1098.5,
              960
            ],
            [
              1110.5,
              972
            ]
          ]
        ]
      }
    },
    {
      "type": "Feature",
      "properties": {
        "id": "LM-A2",
        "name": "国立学院正厅",
        "zone": "教学区",
        "frontageRoad": "R-CW",
        "description": "学院治理、典礼和跨国学术事务",
        "footprint": 13108,
        "shapeType": "地标切角轮廓",
        "scaleClass": "全城级地标",
        "landmarkTier": "city",
        "layer": "buildings"
      },
      "geometry": {
        "type": "Polygon",
        "coordinates": [
          [
            [
              791,
              1145
            ],
            [
              913,
              1145
            ],
            [
              927,
              1159
            ],
            [
              927,
              1221
            ],
            [
              913,
              1235
            ],
            [
              791,
              1235
            ],
            [
              777,
              1221
            ],
            [
              777,
              1159
            ],
            [
              791,
              1145
            ]
          ]
        ]
      }
    },
    {
      "type": "Feature",
      "properties": {
        "id": "LM-A3",
        "name": "七系总图书馆",
        "zone": "教学区",
        "frontageRoad": "T-02",
        "description": "教学核心与全城知识档案入口",
        "footprint": 16608,
        "shapeType": "地标切角轮廓",
        "scaleClass": "全城级地标",
        "landmarkTier": "city",
        "layer": "buildings"
      },
      "geometry": {
        "type": "Polygon",
        "coordinates": [
          [
            [
              909,
              711
            ],
            [
              1051,
              711
            ],
            [
              1065,
              725
            ],
            [
              1065,
              797
            ],
            [
              1051,
              811
            ],
            [
              909,
              811
            ],
            [
              895,
              797
            ],
            [
              895,
              725
            ],
            [
              909,
              711
            ]
          ]
        ]
      }
    },
    {
      "type": "Feature",
      "properties": {
        "id": "LM-A4",
        "name": "以太观测院",
        "zone": "教学区",
        "frontageRoad": "T-01",
        "description": "高塔、测量庭院与城市护障观测",
        "footprint": 12833,
        "shapeType": "地标切角轮廓",
        "scaleClass": "全城级地标",
        "landmarkTier": "city",
        "layer": "buildings"
      },
      "geometry": {
        "type": "Polygon",
        "coordinates": [
          [
            [
              1272.5,
              369
            ],
            [
              1359.5,
              369
            ],
            [
              1373.5,
              383
            ],
            [
              1373.5,
              470
            ],
            [
              1359.5,
              484
            ],
            [
              1272.5,
              484
            ],
            [
              1258.5,
              470
            ],
            [
              1258.5,
              383
            ],
            [
              1272.5,
              369
            ]
          ]
        ]
      }
    },
    {
      "type": "Feature",
      "properties": {
        "id": "LM-C1",
        "name": "市民议政厅",
        "zone": "市集区",
        "frontageRoad": "R-CE",
        "description": "城市公共治理和市民集会中心",
        "footprint": 14008,
        "shapeType": "地标切角轮廓",
        "scaleClass": "全城级地标",
        "landmarkTier": "city",
        "layer": "buildings"
      },
      "geometry": {
        "type": "Polygon",
        "coordinates": [
          [
            [
              2384,
              1145
            ],
            [
              2516,
              1145
            ],
            [
              2530,
              1159
            ],
            [
              2530,
              1221
            ],
            [
              2516,
              1235
            ],
            [
              2384,
              1235
            ],
            [
              2370,
              1221
            ],
            [
              2370,
              1159
            ],
            [
              2384,
              1145
            ]
          ]
        ]
      }
    },
    {
      "type": "Feature",
      "properties": {
        "id": "LM-C2",
        "name": "中央覆顶市集",
        "zone": "市集区",
        "frontageRoad": "M-02",
        "description": "商业、物资和日常生活中心",
        "footprint": 20508,
        "shapeType": "地标切角轮廓",
        "scaleClass": "全城级地标",
        "landmarkTier": "city",
        "layer": "buildings"
      },
      "geometry": {
        "type": "Polygon",
        "coordinates": [
          [
            [
              2796,
              710.5
            ],
            [
              2958,
              710.5
            ],
            [
              2972,
              724.5
            ],
            [
              2972,
              806.5
            ],
            [
              2958,
              820.5
            ],
            [
              2796,
              820.5
            ],
            [
              2782,
              806.5
            ],
            [
              2782,
              724.5
            ],
            [
              2796,
              710.5
            ]
          ]
        ]
      }
    },
    {
      "type": "Feature",
      "properties": {
        "id": "LM-C3",
        "name": "双核中央换乘站",
        "zone": "市集区",
        "frontageRoad": "R-CE",
        "description": "内外环巨蚓换乘与城市门户",
        "footprint": 13108,
        "shapeType": "地标切角轮廓",
        "scaleClass": "全城级地标",
        "landmarkTier": "city",
        "layer": "buildings"
      },
      "geometry": {
        "type": "Polygon",
        "coordinates": [
          [
            [
              2581,
              1145
            ],
            [
              2703,
              1145
            ],
            [
              2717,
              1159
            ],
            [
              2717,
              1221
            ],
            [
              2703,
              1235
            ],
            [
              2581,
              1235
            ],
            [
              2567,
              1221
            ],
            [
              2567,
              1159
            ],
            [
              2581,
              1145
            ]
          ]
        ]
      }
    },
    {
      "type": "Feature",
      "properties": {
        "id": "LM-C4",
        "name": "湖岸大医馆",
        "zone": "生活区",
        "frontageRoad": "L-01",
        "description": "公共医疗、灾害响应和学院教学医院",
        "footprint": 12358,
        "shapeType": "地标切角轮廓",
        "scaleClass": "全城级地标",
        "landmarkTier": "city",
        "layer": "buildings"
      },
      "geometry": {
        "type": "Polygon",
        "coordinates": [
          [
            [
              951,
              1366
            ],
            [
              1073,
              1366
            ],
            [
              1087,
              1380
            ],
            [
              1087,
              1437
            ],
            [
              1073,
              1451
            ],
            [
              951,
              1451
            ],
            [
              937,
              1437
            ],
            [
              937,
              1380
            ],
            [
              951,
              1366
            ]
          ]
        ]
      }
    },
    {
      "type": "Feature",
      "properties": {
        "id": "LM-R1",
        "name": "学院大礼堂",
        "zone": "教学区",
        "frontageRoad": "T-04",
        "description": "课程典礼、演说和公共考试",
        "footprint": 10696.4,
        "shapeType": "地标切角轮廓",
        "scaleClass": "区域级地标",
        "landmarkTier": "regional",
        "layer": "buildings"
      },
      "geometry": {
        "type": "Polygon",
        "coordinates": [
          [
            [
              582.167,
              508.5
            ],
            [
              689.833,
              508.5
            ],
            [
              703.5,
              522.167
            ],
            [
              703.5,
              576.833
            ],
            [
              689.833,
              590.5
            ],
            [
              582.167,
              590.5
            ],
            [
              568.5,
              576.833
            ],
            [
              568.5,
              522.167
            ],
            [
              582.167,
              508.5
            ]
          ]
        ]
      }
    },
    {
      "type": "Feature",
      "properties": {
        "id": "LM-R2",
        "name": "河岸公共剧场",
        "zone": "市集区",
        "frontageRoad": "M-03",
        "description": "面向两岸的公共剧场",
        "footprint": 11308,
        "shapeType": "地标切角轮廓",
        "scaleClass": "区域级地标",
        "landmarkTier": "regional",
        "layer": "buildings"
      },
      "geometry": {
        "type": "Polygon",
        "coordinates": [
          [
            [
              2214,
              951
            ],
            [
              2316,
              951
            ],
            [
              2330,
              965
            ],
            [
              2330,
              1027
            ],
            [
              2316,
              1041
            ],
            [
              2214,
              1041
            ],
            [
              2200,
              1027
            ],
            [
              2200,
              965
            ],
            [
              2214,
              951
            ]
          ]
        ]
      }
    },
    {
      "type": "Feature",
      "properties": {
        "id": "LM-R3",
        "name": "总校准工坊",
        "zone": "工坊区",
        "frontageRoad": "W-01",
        "description": "全城以太仪器校准中心",
        "footprint": 15283,
        "shapeType": "地标切角轮廓",
        "scaleClass": "区域级地标",
        "landmarkTier": "regional",
        "layer": "buildings"
      },
      "geometry": {
        "type": "Polygon",
        "coordinates": [
          [
            [
              2387.5,
              1462
            ],
            [
              2524.5,
              1462
            ],
            [
              2538.5,
              1476
            ],
            [
              2538.5,
              1543
            ],
            [
              2524.5,
              1557
            ],
            [
              2387.5,
              1557
            ],
            [
              2373.5,
              1543
            ],
            [
              2373.5,
              1476
            ],
            [
              2387.5,
              1462
            ]
          ]
        ]
      }
    },
    {
      "type": "Feature",
      "properties": {
        "id": "LM-R4",
        "name": "材料与货运交换厅",
        "zone": "工坊区",
        "frontageRoad": "W-02",
        "description": "材料交割、货运与装卸调度",
        "footprint": 17608,
        "shapeType": "地标切角轮廓",
        "scaleClass": "区域级地标",
        "landmarkTier": "regional",
        "layer": "buildings"
      },
      "geometry": {
        "type": "Polygon",
        "coordinates": [
          [
            [
              2572,
              1620.5
            ],
            [
              2724,
              1620.5
            ],
            [
              2738,
              1634.5
            ],
            [
              2738,
              1706.5
            ],
            [
              2724,
              1720.5
            ],
            [
              2572,
              1720.5
            ],
            [
              2558,
              1706.5
            ],
            [
              2558,
              1634.5
            ],
            [
              2572,
              1620.5
            ]
          ]
        ]
      }
    },
    {
      "type": "Feature",
      "properties": {
        "id": "LM-R5",
        "name": "受控总档案库",
        "zone": "封存区",
        "frontageRoad": "S-03",
        "description": "受控文书、遗物与许可记录",
        "footprint": 7000,
        "shapeType": "地标切角轮廓",
        "scaleClass": "区域级地标",
        "landmarkTier": "regional",
        "layer": "buildings"
      },
      "geometry": {
        "type": "Polygon",
        "coordinates": [
          [
            [
              1836,
              2268.5
            ],
            [
              1936,
              2268.5
            ],
            [
              1946,
              2278.5
            ],
            [
              1946,
              2318.5
            ],
            [
              1936,
              2328.5
            ],
            [
              1836,
              2328.5
            ],
            [
              1826,
              2318.5
            ],
            [
              1826,
              2278.5
            ],
            [
              1836,
              2268.5
            ]
          ]
        ]
      }
    },
    {
      "type": "Feature",
      "properties": {
        "id": "LM-R6",
        "name": "封存隔离塔",
        "zone": "封存区",
        "frontageRoad": "S-01",
        "description": "高风险对象隔离与观察",
        "footprint": 4627.8,
        "shapeType": "地标切角轮廓",
        "scaleClass": "区域级地标",
        "landmarkTier": "regional",
        "layer": "buildings"
      },
      "geometry": {
        "type": "Polygon",
        "coordinates": [
          [
            [
              2109.667,
              1371
            ],
            [
              2156.333,
              1371
            ],
            [
              2168,
              1382.667
            ],
            [
              2168,
              1429.333
            ],
            [
              2156.333,
              1441
            ],
            [
              2109.667,
              1441
            ],
            [
              2098,
              1429.333
            ],
            [
              2098,
              1382.667
            ],
            [
              2109.667,
              1371
            ]
          ]
        ]
      }
    },
    {
      "type": "Feature",
      "properties": {
        "id": "LM-R7",
        "name": "学院体育场主看台",
        "zone": "郊野／外环",
        "frontageRoad": "O-01",
        "description": "体育场看台、更衣和器材服务",
        "footprint": 10281.9,
        "shapeType": "地标切角轮廓",
        "scaleClass": "区域级地标",
        "landmarkTier": "regional",
        "layer": "buildings"
      },
      "geometry": {
        "type": "Polygon",
        "coordinates": [
          [
            [
              478.167,
              2392
            ],
            [
              649.833,
              2392
            ],
            [
              659,
              2401.167
            ],
            [
              659,
              2437.833
            ],
            [
              649.833,
              2447
            ],
            [
              478.167,
              2447
            ],
            [
              469,
              2437.833
            ],
            [
              469,
              2401.167
            ],
            [
              478.167,
              2392
            ]
          ]
        ]
      }
    },
    {
      "type": "Feature",
      "properties": {
        "id": "LM-R8",
        "name": "护障对抗场控制馆",
        "zone": "郊野／外环",
        "frontageRoad": "O-01",
        "description": "护障控制、裁判记录与急救",
        "footprint": 9181.9,
        "shapeType": "地标切角轮廓",
        "scaleClass": "区域级地标",
        "landmarkTier": "regional",
        "layer": "buildings"
      },
      "geometry": {
        "type": "Polygon",
        "coordinates": [
          [
            [
              1176.167,
              2392
            ],
            [
              1327.833,
              2392
            ],
            [
              1337,
              2401.167
            ],
            [
              1337,
              2437.833
            ],
            [
              1327.833,
              2447
            ],
            [
              1176.167,
              2447
            ],
            [
              1167,
              2437.833
            ],
            [
              1167,
              2401.167
            ],
            [
              1176.167,
              2392
            ]
          ]
        ]
      }
    },
    {
      "type": "Feature",
      "properties": {
        "id": "LM-R9",
        "name": "小队战术场指挥馆",
        "zone": "郊野／外环",
        "frontageRoad": "O-02",
        "description": "战术课程指挥、器材与观察",
        "footprint": 9181.9,
        "shapeType": "地标切角轮廓",
        "scaleClass": "区域级地标",
        "landmarkTier": "regional",
        "layer": "buildings"
      },
      "geometry": {
        "type": "Polygon",
        "coordinates": [
          [
            [
              2000.167,
              2392
            ],
            [
              2151.833,
              2392
            ],
            [
              2161,
              2401.167
            ],
            [
              2161,
              2437.833
            ],
            [
              2151.833,
              2447
            ],
            [
              2000.167,
              2447
            ],
            [
              1991,
              2437.833
            ],
            [
              1991,
              2401.167
            ],
            [
              2000.167,
              2392
            ]
          ]
        ]
      }
    },
    {
      "type": "Feature",
      "properties": {
        "id": "LM-R10",
        "name": "下游水务与防洪塔",
        "zone": "郊野／外环",
        "frontageRoad": "O-02",
        "description": "下游防洪、水务和生态监测",
        "footprint": 7565.3,
        "shapeType": "地标切角轮廓",
        "scaleClass": "区域级地标",
        "landmarkTier": "regional",
        "layer": "buildings"
      },
      "geometry": {
        "type": "Polygon",
        "coordinates": [
          [
            [
              2778.833,
              2392
            ],
            [
              2877.167,
              2392
            ],
            [
              2888,
              2402.833
            ],
            [
              2888,
              2446.167
            ],
            [
              2877.167,
              2457
            ],
            [
              2778.833,
              2457
            ],
            [
              2768,
              2446.167
            ],
            [
              2768,
              2402.833
            ],
            [
              2778.833,
              2392
            ]
          ]
        ]
      }
    },
    {
      "type": "Feature",
      "properties": {
        "id": "SV-T01",
        "name": "学生第一食堂",
        "zone": "教学区",
        "frontageRoad": "T-03",
        "description": "面向课程密集时段的学生食堂",
        "footprint": 2560,
        "scaleClass": "日常服务设施",
        "buildingType": "餐饮",
        "sizeSpec": "教学服务-大型",
        "widthMeters": 64,
        "depthMeters": 40,
        "layer": "buildings"
      },
      "geometry": {
        "type": "Polygon",
        "coordinates": [
          [
            [
              594,
              1001
            ],
            [
              658,
              1001
            ],
            [
              658,
              1041
            ],
            [
              594,
              1041
            ],
            [
              594,
              1001
            ]
          ]
        ]
      }
    },
    {
      "type": "Feature",
      "properties": {
        "id": "SV-T02",
        "name": "课本文具店",
        "zone": "教学区",
        "frontageRoad": "T-02",
        "description": "教材、纸张、记录工具与普通文具",
        "footprint": 1440,
        "scaleClass": "日常服务设施",
        "buildingType": "商店",
        "sizeSpec": "教学服务-小型",
        "widthMeters": 48,
        "depthMeters": 30,
        "layer": "buildings"
      },
      "geometry": {
        "type": "Polygon",
        "coordinates": [
          [
            [
              274,
              781
            ],
            [
              322,
              781
            ],
            [
              322,
              811
            ],
            [
              274,
              811
            ],
            [
              274,
              781
            ]
          ]
        ]
      }
    },
    {
      "type": "Feature",
      "properties": {
        "id": "SV-T03",
        "name": "学院日用品店",
        "zone": "教学区",
        "frontageRoad": "T-04",
        "description": "学生日用品与基础维护用品",
        "footprint": 1440,
        "scaleClass": "日常服务设施",
        "buildingType": "商店",
        "sizeSpec": "教学服务-小型",
        "widthMeters": 48,
        "depthMeters": 30,
        "layer": "buildings"
      },
      "geometry": {
        "type": "Polygon",
        "coordinates": [
          [
            [
              874,
              508.5
            ],
            [
              922,
              508.5
            ],
            [
              922,
              538.5
            ],
            [
              874,
              538.5
            ],
            [
              874,
              508.5
            ]
          ]
        ]
      }
    },
    {
      "type": "Feature",
      "properties": {
        "id": "SV-T04",
        "name": "学院北站候车厅",
        "zone": "教学区",
        "frontageRoad": "R-NW",
        "description": "连接北部学府大道与巨蚓外环",
        "footprint": 2304,
        "scaleClass": "日常服务设施",
        "buildingType": "车站",
        "sizeSpec": "学院站房-标准",
        "widthMeters": 64,
        "depthMeters": 36,
        "layer": "buildings"
      },
      "geometry": {
        "type": "Polygon",
        "coordinates": [
          [
            [
              1178,
              633
            ],
            [
              1242,
              633
            ],
            [
              1242,
              669
            ],
            [
              1178,
              669
            ],
            [
              1178,
              633
            ]
          ]
        ]
      }
    },
    {
      "type": "Feature",
      "properties": {
        "id": "SV-L01",
        "name": "雨灯饭店",
        "zone": "生活区",
        "frontageRoad": "L-01",
        "description": "面向学生、居民与访客的街角饭店",
        "footprint": 2016,
        "scaleClass": "日常服务设施",
        "buildingType": "饭店",
        "sizeSpec": "生活餐饮-标准",
        "widthMeters": 56,
        "depthMeters": 36,
        "layer": "buildings"
      },
      "geometry": {
        "type": "Polygon",
        "coordinates": [
          [
            [
              270,
              1469
            ],
            [
              326,
              1469
            ],
            [
              326,
              1505
            ],
            [
              270,
              1505
            ],
            [
              270,
              1469
            ]
          ]
        ]
      }
    },
    {
      "type": "Feature",
      "properties": {
        "id": "SV-L02",
        "name": "河岸面包房",
        "zone": "生活区",
        "frontageRoad": "L-01",
        "description": "面包、热食与清晨外带",
        "footprint": 1440,
        "scaleClass": "日常服务设施",
        "buildingType": "商店",
        "sizeSpec": "生活店铺-小型",
        "widthMeters": 48,
        "depthMeters": 30,
        "layer": "buildings"
      },
      "geometry": {
        "type": "Polygon",
        "coordinates": [
          [
            [
              1058,
              1469
            ],
            [
              1106,
              1469
            ],
            [
              1106,
              1499
            ],
            [
              1058,
              1499
            ],
            [
              1058,
              1469
            ]
          ]
        ]
      }
    },
    {
      "type": "Feature",
      "properties": {
        "id": "SV-L03",
        "name": "西门杂货店",
        "zone": "生活区",
        "frontageRoad": "L-02",
        "description": "家庭杂货与临时补给",
        "footprint": 1440,
        "scaleClass": "日常服务设施",
        "buildingType": "商店",
        "sizeSpec": "生活店铺-小型",
        "widthMeters": 48,
        "depthMeters": 30,
        "layer": "buildings"
      },
      "geometry": {
        "type": "Polygon",
        "coordinates": [
          [
            [
              98,
              1769
            ],
            [
              146,
              1769
            ],
            [
              146,
              1799
            ],
            [
              98,
              1799
            ],
            [
              98,
              1769
            ]
          ]
        ]
      }
    },
    {
      "type": "Feature",
      "properties": {
        "id": "SV-L04",
        "name": "学生用品合作社",
        "zone": "生活区",
        "frontageRoad": "L-02",
        "description": "学生共同采购与二手用品交换",
        "footprint": 2016,
        "scaleClass": "日常服务设施",
        "buildingType": "商店",
        "sizeSpec": "生活店铺-标准",
        "widthMeters": 56,
        "depthMeters": 36,
        "layer": "buildings"
      },
      "geometry": {
        "type": "Polygon",
        "coordinates": [
          [
            [
              774,
              1769
            ],
            [
              830,
              1769
            ],
            [
              830,
              1805
            ],
            [
              774,
              1805
            ],
            [
              774,
              1769
            ]
          ]
        ]
      }
    },
    {
      "type": "Feature",
      "properties": {
        "id": "SV-L05",
        "name": "公共浴室与洗衣房",
        "zone": "生活区",
        "frontageRoad": "L-04",
        "description": "公共洗浴、洗衣与织物烘干",
        "footprint": 2560,
        "scaleClass": "日常服务设施",
        "buildingType": "生活服务",
        "sizeSpec": "生活公共服务-大型",
        "widthMeters": 64,
        "depthMeters": 40,
        "layer": "buildings"
      },
      "geometry": {
        "type": "Polygon",
        "coordinates": [
          [
            [
              450,
              1908.5
            ],
            [
              514,
              1908.5
            ],
            [
              514,
              1948.5
            ],
            [
              450,
              1948.5
            ],
            [
              450,
              1908.5
            ]
          ]
        ]
      }
    },
    {
      "type": "Feature",
      "properties": {
        "id": "SV-L06",
        "name": "灯庭诊所",
        "zone": "生活区",
        "frontageRoad": "L-04",
        "description": "日常诊疗、药品与夜间值守",
        "footprint": 2016,
        "scaleClass": "日常服务设施",
        "buildingType": "医疗",
        "sizeSpec": "生活公共服务-标准",
        "widthMeters": 56,
        "depthMeters": 36,
        "layer": "buildings"
      },
      "geometry": {
        "type": "Polygon",
        "coordinates": [
          [
            [
              926,
              1908.5
            ],
            [
              982,
              1908.5
            ],
            [
              982,
              1944.5
            ],
            [
              926,
              1944.5
            ],
            [
              926,
              1908.5
            ]
          ]
        ]
      }
    },
    {
      "type": "Feature",
      "properties": {
        "id": "SV-L07",
        "name": "南生活食堂",
        "zone": "生活区",
        "frontageRoad": "L-03",
        "description": "服务南部宿舍和课程设施",
        "footprint": 2560,
        "scaleClass": "日常服务设施",
        "buildingType": "餐饮",
        "sizeSpec": "生活餐饮-大型",
        "widthMeters": 64,
        "depthMeters": 40,
        "layer": "buildings"
      },
      "geometry": {
        "type": "Polygon",
        "coordinates": [
          [
            [
              770,
              2209
            ],
            [
              834,
              2209
            ],
            [
              834,
              2249
            ],
            [
              770,
              2249
            ],
            [
              770,
              2209
            ]
          ]
        ]
      }
    },
    {
      "type": "Feature",
      "properties": {
        "id": "SV-L08",
        "name": "生活区站房",
        "zone": "生活区",
        "frontageRoad": "L-02",
        "description": "生活区与巨蚓内环换乘入口",
        "footprint": 2304,
        "scaleClass": "日常服务设施",
        "buildingType": "车站",
        "sizeSpec": "生活站房-标准",
        "widthMeters": 64,
        "depthMeters": 36,
        "layer": "buildings"
      },
      "geometry": {
        "type": "Polygon",
        "coordinates": [
          [
            [
              1042,
              1769
            ],
            [
              1106,
              1769
            ],
            [
              1106,
              1805
            ],
            [
              1042,
              1805
            ],
            [
              1042,
              1769
            ]
          ]
        ]
      }
    },
    {
      "type": "Feature",
      "properties": {
        "id": "SV-M01",
        "name": "河岸饭店",
        "zone": "市集区",
        "frontageRoad": "M-02",
        "description": "面向河岸剧场与市集客流",
        "footprint": 2280,
        "scaleClass": "日常服务设施",
        "buildingType": "饭店",
        "sizeSpec": "市集餐饮-标准",
        "widthMeters": 60,
        "depthMeters": 38,
        "layer": "buildings"
      },
      "geometry": {
        "type": "Polygon",
        "coordinates": [
          [
            [
              2029,
              782.5
            ],
            [
              2089,
              782.5
            ],
            [
              2089,
              820.5
            ],
            [
              2029,
              820.5
            ],
            [
              2029,
              782.5
            ]
          ]
        ]
      }
    },
    {
      "type": "Feature",
      "properties": {
        "id": "SV-M02",
        "name": "中央食品店",
        "zone": "市集区",
        "frontageRoad": "M-02",
        "description": "食品、调味品与家庭补给",
        "footprint": 1664,
        "scaleClass": "日常服务设施",
        "buildingType": "商店",
        "sizeSpec": "市集店铺-标准",
        "widthMeters": 52,
        "depthMeters": 32,
        "layer": "buildings"
      },
      "geometry": {
        "type": "Polygon",
        "coordinates": [
          [
            [
              2489,
              839.5
            ],
            [
              2541,
              839.5
            ],
            [
              2541,
              871.5
            ],
            [
              2489,
              871.5
            ],
            [
              2489,
              839.5
            ]
          ]
        ]
      }
    },
    {
      "type": "Feature",
      "properties": {
        "id": "SV-M03",
        "name": "市民百货店",
        "zone": "市集区",
        "frontageRoad": "M-02",
        "description": "衣物、器具和常用商品",
        "footprint": 2280,
        "scaleClass": "日常服务设施",
        "buildingType": "商店",
        "sizeSpec": "市集店铺-大型",
        "widthMeters": 60,
        "depthMeters": 38,
        "layer": "buildings"
      },
      "geometry": {
        "type": "Polygon",
        "coordinates": [
          [
            [
              2973,
              839.5
            ],
            [
              3033,
              839.5
            ],
            [
              3033,
              877.5
            ],
            [
              2973,
              877.5
            ],
            [
              2973,
              839.5
            ]
          ]
        ]
      }
    },
    {
      "type": "Feature",
      "properties": {
        "id": "SV-M04",
        "name": "北街旅店",
        "zone": "市集区",
        "frontageRoad": "M-01",
        "description": "短期访客、商旅与家属住宿",
        "footprint": 2560,
        "scaleClass": "日常服务设施",
        "buildingType": "旅店",
        "sizeSpec": "市集旅宿-标准",
        "widthMeters": 64,
        "depthMeters": 40,
        "layer": "buildings"
      },
      "geometry": {
        "type": "Polygon",
        "coordinates": [
          [
            [
              2357,
              399
            ],
            [
              2421,
              399
            ],
            [
              2421,
              439
            ],
            [
              2357,
              439
            ],
            [
              2357,
              399
            ]
          ]
        ]
      }
    },
    {
      "type": "Feature",
      "properties": {
        "id": "SV-M05",
        "name": "邮政与票务所",
        "zone": "市集区",
        "frontageRoad": "M-03",
        "description": "邮政、寄存、票务与路线问询",
        "footprint": 2016,
        "scaleClass": "日常服务设施",
        "buildingType": "公共服务",
        "sizeSpec": "市集公共服务-标准",
        "widthMeters": 56,
        "depthMeters": 36,
        "layer": "buildings"
      },
      "geometry": {
        "type": "Polygon",
        "coordinates": [
          [
            [
              2691,
              1005
            ],
            [
              2747,
              1005
            ],
            [
              2747,
              1041
            ],
            [
              2691,
              1041
            ],
            [
              2691,
              1005
            ]
          ]
        ]
      }
    },
    {
      "type": "Feature",
      "properties": {
        "id": "SV-M06",
        "name": "市集站房",
        "zone": "市集区",
        "frontageRoad": "R-NE",
        "description": "城市核心与巨蚓内环换乘入口",
        "footprint": 2304,
        "scaleClass": "日常服务设施",
        "buildingType": "车站",
        "sizeSpec": "市集站房-标准",
        "widthMeters": 64,
        "depthMeters": 36,
        "layer": "buildings"
      },
      "geometry": {
        "type": "Polygon",
        "coordinates": [
          [
            [
              2186,
              633
            ],
            [
              2250,
              633
            ],
            [
              2250,
              669
            ],
            [
              2186,
              669
            ],
            [
              2186,
              633
            ]
          ]
        ]
      }
    },
    {
      "type": "Feature",
      "properties": {
        "id": "SV-W01",
        "name": "工坊食堂",
        "zone": "工坊区",
        "frontageRoad": "W-01",
        "description": "工坊轮班人员集中用餐",
        "footprint": 2560,
        "scaleClass": "日常服务设施",
        "buildingType": "餐饮",
        "sizeSpec": "工坊餐饮-大型",
        "widthMeters": 64,
        "depthMeters": 40,
        "layer": "buildings"
      },
      "geometry": {
        "type": "Polygon",
        "coordinates": [
          [
            [
              2278,
              1462
            ],
            [
              2342,
              1462
            ],
            [
              2342,
              1502
            ],
            [
              2278,
              1502
            ],
            [
              2278,
              1462
            ]
          ]
        ]
      }
    },
    {
      "type": "Feature",
      "properties": {
        "id": "SV-W02",
        "name": "工具与护具店",
        "zone": "工坊区",
        "frontageRoad": "W-01",
        "description": "常用工具、护具与替换零件",
        "footprint": 2280,
        "scaleClass": "日常服务设施",
        "buildingType": "商店",
        "sizeSpec": "工坊店铺-标准",
        "widthMeters": 60,
        "depthMeters": 38,
        "layer": "buildings"
      },
      "geometry": {
        "type": "Polygon",
        "coordinates": [
          [
            [
              2688,
              1462
            ],
            [
              2748,
              1462
            ],
            [
              2748,
              1500
            ],
            [
              2688,
              1500
            ],
            [
              2688,
              1462
            ]
          ]
        ]
      }
    },
    {
      "type": "Feature",
      "properties": {
        "id": "SV-W03",
        "name": "工坊医务站",
        "zone": "工坊区",
        "frontageRoad": "W-03",
        "description": "工伤处置、洗消与转运",
        "footprint": 2016,
        "scaleClass": "日常服务设施",
        "buildingType": "医疗",
        "sizeSpec": "工坊公共服务-标准",
        "widthMeters": 56,
        "depthMeters": 36,
        "layer": "buildings"
      },
      "geometry": {
        "type": "Polygon",
        "coordinates": [
          [
            [
              2978,
              1909.5
            ],
            [
              3034,
              1909.5
            ],
            [
              3034,
              1945.5
            ],
            [
              2978,
              1945.5
            ],
            [
              2978,
              1909.5
            ]
          ]
        ]
      }
    },
    {
      "type": "Feature",
      "properties": {
        "id": "SV-W04",
        "name": "工坊换乘站房",
        "zone": "工坊区",
        "frontageRoad": "W-02",
        "description": "客货分流和巨蚓外环换乘",
        "footprint": 2560,
        "scaleClass": "日常服务设施",
        "buildingType": "车站",
        "sizeSpec": "工坊站房-大型",
        "widthMeters": 64,
        "depthMeters": 40,
        "layer": "buildings"
      },
      "geometry": {
        "type": "Polygon",
        "coordinates": [
          [
            [
              2782,
              1739.5
            ],
            [
              2846,
              1739.5
            ],
            [
              2846,
              1779.5
            ],
            [
              2782,
              1779.5
            ],
            [
              2782,
              1739.5
            ]
          ]
        ]
      }
    },
    {
      "type": "Feature",
      "properties": {
        "id": "SV-O01",
        "name": "北门外环站房",
        "zone": "郊野／外环",
        "frontageRoad": "R-W2",
        "description": "北门检疫与巨蚓外环换乘",
        "footprint": 2304,
        "scaleClass": "日常服务设施",
        "buildingType": "车站",
        "sizeSpec": "外环站房-标准",
        "widthMeters": 64,
        "depthMeters": 36,
        "layer": "buildings"
      },
      "geometry": {
        "type": "Polygon",
        "coordinates": [
          [
            [
              805.5,
              58
            ],
            [
              805.5,
              122
            ],
            [
              769.5,
              122
            ],
            [
              769.5,
              58
            ],
            [
              805.5,
              58
            ]
          ]
        ]
      }
    },
    {
      "type": "Feature",
      "properties": {
        "id": "SV-O02",
        "name": "南门外环站房",
        "zone": "郊野／外环",
        "frontageRoad": "O-V4",
        "description": "南部课程设施与巨蚓外环换乘",
        "footprint": 2304,
        "scaleClass": "日常服务设施",
        "buildingType": "车站",
        "sizeSpec": "外环站房-标准",
        "widthMeters": 64,
        "depthMeters": 36,
        "layer": "buildings"
      },
      "geometry": {
        "type": "Polygon",
        "coordinates": [
          [
            [
              3151,
              2686
            ],
            [
              3151,
              2750
            ],
            [
              3115,
              2750
            ],
            [
              3115,
              2686
            ],
            [
              3151,
              2686
            ]
          ]
        ]
      }
    },
    {
      "type": "Feature",
      "properties": {
        "id": "B-001",
        "name": "普通教学楼 1",
        "zone": "教学区",
        "frontageRoad": "R-CW",
        "description": "教学区的普通教学楼，按教学区普通模数统一规格建设。",
        "footprint": 2052,
        "scaleClass": "普通建筑",
        "buildingType": "普通教学楼",
        "sizeSpec": "教学区普通模数",
        "widthMeters": 54,
        "depthMeters": 38,
        "layer": "buildings"
      },
      "geometry": {
        "type": "Polygon",
        "coordinates": [
          [
            [
              155,
              1265
            ],
            [
              209,
              1265
            ],
            [
              209,
              1303
            ],
            [
              155,
              1303
            ],
            [
              155,
              1265
            ]
          ]
        ]
      }
    },
    {
      "type": "Feature",
      "properties": {
        "id": "B-002",
        "name": "小型讲堂 1",
        "zone": "教学区",
        "frontageRoad": "R-CW",
        "description": "教学区的小型讲堂，按教学区普通模数统一规格建设。",
        "footprint": 2052,
        "scaleClass": "普通建筑",
        "buildingType": "小型讲堂",
        "sizeSpec": "教学区普通模数",
        "widthMeters": 54,
        "depthMeters": 38,
        "layer": "buildings"
      },
      "geometry": {
        "type": "Polygon",
        "coordinates": [
          [
            [
              225,
              1265
            ],
            [
              279,
              1265
            ],
            [
              279,
              1303
            ],
            [
              225,
              1303
            ],
            [
              225,
              1265
            ]
          ]
        ]
      }
    },
    {
      "type": "Feature",
      "properties": {
        "id": "B-003",
        "name": "实验准备楼 1",
        "zone": "教学区",
        "frontageRoad": "R-CW",
        "description": "教学区的实验准备楼，按教学区普通模数统一规格建设。",
        "footprint": 2052,
        "scaleClass": "普通建筑",
        "buildingType": "实验准备楼",
        "sizeSpec": "教学区普通模数",
        "widthMeters": 54,
        "depthMeters": 38,
        "layer": "buildings"
      },
      "geometry": {
        "type": "Polygon",
        "coordinates": [
          [
            [
              225,
              1197
            ],
            [
              279,
              1197
            ],
            [
              279,
              1235
            ],
            [
              225,
              1235
            ],
            [
              225,
              1197
            ]
          ]
        ]
      }
    },
    {
      "type": "Feature",
      "properties": {
        "id": "B-004",
        "name": "普通教学楼 2",
        "zone": "教学区",
        "frontageRoad": "R-CW",
        "description": "教学区的普通教学楼，按教学区普通模数统一规格建设。",
        "footprint": 2052,
        "scaleClass": "普通建筑",
        "buildingType": "普通教学楼",
        "sizeSpec": "教学区普通模数",
        "widthMeters": 54,
        "depthMeters": 38,
        "layer": "buildings"
      },
      "geometry": {
        "type": "Polygon",
        "coordinates": [
          [
            [
              295,
              1265
            ],
            [
              349,
              1265
            ],
            [
              349,
              1303
            ],
            [
              295,
              1303
            ],
            [
              295,
              1265
            ]
          ]
        ]
      }
    },
    {
      "type": "Feature",
      "properties": {
        "id": "B-005",
        "name": "小型讲堂 2",
        "zone": "教学区",
        "frontageRoad": "R-CW",
        "description": "教学区的小型讲堂，按教学区普通模数统一规格建设。",
        "footprint": 2052,
        "scaleClass": "普通建筑",
        "buildingType": "小型讲堂",
        "sizeSpec": "教学区普通模数",
        "widthMeters": 54,
        "depthMeters": 38,
        "layer": "buildings"
      },
      "geometry": {
        "type": "Polygon",
        "coordinates": [
          [
            [
              295,
              1197
            ],
            [
              349,
              1197
            ],
            [
              349,
              1235
            ],
            [
              295,
              1235
            ],
            [
              295,
              1197
            ]
          ]
        ]
      }
    },
    {
      "type": "Feature",
      "properties": {
        "id": "B-006",
        "name": "实验准备楼 2",
        "zone": "教学区",
        "frontageRoad": "R-CW",
        "description": "教学区的实验准备楼，按教学区普通模数统一规格建设。",
        "footprint": 2052,
        "scaleClass": "普通建筑",
        "buildingType": "实验准备楼",
        "sizeSpec": "教学区普通模数",
        "widthMeters": 54,
        "depthMeters": 38,
        "layer": "buildings"
      },
      "geometry": {
        "type": "Polygon",
        "coordinates": [
          [
            [
              435,
              1265
            ],
            [
              489,
              1265
            ],
            [
              489,
              1303
            ],
            [
              435,
              1303
            ],
            [
              435,
              1265
            ]
          ]
        ]
      }
    },
    {
      "type": "Feature",
      "properties": {
        "id": "B-007",
        "name": "普通教学楼 3",
        "zone": "教学区",
        "frontageRoad": "R-CW",
        "description": "教学区的普通教学楼，按教学区普通模数统一规格建设。",
        "footprint": 2052,
        "scaleClass": "普通建筑",
        "buildingType": "普通教学楼",
        "sizeSpec": "教学区普通模数",
        "widthMeters": 54,
        "depthMeters": 38,
        "layer": "buildings"
      },
      "geometry": {
        "type": "Polygon",
        "coordinates": [
          [
            [
              435,
              1197
            ],
            [
              489,
              1197
            ],
            [
              489,
              1235
            ],
            [
              435,
              1235
            ],
            [
              435,
              1197
            ]
          ]
        ]
      }
    },
    {
      "type": "Feature",
      "properties": {
        "id": "B-008",
        "name": "小型讲堂 3",
        "zone": "教学区",
        "frontageRoad": "R-CW",
        "description": "教学区的小型讲堂，按教学区普通模数统一规格建设。",
        "footprint": 2052,
        "scaleClass": "普通建筑",
        "buildingType": "小型讲堂",
        "sizeSpec": "教学区普通模数",
        "widthMeters": 54,
        "depthMeters": 38,
        "layer": "buildings"
      },
      "geometry": {
        "type": "Polygon",
        "coordinates": [
          [
            [
              645,
              1265
            ],
            [
              699,
              1265
            ],
            [
              699,
              1303
            ],
            [
              645,
              1303
            ],
            [
              645,
              1265
            ]
          ]
        ]
      }
    },
    {
      "type": "Feature",
      "properties": {
        "id": "B-009",
        "name": "实验准备楼 3",
        "zone": "教学区",
        "frontageRoad": "R-CW",
        "description": "教学区的实验准备楼，按教学区普通模数统一规格建设。",
        "footprint": 2052,
        "scaleClass": "普通建筑",
        "buildingType": "实验准备楼",
        "sizeSpec": "教学区普通模数",
        "widthMeters": 54,
        "depthMeters": 38,
        "layer": "buildings"
      },
      "geometry": {
        "type": "Polygon",
        "coordinates": [
          [
            [
              645,
              1197
            ],
            [
              699,
              1197
            ],
            [
              699,
              1235
            ],
            [
              645,
              1235
            ],
            [
              645,
              1197
            ]
          ]
        ]
      }
    },
    {
      "type": "Feature",
      "properties": {
        "id": "B-010",
        "name": "普通教学楼 4",
        "zone": "教学区",
        "frontageRoad": "R-CW",
        "description": "教学区的普通教学楼，按教学区普通模数统一规格建设。",
        "footprint": 2052,
        "scaleClass": "普通建筑",
        "buildingType": "普通教学楼",
        "sizeSpec": "教学区普通模数",
        "widthMeters": 54,
        "depthMeters": 38,
        "layer": "buildings"
      },
      "geometry": {
        "type": "Polygon",
        "coordinates": [
          [
            [
              785,
              1265
            ],
            [
              839,
              1265
            ],
            [
              839,
              1303
            ],
            [
              785,
              1303
            ],
            [
              785,
              1265
            ]
          ]
        ]
      }
    },
    {
      "type": "Feature",
      "properties": {
        "id": "B-011",
        "name": "小型讲堂 4",
        "zone": "教学区",
        "frontageRoad": "R-CW",
        "description": "教学区的小型讲堂，按教学区普通模数统一规格建设。",
        "footprint": 2052,
        "scaleClass": "普通建筑",
        "buildingType": "小型讲堂",
        "sizeSpec": "教学区普通模数",
        "widthMeters": 54,
        "depthMeters": 38,
        "layer": "buildings"
      },
      "geometry": {
        "type": "Polygon",
        "coordinates": [
          [
            [
              855,
              1265
            ],
            [
              909,
              1265
            ],
            [
              909,
              1303
            ],
            [
              855,
              1303
            ],
            [
              855,
              1265
            ]
          ]
        ]
      }
    },
    {
      "type": "Feature",
      "properties": {
        "id": "B-012",
        "name": "实验准备楼 4",
        "zone": "教学区",
        "frontageRoad": "R-CW",
        "description": "教学区的实验准备楼，按教学区普通模数统一规格建设。",
        "footprint": 2052,
        "scaleClass": "普通建筑",
        "buildingType": "实验准备楼",
        "sizeSpec": "教学区普通模数",
        "widthMeters": 54,
        "depthMeters": 38,
        "layer": "buildings"
      },
      "geometry": {
        "type": "Polygon",
        "coordinates": [
          [
            [
              995,
              1265
            ],
            [
              1049,
              1265
            ],
            [
              1049,
              1303
            ],
            [
              995,
              1303
            ],
            [
              995,
              1265
            ]
          ]
        ]
      }
    },
    {
      "type": "Feature",
      "properties": {
        "id": "B-013",
        "name": "普通教学楼 5",
        "zone": "教学区",
        "frontageRoad": "R-CW",
        "description": "教学区的普通教学楼，按教学区普通模数统一规格建设。",
        "footprint": 2052,
        "scaleClass": "普通建筑",
        "buildingType": "普通教学楼",
        "sizeSpec": "教学区普通模数",
        "widthMeters": 54,
        "depthMeters": 38,
        "layer": "buildings"
      },
      "geometry": {
        "type": "Polygon",
        "coordinates": [
          [
            [
              995,
              1197
            ],
            [
              1049,
              1197
            ],
            [
              1049,
              1235
            ],
            [
              995,
              1235
            ],
            [
              995,
              1197
            ]
          ]
        ]
      }
    },
    {
      "type": "Feature",
      "properties": {
        "id": "B-014",
        "name": "小型讲堂 5",
        "zone": "教学区",
        "frontageRoad": "R-CW",
        "description": "教学区的小型讲堂，按教学区普通模数统一规格建设。",
        "footprint": 2052,
        "scaleClass": "普通建筑",
        "buildingType": "小型讲堂",
        "sizeSpec": "教学区普通模数",
        "widthMeters": 54,
        "depthMeters": 38,
        "layer": "buildings"
      },
      "geometry": {
        "type": "Polygon",
        "coordinates": [
          [
            [
              1135,
              1265
            ],
            [
              1189,
              1265
            ],
            [
              1189,
              1303
            ],
            [
              1135,
              1303
            ],
            [
              1135,
              1265
            ]
          ]
        ]
      }
    },
    {
      "type": "Feature",
      "properties": {
        "id": "B-015",
        "name": "实验准备楼 5",
        "zone": "教学区",
        "frontageRoad": "R-CW",
        "description": "教学区的实验准备楼，按教学区普通模数统一规格建设。",
        "footprint": 2052,
        "scaleClass": "普通建筑",
        "buildingType": "实验准备楼",
        "sizeSpec": "教学区普通模数",
        "widthMeters": 54,
        "depthMeters": 38,
        "layer": "buildings"
      },
      "geometry": {
        "type": "Polygon",
        "coordinates": [
          [
            [
              1135,
              1197
            ],
            [
              1189,
              1197
            ],
            [
              1189,
              1235
            ],
            [
              1135,
              1235
            ],
            [
              1135,
              1197
            ]
          ]
        ]
      }
    },
    {
      "type": "Feature",
      "properties": {
        "id": "B-016",
        "name": "临街商住楼 1",
        "zone": "市集区",
        "frontageRoad": "R-CE",
        "description": "市集区的临街商住楼，按市集区普通模数统一规格建设。",
        "footprint": 1872,
        "scaleClass": "普通建筑",
        "buildingType": "临街商住楼",
        "sizeSpec": "市集区普通模数",
        "widthMeters": 52,
        "depthMeters": 36,
        "layer": "buildings"
      },
      "geometry": {
        "type": "Polygon",
        "coordinates": [
          [
            [
              1998,
              1265
            ],
            [
              2050,
              1265
            ],
            [
              2050,
              1301
            ],
            [
              1998,
              1301
            ],
            [
              1998,
              1265
            ]
          ]
        ]
      }
    },
    {
      "type": "Feature",
      "properties": {
        "id": "B-017",
        "name": "标准街铺 1",
        "zone": "市集区",
        "frontageRoad": "R-CE",
        "description": "市集区的标准街铺，按市集区普通模数统一规格建设。",
        "footprint": 1872,
        "scaleClass": "普通建筑",
        "buildingType": "标准街铺",
        "sizeSpec": "市集区普通模数",
        "widthMeters": 52,
        "depthMeters": 36,
        "layer": "buildings"
      },
      "geometry": {
        "type": "Polygon",
        "coordinates": [
          [
            [
              2208,
              1265
            ],
            [
              2260,
              1265
            ],
            [
              2260,
              1301
            ],
            [
              2208,
              1301
            ],
            [
              2208,
              1265
            ]
          ]
        ]
      }
    },
    {
      "type": "Feature",
      "properties": {
        "id": "B-018",
        "name": "旅舍住宅 1",
        "zone": "市集区",
        "frontageRoad": "R-CE",
        "description": "市集区的旅舍住宅，按市集区普通模数统一规格建设。",
        "footprint": 1872,
        "scaleClass": "普通建筑",
        "buildingType": "旅舍住宅",
        "sizeSpec": "市集区普通模数",
        "widthMeters": 52,
        "depthMeters": 36,
        "layer": "buildings"
      },
      "geometry": {
        "type": "Polygon",
        "coordinates": [
          [
            [
              2208,
              1199
            ],
            [
              2260,
              1199
            ],
            [
              2260,
              1235
            ],
            [
              2208,
              1235
            ],
            [
              2208,
              1199
            ]
          ]
        ]
      }
    },
    {
      "type": "Feature",
      "properties": {
        "id": "B-019",
        "name": "临街商住楼 2",
        "zone": "市集区",
        "frontageRoad": "R-CE",
        "description": "市集区的临街商住楼，按市集区普通模数统一规格建设。",
        "footprint": 1872,
        "scaleClass": "普通建筑",
        "buildingType": "临街商住楼",
        "sizeSpec": "市集区普通模数",
        "widthMeters": 52,
        "depthMeters": 36,
        "layer": "buildings"
      },
      "geometry": {
        "type": "Polygon",
        "coordinates": [
          [
            [
              2278,
              1265
            ],
            [
              2330,
              1265
            ],
            [
              2330,
              1301
            ],
            [
              2278,
              1301
            ],
            [
              2278,
              1265
            ]
          ]
        ]
      }
    },
    {
      "type": "Feature",
      "properties": {
        "id": "B-020",
        "name": "标准街铺 2",
        "zone": "市集区",
        "frontageRoad": "R-CE",
        "description": "市集区的标准街铺，按市集区普通模数统一规格建设。",
        "footprint": 1872,
        "scaleClass": "普通建筑",
        "buildingType": "标准街铺",
        "sizeSpec": "市集区普通模数",
        "widthMeters": 52,
        "depthMeters": 36,
        "layer": "buildings"
      },
      "geometry": {
        "type": "Polygon",
        "coordinates": [
          [
            [
              2278,
              1199
            ],
            [
              2330,
              1199
            ],
            [
              2330,
              1235
            ],
            [
              2278,
              1235
            ],
            [
              2278,
              1199
            ]
          ]
        ]
      }
    },
    {
      "type": "Feature",
      "properties": {
        "id": "B-021",
        "name": "旅舍住宅 2",
        "zone": "市集区",
        "frontageRoad": "R-CE",
        "description": "市集区的旅舍住宅，按市集区普通模数统一规格建设。",
        "footprint": 1872,
        "scaleClass": "普通建筑",
        "buildingType": "旅舍住宅",
        "sizeSpec": "市集区普通模数",
        "widthMeters": 52,
        "depthMeters": 36,
        "layer": "buildings"
      },
      "geometry": {
        "type": "Polygon",
        "coordinates": [
          [
            [
              2418,
              1265
            ],
            [
              2470,
              1265
            ],
            [
              2470,
              1301
            ],
            [
              2418,
              1301
            ],
            [
              2418,
              1265
            ]
          ]
        ]
      }
    },
    {
      "type": "Feature",
      "properties": {
        "id": "B-022",
        "name": "临街商住楼 3",
        "zone": "市集区",
        "frontageRoad": "R-CE",
        "description": "市集区的临街商住楼，按市集区普通模数统一规格建设。",
        "footprint": 1872,
        "scaleClass": "普通建筑",
        "buildingType": "临街商住楼",
        "sizeSpec": "市集区普通模数",
        "widthMeters": 52,
        "depthMeters": 36,
        "layer": "buildings"
      },
      "geometry": {
        "type": "Polygon",
        "coordinates": [
          [
            [
              2488,
              1265
            ],
            [
              2540,
              1265
            ],
            [
              2540,
              1301
            ],
            [
              2488,
              1301
            ],
            [
              2488,
              1265
            ]
          ]
        ]
      }
    },
    {
      "type": "Feature",
      "properties": {
        "id": "B-023",
        "name": "标准街铺 3",
        "zone": "市集区",
        "frontageRoad": "R-CE",
        "description": "市集区的标准街铺，按市集区普通模数统一规格建设。",
        "footprint": 1872,
        "scaleClass": "普通建筑",
        "buildingType": "标准街铺",
        "sizeSpec": "市集区普通模数",
        "widthMeters": 52,
        "depthMeters": 36,
        "layer": "buildings"
      },
      "geometry": {
        "type": "Polygon",
        "coordinates": [
          [
            [
              2558,
              1265
            ],
            [
              2610,
              1265
            ],
            [
              2610,
              1301
            ],
            [
              2558,
              1301
            ],
            [
              2558,
              1265
            ]
          ]
        ]
      }
    },
    {
      "type": "Feature",
      "properties": {
        "id": "B-024",
        "name": "旅舍住宅 3",
        "zone": "市集区",
        "frontageRoad": "R-CE",
        "description": "市集区的旅舍住宅，按市集区普通模数统一规格建设。",
        "footprint": 1872,
        "scaleClass": "普通建筑",
        "buildingType": "旅舍住宅",
        "sizeSpec": "市集区普通模数",
        "widthMeters": 52,
        "depthMeters": 36,
        "layer": "buildings"
      },
      "geometry": {
        "type": "Polygon",
        "coordinates": [
          [
            [
              2628,
              1265
            ],
            [
              2680,
              1265
            ],
            [
              2680,
              1301
            ],
            [
              2628,
              1301
            ],
            [
              2628,
              1265
            ]
          ]
        ]
      }
    },
    {
      "type": "Feature",
      "properties": {
        "id": "B-025",
        "name": "临街商住楼 4",
        "zone": "市集区",
        "frontageRoad": "R-CE",
        "description": "市集区的临街商住楼，按市集区普通模数统一规格建设。",
        "footprint": 1872,
        "scaleClass": "普通建筑",
        "buildingType": "临街商住楼",
        "sizeSpec": "市集区普通模数",
        "widthMeters": 52,
        "depthMeters": 36,
        "layer": "buildings"
      },
      "geometry": {
        "type": "Polygon",
        "coordinates": [
          [
            [
              2698,
              1265
            ],
            [
              2750,
              1265
            ],
            [
              2750,
              1301
            ],
            [
              2698,
              1301
            ],
            [
              2698,
              1265
            ]
          ]
        ]
      }
    },
    {
      "type": "Feature",
      "properties": {
        "id": "B-026",
        "name": "标准街铺 4",
        "zone": "市集区",
        "frontageRoad": "R-CE",
        "description": "市集区的标准街铺，按市集区普通模数统一规格建设。",
        "footprint": 1872,
        "scaleClass": "普通建筑",
        "buildingType": "标准街铺",
        "sizeSpec": "市集区普通模数",
        "widthMeters": 52,
        "depthMeters": 36,
        "layer": "buildings"
      },
      "geometry": {
        "type": "Polygon",
        "coordinates": [
          [
            [
              2908,
              1199
            ],
            [
              2960,
              1199
            ],
            [
              2960,
              1235
            ],
            [
              2908,
              1235
            ],
            [
              2908,
              1199
            ]
          ]
        ]
      }
    },
    {
      "type": "Feature",
      "properties": {
        "id": "B-027",
        "name": "旅舍住宅 4",
        "zone": "市集区",
        "frontageRoad": "R-CE",
        "description": "市集区的旅舍住宅，按市集区普通模数统一规格建设。",
        "footprint": 1872,
        "scaleClass": "普通建筑",
        "buildingType": "旅舍住宅",
        "sizeSpec": "市集区普通模数",
        "widthMeters": 52,
        "depthMeters": 36,
        "layer": "buildings"
      },
      "geometry": {
        "type": "Polygon",
        "coordinates": [
          [
            [
              2978,
              1265
            ],
            [
              3030,
              1265
            ],
            [
              3030,
              1301
            ],
            [
              2978,
              1301
            ],
            [
              2978,
              1265
            ]
          ]
        ]
      }
    },
    {
      "type": "Feature",
      "properties": {
        "id": "B-028",
        "name": "临街商住楼 5",
        "zone": "市集区",
        "frontageRoad": "R-CE",
        "description": "市集区的临街商住楼，按市集区普通模数统一规格建设。",
        "footprint": 1872,
        "scaleClass": "普通建筑",
        "buildingType": "临街商住楼",
        "sizeSpec": "市集区普通模数",
        "widthMeters": 52,
        "depthMeters": 36,
        "layer": "buildings"
      },
      "geometry": {
        "type": "Polygon",
        "coordinates": [
          [
            [
              2978,
              1199
            ],
            [
              3030,
              1199
            ],
            [
              3030,
              1235
            ],
            [
              2978,
              1235
            ],
            [
              2978,
              1199
            ]
          ]
        ]
      }
    },
    {
      "type": "Feature",
      "properties": {
        "id": "B-029",
        "name": "标准街铺 5",
        "zone": "市集区",
        "frontageRoad": "R-CE",
        "description": "市集区的标准街铺，按市集区普通模数统一规格建设。",
        "footprint": 1872,
        "scaleClass": "普通建筑",
        "buildingType": "标准街铺",
        "sizeSpec": "市集区普通模数",
        "widthMeters": 52,
        "depthMeters": 36,
        "layer": "buildings"
      },
      "geometry": {
        "type": "Polygon",
        "coordinates": [
          [
            [
              3048,
              1265
            ],
            [
              3100,
              1265
            ],
            [
              3100,
              1301
            ],
            [
              3048,
              1301
            ],
            [
              3048,
              1265
            ]
          ]
        ]
      }
    },
    {
      "type": "Feature",
      "properties": {
        "id": "B-030",
        "name": "旅舍住宅 5",
        "zone": "市集区",
        "frontageRoad": "R-CE",
        "description": "市集区的旅舍住宅，按市集区普通模数统一规格建设。",
        "footprint": 1872,
        "scaleClass": "普通建筑",
        "buildingType": "旅舍住宅",
        "sizeSpec": "市集区普通模数",
        "widthMeters": 52,
        "depthMeters": 36,
        "layer": "buildings"
      },
      "geometry": {
        "type": "Polygon",
        "coordinates": [
          [
            [
              3048,
              1199
            ],
            [
              3100,
              1199
            ],
            [
              3100,
              1235
            ],
            [
              3048,
              1235
            ],
            [
              3048,
              1199
            ]
          ]
        ]
      }
    },
    {
      "type": "Feature",
      "properties": {
        "id": "B-031",
        "name": "外围维护舍 1",
        "zone": "郊野／外环",
        "frontageRoad": "R-W3",
        "description": "郊野／外环的外围维护舍，按外环普通模数统一规格建设。",
        "footprint": 1700,
        "scaleClass": "普通建筑",
        "buildingType": "外围维护舍",
        "sizeSpec": "外环普通模数",
        "widthMeters": 50,
        "depthMeters": 34,
        "layer": "buildings"
      },
      "geometry": {
        "type": "Polygon",
        "coordinates": [
          [
            [
              1110.5,
              87
            ],
            [
              1110.5,
              137
            ],
            [
              1076.5,
              137
            ],
            [
              1076.5,
              87
            ],
            [
              1110.5,
              87
            ]
          ]
        ]
      }
    },
    {
      "type": "Feature",
      "properties": {
        "id": "B-032",
        "name": "检疫服务楼 1",
        "zone": "郊野／外环",
        "frontageRoad": "R-W3",
        "description": "郊野／外环的检疫服务楼，按外环普通模数统一规格建设。",
        "footprint": 1700,
        "scaleClass": "普通建筑",
        "buildingType": "检疫服务楼",
        "sizeSpec": "外环普通模数",
        "widthMeters": 50,
        "depthMeters": 34,
        "layer": "buildings"
      },
      "geometry": {
        "type": "Polygon",
        "coordinates": [
          [
            [
              1163.5,
              87
            ],
            [
              1163.5,
              137
            ],
            [
              1129.5,
              137
            ],
            [
              1129.5,
              87
            ],
            [
              1163.5,
              87
            ]
          ]
        ]
      }
    },
    {
      "type": "Feature",
      "properties": {
        "id": "B-033",
        "name": "普通教学楼 6",
        "zone": "教学区",
        "frontageRoad": "R-W3",
        "description": "教学区的普通教学楼，按教学区普通模数统一规格建设。",
        "footprint": 2052,
        "scaleClass": "普通建筑",
        "buildingType": "普通教学楼",
        "sizeSpec": "教学区普通模数",
        "widthMeters": 54,
        "depthMeters": 38,
        "layer": "buildings"
      },
      "geometry": {
        "type": "Polygon",
        "coordinates": [
          [
            [
              1110.5,
              295
            ],
            [
              1110.5,
              349
            ],
            [
              1072.5,
              349
            ],
            [
              1072.5,
              295
            ],
            [
              1110.5,
              295
            ]
          ]
        ]
      }
    },
    {
      "type": "Feature",
      "properties": {
        "id": "B-034",
        "name": "小型讲堂 6",
        "zone": "教学区",
        "frontageRoad": "R-W3",
        "description": "教学区的小型讲堂，按教学区普通模数统一规格建设。",
        "footprint": 2052,
        "scaleClass": "普通建筑",
        "buildingType": "小型讲堂",
        "sizeSpec": "教学区普通模数",
        "widthMeters": 54,
        "depthMeters": 38,
        "layer": "buildings"
      },
      "geometry": {
        "type": "Polygon",
        "coordinates": [
          [
            [
              1167.5,
              295
            ],
            [
              1167.5,
              349
            ],
            [
              1129.5,
              349
            ],
            [
              1129.5,
              295
            ],
            [
              1167.5,
              295
            ]
          ]
        ]
      }
    },
    {
      "type": "Feature",
      "properties": {
        "id": "B-035",
        "name": "实验准备楼 6",
        "zone": "教学区",
        "frontageRoad": "R-W3",
        "description": "教学区的实验准备楼，按教学区普通模数统一规格建设。",
        "footprint": 2052,
        "scaleClass": "普通建筑",
        "buildingType": "实验准备楼",
        "sizeSpec": "教学区普通模数",
        "widthMeters": 54,
        "depthMeters": 38,
        "layer": "buildings"
      },
      "geometry": {
        "type": "Polygon",
        "coordinates": [
          [
            [
              1110.5,
              435
            ],
            [
              1110.5,
              489
            ],
            [
              1072.5,
              489
            ],
            [
              1072.5,
              435
            ],
            [
              1110.5,
              435
            ]
          ]
        ]
      }
    },
    {
      "type": "Feature",
      "properties": {
        "id": "B-036",
        "name": "普通教学楼 7",
        "zone": "教学区",
        "frontageRoad": "R-W3",
        "description": "教学区的普通教学楼，按教学区普通模数统一规格建设。",
        "footprint": 2052,
        "scaleClass": "普通建筑",
        "buildingType": "普通教学楼",
        "sizeSpec": "教学区普通模数",
        "widthMeters": 54,
        "depthMeters": 38,
        "layer": "buildings"
      },
      "geometry": {
        "type": "Polygon",
        "coordinates": [
          [
            [
              1167.5,
              435
            ],
            [
              1167.5,
              489
            ],
            [
              1129.5,
              489
            ],
            [
              1129.5,
              435
            ],
            [
              1167.5,
              435
            ]
          ]
        ]
      }
    },
    {
      "type": "Feature",
      "properties": {
        "id": "B-037",
        "name": "小型讲堂 7",
        "zone": "教学区",
        "frontageRoad": "R-W3",
        "description": "教学区的小型讲堂，按教学区普通模数统一规格建设。",
        "footprint": 2052,
        "scaleClass": "普通建筑",
        "buildingType": "小型讲堂",
        "sizeSpec": "教学区普通模数",
        "widthMeters": 54,
        "depthMeters": 38,
        "layer": "buildings"
      },
      "geometry": {
        "type": "Polygon",
        "coordinates": [
          [
            [
              1167.5,
              505
            ],
            [
              1167.5,
              559
            ],
            [
              1129.5,
              559
            ],
            [
              1129.5,
              505
            ],
            [
              1167.5,
              505
            ]
          ]
        ]
      }
    },
    {
      "type": "Feature",
      "properties": {
        "id": "B-038",
        "name": "实验准备楼 7",
        "zone": "教学区",
        "frontageRoad": "R-W3",
        "description": "教学区的实验准备楼，按教学区普通模数统一规格建设。",
        "footprint": 2052,
        "scaleClass": "普通建筑",
        "buildingType": "实验准备楼",
        "sizeSpec": "教学区普通模数",
        "widthMeters": 54,
        "depthMeters": 38,
        "layer": "buildings"
      },
      "geometry": {
        "type": "Polygon",
        "coordinates": [
          [
            [
              1110.5,
              715
            ],
            [
              1110.5,
              769
            ],
            [
              1072.5,
              769
            ],
            [
              1072.5,
              715
            ],
            [
              1110.5,
              715
            ]
          ]
        ]
      }
    },
    {
      "type": "Feature",
      "properties": {
        "id": "B-039",
        "name": "普通教学楼 8",
        "zone": "教学区",
        "frontageRoad": "R-W3",
        "description": "教学区的普通教学楼，按教学区普通模数统一规格建设。",
        "footprint": 2052,
        "scaleClass": "普通建筑",
        "buildingType": "普通教学楼",
        "sizeSpec": "教学区普通模数",
        "widthMeters": 54,
        "depthMeters": 38,
        "layer": "buildings"
      },
      "geometry": {
        "type": "Polygon",
        "coordinates": [
          [
            [
              1167.5,
              715
            ],
            [
              1167.5,
              769
            ],
            [
              1129.5,
              769
            ],
            [
              1129.5,
              715
            ],
            [
              1167.5,
              715
            ]
          ]
        ]
      }
    },
    {
      "type": "Feature",
      "properties": {
        "id": "B-040",
        "name": "小型讲堂 8",
        "zone": "教学区",
        "frontageRoad": "R-W3",
        "description": "教学区的小型讲堂，按教学区普通模数统一规格建设。",
        "footprint": 2052,
        "scaleClass": "普通建筑",
        "buildingType": "小型讲堂",
        "sizeSpec": "教学区普通模数",
        "widthMeters": 54,
        "depthMeters": 38,
        "layer": "buildings"
      },
      "geometry": {
        "type": "Polygon",
        "coordinates": [
          [
            [
              1110.5,
              855
            ],
            [
              1110.5,
              909
            ],
            [
              1072.5,
              909
            ],
            [
              1072.5,
              855
            ],
            [
              1110.5,
              855
            ]
          ]
        ]
      }
    },
    {
      "type": "Feature",
      "properties": {
        "id": "B-041",
        "name": "实验准备楼 8",
        "zone": "教学区",
        "frontageRoad": "R-W3",
        "description": "教学区的实验准备楼，按教学区普通模数统一规格建设。",
        "footprint": 2052,
        "scaleClass": "普通建筑",
        "buildingType": "实验准备楼",
        "sizeSpec": "教学区普通模数",
        "widthMeters": 54,
        "depthMeters": 38,
        "layer": "buildings"
      },
      "geometry": {
        "type": "Polygon",
        "coordinates": [
          [
            [
              1167.5,
              855
            ],
            [
              1167.5,
              909
            ],
            [
              1129.5,
              909
            ],
            [
              1129.5,
              855
            ],
            [
              1167.5,
              855
            ]
          ]
        ]
      }
    },
    {
      "type": "Feature",
      "properties": {
        "id": "B-042",
        "name": "普通教学楼 9",
        "zone": "教学区",
        "frontageRoad": "R-W3",
        "description": "教学区的普通教学楼，按教学区普通模数统一规格建设。",
        "footprint": 2052,
        "scaleClass": "普通建筑",
        "buildingType": "普通教学楼",
        "sizeSpec": "教学区普通模数",
        "widthMeters": 54,
        "depthMeters": 38,
        "layer": "buildings"
      },
      "geometry": {
        "type": "Polygon",
        "coordinates": [
          [
            [
              1167.5,
              925
            ],
            [
              1167.5,
              979
            ],
            [
              1129.5,
              979
            ],
            [
              1129.5,
              925
            ],
            [
              1167.5,
              925
            ]
          ]
        ]
      }
    },
    {
      "type": "Feature",
      "properties": {
        "id": "B-043",
        "name": "小型讲堂 9",
        "zone": "教学区",
        "frontageRoad": "R-W3",
        "description": "教学区的小型讲堂，按教学区普通模数统一规格建设。",
        "footprint": 2052,
        "scaleClass": "普通建筑",
        "buildingType": "小型讲堂",
        "sizeSpec": "教学区普通模数",
        "widthMeters": 54,
        "depthMeters": 38,
        "layer": "buildings"
      },
      "geometry": {
        "type": "Polygon",
        "coordinates": [
          [
            [
              1167.5,
              1135
            ],
            [
              1167.5,
              1189
            ],
            [
              1129.5,
              1189
            ],
            [
              1129.5,
              1135
            ],
            [
              1167.5,
              1135
            ]
          ]
        ]
      }
    },
    {
      "type": "Feature",
      "properties": {
        "id": "B-044",
        "name": "标准生活街屋 1",
        "zone": "生活区",
        "frontageRoad": "R-W3",
        "description": "生活区的标准生活街屋，按生活区普通模数统一规格建设。",
        "footprint": 1800,
        "scaleClass": "普通建筑",
        "buildingType": "标准生活街屋",
        "sizeSpec": "生活区普通模数",
        "widthMeters": 50,
        "depthMeters": 36,
        "layer": "buildings"
      },
      "geometry": {
        "type": "Polygon",
        "coordinates": [
          [
            [
              1110.5,
              1557
            ],
            [
              1110.5,
              1607
            ],
            [
              1074.5,
              1607
            ],
            [
              1074.5,
              1557
            ],
            [
              1110.5,
              1557
            ]
          ]
        ]
      }
    },
    {
      "type": "Feature",
      "properties": {
        "id": "B-045",
        "name": "学生宿舍 1",
        "zone": "生活区",
        "frontageRoad": "R-W3",
        "description": "生活区的学生宿舍，按生活区普通模数统一规格建设。",
        "footprint": 1800,
        "scaleClass": "普通建筑",
        "buildingType": "学生宿舍",
        "sizeSpec": "生活区普通模数",
        "widthMeters": 50,
        "depthMeters": 36,
        "layer": "buildings"
      },
      "geometry": {
        "type": "Polygon",
        "coordinates": [
          [
            [
              1110.5,
              1627
            ],
            [
              1110.5,
              1677
            ],
            [
              1074.5,
              1677
            ],
            [
              1074.5,
              1627
            ],
            [
              1110.5,
              1627
            ]
          ]
        ]
      }
    },
    {
      "type": "Feature",
      "properties": {
        "id": "B-046",
        "name": "家庭公寓 1",
        "zone": "生活区",
        "frontageRoad": "R-W3",
        "description": "生活区的家庭公寓，按生活区普通模数统一规格建设。",
        "footprint": 1800,
        "scaleClass": "普通建筑",
        "buildingType": "家庭公寓",
        "sizeSpec": "生活区普通模数",
        "widthMeters": 50,
        "depthMeters": 36,
        "layer": "buildings"
      },
      "geometry": {
        "type": "Polygon",
        "coordinates": [
          [
            [
              1165.5,
              1627
            ],
            [
              1165.5,
              1677
            ],
            [
              1129.5,
              1677
            ],
            [
              1129.5,
              1627
            ],
            [
              1165.5,
              1627
            ]
          ]
        ]
      }
    },
    {
      "type": "Feature",
      "properties": {
        "id": "B-047",
        "name": "标准生活街屋 2",
        "zone": "生活区",
        "frontageRoad": "R-W3",
        "description": "生活区的标准生活街屋，按生活区普通模数统一规格建设。",
        "footprint": 1800,
        "scaleClass": "普通建筑",
        "buildingType": "标准生活街屋",
        "sizeSpec": "生活区普通模数",
        "widthMeters": 50,
        "depthMeters": 36,
        "layer": "buildings"
      },
      "geometry": {
        "type": "Polygon",
        "coordinates": [
          [
            [
              1110.5,
              1697
            ],
            [
              1110.5,
              1747
            ],
            [
              1074.5,
              1747
            ],
            [
              1074.5,
              1697
            ],
            [
              1110.5,
              1697
            ]
          ]
        ]
      }
    },
    {
      "type": "Feature",
      "properties": {
        "id": "B-048",
        "name": "学生宿舍 2",
        "zone": "生活区",
        "frontageRoad": "R-W3",
        "description": "生活区的学生宿舍，按生活区普通模数统一规格建设。",
        "footprint": 1800,
        "scaleClass": "普通建筑",
        "buildingType": "学生宿舍",
        "sizeSpec": "生活区普通模数",
        "widthMeters": 50,
        "depthMeters": 36,
        "layer": "buildings"
      },
      "geometry": {
        "type": "Polygon",
        "coordinates": [
          [
            [
              1165.5,
              1697
            ],
            [
              1165.5,
              1747
            ],
            [
              1129.5,
              1747
            ],
            [
              1129.5,
              1697
            ],
            [
              1165.5,
              1697
            ]
          ]
        ]
      }
    },
    {
      "type": "Feature",
      "properties": {
        "id": "B-049",
        "name": "家庭公寓 2",
        "zone": "生活区",
        "frontageRoad": "R-W3",
        "description": "生活区的家庭公寓，按生活区普通模数统一规格建设。",
        "footprint": 1800,
        "scaleClass": "普通建筑",
        "buildingType": "家庭公寓",
        "sizeSpec": "生活区普通模数",
        "widthMeters": 50,
        "depthMeters": 36,
        "layer": "buildings"
      },
      "geometry": {
        "type": "Polygon",
        "coordinates": [
          [
            [
              1165.5,
              1767
            ],
            [
              1165.5,
              1817
            ],
            [
              1129.5,
              1817
            ],
            [
              1129.5,
              1767
            ],
            [
              1165.5,
              1767
            ]
          ]
        ]
      }
    },
    {
      "type": "Feature",
      "properties": {
        "id": "B-050",
        "name": "标准生活街屋 3",
        "zone": "生活区",
        "frontageRoad": "R-W3",
        "description": "生活区的标准生活街屋，按生活区普通模数统一规格建设。",
        "footprint": 1800,
        "scaleClass": "普通建筑",
        "buildingType": "标准生活街屋",
        "sizeSpec": "生活区普通模数",
        "widthMeters": 50,
        "depthMeters": 36,
        "layer": "buildings"
      },
      "geometry": {
        "type": "Polygon",
        "coordinates": [
          [
            [
              1110.5,
              1907
            ],
            [
              1110.5,
              1957
            ],
            [
              1074.5,
              1957
            ],
            [
              1074.5,
              1907
            ],
            [
              1110.5,
              1907
            ]
          ]
        ]
      }
    },
    {
      "type": "Feature",
      "properties": {
        "id": "B-051",
        "name": "学生宿舍 3",
        "zone": "生活区",
        "frontageRoad": "R-W3",
        "description": "生活区的学生宿舍，按生活区普通模数统一规格建设。",
        "footprint": 1800,
        "scaleClass": "普通建筑",
        "buildingType": "学生宿舍",
        "sizeSpec": "生活区普通模数",
        "widthMeters": 50,
        "depthMeters": 36,
        "layer": "buildings"
      },
      "geometry": {
        "type": "Polygon",
        "coordinates": [
          [
            [
              1165.5,
              1907
            ],
            [
              1165.5,
              1957
            ],
            [
              1129.5,
              1957
            ],
            [
              1129.5,
              1907
            ],
            [
              1165.5,
              1907
            ]
          ]
        ]
      }
    },
    {
      "type": "Feature",
      "properties": {
        "id": "B-052",
        "name": "家庭公寓 3",
        "zone": "生活区",
        "frontageRoad": "R-W3",
        "description": "生活区的家庭公寓，按生活区普通模数统一规格建设。",
        "footprint": 1800,
        "scaleClass": "普通建筑",
        "buildingType": "家庭公寓",
        "sizeSpec": "生活区普通模数",
        "widthMeters": 50,
        "depthMeters": 36,
        "layer": "buildings"
      },
      "geometry": {
        "type": "Polygon",
        "coordinates": [
          [
            [
              1110.5,
              1977
            ],
            [
              1110.5,
              2027
            ],
            [
              1074.5,
              2027
            ],
            [
              1074.5,
              1977
            ],
            [
              1110.5,
              1977
            ]
          ]
        ]
      }
    },
    {
      "type": "Feature",
      "properties": {
        "id": "B-053",
        "name": "标准生活街屋 4",
        "zone": "生活区",
        "frontageRoad": "R-W3",
        "description": "生活区的标准生活街屋，按生活区普通模数统一规格建设。",
        "footprint": 1800,
        "scaleClass": "普通建筑",
        "buildingType": "标准生活街屋",
        "sizeSpec": "生活区普通模数",
        "widthMeters": 50,
        "depthMeters": 36,
        "layer": "buildings"
      },
      "geometry": {
        "type": "Polygon",
        "coordinates": [
          [
            [
              1165.5,
              1977
            ],
            [
              1165.5,
              2027
            ],
            [
              1129.5,
              2027
            ],
            [
              1129.5,
              1977
            ],
            [
              1165.5,
              1977
            ]
          ]
        ]
      }
    },
    {
      "type": "Feature",
      "properties": {
        "id": "B-054",
        "name": "学生宿舍 4",
        "zone": "生活区",
        "frontageRoad": "R-W3",
        "description": "生活区的学生宿舍，按生活区普通模数统一规格建设。",
        "footprint": 1800,
        "scaleClass": "普通建筑",
        "buildingType": "学生宿舍",
        "sizeSpec": "生活区普通模数",
        "widthMeters": 50,
        "depthMeters": 36,
        "layer": "buildings"
      },
      "geometry": {
        "type": "Polygon",
        "coordinates": [
          [
            [
              1110.5,
              2117
            ],
            [
              1110.5,
              2167
            ],
            [
              1074.5,
              2167
            ],
            [
              1074.5,
              2117
            ],
            [
              1110.5,
              2117
            ]
          ]
        ]
      }
    },
    {
      "type": "Feature",
      "properties": {
        "id": "B-055",
        "name": "家庭公寓 4",
        "zone": "生活区",
        "frontageRoad": "R-W3",
        "description": "生活区的家庭公寓，按生活区普通模数统一规格建设。",
        "footprint": 1800,
        "scaleClass": "普通建筑",
        "buildingType": "家庭公寓",
        "sizeSpec": "生活区普通模数",
        "widthMeters": 50,
        "depthMeters": 36,
        "layer": "buildings"
      },
      "geometry": {
        "type": "Polygon",
        "coordinates": [
          [
            [
              1165.5,
              2117
            ],
            [
              1165.5,
              2167
            ],
            [
              1129.5,
              2167
            ],
            [
              1129.5,
              2117
            ],
            [
              1165.5,
              2117
            ]
          ]
        ]
      }
    },
    {
      "type": "Feature",
      "properties": {
        "id": "B-056",
        "name": "标准生活街屋 5",
        "zone": "生活区",
        "frontageRoad": "R-W3",
        "description": "生活区的标准生活街屋，按生活区普通模数统一规格建设。",
        "footprint": 1800,
        "scaleClass": "普通建筑",
        "buildingType": "标准生活街屋",
        "sizeSpec": "生活区普通模数",
        "widthMeters": 50,
        "depthMeters": 36,
        "layer": "buildings"
      },
      "geometry": {
        "type": "Polygon",
        "coordinates": [
          [
            [
              1110.5,
              2257
            ],
            [
              1110.5,
              2307
            ],
            [
              1074.5,
              2307
            ],
            [
              1074.5,
              2257
            ],
            [
              1110.5,
              2257
            ]
          ]
        ]
      }
    },
    {
      "type": "Feature",
      "properties": {
        "id": "B-057",
        "name": "学生宿舍 5",
        "zone": "生活区",
        "frontageRoad": "R-W3",
        "description": "生活区的学生宿舍，按生活区普通模数统一规格建设。",
        "footprint": 1800,
        "scaleClass": "普通建筑",
        "buildingType": "学生宿舍",
        "sizeSpec": "生活区普通模数",
        "widthMeters": 50,
        "depthMeters": 36,
        "layer": "buildings"
      },
      "geometry": {
        "type": "Polygon",
        "coordinates": [
          [
            [
              1165.5,
              2257
            ],
            [
              1165.5,
              2307
            ],
            [
              1129.5,
              2307
            ],
            [
              1129.5,
              2257
            ],
            [
              1165.5,
              2257
            ]
          ]
        ]
      }
    },
    {
      "type": "Feature",
      "properties": {
        "id": "B-058",
        "name": "外围维护舍 2",
        "zone": "郊野／外环",
        "frontageRoad": "R-E2",
        "description": "郊野／外环的外围维护舍，按外环普通模数统一规格建设。",
        "footprint": 1700,
        "scaleClass": "普通建筑",
        "buildingType": "外围维护舍",
        "sizeSpec": "外环普通模数",
        "widthMeters": 50,
        "depthMeters": 34,
        "layer": "buildings"
      },
      "geometry": {
        "type": "Polygon",
        "coordinates": [
          [
            [
              2340.5,
              87
            ],
            [
              2340.5,
              137
            ],
            [
              2306.5,
              137
            ],
            [
              2306.5,
              87
            ],
            [
              2340.5,
              87
            ]
          ]
        ]
      }
    },
    {
      "type": "Feature",
      "properties": {
        "id": "B-059",
        "name": "检疫服务楼 2",
        "zone": "郊野／外环",
        "frontageRoad": "R-E2",
        "description": "郊野／外环的检疫服务楼，按外环普通模数统一规格建设。",
        "footprint": 1700,
        "scaleClass": "普通建筑",
        "buildingType": "检疫服务楼",
        "sizeSpec": "外环普通模数",
        "widthMeters": 50,
        "depthMeters": 34,
        "layer": "buildings"
      },
      "geometry": {
        "type": "Polygon",
        "coordinates": [
          [
            [
              2393.5,
              87
            ],
            [
              2393.5,
              137
            ],
            [
              2359.5,
              137
            ],
            [
              2359.5,
              87
            ],
            [
              2393.5,
              87
            ]
          ]
        ]
      }
    },
    {
      "type": "Feature",
      "properties": {
        "id": "B-060",
        "name": "临街商住楼 6",
        "zone": "市集区",
        "frontageRoad": "R-E2",
        "description": "市集区的临街商住楼，按市集区普通模数统一规格建设。",
        "footprint": 1872,
        "scaleClass": "普通建筑",
        "buildingType": "临街商住楼",
        "sizeSpec": "市集区普通模数",
        "widthMeters": 52,
        "depthMeters": 36,
        "layer": "buildings"
      },
      "geometry": {
        "type": "Polygon",
        "coordinates": [
          [
            [
              2340.5,
              296
            ],
            [
              2340.5,
              348
            ],
            [
              2304.5,
              348
            ],
            [
              2304.5,
              296
            ],
            [
              2340.5,
              296
            ]
          ]
        ]
      }
    },
    {
      "type": "Feature",
      "properties": {
        "id": "B-061",
        "name": "标准街铺 6",
        "zone": "市集区",
        "frontageRoad": "R-E2",
        "description": "市集区的标准街铺，按市集区普通模数统一规格建设。",
        "footprint": 1872,
        "scaleClass": "普通建筑",
        "buildingType": "标准街铺",
        "sizeSpec": "市集区普通模数",
        "widthMeters": 52,
        "depthMeters": 36,
        "layer": "buildings"
      },
      "geometry": {
        "type": "Polygon",
        "coordinates": [
          [
            [
              2395.5,
              296
            ],
            [
              2395.5,
              348
            ],
            [
              2359.5,
              348
            ],
            [
              2359.5,
              296
            ],
            [
              2395.5,
              296
            ]
          ]
        ]
      }
    },
    {
      "type": "Feature",
      "properties": {
        "id": "B-062",
        "name": "旅舍住宅 6",
        "zone": "市集区",
        "frontageRoad": "R-E2",
        "description": "市集区的旅舍住宅，按市集区普通模数统一规格建设。",
        "footprint": 1872,
        "scaleClass": "普通建筑",
        "buildingType": "旅舍住宅",
        "sizeSpec": "市集区普通模数",
        "widthMeters": 52,
        "depthMeters": 36,
        "layer": "buildings"
      },
      "geometry": {
        "type": "Polygon",
        "coordinates": [
          [
            [
              2340.5,
              436
            ],
            [
              2340.5,
              488
            ],
            [
              2304.5,
              488
            ],
            [
              2304.5,
              436
            ],
            [
              2340.5,
              436
            ]
          ]
        ]
      }
    },
    {
      "type": "Feature",
      "properties": {
        "id": "B-063",
        "name": "临街商住楼 7",
        "zone": "市集区",
        "frontageRoad": "R-E2",
        "description": "市集区的临街商住楼，按市集区普通模数统一规格建设。",
        "footprint": 1872,
        "scaleClass": "普通建筑",
        "buildingType": "临街商住楼",
        "sizeSpec": "市集区普通模数",
        "widthMeters": 52,
        "depthMeters": 36,
        "layer": "buildings"
      },
      "geometry": {
        "type": "Polygon",
        "coordinates": [
          [
            [
              2340.5,
              506
            ],
            [
              2340.5,
              558
            ],
            [
              2304.5,
              558
            ],
            [
              2304.5,
              506
            ],
            [
              2340.5,
              506
            ]
          ]
        ]
      }
    },
    {
      "type": "Feature",
      "properties": {
        "id": "B-064",
        "name": "标准街铺 7",
        "zone": "市集区",
        "frontageRoad": "R-E2",
        "description": "市集区的标准街铺，按市集区普通模数统一规格建设。",
        "footprint": 1872,
        "scaleClass": "普通建筑",
        "buildingType": "标准街铺",
        "sizeSpec": "市集区普通模数",
        "widthMeters": 52,
        "depthMeters": 36,
        "layer": "buildings"
      },
      "geometry": {
        "type": "Polygon",
        "coordinates": [
          [
            [
              2395.5,
              506
            ],
            [
              2395.5,
              558
            ],
            [
              2359.5,
              558
            ],
            [
              2359.5,
              506
            ],
            [
              2395.5,
              506
            ]
          ]
        ]
      }
    },
    {
      "type": "Feature",
      "properties": {
        "id": "B-065",
        "name": "旅舍住宅 7",
        "zone": "市集区",
        "frontageRoad": "R-E2",
        "description": "市集区的旅舍住宅，按市集区普通模数统一规格建设。",
        "footprint": 1872,
        "scaleClass": "普通建筑",
        "buildingType": "旅舍住宅",
        "sizeSpec": "市集区普通模数",
        "widthMeters": 52,
        "depthMeters": 36,
        "layer": "buildings"
      },
      "geometry": {
        "type": "Polygon",
        "coordinates": [
          [
            [
              2340.5,
              646
            ],
            [
              2340.5,
              698
            ],
            [
              2304.5,
              698
            ],
            [
              2304.5,
              646
            ],
            [
              2340.5,
              646
            ]
          ]
        ]
      }
    },
    {
      "type": "Feature",
      "properties": {
        "id": "B-066",
        "name": "临街商住楼 8",
        "zone": "市集区",
        "frontageRoad": "R-E2",
        "description": "市集区的临街商住楼，按市集区普通模数统一规格建设。",
        "footprint": 1872,
        "scaleClass": "普通建筑",
        "buildingType": "临街商住楼",
        "sizeSpec": "市集区普通模数",
        "widthMeters": 52,
        "depthMeters": 36,
        "layer": "buildings"
      },
      "geometry": {
        "type": "Polygon",
        "coordinates": [
          [
            [
              2395.5,
              646
            ],
            [
              2395.5,
              698
            ],
            [
              2359.5,
              698
            ],
            [
              2359.5,
              646
            ],
            [
              2395.5,
              646
            ]
          ]
        ]
      }
    },
    {
      "type": "Feature",
      "properties": {
        "id": "B-067",
        "name": "标准街铺 8",
        "zone": "市集区",
        "frontageRoad": "R-E2",
        "description": "市集区的标准街铺，按市集区普通模数统一规格建设。",
        "footprint": 1872,
        "scaleClass": "普通建筑",
        "buildingType": "标准街铺",
        "sizeSpec": "市集区普通模数",
        "widthMeters": 52,
        "depthMeters": 36,
        "layer": "buildings"
      },
      "geometry": {
        "type": "Polygon",
        "coordinates": [
          [
            [
              2340.5,
              716
            ],
            [
              2340.5,
              768
            ],
            [
              2304.5,
              768
            ],
            [
              2304.5,
              716
            ],
            [
              2340.5,
              716
            ]
          ]
        ]
      }
    },
    {
      "type": "Feature",
      "properties": {
        "id": "B-068",
        "name": "旅舍住宅 8",
        "zone": "市集区",
        "frontageRoad": "R-E2",
        "description": "市集区的旅舍住宅，按市集区普通模数统一规格建设。",
        "footprint": 1872,
        "scaleClass": "普通建筑",
        "buildingType": "旅舍住宅",
        "sizeSpec": "市集区普通模数",
        "widthMeters": 52,
        "depthMeters": 36,
        "layer": "buildings"
      },
      "geometry": {
        "type": "Polygon",
        "coordinates": [
          [
            [
              2340.5,
              856
            ],
            [
              2340.5,
              908
            ],
            [
              2304.5,
              908
            ],
            [
              2304.5,
              856
            ],
            [
              2340.5,
              856
            ]
          ]
        ]
      }
    },
    {
      "type": "Feature",
      "properties": {
        "id": "B-069",
        "name": "临街商住楼 9",
        "zone": "市集区",
        "frontageRoad": "R-E2",
        "description": "市集区的临街商住楼，按市集区普通模数统一规格建设。",
        "footprint": 1872,
        "scaleClass": "普通建筑",
        "buildingType": "临街商住楼",
        "sizeSpec": "市集区普通模数",
        "widthMeters": 52,
        "depthMeters": 36,
        "layer": "buildings"
      },
      "geometry": {
        "type": "Polygon",
        "coordinates": [
          [
            [
              2395.5,
              856
            ],
            [
              2395.5,
              908
            ],
            [
              2359.5,
              908
            ],
            [
              2359.5,
              856
            ],
            [
              2395.5,
              856
            ]
          ]
        ]
      }
    },
    {
      "type": "Feature",
      "properties": {
        "id": "B-070",
        "name": "标准街铺 9",
        "zone": "市集区",
        "frontageRoad": "R-E2",
        "description": "市集区的标准街铺，按市集区普通模数统一规格建设。",
        "footprint": 1872,
        "scaleClass": "普通建筑",
        "buildingType": "标准街铺",
        "sizeSpec": "市集区普通模数",
        "widthMeters": 52,
        "depthMeters": 36,
        "layer": "buildings"
      },
      "geometry": {
        "type": "Polygon",
        "coordinates": [
          [
            [
              2395.5,
              926
            ],
            [
              2395.5,
              978
            ],
            [
              2359.5,
              978
            ],
            [
              2359.5,
              926
            ],
            [
              2395.5,
              926
            ]
          ]
        ]
      }
    },
    {
      "type": "Feature",
      "properties": {
        "id": "B-071",
        "name": "旅舍住宅 9",
        "zone": "市集区",
        "frontageRoad": "R-E2",
        "description": "市集区的旅舍住宅，按市集区普通模数统一规格建设。",
        "footprint": 1872,
        "scaleClass": "普通建筑",
        "buildingType": "旅舍住宅",
        "sizeSpec": "市集区普通模数",
        "widthMeters": 52,
        "depthMeters": 36,
        "layer": "buildings"
      },
      "geometry": {
        "type": "Polygon",
        "coordinates": [
          [
            [
              2340.5,
              1066
            ],
            [
              2340.5,
              1118
            ],
            [
              2304.5,
              1118
            ],
            [
              2304.5,
              1066
            ],
            [
              2340.5,
              1066
            ]
          ]
        ]
      }
    },
    {
      "type": "Feature",
      "properties": {
        "id": "B-072",
        "name": "临街商住楼 10",
        "zone": "市集区",
        "frontageRoad": "R-E2",
        "description": "市集区的临街商住楼，按市集区普通模数统一规格建设。",
        "footprint": 1872,
        "scaleClass": "普通建筑",
        "buildingType": "临街商住楼",
        "sizeSpec": "市集区普通模数",
        "widthMeters": 52,
        "depthMeters": 36,
        "layer": "buildings"
      },
      "geometry": {
        "type": "Polygon",
        "coordinates": [
          [
            [
              2340.5,
              1136
            ],
            [
              2340.5,
              1188
            ],
            [
              2304.5,
              1188
            ],
            [
              2304.5,
              1136
            ],
            [
              2340.5,
              1136
            ]
          ]
        ]
      }
    },
    {
      "type": "Feature",
      "properties": {
        "id": "B-073",
        "name": "标准街铺 10",
        "zone": "市集区",
        "frontageRoad": "R-E2",
        "description": "市集区的标准街铺，按市集区普通模数统一规格建设。",
        "footprint": 1872,
        "scaleClass": "普通建筑",
        "buildingType": "标准街铺",
        "sizeSpec": "市集区普通模数",
        "widthMeters": 52,
        "depthMeters": 36,
        "layer": "buildings"
      },
      "geometry": {
        "type": "Polygon",
        "coordinates": [
          [
            [
              2395.5,
              1276
            ],
            [
              2395.5,
              1328
            ],
            [
              2359.5,
              1328
            ],
            [
              2359.5,
              1276
            ],
            [
              2395.5,
              1276
            ]
          ]
        ]
      }
    },
    {
      "type": "Feature",
      "properties": {
        "id": "B-074",
        "name": "标准工坊楼 1",
        "zone": "工坊区",
        "frontageRoad": "R-E2",
        "description": "工坊区的标准工坊楼，按工坊区普通模数统一规格建设。",
        "footprint": 2520,
        "scaleClass": "普通建筑",
        "buildingType": "标准工坊楼",
        "sizeSpec": "工坊区普通模数",
        "widthMeters": 60,
        "depthMeters": 42,
        "layer": "buildings"
      },
      "geometry": {
        "type": "Polygon",
        "coordinates": [
          [
            [
              2340.5,
              1552
            ],
            [
              2340.5,
              1612
            ],
            [
              2298.5,
              1612
            ],
            [
              2298.5,
              1552
            ],
            [
              2340.5,
              1552
            ]
          ]
        ]
      }
    },
    {
      "type": "Feature",
      "properties": {
        "id": "B-075",
        "name": "材料库房 1",
        "zone": "工坊区",
        "frontageRoad": "R-E2",
        "description": "工坊区的材料库房，按工坊区普通模数统一规格建设。",
        "footprint": 2520,
        "scaleClass": "普通建筑",
        "buildingType": "材料库房",
        "sizeSpec": "工坊区普通模数",
        "widthMeters": 60,
        "depthMeters": 42,
        "layer": "buildings"
      },
      "geometry": {
        "type": "Polygon",
        "coordinates": [
          [
            [
              2340.5,
              1622
            ],
            [
              2340.5,
              1682
            ],
            [
              2298.5,
              1682
            ],
            [
              2298.5,
              1622
            ],
            [
              2340.5,
              1622
            ]
          ]
        ]
      }
    },
    {
      "type": "Feature",
      "properties": {
        "id": "B-076",
        "name": "维修作业楼 1",
        "zone": "工坊区",
        "frontageRoad": "R-E2",
        "description": "工坊区的维修作业楼，按工坊区普通模数统一规格建设。",
        "footprint": 2520,
        "scaleClass": "普通建筑",
        "buildingType": "维修作业楼",
        "sizeSpec": "工坊区普通模数",
        "widthMeters": 60,
        "depthMeters": 42,
        "layer": "buildings"
      },
      "geometry": {
        "type": "Polygon",
        "coordinates": [
          [
            [
              2401.5,
              1622
            ],
            [
              2401.5,
              1682
            ],
            [
              2359.5,
              1682
            ],
            [
              2359.5,
              1622
            ],
            [
              2401.5,
              1622
            ]
          ]
        ]
      }
    },
    {
      "type": "Feature",
      "properties": {
        "id": "B-077",
        "name": "标准工坊楼 2",
        "zone": "工坊区",
        "frontageRoad": "R-E2",
        "description": "工坊区的标准工坊楼，按工坊区普通模数统一规格建设。",
        "footprint": 2520,
        "scaleClass": "普通建筑",
        "buildingType": "标准工坊楼",
        "sizeSpec": "工坊区普通模数",
        "widthMeters": 60,
        "depthMeters": 42,
        "layer": "buildings"
      },
      "geometry": {
        "type": "Polygon",
        "coordinates": [
          [
            [
              2340.5,
              1762
            ],
            [
              2340.5,
              1822
            ],
            [
              2298.5,
              1822
            ],
            [
              2298.5,
              1762
            ],
            [
              2340.5,
              1762
            ]
          ]
        ]
      }
    },
    {
      "type": "Feature",
      "properties": {
        "id": "B-078",
        "name": "材料库房 2",
        "zone": "工坊区",
        "frontageRoad": "R-E2",
        "description": "工坊区的材料库房，按工坊区普通模数统一规格建设。",
        "footprint": 2520,
        "scaleClass": "普通建筑",
        "buildingType": "材料库房",
        "sizeSpec": "工坊区普通模数",
        "widthMeters": 60,
        "depthMeters": 42,
        "layer": "buildings"
      },
      "geometry": {
        "type": "Polygon",
        "coordinates": [
          [
            [
              2340.5,
              1972
            ],
            [
              2340.5,
              2032
            ],
            [
              2298.5,
              2032
            ],
            [
              2298.5,
              1972
            ],
            [
              2340.5,
              1972
            ]
          ]
        ]
      }
    },
    {
      "type": "Feature",
      "properties": {
        "id": "B-079",
        "name": "维修作业楼 2",
        "zone": "工坊区",
        "frontageRoad": "R-E2",
        "description": "工坊区的维修作业楼，按工坊区普通模数统一规格建设。",
        "footprint": 2520,
        "scaleClass": "普通建筑",
        "buildingType": "维修作业楼",
        "sizeSpec": "工坊区普通模数",
        "widthMeters": 60,
        "depthMeters": 42,
        "layer": "buildings"
      },
      "geometry": {
        "type": "Polygon",
        "coordinates": [
          [
            [
              2401.5,
              1972
            ],
            [
              2401.5,
              2032
            ],
            [
              2359.5,
              2032
            ],
            [
              2359.5,
              1972
            ],
            [
              2401.5,
              1972
            ]
          ]
        ]
      }
    },
    {
      "type": "Feature",
      "properties": {
        "id": "B-080",
        "name": "标准工坊楼 3",
        "zone": "工坊区",
        "frontageRoad": "R-E2",
        "description": "工坊区的标准工坊楼，按工坊区普通模数统一规格建设。",
        "footprint": 2520,
        "scaleClass": "普通建筑",
        "buildingType": "标准工坊楼",
        "sizeSpec": "工坊区普通模数",
        "widthMeters": 60,
        "depthMeters": 42,
        "layer": "buildings"
      },
      "geometry": {
        "type": "Polygon",
        "coordinates": [
          [
            [
              2340.5,
              2112
            ],
            [
              2340.5,
              2172
            ],
            [
              2298.5,
              2172
            ],
            [
              2298.5,
              2112
            ],
            [
              2340.5,
              2112
            ]
          ]
        ]
      }
    },
    {
      "type": "Feature",
      "properties": {
        "id": "B-081",
        "name": "材料库房 3",
        "zone": "工坊区",
        "frontageRoad": "R-E2",
        "description": "工坊区的材料库房，按工坊区普通模数统一规格建设。",
        "footprint": 2520,
        "scaleClass": "普通建筑",
        "buildingType": "材料库房",
        "sizeSpec": "工坊区普通模数",
        "widthMeters": 60,
        "depthMeters": 42,
        "layer": "buildings"
      },
      "geometry": {
        "type": "Polygon",
        "coordinates": [
          [
            [
              2401.5,
              2112
            ],
            [
              2401.5,
              2172
            ],
            [
              2359.5,
              2172
            ],
            [
              2359.5,
              2112
            ],
            [
              2401.5,
              2112
            ]
          ]
        ]
      }
    },
    {
      "type": "Feature",
      "properties": {
        "id": "B-082",
        "name": "维修作业楼 3",
        "zone": "工坊区",
        "frontageRoad": "R-E2",
        "description": "工坊区的维修作业楼，按工坊区普通模数统一规格建设。",
        "footprint": 2520,
        "scaleClass": "普通建筑",
        "buildingType": "维修作业楼",
        "sizeSpec": "工坊区普通模数",
        "widthMeters": 60,
        "depthMeters": 42,
        "layer": "buildings"
      },
      "geometry": {
        "type": "Polygon",
        "coordinates": [
          [
            [
              2340.5,
              2252
            ],
            [
              2340.5,
              2312
            ],
            [
              2298.5,
              2312
            ],
            [
              2298.5,
              2252
            ],
            [
              2340.5,
              2252
            ]
          ]
        ]
      }
    },
    {
      "type": "Feature",
      "properties": {
        "id": "B-083",
        "name": "标准工坊楼 4",
        "zone": "工坊区",
        "frontageRoad": "R-E2",
        "description": "工坊区的标准工坊楼，按工坊区普通模数统一规格建设。",
        "footprint": 2520,
        "scaleClass": "普通建筑",
        "buildingType": "标准工坊楼",
        "sizeSpec": "工坊区普通模数",
        "widthMeters": 60,
        "depthMeters": 42,
        "layer": "buildings"
      },
      "geometry": {
        "type": "Polygon",
        "coordinates": [
          [
            [
              2401.5,
              2252
            ],
            [
              2401.5,
              2312
            ],
            [
              2359.5,
              2312
            ],
            [
              2359.5,
              2252
            ],
            [
              2401.5,
              2252
            ]
          ]
        ]
      }
    },
    {
      "type": "Feature",
      "properties": {
        "id": "B-084",
        "name": "实验准备楼 9",
        "zone": "教学区",
        "frontageRoad": "T-02",
        "description": "教学区的实验准备楼，按教学区普通模数统一规格建设。",
        "footprint": 2052,
        "scaleClass": "普通建筑",
        "buildingType": "实验准备楼",
        "sizeSpec": "教学区普通模数",
        "widthMeters": 54,
        "depthMeters": 38,
        "layer": "buildings"
      },
      "geometry": {
        "type": "Polygon",
        "coordinates": [
          [
            [
              225,
              829
            ],
            [
              279,
              829
            ],
            [
              279,
              867
            ],
            [
              225,
              867
            ],
            [
              225,
              829
            ]
          ]
        ]
      }
    },
    {
      "type": "Feature",
      "properties": {
        "id": "B-085",
        "name": "普通教学楼 10",
        "zone": "教学区",
        "frontageRoad": "T-02",
        "description": "教学区的普通教学楼，按教学区普通模数统一规格建设。",
        "footprint": 2052,
        "scaleClass": "普通建筑",
        "buildingType": "普通教学楼",
        "sizeSpec": "教学区普通模数",
        "widthMeters": 54,
        "depthMeters": 38,
        "layer": "buildings"
      },
      "geometry": {
        "type": "Polygon",
        "coordinates": [
          [
            [
              295,
              829
            ],
            [
              349,
              829
            ],
            [
              349,
              867
            ],
            [
              295,
              867
            ],
            [
              295,
              829
            ]
          ]
        ]
      }
    },
    {
      "type": "Feature",
      "properties": {
        "id": "B-086",
        "name": "小型讲堂 10",
        "zone": "教学区",
        "frontageRoad": "T-02",
        "description": "教学区的小型讲堂，按教学区普通模数统一规格建设。",
        "footprint": 2052,
        "scaleClass": "普通建筑",
        "buildingType": "小型讲堂",
        "sizeSpec": "教学区普通模数",
        "widthMeters": 54,
        "depthMeters": 38,
        "layer": "buildings"
      },
      "geometry": {
        "type": "Polygon",
        "coordinates": [
          [
            [
              435,
              829
            ],
            [
              489,
              829
            ],
            [
              489,
              867
            ],
            [
              435,
              867
            ],
            [
              435,
              829
            ]
          ]
        ]
      }
    },
    {
      "type": "Feature",
      "properties": {
        "id": "B-087",
        "name": "实验准备楼 10",
        "zone": "教学区",
        "frontageRoad": "T-02",
        "description": "教学区的实验准备楼，按教学区普通模数统一规格建设。",
        "footprint": 2052,
        "scaleClass": "普通建筑",
        "buildingType": "实验准备楼",
        "sizeSpec": "教学区普通模数",
        "widthMeters": 54,
        "depthMeters": 38,
        "layer": "buildings"
      },
      "geometry": {
        "type": "Polygon",
        "coordinates": [
          [
            [
              435,
              773
            ],
            [
              489,
              773
            ],
            [
              489,
              811
            ],
            [
              435,
              811
            ],
            [
              435,
              773
            ]
          ]
        ]
      }
    },
    {
      "type": "Feature",
      "properties": {
        "id": "B-088",
        "name": "普通教学楼 11",
        "zone": "教学区",
        "frontageRoad": "T-02",
        "description": "教学区的普通教学楼，按教学区普通模数统一规格建设。",
        "footprint": 2052,
        "scaleClass": "普通建筑",
        "buildingType": "普通教学楼",
        "sizeSpec": "教学区普通模数",
        "widthMeters": 54,
        "depthMeters": 38,
        "layer": "buildings"
      },
      "geometry": {
        "type": "Polygon",
        "coordinates": [
          [
            [
              645,
              829
            ],
            [
              699,
              829
            ],
            [
              699,
              867
            ],
            [
              645,
              867
            ],
            [
              645,
              829
            ]
          ]
        ]
      }
    },
    {
      "type": "Feature",
      "properties": {
        "id": "B-089",
        "name": "小型讲堂 11",
        "zone": "教学区",
        "frontageRoad": "T-02",
        "description": "教学区的小型讲堂，按教学区普通模数统一规格建设。",
        "footprint": 2052,
        "scaleClass": "普通建筑",
        "buildingType": "小型讲堂",
        "sizeSpec": "教学区普通模数",
        "widthMeters": 54,
        "depthMeters": 38,
        "layer": "buildings"
      },
      "geometry": {
        "type": "Polygon",
        "coordinates": [
          [
            [
              645,
              773
            ],
            [
              699,
              773
            ],
            [
              699,
              811
            ],
            [
              645,
              811
            ],
            [
              645,
              773
            ]
          ]
        ]
      }
    },
    {
      "type": "Feature",
      "properties": {
        "id": "B-090",
        "name": "实验准备楼 11",
        "zone": "教学区",
        "frontageRoad": "T-02",
        "description": "教学区的实验准备楼，按教学区普通模数统一规格建设。",
        "footprint": 2052,
        "scaleClass": "普通建筑",
        "buildingType": "实验准备楼",
        "sizeSpec": "教学区普通模数",
        "widthMeters": 54,
        "depthMeters": 38,
        "layer": "buildings"
      },
      "geometry": {
        "type": "Polygon",
        "coordinates": [
          [
            [
              785,
              829
            ],
            [
              839,
              829
            ],
            [
              839,
              867
            ],
            [
              785,
              867
            ],
            [
              785,
              829
            ]
          ]
        ]
      }
    },
    {
      "type": "Feature",
      "properties": {
        "id": "B-091",
        "name": "普通教学楼 12",
        "zone": "教学区",
        "frontageRoad": "T-02",
        "description": "教学区的普通教学楼，按教学区普通模数统一规格建设。",
        "footprint": 2052,
        "scaleClass": "普通建筑",
        "buildingType": "普通教学楼",
        "sizeSpec": "教学区普通模数",
        "widthMeters": 54,
        "depthMeters": 38,
        "layer": "buildings"
      },
      "geometry": {
        "type": "Polygon",
        "coordinates": [
          [
            [
              785,
              773
            ],
            [
              839,
              773
            ],
            [
              839,
              811
            ],
            [
              785,
              811
            ],
            [
              785,
              773
            ]
          ]
        ]
      }
    },
    {
      "type": "Feature",
      "properties": {
        "id": "B-092",
        "name": "小型讲堂 12",
        "zone": "教学区",
        "frontageRoad": "T-02",
        "description": "教学区的小型讲堂，按教学区普通模数统一规格建设。",
        "footprint": 2052,
        "scaleClass": "普通建筑",
        "buildingType": "小型讲堂",
        "sizeSpec": "教学区普通模数",
        "widthMeters": 54,
        "depthMeters": 38,
        "layer": "buildings"
      },
      "geometry": {
        "type": "Polygon",
        "coordinates": [
          [
            [
              855,
              829
            ],
            [
              909,
              829
            ],
            [
              909,
              867
            ],
            [
              855,
              867
            ],
            [
              855,
              829
            ]
          ]
        ]
      }
    },
    {
      "type": "Feature",
      "properties": {
        "id": "B-093",
        "name": "实验准备楼 12",
        "zone": "教学区",
        "frontageRoad": "T-02",
        "description": "教学区的实验准备楼，按教学区普通模数统一规格建设。",
        "footprint": 2052,
        "scaleClass": "普通建筑",
        "buildingType": "实验准备楼",
        "sizeSpec": "教学区普通模数",
        "widthMeters": 54,
        "depthMeters": 38,
        "layer": "buildings"
      },
      "geometry": {
        "type": "Polygon",
        "coordinates": [
          [
            [
              925,
              829
            ],
            [
              979,
              829
            ],
            [
              979,
              867
            ],
            [
              925,
              867
            ],
            [
              925,
              829
            ]
          ]
        ]
      }
    },
    {
      "type": "Feature",
      "properties": {
        "id": "B-094",
        "name": "普通教学楼 13",
        "zone": "教学区",
        "frontageRoad": "T-02",
        "description": "教学区的普通教学楼，按教学区普通模数统一规格建设。",
        "footprint": 2052,
        "scaleClass": "普通建筑",
        "buildingType": "普通教学楼",
        "sizeSpec": "教学区普通模数",
        "widthMeters": 54,
        "depthMeters": 38,
        "layer": "buildings"
      },
      "geometry": {
        "type": "Polygon",
        "coordinates": [
          [
            [
              995,
              829
            ],
            [
              1049,
              829
            ],
            [
              1049,
              867
            ],
            [
              995,
              867
            ],
            [
              995,
              829
            ]
          ]
        ]
      }
    },
    {
      "type": "Feature",
      "properties": {
        "id": "B-095",
        "name": "小型讲堂 13",
        "zone": "教学区",
        "frontageRoad": "T-02",
        "description": "教学区的小型讲堂，按教学区普通模数统一规格建设。",
        "footprint": 2052,
        "scaleClass": "普通建筑",
        "buildingType": "小型讲堂",
        "sizeSpec": "教学区普通模数",
        "widthMeters": 54,
        "depthMeters": 38,
        "layer": "buildings"
      },
      "geometry": {
        "type": "Polygon",
        "coordinates": [
          [
            [
              1275,
              829
            ],
            [
              1329,
              829
            ],
            [
              1329,
              867
            ],
            [
              1275,
              867
            ],
            [
              1275,
              829
            ]
          ]
        ]
      }
    },
    {
      "type": "Feature",
      "properties": {
        "id": "B-096",
        "name": "实验准备楼 13",
        "zone": "教学区",
        "frontageRoad": "T-02",
        "description": "教学区的实验准备楼，按教学区普通模数统一规格建设。",
        "footprint": 2052,
        "scaleClass": "普通建筑",
        "buildingType": "实验准备楼",
        "sizeSpec": "教学区普通模数",
        "widthMeters": 54,
        "depthMeters": 38,
        "layer": "buildings"
      },
      "geometry": {
        "type": "Polygon",
        "coordinates": [
          [
            [
              1275,
              773
            ],
            [
              1329,
              773
            ],
            [
              1329,
              811
            ],
            [
              1275,
              811
            ],
            [
              1275,
              773
            ]
          ]
        ]
      }
    },
    {
      "type": "Feature",
      "properties": {
        "id": "B-097",
        "name": "普通教学楼 14",
        "zone": "教学区",
        "frontageRoad": "T-02",
        "description": "教学区的普通教学楼，按教学区普通模数统一规格建设。",
        "footprint": 2052,
        "scaleClass": "普通建筑",
        "buildingType": "普通教学楼",
        "sizeSpec": "教学区普通模数",
        "widthMeters": 54,
        "depthMeters": 38,
        "layer": "buildings"
      },
      "geometry": {
        "type": "Polygon",
        "coordinates": [
          [
            [
              1345,
              829
            ],
            [
              1399,
              829
            ],
            [
              1399,
              867
            ],
            [
              1345,
              867
            ],
            [
              1345,
              829
            ]
          ]
        ]
      }
    },
    {
      "type": "Feature",
      "properties": {
        "id": "B-098",
        "name": "小型讲堂 14",
        "zone": "教学区",
        "frontageRoad": "T-02",
        "description": "教学区的小型讲堂，按教学区普通模数统一规格建设。",
        "footprint": 2052,
        "scaleClass": "普通建筑",
        "buildingType": "小型讲堂",
        "sizeSpec": "教学区普通模数",
        "widthMeters": 54,
        "depthMeters": 38,
        "layer": "buildings"
      },
      "geometry": {
        "type": "Polygon",
        "coordinates": [
          [
            [
              1345,
              773
            ],
            [
              1399,
              773
            ],
            [
              1399,
              811
            ],
            [
              1345,
              811
            ],
            [
              1345,
              773
            ]
          ]
        ]
      }
    },
    {
      "type": "Feature",
      "properties": {
        "id": "B-099",
        "name": "家庭公寓 5",
        "zone": "生活区",
        "frontageRoad": "L-01",
        "description": "生活区的家庭公寓，按生活区普通模数统一规格建设。",
        "footprint": 1800,
        "scaleClass": "普通建筑",
        "buildingType": "家庭公寓",
        "sizeSpec": "生活区普通模数",
        "widthMeters": 50,
        "depthMeters": 36,
        "layer": "buildings"
      },
      "geometry": {
        "type": "Polygon",
        "coordinates": [
          [
            [
              87,
              1415
            ],
            [
              137,
              1415
            ],
            [
              137,
              1451
            ],
            [
              87,
              1451
            ],
            [
              87,
              1415
            ]
          ]
        ]
      }
    },
    {
      "type": "Feature",
      "properties": {
        "id": "B-100",
        "name": "标准生活街屋 6",
        "zone": "生活区",
        "frontageRoad": "L-01",
        "description": "生活区的标准生活街屋，按生活区普通模数统一规格建设。",
        "footprint": 1800,
        "scaleClass": "普通建筑",
        "buildingType": "标准生活街屋",
        "sizeSpec": "生活区普通模数",
        "widthMeters": 50,
        "depthMeters": 36,
        "layer": "buildings"
      },
      "geometry": {
        "type": "Polygon",
        "coordinates": [
          [
            [
              157,
              1469
            ],
            [
              207,
              1469
            ],
            [
              207,
              1505
            ],
            [
              157,
              1505
            ],
            [
              157,
              1469
            ]
          ]
        ]
      }
    },
    {
      "type": "Feature",
      "properties": {
        "id": "B-101",
        "name": "学生宿舍 6",
        "zone": "生活区",
        "frontageRoad": "L-01",
        "description": "生活区的学生宿舍，按生活区普通模数统一规格建设。",
        "footprint": 1800,
        "scaleClass": "普通建筑",
        "buildingType": "学生宿舍",
        "sizeSpec": "生活区普通模数",
        "widthMeters": 50,
        "depthMeters": 36,
        "layer": "buildings"
      },
      "geometry": {
        "type": "Polygon",
        "coordinates": [
          [
            [
              157,
              1415
            ],
            [
              207,
              1415
            ],
            [
              207,
              1451
            ],
            [
              157,
              1451
            ],
            [
              157,
              1415
            ]
          ]
        ]
      }
    },
    {
      "type": "Feature",
      "properties": {
        "id": "B-102",
        "name": "家庭公寓 6",
        "zone": "生活区",
        "frontageRoad": "L-01",
        "description": "生活区的家庭公寓，按生活区普通模数统一规格建设。",
        "footprint": 1800,
        "scaleClass": "普通建筑",
        "buildingType": "家庭公寓",
        "sizeSpec": "生活区普通模数",
        "widthMeters": 50,
        "depthMeters": 36,
        "layer": "buildings"
      },
      "geometry": {
        "type": "Polygon",
        "coordinates": [
          [
            [
              227,
              1415
            ],
            [
              277,
              1415
            ],
            [
              277,
              1451
            ],
            [
              227,
              1451
            ],
            [
              227,
              1415
            ]
          ]
        ]
      }
    },
    {
      "type": "Feature",
      "properties": {
        "id": "B-103",
        "name": "标准生活街屋 7",
        "zone": "生活区",
        "frontageRoad": "L-01",
        "description": "生活区的标准生活街屋，按生活区普通模数统一规格建设。",
        "footprint": 1800,
        "scaleClass": "普通建筑",
        "buildingType": "标准生活街屋",
        "sizeSpec": "生活区普通模数",
        "widthMeters": 50,
        "depthMeters": 36,
        "layer": "buildings"
      },
      "geometry": {
        "type": "Polygon",
        "coordinates": [
          [
            [
              297,
              1415
            ],
            [
              347,
              1415
            ],
            [
              347,
              1451
            ],
            [
              297,
              1451
            ],
            [
              297,
              1415
            ]
          ]
        ]
      }
    },
    {
      "type": "Feature",
      "properties": {
        "id": "B-104",
        "name": "学生宿舍 7",
        "zone": "生活区",
        "frontageRoad": "L-01",
        "description": "生活区的学生宿舍，按生活区普通模数统一规格建设。",
        "footprint": 1800,
        "scaleClass": "普通建筑",
        "buildingType": "学生宿舍",
        "sizeSpec": "生活区普通模数",
        "widthMeters": 50,
        "depthMeters": 36,
        "layer": "buildings"
      },
      "geometry": {
        "type": "Polygon",
        "coordinates": [
          [
            [
              437,
              1469
            ],
            [
              487,
              1469
            ],
            [
              487,
              1505
            ],
            [
              437,
              1505
            ],
            [
              437,
              1469
            ]
          ]
        ]
      }
    },
    {
      "type": "Feature",
      "properties": {
        "id": "B-105",
        "name": "家庭公寓 7",
        "zone": "生活区",
        "frontageRoad": "L-01",
        "description": "生活区的家庭公寓，按生活区普通模数统一规格建设。",
        "footprint": 1800,
        "scaleClass": "普通建筑",
        "buildingType": "家庭公寓",
        "sizeSpec": "生活区普通模数",
        "widthMeters": 50,
        "depthMeters": 36,
        "layer": "buildings"
      },
      "geometry": {
        "type": "Polygon",
        "coordinates": [
          [
            [
              437,
              1415
            ],
            [
              487,
              1415
            ],
            [
              487,
              1451
            ],
            [
              437,
              1451
            ],
            [
              437,
              1415
            ]
          ]
        ]
      }
    },
    {
      "type": "Feature",
      "properties": {
        "id": "B-106",
        "name": "标准生活街屋 8",
        "zone": "生活区",
        "frontageRoad": "L-01",
        "description": "生活区的标准生活街屋，按生活区普通模数统一规格建设。",
        "footprint": 1800,
        "scaleClass": "普通建筑",
        "buildingType": "标准生活街屋",
        "sizeSpec": "生活区普通模数",
        "widthMeters": 50,
        "depthMeters": 36,
        "layer": "buildings"
      },
      "geometry": {
        "type": "Polygon",
        "coordinates": [
          [
            [
              647,
              1469
            ],
            [
              697,
              1469
            ],
            [
              697,
              1505
            ],
            [
              647,
              1505
            ],
            [
              647,
              1469
            ]
          ]
        ]
      }
    },
    {
      "type": "Feature",
      "properties": {
        "id": "B-107",
        "name": "学生宿舍 8",
        "zone": "生活区",
        "frontageRoad": "L-01",
        "description": "生活区的学生宿舍，按生活区普通模数统一规格建设。",
        "footprint": 1800,
        "scaleClass": "普通建筑",
        "buildingType": "学生宿舍",
        "sizeSpec": "生活区普通模数",
        "widthMeters": 50,
        "depthMeters": 36,
        "layer": "buildings"
      },
      "geometry": {
        "type": "Polygon",
        "coordinates": [
          [
            [
              647,
              1415
            ],
            [
              697,
              1415
            ],
            [
              697,
              1451
            ],
            [
              647,
              1451
            ],
            [
              647,
              1415
            ]
          ]
        ]
      }
    },
    {
      "type": "Feature",
      "properties": {
        "id": "B-108",
        "name": "家庭公寓 8",
        "zone": "生活区",
        "frontageRoad": "L-01",
        "description": "生活区的家庭公寓，按生活区普通模数统一规格建设。",
        "footprint": 1800,
        "scaleClass": "普通建筑",
        "buildingType": "家庭公寓",
        "sizeSpec": "生活区普通模数",
        "widthMeters": 50,
        "depthMeters": 36,
        "layer": "buildings"
      },
      "geometry": {
        "type": "Polygon",
        "coordinates": [
          [
            [
              787,
              1469
            ],
            [
              837,
              1469
            ],
            [
              837,
              1505
            ],
            [
              787,
              1505
            ],
            [
              787,
              1469
            ]
          ]
        ]
      }
    },
    {
      "type": "Feature",
      "properties": {
        "id": "B-109",
        "name": "标准生活街屋 9",
        "zone": "生活区",
        "frontageRoad": "L-01",
        "description": "生活区的标准生活街屋，按生活区普通模数统一规格建设。",
        "footprint": 1800,
        "scaleClass": "普通建筑",
        "buildingType": "标准生活街屋",
        "sizeSpec": "生活区普通模数",
        "widthMeters": 50,
        "depthMeters": 36,
        "layer": "buildings"
      },
      "geometry": {
        "type": "Polygon",
        "coordinates": [
          [
            [
              787,
              1415
            ],
            [
              837,
              1415
            ],
            [
              837,
              1451
            ],
            [
              787,
              1451
            ],
            [
              787,
              1415
            ]
          ]
        ]
      }
    },
    {
      "type": "Feature",
      "properties": {
        "id": "B-110",
        "name": "学生宿舍 9",
        "zone": "生活区",
        "frontageRoad": "L-01",
        "description": "生活区的学生宿舍，按生活区普通模数统一规格建设。",
        "footprint": 1800,
        "scaleClass": "普通建筑",
        "buildingType": "学生宿舍",
        "sizeSpec": "生活区普通模数",
        "widthMeters": 50,
        "depthMeters": 36,
        "layer": "buildings"
      },
      "geometry": {
        "type": "Polygon",
        "coordinates": [
          [
            [
              857,
              1469
            ],
            [
              907,
              1469
            ],
            [
              907,
              1505
            ],
            [
              857,
              1505
            ],
            [
              857,
              1469
            ]
          ]
        ]
      }
    },
    {
      "type": "Feature",
      "properties": {
        "id": "B-111",
        "name": "家庭公寓 9",
        "zone": "生活区",
        "frontageRoad": "L-01",
        "description": "生活区的家庭公寓，按生活区普通模数统一规格建设。",
        "footprint": 1800,
        "scaleClass": "普通建筑",
        "buildingType": "家庭公寓",
        "sizeSpec": "生活区普通模数",
        "widthMeters": 50,
        "depthMeters": 36,
        "layer": "buildings"
      },
      "geometry": {
        "type": "Polygon",
        "coordinates": [
          [
            [
              857,
              1415
            ],
            [
              907,
              1415
            ],
            [
              907,
              1451
            ],
            [
              857,
              1451
            ],
            [
              857,
              1415
            ]
          ]
        ]
      }
    },
    {
      "type": "Feature",
      "properties": {
        "id": "B-112",
        "name": "标准生活街屋 10",
        "zone": "生活区",
        "frontageRoad": "L-01",
        "description": "生活区的标准生活街屋，按生活区普通模数统一规格建设。",
        "footprint": 1800,
        "scaleClass": "普通建筑",
        "buildingType": "标准生活街屋",
        "sizeSpec": "生活区普通模数",
        "widthMeters": 50,
        "depthMeters": 36,
        "layer": "buildings"
      },
      "geometry": {
        "type": "Polygon",
        "coordinates": [
          [
            [
              927,
              1469
            ],
            [
              977,
              1469
            ],
            [
              977,
              1505
            ],
            [
              927,
              1505
            ],
            [
              927,
              1469
            ]
          ]
        ]
      }
    },
    {
      "type": "Feature",
      "properties": {
        "id": "B-113",
        "name": "学生宿舍 10",
        "zone": "生活区",
        "frontageRoad": "L-01",
        "description": "生活区的学生宿舍，按生活区普通模数统一规格建设。",
        "footprint": 1800,
        "scaleClass": "普通建筑",
        "buildingType": "学生宿舍",
        "sizeSpec": "生活区普通模数",
        "widthMeters": 50,
        "depthMeters": 36,
        "layer": "buildings"
      },
      "geometry": {
        "type": "Polygon",
        "coordinates": [
          [
            [
              997,
              1469
            ],
            [
              1047,
              1469
            ],
            [
              1047,
              1505
            ],
            [
              997,
              1505
            ],
            [
              997,
              1469
            ]
          ]
        ]
      }
    },
    {
      "type": "Feature",
      "properties": {
        "id": "B-114",
        "name": "旅舍住宅 10",
        "zone": "市集区",
        "frontageRoad": "M-02",
        "description": "市集区的旅舍住宅，按市集区普通模数统一规格建设。",
        "footprint": 1872,
        "scaleClass": "普通建筑",
        "buildingType": "旅舍住宅",
        "sizeSpec": "市集区普通模数",
        "widthMeters": 52,
        "depthMeters": 36,
        "layer": "buildings"
      },
      "geometry": {
        "type": "Polygon",
        "coordinates": [
          [
            [
              1801,
              839.5
            ],
            [
              1853,
              839.5
            ],
            [
              1853,
              875.5
            ],
            [
              1801,
              875.5
            ],
            [
              1801,
              839.5
            ]
          ]
        ]
      }
    },
    {
      "type": "Feature",
      "properties": {
        "id": "B-115",
        "name": "临街商住楼 11",
        "zone": "市集区",
        "frontageRoad": "M-02",
        "description": "市集区的临街商住楼，按市集区普通模数统一规格建设。",
        "footprint": 1872,
        "scaleClass": "普通建筑",
        "buildingType": "临街商住楼",
        "sizeSpec": "市集区普通模数",
        "widthMeters": 52,
        "depthMeters": 36,
        "layer": "buildings"
      },
      "geometry": {
        "type": "Polygon",
        "coordinates": [
          [
            [
              1801,
              784.5
            ],
            [
              1853,
              784.5
            ],
            [
              1853,
              820.5
            ],
            [
              1801,
              820.5
            ],
            [
              1801,
              784.5
            ]
          ]
        ]
      }
    },
    {
      "type": "Feature",
      "properties": {
        "id": "B-116",
        "name": "标准街铺 11",
        "zone": "市集区",
        "frontageRoad": "M-02",
        "description": "市集区的标准街铺，按市集区普通模数统一规格建设。",
        "footprint": 1872,
        "scaleClass": "普通建筑",
        "buildingType": "标准街铺",
        "sizeSpec": "市集区普通模数",
        "widthMeters": 52,
        "depthMeters": 36,
        "layer": "buildings"
      },
      "geometry": {
        "type": "Polygon",
        "coordinates": [
          [
            [
              1871,
              839.5
            ],
            [
              1923,
              839.5
            ],
            [
              1923,
              875.5
            ],
            [
              1871,
              875.5
            ],
            [
              1871,
              839.5
            ]
          ]
        ]
      }
    },
    {
      "type": "Feature",
      "properties": {
        "id": "B-117",
        "name": "旅舍住宅 11",
        "zone": "市集区",
        "frontageRoad": "M-02",
        "description": "市集区的旅舍住宅，按市集区普通模数统一规格建设。",
        "footprint": 1872,
        "scaleClass": "普通建筑",
        "buildingType": "旅舍住宅",
        "sizeSpec": "市集区普通模数",
        "widthMeters": 52,
        "depthMeters": 36,
        "layer": "buildings"
      },
      "geometry": {
        "type": "Polygon",
        "coordinates": [
          [
            [
              1871,
              784.5
            ],
            [
              1923,
              784.5
            ],
            [
              1923,
              820.5
            ],
            [
              1871,
              820.5
            ],
            [
              1871,
              784.5
            ]
          ]
        ]
      }
    },
    {
      "type": "Feature",
      "properties": {
        "id": "B-118",
        "name": "临街商住楼 12",
        "zone": "市集区",
        "frontageRoad": "M-02",
        "description": "市集区的临街商住楼，按市集区普通模数统一规格建设。",
        "footprint": 1872,
        "scaleClass": "普通建筑",
        "buildingType": "临街商住楼",
        "sizeSpec": "市集区普通模数",
        "widthMeters": 52,
        "depthMeters": 36,
        "layer": "buildings"
      },
      "geometry": {
        "type": "Polygon",
        "coordinates": [
          [
            [
              1941,
              839.5
            ],
            [
              1993,
              839.5
            ],
            [
              1993,
              875.5
            ],
            [
              1941,
              875.5
            ],
            [
              1941,
              839.5
            ]
          ]
        ]
      }
    },
    {
      "type": "Feature",
      "properties": {
        "id": "B-119",
        "name": "标准街铺 12",
        "zone": "市集区",
        "frontageRoad": "M-02",
        "description": "市集区的标准街铺，按市集区普通模数统一规格建设。",
        "footprint": 1872,
        "scaleClass": "普通建筑",
        "buildingType": "标准街铺",
        "sizeSpec": "市集区普通模数",
        "widthMeters": 52,
        "depthMeters": 36,
        "layer": "buildings"
      },
      "geometry": {
        "type": "Polygon",
        "coordinates": [
          [
            [
              1941,
              784.5
            ],
            [
              1993,
              784.5
            ],
            [
              1993,
              820.5
            ],
            [
              1941,
              820.5
            ],
            [
              1941,
              784.5
            ]
          ]
        ]
      }
    },
    {
      "type": "Feature",
      "properties": {
        "id": "B-120",
        "name": "旅舍住宅 12",
        "zone": "市集区",
        "frontageRoad": "M-02",
        "description": "市集区的旅舍住宅，按市集区普通模数统一规格建设。",
        "footprint": 1872,
        "scaleClass": "普通建筑",
        "buildingType": "旅舍住宅",
        "sizeSpec": "市集区普通模数",
        "widthMeters": 52,
        "depthMeters": 36,
        "layer": "buildings"
      },
      "geometry": {
        "type": "Polygon",
        "coordinates": [
          [
            [
              2221,
              839.5
            ],
            [
              2273,
              839.5
            ],
            [
              2273,
              875.5
            ],
            [
              2221,
              875.5
            ],
            [
              2221,
              839.5
            ]
          ]
        ]
      }
    },
    {
      "type": "Feature",
      "properties": {
        "id": "B-121",
        "name": "临街商住楼 13",
        "zone": "市集区",
        "frontageRoad": "M-02",
        "description": "市集区的临街商住楼，按市集区普通模数统一规格建设。",
        "footprint": 1872,
        "scaleClass": "普通建筑",
        "buildingType": "临街商住楼",
        "sizeSpec": "市集区普通模数",
        "widthMeters": 52,
        "depthMeters": 36,
        "layer": "buildings"
      },
      "geometry": {
        "type": "Polygon",
        "coordinates": [
          [
            [
              2361,
              784.5
            ],
            [
              2413,
              784.5
            ],
            [
              2413,
              820.5
            ],
            [
              2361,
              820.5
            ],
            [
              2361,
              784.5
            ]
          ]
        ]
      }
    },
    {
      "type": "Feature",
      "properties": {
        "id": "B-122",
        "name": "标准街铺 13",
        "zone": "市集区",
        "frontageRoad": "M-02",
        "description": "市集区的标准街铺，按市集区普通模数统一规格建设。",
        "footprint": 1872,
        "scaleClass": "普通建筑",
        "buildingType": "标准街铺",
        "sizeSpec": "市集区普通模数",
        "widthMeters": 52,
        "depthMeters": 36,
        "layer": "buildings"
      },
      "geometry": {
        "type": "Polygon",
        "coordinates": [
          [
            [
              2431,
              839.5
            ],
            [
              2483,
              839.5
            ],
            [
              2483,
              875.5
            ],
            [
              2431,
              875.5
            ],
            [
              2431,
              839.5
            ]
          ]
        ]
      }
    },
    {
      "type": "Feature",
      "properties": {
        "id": "B-123",
        "name": "旅舍住宅 13",
        "zone": "市集区",
        "frontageRoad": "M-02",
        "description": "市集区的旅舍住宅，按市集区普通模数统一规格建设。",
        "footprint": 1872,
        "scaleClass": "普通建筑",
        "buildingType": "旅舍住宅",
        "sizeSpec": "市集区普通模数",
        "widthMeters": 52,
        "depthMeters": 36,
        "layer": "buildings"
      },
      "geometry": {
        "type": "Polygon",
        "coordinates": [
          [
            [
              2431,
              784.5
            ],
            [
              2483,
              784.5
            ],
            [
              2483,
              820.5
            ],
            [
              2431,
              820.5
            ],
            [
              2431,
              784.5
            ]
          ]
        ]
      }
    },
    {
      "type": "Feature",
      "properties": {
        "id": "B-124",
        "name": "临街商住楼 14",
        "zone": "市集区",
        "frontageRoad": "M-02",
        "description": "市集区的临街商住楼，按市集区普通模数统一规格建设。",
        "footprint": 1872,
        "scaleClass": "普通建筑",
        "buildingType": "临街商住楼",
        "sizeSpec": "市集区普通模数",
        "widthMeters": 52,
        "depthMeters": 36,
        "layer": "buildings"
      },
      "geometry": {
        "type": "Polygon",
        "coordinates": [
          [
            [
              2571,
              839.5
            ],
            [
              2623,
              839.5
            ],
            [
              2623,
              875.5
            ],
            [
              2571,
              875.5
            ],
            [
              2571,
              839.5
            ]
          ]
        ]
      }
    },
    {
      "type": "Feature",
      "properties": {
        "id": "B-125",
        "name": "标准街铺 14",
        "zone": "市集区",
        "frontageRoad": "M-02",
        "description": "市集区的标准街铺，按市集区普通模数统一规格建设。",
        "footprint": 1872,
        "scaleClass": "普通建筑",
        "buildingType": "标准街铺",
        "sizeSpec": "市集区普通模数",
        "widthMeters": 52,
        "depthMeters": 36,
        "layer": "buildings"
      },
      "geometry": {
        "type": "Polygon",
        "coordinates": [
          [
            [
              2571,
              784.5
            ],
            [
              2623,
              784.5
            ],
            [
              2623,
              820.5
            ],
            [
              2571,
              820.5
            ],
            [
              2571,
              784.5
            ]
          ]
        ]
      }
    },
    {
      "type": "Feature",
      "properties": {
        "id": "B-126",
        "name": "旅舍住宅 14",
        "zone": "市集区",
        "frontageRoad": "M-02",
        "description": "市集区的旅舍住宅，按市集区普通模数统一规格建设。",
        "footprint": 1872,
        "scaleClass": "普通建筑",
        "buildingType": "旅舍住宅",
        "sizeSpec": "市集区普通模数",
        "widthMeters": 52,
        "depthMeters": 36,
        "layer": "buildings"
      },
      "geometry": {
        "type": "Polygon",
        "coordinates": [
          [
            [
              2641,
              839.5
            ],
            [
              2693,
              839.5
            ],
            [
              2693,
              875.5
            ],
            [
              2641,
              875.5
            ],
            [
              2641,
              839.5
            ]
          ]
        ]
      }
    },
    {
      "type": "Feature",
      "properties": {
        "id": "B-127",
        "name": "临街商住楼 15",
        "zone": "市集区",
        "frontageRoad": "M-02",
        "description": "市集区的临街商住楼，按市集区普通模数统一规格建设。",
        "footprint": 1872,
        "scaleClass": "普通建筑",
        "buildingType": "临街商住楼",
        "sizeSpec": "市集区普通模数",
        "widthMeters": 52,
        "depthMeters": 36,
        "layer": "buildings"
      },
      "geometry": {
        "type": "Polygon",
        "coordinates": [
          [
            [
              2641,
              784.5
            ],
            [
              2693,
              784.5
            ],
            [
              2693,
              820.5
            ],
            [
              2641,
              820.5
            ],
            [
              2641,
              784.5
            ]
          ]
        ]
      }
    },
    {
      "type": "Feature",
      "properties": {
        "id": "B-128",
        "name": "标准街铺 15",
        "zone": "市集区",
        "frontageRoad": "M-02",
        "description": "市集区的标准街铺，按市集区普通模数统一规格建设。",
        "footprint": 1872,
        "scaleClass": "普通建筑",
        "buildingType": "标准街铺",
        "sizeSpec": "市集区普通模数",
        "widthMeters": 52,
        "depthMeters": 36,
        "layer": "buildings"
      },
      "geometry": {
        "type": "Polygon",
        "coordinates": [
          [
            [
              2781,
              839.5
            ],
            [
              2833,
              839.5
            ],
            [
              2833,
              875.5
            ],
            [
              2781,
              875.5
            ],
            [
              2781,
              839.5
            ]
          ]
        ]
      }
    },
    {
      "type": "Feature",
      "properties": {
        "id": "B-129",
        "name": "旅舍住宅 15",
        "zone": "市集区",
        "frontageRoad": "M-02",
        "description": "市集区的旅舍住宅，按市集区普通模数统一规格建设。",
        "footprint": 1872,
        "scaleClass": "普通建筑",
        "buildingType": "旅舍住宅",
        "sizeSpec": "市集区普通模数",
        "widthMeters": 52,
        "depthMeters": 36,
        "layer": "buildings"
      },
      "geometry": {
        "type": "Polygon",
        "coordinates": [
          [
            [
              2851,
              839.5
            ],
            [
              2903,
              839.5
            ],
            [
              2903,
              875.5
            ],
            [
              2851,
              875.5
            ],
            [
              2851,
              839.5
            ]
          ]
        ]
      }
    },
    {
      "type": "Feature",
      "properties": {
        "id": "B-130",
        "name": "临街商住楼 16",
        "zone": "市集区",
        "frontageRoad": "M-02",
        "description": "市集区的临街商住楼，按市集区普通模数统一规格建设。",
        "footprint": 1872,
        "scaleClass": "普通建筑",
        "buildingType": "临街商住楼",
        "sizeSpec": "市集区普通模数",
        "widthMeters": 52,
        "depthMeters": 36,
        "layer": "buildings"
      },
      "geometry": {
        "type": "Polygon",
        "coordinates": [
          [
            [
              3061,
              839.5
            ],
            [
              3113,
              839.5
            ],
            [
              3113,
              875.5
            ],
            [
              3061,
              875.5
            ],
            [
              3061,
              839.5
            ]
          ]
        ]
      }
    },
    {
      "type": "Feature",
      "properties": {
        "id": "B-131",
        "name": "标准街铺 16",
        "zone": "市集区",
        "frontageRoad": "M-02",
        "description": "市集区的标准街铺，按市集区普通模数统一规格建设。",
        "footprint": 1872,
        "scaleClass": "普通建筑",
        "buildingType": "标准街铺",
        "sizeSpec": "市集区普通模数",
        "widthMeters": 52,
        "depthMeters": 36,
        "layer": "buildings"
      },
      "geometry": {
        "type": "Polygon",
        "coordinates": [
          [
            [
              3061,
              784.5
            ],
            [
              3113,
              784.5
            ],
            [
              3113,
              820.5
            ],
            [
              3061,
              820.5
            ],
            [
              3061,
              784.5
            ]
          ]
        ]
      }
    },
    {
      "type": "Feature",
      "properties": {
        "id": "B-132",
        "name": "旅舍住宅 16",
        "zone": "市集区",
        "frontageRoad": "M-03",
        "description": "市集区的旅舍住宅，按市集区普通模数统一规格建设。",
        "footprint": 1872,
        "scaleClass": "普通建筑",
        "buildingType": "旅舍住宅",
        "sizeSpec": "市集区普通模数",
        "widthMeters": 52,
        "depthMeters": 36,
        "layer": "buildings"
      },
      "geometry": {
        "type": "Polygon",
        "coordinates": [
          [
            [
              1941,
              1059
            ],
            [
              1993,
              1059
            ],
            [
              1993,
              1095
            ],
            [
              1941,
              1095
            ],
            [
              1941,
              1059
            ]
          ]
        ]
      }
    },
    {
      "type": "Feature",
      "properties": {
        "id": "B-133",
        "name": "临街商住楼 17",
        "zone": "市集区",
        "frontageRoad": "M-03",
        "description": "市集区的临街商住楼，按市集区普通模数统一规格建设。",
        "footprint": 1872,
        "scaleClass": "普通建筑",
        "buildingType": "临街商住楼",
        "sizeSpec": "市集区普通模数",
        "widthMeters": 52,
        "depthMeters": 36,
        "layer": "buildings"
      },
      "geometry": {
        "type": "Polygon",
        "coordinates": [
          [
            [
              1941,
              1005
            ],
            [
              1993,
              1005
            ],
            [
              1993,
              1041
            ],
            [
              1941,
              1041
            ],
            [
              1941,
              1005
            ]
          ]
        ]
      }
    },
    {
      "type": "Feature",
      "properties": {
        "id": "B-134",
        "name": "标准街铺 17",
        "zone": "市集区",
        "frontageRoad": "M-03",
        "description": "市集区的标准街铺，按市集区普通模数统一规格建设。",
        "footprint": 1872,
        "scaleClass": "普通建筑",
        "buildingType": "标准街铺",
        "sizeSpec": "市集区普通模数",
        "widthMeters": 52,
        "depthMeters": 36,
        "layer": "buildings"
      },
      "geometry": {
        "type": "Polygon",
        "coordinates": [
          [
            [
              2081,
              1059
            ],
            [
              2133,
              1059
            ],
            [
              2133,
              1095
            ],
            [
              2081,
              1095
            ],
            [
              2081,
              1059
            ]
          ]
        ]
      }
    },
    {
      "type": "Feature",
      "properties": {
        "id": "B-135",
        "name": "旅舍住宅 17",
        "zone": "市集区",
        "frontageRoad": "M-03",
        "description": "市集区的旅舍住宅，按市集区普通模数统一规格建设。",
        "footprint": 1872,
        "scaleClass": "普通建筑",
        "buildingType": "旅舍住宅",
        "sizeSpec": "市集区普通模数",
        "widthMeters": 52,
        "depthMeters": 36,
        "layer": "buildings"
      },
      "geometry": {
        "type": "Polygon",
        "coordinates": [
          [
            [
              2081,
              1005
            ],
            [
              2133,
              1005
            ],
            [
              2133,
              1041
            ],
            [
              2081,
              1041
            ],
            [
              2081,
              1005
            ]
          ]
        ]
      }
    },
    {
      "type": "Feature",
      "properties": {
        "id": "B-136",
        "name": "临街商住楼 18",
        "zone": "市集区",
        "frontageRoad": "M-03",
        "description": "市集区的临街商住楼，按市集区普通模数统一规格建设。",
        "footprint": 1872,
        "scaleClass": "普通建筑",
        "buildingType": "临街商住楼",
        "sizeSpec": "市集区普通模数",
        "widthMeters": 52,
        "depthMeters": 36,
        "layer": "buildings"
      },
      "geometry": {
        "type": "Polygon",
        "coordinates": [
          [
            [
              2221,
              1059
            ],
            [
              2273,
              1059
            ],
            [
              2273,
              1095
            ],
            [
              2221,
              1095
            ],
            [
              2221,
              1059
            ]
          ]
        ]
      }
    },
    {
      "type": "Feature",
      "properties": {
        "id": "B-137",
        "name": "标准街铺 18",
        "zone": "市集区",
        "frontageRoad": "M-03",
        "description": "市集区的标准街铺，按市集区普通模数统一规格建设。",
        "footprint": 1872,
        "scaleClass": "普通建筑",
        "buildingType": "标准街铺",
        "sizeSpec": "市集区普通模数",
        "widthMeters": 52,
        "depthMeters": 36,
        "layer": "buildings"
      },
      "geometry": {
        "type": "Polygon",
        "coordinates": [
          [
            [
              2361,
              1005
            ],
            [
              2413,
              1005
            ],
            [
              2413,
              1041
            ],
            [
              2361,
              1041
            ],
            [
              2361,
              1005
            ]
          ]
        ]
      }
    },
    {
      "type": "Feature",
      "properties": {
        "id": "B-138",
        "name": "旅舍住宅 18",
        "zone": "市集区",
        "frontageRoad": "M-03",
        "description": "市集区的旅舍住宅，按市集区普通模数统一规格建设。",
        "footprint": 1872,
        "scaleClass": "普通建筑",
        "buildingType": "旅舍住宅",
        "sizeSpec": "市集区普通模数",
        "widthMeters": 52,
        "depthMeters": 36,
        "layer": "buildings"
      },
      "geometry": {
        "type": "Polygon",
        "coordinates": [
          [
            [
              2431,
              1005
            ],
            [
              2483,
              1005
            ],
            [
              2483,
              1041
            ],
            [
              2431,
              1041
            ],
            [
              2431,
              1005
            ]
          ]
        ]
      }
    },
    {
      "type": "Feature",
      "properties": {
        "id": "B-139",
        "name": "临街商住楼 19",
        "zone": "市集区",
        "frontageRoad": "M-03",
        "description": "市集区的临街商住楼，按市集区普通模数统一规格建设。",
        "footprint": 1872,
        "scaleClass": "普通建筑",
        "buildingType": "临街商住楼",
        "sizeSpec": "市集区普通模数",
        "widthMeters": 52,
        "depthMeters": 36,
        "layer": "buildings"
      },
      "geometry": {
        "type": "Polygon",
        "coordinates": [
          [
            [
              2571,
              1005
            ],
            [
              2623,
              1005
            ],
            [
              2623,
              1041
            ],
            [
              2571,
              1041
            ],
            [
              2571,
              1005
            ]
          ]
        ]
      }
    },
    {
      "type": "Feature",
      "properties": {
        "id": "B-140",
        "name": "材料库房 4",
        "zone": "工坊区",
        "frontageRoad": "W-01",
        "description": "工坊区的材料库房，按工坊区普通模数统一规格建设。",
        "footprint": 2520,
        "scaleClass": "普通建筑",
        "buildingType": "材料库房",
        "sizeSpec": "工坊区普通模数",
        "widthMeters": 60,
        "depthMeters": 42,
        "layer": "buildings"
      },
      "geometry": {
        "type": "Polygon",
        "coordinates": [
          [
            [
              2262,
              1396
            ],
            [
              2322,
              1396
            ],
            [
              2322,
              1438
            ],
            [
              2262,
              1438
            ],
            [
              2262,
              1396
            ]
          ]
        ]
      }
    },
    {
      "type": "Feature",
      "properties": {
        "id": "B-141",
        "name": "维修作业楼 4",
        "zone": "工坊区",
        "frontageRoad": "W-01",
        "description": "工坊区的维修作业楼，按工坊区普通模数统一规格建设。",
        "footprint": 2520,
        "scaleClass": "普通建筑",
        "buildingType": "维修作业楼",
        "sizeSpec": "工坊区普通模数",
        "widthMeters": 60,
        "depthMeters": 42,
        "layer": "buildings"
      },
      "geometry": {
        "type": "Polygon",
        "coordinates": [
          [
            [
              2402,
              1396
            ],
            [
              2462,
              1396
            ],
            [
              2462,
              1438
            ],
            [
              2402,
              1438
            ],
            [
              2402,
              1396
            ]
          ]
        ]
      }
    },
    {
      "type": "Feature",
      "properties": {
        "id": "B-142",
        "name": "标准工坊楼 5",
        "zone": "工坊区",
        "frontageRoad": "W-01",
        "description": "工坊区的标准工坊楼，按工坊区普通模数统一规格建设。",
        "footprint": 2520,
        "scaleClass": "普通建筑",
        "buildingType": "标准工坊楼",
        "sizeSpec": "工坊区普通模数",
        "widthMeters": 60,
        "depthMeters": 42,
        "layer": "buildings"
      },
      "geometry": {
        "type": "Polygon",
        "coordinates": [
          [
            [
              2472,
              1396
            ],
            [
              2532,
              1396
            ],
            [
              2532,
              1438
            ],
            [
              2472,
              1438
            ],
            [
              2472,
              1396
            ]
          ]
        ]
      }
    },
    {
      "type": "Feature",
      "properties": {
        "id": "B-143",
        "name": "材料库房 5",
        "zone": "工坊区",
        "frontageRoad": "W-01",
        "description": "工坊区的材料库房，按工坊区普通模数统一规格建设。",
        "footprint": 2520,
        "scaleClass": "普通建筑",
        "buildingType": "材料库房",
        "sizeSpec": "工坊区普通模数",
        "widthMeters": 60,
        "depthMeters": 42,
        "layer": "buildings"
      },
      "geometry": {
        "type": "Polygon",
        "coordinates": [
          [
            [
              2612,
              1462
            ],
            [
              2672,
              1462
            ],
            [
              2672,
              1504
            ],
            [
              2612,
              1504
            ],
            [
              2612,
              1462
            ]
          ]
        ]
      }
    },
    {
      "type": "Feature",
      "properties": {
        "id": "B-144",
        "name": "维修作业楼 5",
        "zone": "工坊区",
        "frontageRoad": "W-01",
        "description": "工坊区的维修作业楼，按工坊区普通模数统一规格建设。",
        "footprint": 2520,
        "scaleClass": "普通建筑",
        "buildingType": "维修作业楼",
        "sizeSpec": "工坊区普通模数",
        "widthMeters": 60,
        "depthMeters": 42,
        "layer": "buildings"
      },
      "geometry": {
        "type": "Polygon",
        "coordinates": [
          [
            [
              2612,
              1396
            ],
            [
              2672,
              1396
            ],
            [
              2672,
              1438
            ],
            [
              2612,
              1438
            ],
            [
              2612,
              1396
            ]
          ]
        ]
      }
    },
    {
      "type": "Feature",
      "properties": {
        "id": "B-145",
        "name": "标准工坊楼 6",
        "zone": "工坊区",
        "frontageRoad": "W-01",
        "description": "工坊区的标准工坊楼，按工坊区普通模数统一规格建设。",
        "footprint": 2520,
        "scaleClass": "普通建筑",
        "buildingType": "标准工坊楼",
        "sizeSpec": "工坊区普通模数",
        "widthMeters": 60,
        "depthMeters": 42,
        "layer": "buildings"
      },
      "geometry": {
        "type": "Polygon",
        "coordinates": [
          [
            [
              2682,
              1396
            ],
            [
              2742,
              1396
            ],
            [
              2742,
              1438
            ],
            [
              2682,
              1438
            ],
            [
              2682,
              1396
            ]
          ]
        ]
      }
    },
    {
      "type": "Feature",
      "properties": {
        "id": "B-146",
        "name": "材料库房 6",
        "zone": "工坊区",
        "frontageRoad": "W-01",
        "description": "工坊区的材料库房，按工坊区普通模数统一规格建设。",
        "footprint": 2520,
        "scaleClass": "普通建筑",
        "buildingType": "材料库房",
        "sizeSpec": "工坊区普通模数",
        "widthMeters": 60,
        "depthMeters": 42,
        "layer": "buildings"
      },
      "geometry": {
        "type": "Polygon",
        "coordinates": [
          [
            [
              2962,
              1462
            ],
            [
              3022,
              1462
            ],
            [
              3022,
              1504
            ],
            [
              2962,
              1504
            ],
            [
              2962,
              1462
            ]
          ]
        ]
      }
    },
    {
      "type": "Feature",
      "properties": {
        "id": "B-147",
        "name": "维修作业楼 6",
        "zone": "工坊区",
        "frontageRoad": "W-01",
        "description": "工坊区的维修作业楼，按工坊区普通模数统一规格建设。",
        "footprint": 2520,
        "scaleClass": "普通建筑",
        "buildingType": "维修作业楼",
        "sizeSpec": "工坊区普通模数",
        "widthMeters": 60,
        "depthMeters": 42,
        "layer": "buildings"
      },
      "geometry": {
        "type": "Polygon",
        "coordinates": [
          [
            [
              2962,
              1396
            ],
            [
              3022,
              1396
            ],
            [
              3022,
              1438
            ],
            [
              2962,
              1438
            ],
            [
              2962,
              1396
            ]
          ]
        ]
      }
    },
    {
      "type": "Feature",
      "properties": {
        "id": "B-148",
        "name": "外围维护舍 3",
        "zone": "郊野／外环",
        "frontageRoad": "M-V0",
        "description": "郊野／外环的外围维护舍，按外环普通模数统一规格建设。",
        "footprint": 1700,
        "scaleClass": "普通建筑",
        "buildingType": "外围维护舍",
        "sizeSpec": "外环普通模数",
        "widthMeters": 50,
        "depthMeters": 34,
        "layer": "buildings"
      },
      "geometry": {
        "type": "Polygon",
        "coordinates": [
          [
            [
              2010.5,
              87
            ],
            [
              2010.5,
              137
            ],
            [
              1976.5,
              137
            ],
            [
              1976.5,
              87
            ],
            [
              2010.5,
              87
            ]
          ]
        ]
      }
    },
    {
      "type": "Feature",
      "properties": {
        "id": "B-149",
        "name": "检疫服务楼 3",
        "zone": "郊野／外环",
        "frontageRoad": "M-V0",
        "description": "郊野／外环的检疫服务楼，按外环普通模数统一规格建设。",
        "footprint": 1700,
        "scaleClass": "普通建筑",
        "buildingType": "检疫服务楼",
        "sizeSpec": "外环普通模数",
        "widthMeters": 50,
        "depthMeters": 34,
        "layer": "buildings"
      },
      "geometry": {
        "type": "Polygon",
        "coordinates": [
          [
            [
              2063.5,
              87
            ],
            [
              2063.5,
              137
            ],
            [
              2029.5,
              137
            ],
            [
              2029.5,
              87
            ],
            [
              2063.5,
              87
            ]
          ]
        ]
      }
    },
    {
      "type": "Feature",
      "properties": {
        "id": "B-150",
        "name": "标准街铺 19",
        "zone": "市集区",
        "frontageRoad": "M-V0",
        "description": "市集区的标准街铺，按市集区普通模数统一规格建设。",
        "footprint": 1872,
        "scaleClass": "普通建筑",
        "buildingType": "标准街铺",
        "sizeSpec": "市集区普通模数",
        "widthMeters": 52,
        "depthMeters": 36,
        "layer": "buildings"
      },
      "geometry": {
        "type": "Polygon",
        "coordinates": [
          [
            [
              2010.5,
              296
            ],
            [
              2010.5,
              348
            ],
            [
              1974.5,
              348
            ],
            [
              1974.5,
              296
            ],
            [
              2010.5,
              296
            ]
          ]
        ]
      }
    },
    {
      "type": "Feature",
      "properties": {
        "id": "B-151",
        "name": "旅舍住宅 19",
        "zone": "市集区",
        "frontageRoad": "M-V0",
        "description": "市集区的旅舍住宅，按市集区普通模数统一规格建设。",
        "footprint": 1872,
        "scaleClass": "普通建筑",
        "buildingType": "旅舍住宅",
        "sizeSpec": "市集区普通模数",
        "widthMeters": 52,
        "depthMeters": 36,
        "layer": "buildings"
      },
      "geometry": {
        "type": "Polygon",
        "coordinates": [
          [
            [
              2065.5,
              296
            ],
            [
              2065.5,
              348
            ],
            [
              2029.5,
              348
            ],
            [
              2029.5,
              296
            ],
            [
              2065.5,
              296
            ]
          ]
        ]
      }
    },
    {
      "type": "Feature",
      "properties": {
        "id": "B-152",
        "name": "临街商住楼 20",
        "zone": "市集区",
        "frontageRoad": "M-V0",
        "description": "市集区的临街商住楼，按市集区普通模数统一规格建设。",
        "footprint": 1872,
        "scaleClass": "普通建筑",
        "buildingType": "临街商住楼",
        "sizeSpec": "市集区普通模数",
        "widthMeters": 52,
        "depthMeters": 36,
        "layer": "buildings"
      },
      "geometry": {
        "type": "Polygon",
        "coordinates": [
          [
            [
              2010.5,
              436
            ],
            [
              2010.5,
              488
            ],
            [
              1974.5,
              488
            ],
            [
              1974.5,
              436
            ],
            [
              2010.5,
              436
            ]
          ]
        ]
      }
    },
    {
      "type": "Feature",
      "properties": {
        "id": "B-153",
        "name": "标准街铺 20",
        "zone": "市集区",
        "frontageRoad": "M-V0",
        "description": "市集区的标准街铺，按市集区普通模数统一规格建设。",
        "footprint": 1872,
        "scaleClass": "普通建筑",
        "buildingType": "标准街铺",
        "sizeSpec": "市集区普通模数",
        "widthMeters": 52,
        "depthMeters": 36,
        "layer": "buildings"
      },
      "geometry": {
        "type": "Polygon",
        "coordinates": [
          [
            [
              2065.5,
              436
            ],
            [
              2065.5,
              488
            ],
            [
              2029.5,
              488
            ],
            [
              2029.5,
              436
            ],
            [
              2065.5,
              436
            ]
          ]
        ]
      }
    },
    {
      "type": "Feature",
      "properties": {
        "id": "B-154",
        "name": "旅舍住宅 20",
        "zone": "市集区",
        "frontageRoad": "M-V0",
        "description": "市集区的旅舍住宅，按市集区普通模数统一规格建设。",
        "footprint": 1872,
        "scaleClass": "普通建筑",
        "buildingType": "旅舍住宅",
        "sizeSpec": "市集区普通模数",
        "widthMeters": 52,
        "depthMeters": 36,
        "layer": "buildings"
      },
      "geometry": {
        "type": "Polygon",
        "coordinates": [
          [
            [
              2010.5,
              506
            ],
            [
              2010.5,
              558
            ],
            [
              1974.5,
              558
            ],
            [
              1974.5,
              506
            ],
            [
              2010.5,
              506
            ]
          ]
        ]
      }
    },
    {
      "type": "Feature",
      "properties": {
        "id": "B-155",
        "name": "临街商住楼 21",
        "zone": "市集区",
        "frontageRoad": "M-V0",
        "description": "市集区的临街商住楼，按市集区普通模数统一规格建设。",
        "footprint": 1872,
        "scaleClass": "普通建筑",
        "buildingType": "临街商住楼",
        "sizeSpec": "市集区普通模数",
        "widthMeters": 52,
        "depthMeters": 36,
        "layer": "buildings"
      },
      "geometry": {
        "type": "Polygon",
        "coordinates": [
          [
            [
              2065.5,
              506
            ],
            [
              2065.5,
              558
            ],
            [
              2029.5,
              558
            ],
            [
              2029.5,
              506
            ],
            [
              2065.5,
              506
            ]
          ]
        ]
      }
    },
    {
      "type": "Feature",
      "properties": {
        "id": "B-156",
        "name": "标准街铺 21",
        "zone": "市集区",
        "frontageRoad": "M-V0",
        "description": "市集区的标准街铺，按市集区普通模数统一规格建设。",
        "footprint": 1872,
        "scaleClass": "普通建筑",
        "buildingType": "标准街铺",
        "sizeSpec": "市集区普通模数",
        "widthMeters": 52,
        "depthMeters": 36,
        "layer": "buildings"
      },
      "geometry": {
        "type": "Polygon",
        "coordinates": [
          [
            [
              2010.5,
              646
            ],
            [
              2010.5,
              698
            ],
            [
              1974.5,
              698
            ],
            [
              1974.5,
              646
            ],
            [
              2010.5,
              646
            ]
          ]
        ]
      }
    },
    {
      "type": "Feature",
      "properties": {
        "id": "B-157",
        "name": "旅舍住宅 21",
        "zone": "市集区",
        "frontageRoad": "M-V0",
        "description": "市集区的旅舍住宅，按市集区普通模数统一规格建设。",
        "footprint": 1872,
        "scaleClass": "普通建筑",
        "buildingType": "旅舍住宅",
        "sizeSpec": "市集区普通模数",
        "widthMeters": 52,
        "depthMeters": 36,
        "layer": "buildings"
      },
      "geometry": {
        "type": "Polygon",
        "coordinates": [
          [
            [
              2065.5,
              646
            ],
            [
              2065.5,
              698
            ],
            [
              2029.5,
              698
            ],
            [
              2029.5,
              646
            ],
            [
              2065.5,
              646
            ]
          ]
        ]
      }
    },
    {
      "type": "Feature",
      "properties": {
        "id": "B-158",
        "name": "临街商住楼 22",
        "zone": "市集区",
        "frontageRoad": "M-V0",
        "description": "市集区的临街商住楼，按市集区普通模数统一规格建设。",
        "footprint": 1872,
        "scaleClass": "普通建筑",
        "buildingType": "临街商住楼",
        "sizeSpec": "市集区普通模数",
        "widthMeters": 52,
        "depthMeters": 36,
        "layer": "buildings"
      },
      "geometry": {
        "type": "Polygon",
        "coordinates": [
          [
            [
              2010.5,
              716
            ],
            [
              2010.5,
              768
            ],
            [
              1974.5,
              768
            ],
            [
              1974.5,
              716
            ],
            [
              2010.5,
              716
            ]
          ]
        ]
      }
    },
    {
      "type": "Feature",
      "properties": {
        "id": "B-159",
        "name": "标准街铺 22",
        "zone": "市集区",
        "frontageRoad": "M-V0",
        "description": "市集区的标准街铺，按市集区普通模数统一规格建设。",
        "footprint": 1872,
        "scaleClass": "普通建筑",
        "buildingType": "标准街铺",
        "sizeSpec": "市集区普通模数",
        "widthMeters": 52,
        "depthMeters": 36,
        "layer": "buildings"
      },
      "geometry": {
        "type": "Polygon",
        "coordinates": [
          [
            [
              2065.5,
              716
            ],
            [
              2065.5,
              768
            ],
            [
              2029.5,
              768
            ],
            [
              2029.5,
              716
            ],
            [
              2065.5,
              716
            ]
          ]
        ]
      }
    },
    {
      "type": "Feature",
      "properties": {
        "id": "B-160",
        "name": "旅舍住宅 22",
        "zone": "市集区",
        "frontageRoad": "M-V0",
        "description": "市集区的旅舍住宅，按市集区普通模数统一规格建设。",
        "footprint": 1872,
        "scaleClass": "普通建筑",
        "buildingType": "旅舍住宅",
        "sizeSpec": "市集区普通模数",
        "widthMeters": 52,
        "depthMeters": 36,
        "layer": "buildings"
      },
      "geometry": {
        "type": "Polygon",
        "coordinates": [
          [
            [
              2010.5,
              926
            ],
            [
              2010.5,
              978
            ],
            [
              1974.5,
              978
            ],
            [
              1974.5,
              926
            ],
            [
              2010.5,
              926
            ]
          ]
        ]
      }
    },
    {
      "type": "Feature",
      "properties": {
        "id": "B-161",
        "name": "临街商住楼 23",
        "zone": "市集区",
        "frontageRoad": "M-V0",
        "description": "市集区的临街商住楼，按市集区普通模数统一规格建设。",
        "footprint": 1872,
        "scaleClass": "普通建筑",
        "buildingType": "临街商住楼",
        "sizeSpec": "市集区普通模数",
        "widthMeters": 52,
        "depthMeters": 36,
        "layer": "buildings"
      },
      "geometry": {
        "type": "Polygon",
        "coordinates": [
          [
            [
              2010.5,
              1136
            ],
            [
              2010.5,
              1188
            ],
            [
              1974.5,
              1188
            ],
            [
              1974.5,
              1136
            ],
            [
              2010.5,
              1136
            ]
          ]
        ]
      }
    },
    {
      "type": "Feature",
      "properties": {
        "id": "B-162",
        "name": "标准街铺 23",
        "zone": "市集区",
        "frontageRoad": "W-V0",
        "description": "市集区的标准街铺，按市集区普通模数统一规格建设。",
        "footprint": 1872,
        "scaleClass": "普通建筑",
        "buildingType": "标准街铺",
        "sizeSpec": "市集区普通模数",
        "widthMeters": 52,
        "depthMeters": 36,
        "layer": "buildings"
      },
      "geometry": {
        "type": "Polygon",
        "coordinates": [
          [
            [
              2170.5,
              1266
            ],
            [
              2170.5,
              1318
            ],
            [
              2134.5,
              1318
            ],
            [
              2134.5,
              1266
            ],
            [
              2170.5,
              1266
            ]
          ]
        ]
      }
    },
    {
      "type": "Feature",
      "properties": {
        "id": "B-163",
        "name": "封存值守楼 1",
        "zone": "封存区",
        "frontageRoad": "W-V0",
        "description": "封存区的封存值守楼，按封存区普通模数统一规格建设。",
        "footprint": 1700,
        "scaleClass": "普通建筑",
        "buildingType": "封存值守楼",
        "sizeSpec": "封存区普通模数",
        "widthMeters": 50,
        "depthMeters": 34,
        "layer": "buildings"
      },
      "geometry": {
        "type": "Polygon",
        "coordinates": [
          [
            [
              2170.5,
              1477
            ],
            [
              2170.5,
              1527
            ],
            [
              2136.5,
              1527
            ],
            [
              2136.5,
              1477
            ],
            [
              2170.5,
              1477
            ]
          ]
        ]
      }
    },
    {
      "type": "Feature",
      "properties": {
        "id": "B-164",
        "name": "实验准备楼 14",
        "zone": "教学区",
        "frontageRoad": "T-01",
        "description": "教学区的实验准备楼，按教学区普通模数统一规格建设。",
        "footprint": 2052,
        "scaleClass": "普通建筑",
        "buildingType": "实验准备楼",
        "sizeSpec": "教学区普通模数",
        "widthMeters": 54,
        "depthMeters": 38,
        "layer": "buildings"
      },
      "geometry": {
        "type": "Polygon",
        "coordinates": [
          [
            [
              155,
              313
            ],
            [
              209,
              313
            ],
            [
              209,
              351
            ],
            [
              155,
              351
            ],
            [
              155,
              313
            ]
          ]
        ]
      }
    },
    {
      "type": "Feature",
      "properties": {
        "id": "B-165",
        "name": "普通教学楼 15",
        "zone": "教学区",
        "frontageRoad": "T-01",
        "description": "教学区的普通教学楼，按教学区普通模数统一规格建设。",
        "footprint": 2052,
        "scaleClass": "普通建筑",
        "buildingType": "普通教学楼",
        "sizeSpec": "教学区普通模数",
        "widthMeters": 54,
        "depthMeters": 38,
        "layer": "buildings"
      },
      "geometry": {
        "type": "Polygon",
        "coordinates": [
          [
            [
              225,
              369
            ],
            [
              279,
              369
            ],
            [
              279,
              407
            ],
            [
              225,
              407
            ],
            [
              225,
              369
            ]
          ]
        ]
      }
    },
    {
      "type": "Feature",
      "properties": {
        "id": "B-166",
        "name": "小型讲堂 15",
        "zone": "教学区",
        "frontageRoad": "T-01",
        "description": "教学区的小型讲堂，按教学区普通模数统一规格建设。",
        "footprint": 2052,
        "scaleClass": "普通建筑",
        "buildingType": "小型讲堂",
        "sizeSpec": "教学区普通模数",
        "widthMeters": 54,
        "depthMeters": 38,
        "layer": "buildings"
      },
      "geometry": {
        "type": "Polygon",
        "coordinates": [
          [
            [
              225,
              313
            ],
            [
              279,
              313
            ],
            [
              279,
              351
            ],
            [
              225,
              351
            ],
            [
              225,
              313
            ]
          ]
        ]
      }
    },
    {
      "type": "Feature",
      "properties": {
        "id": "B-167",
        "name": "实验准备楼 15",
        "zone": "教学区",
        "frontageRoad": "T-01",
        "description": "教学区的实验准备楼，按教学区普通模数统一规格建设。",
        "footprint": 2052,
        "scaleClass": "普通建筑",
        "buildingType": "实验准备楼",
        "sizeSpec": "教学区普通模数",
        "widthMeters": 54,
        "depthMeters": 38,
        "layer": "buildings"
      },
      "geometry": {
        "type": "Polygon",
        "coordinates": [
          [
            [
              295,
              369
            ],
            [
              349,
              369
            ],
            [
              349,
              407
            ],
            [
              295,
              407
            ],
            [
              295,
              369
            ]
          ]
        ]
      }
    },
    {
      "type": "Feature",
      "properties": {
        "id": "B-168",
        "name": "普通教学楼 16",
        "zone": "教学区",
        "frontageRoad": "T-01",
        "description": "教学区的普通教学楼，按教学区普通模数统一规格建设。",
        "footprint": 2052,
        "scaleClass": "普通建筑",
        "buildingType": "普通教学楼",
        "sizeSpec": "教学区普通模数",
        "widthMeters": 54,
        "depthMeters": 38,
        "layer": "buildings"
      },
      "geometry": {
        "type": "Polygon",
        "coordinates": [
          [
            [
              295,
              313
            ],
            [
              349,
              313
            ],
            [
              349,
              351
            ],
            [
              295,
              351
            ],
            [
              295,
              313
            ]
          ]
        ]
      }
    },
    {
      "type": "Feature",
      "properties": {
        "id": "B-169",
        "name": "小型讲堂 16",
        "zone": "教学区",
        "frontageRoad": "T-01",
        "description": "教学区的小型讲堂，按教学区普通模数统一规格建设。",
        "footprint": 2052,
        "scaleClass": "普通建筑",
        "buildingType": "小型讲堂",
        "sizeSpec": "教学区普通模数",
        "widthMeters": 54,
        "depthMeters": 38,
        "layer": "buildings"
      },
      "geometry": {
        "type": "Polygon",
        "coordinates": [
          [
            [
              435,
              369
            ],
            [
              489,
              369
            ],
            [
              489,
              407
            ],
            [
              435,
              407
            ],
            [
              435,
              369
            ]
          ]
        ]
      }
    },
    {
      "type": "Feature",
      "properties": {
        "id": "B-170",
        "name": "实验准备楼 16",
        "zone": "教学区",
        "frontageRoad": "T-01",
        "description": "教学区的实验准备楼，按教学区普通模数统一规格建设。",
        "footprint": 2052,
        "scaleClass": "普通建筑",
        "buildingType": "实验准备楼",
        "sizeSpec": "教学区普通模数",
        "widthMeters": 54,
        "depthMeters": 38,
        "layer": "buildings"
      },
      "geometry": {
        "type": "Polygon",
        "coordinates": [
          [
            [
              435,
              313
            ],
            [
              489,
              313
            ],
            [
              489,
              351
            ],
            [
              435,
              351
            ],
            [
              435,
              313
            ]
          ]
        ]
      }
    },
    {
      "type": "Feature",
      "properties": {
        "id": "B-171",
        "name": "普通教学楼 17",
        "zone": "教学区",
        "frontageRoad": "T-01",
        "description": "教学区的普通教学楼，按教学区普通模数统一规格建设。",
        "footprint": 2052,
        "scaleClass": "普通建筑",
        "buildingType": "普通教学楼",
        "sizeSpec": "教学区普通模数",
        "widthMeters": 54,
        "depthMeters": 38,
        "layer": "buildings"
      },
      "geometry": {
        "type": "Polygon",
        "coordinates": [
          [
            [
              505,
              313
            ],
            [
              559,
              313
            ],
            [
              559,
              351
            ],
            [
              505,
              351
            ],
            [
              505,
              313
            ]
          ]
        ]
      }
    },
    {
      "type": "Feature",
      "properties": {
        "id": "B-172",
        "name": "小型讲堂 17",
        "zone": "教学区",
        "frontageRoad": "T-01",
        "description": "教学区的小型讲堂，按教学区普通模数统一规格建设。",
        "footprint": 2052,
        "scaleClass": "普通建筑",
        "buildingType": "小型讲堂",
        "sizeSpec": "教学区普通模数",
        "widthMeters": 54,
        "depthMeters": 38,
        "layer": "buildings"
      },
      "geometry": {
        "type": "Polygon",
        "coordinates": [
          [
            [
              575,
              369
            ],
            [
              629,
              369
            ],
            [
              629,
              407
            ],
            [
              575,
              407
            ],
            [
              575,
              369
            ]
          ]
        ]
      }
    },
    {
      "type": "Feature",
      "properties": {
        "id": "B-173",
        "name": "实验准备楼 17",
        "zone": "教学区",
        "frontageRoad": "T-01",
        "description": "教学区的实验准备楼，按教学区普通模数统一规格建设。",
        "footprint": 2052,
        "scaleClass": "普通建筑",
        "buildingType": "实验准备楼",
        "sizeSpec": "教学区普通模数",
        "widthMeters": 54,
        "depthMeters": 38,
        "layer": "buildings"
      },
      "geometry": {
        "type": "Polygon",
        "coordinates": [
          [
            [
              575,
              313
            ],
            [
              629,
              313
            ],
            [
              629,
              351
            ],
            [
              575,
              351
            ],
            [
              575,
              313
            ]
          ]
        ]
      }
    },
    {
      "type": "Feature",
      "properties": {
        "id": "B-174",
        "name": "普通教学楼 18",
        "zone": "教学区",
        "frontageRoad": "T-01",
        "description": "教学区的普通教学楼，按教学区普通模数统一规格建设。",
        "footprint": 2052,
        "scaleClass": "普通建筑",
        "buildingType": "普通教学楼",
        "sizeSpec": "教学区普通模数",
        "widthMeters": 54,
        "depthMeters": 38,
        "layer": "buildings"
      },
      "geometry": {
        "type": "Polygon",
        "coordinates": [
          [
            [
              645,
              369
            ],
            [
              699,
              369
            ],
            [
              699,
              407
            ],
            [
              645,
              407
            ],
            [
              645,
              369
            ]
          ]
        ]
      }
    },
    {
      "type": "Feature",
      "properties": {
        "id": "B-175",
        "name": "小型讲堂 18",
        "zone": "教学区",
        "frontageRoad": "T-01",
        "description": "教学区的小型讲堂，按教学区普通模数统一规格建设。",
        "footprint": 2052,
        "scaleClass": "普通建筑",
        "buildingType": "小型讲堂",
        "sizeSpec": "教学区普通模数",
        "widthMeters": 54,
        "depthMeters": 38,
        "layer": "buildings"
      },
      "geometry": {
        "type": "Polygon",
        "coordinates": [
          [
            [
              645,
              313
            ],
            [
              699,
              313
            ],
            [
              699,
              351
            ],
            [
              645,
              351
            ],
            [
              645,
              313
            ]
          ]
        ]
      }
    },
    {
      "type": "Feature",
      "properties": {
        "id": "B-176",
        "name": "实验准备楼 18",
        "zone": "教学区",
        "frontageRoad": "T-01",
        "description": "教学区的实验准备楼，按教学区普通模数统一规格建设。",
        "footprint": 2052,
        "scaleClass": "普通建筑",
        "buildingType": "实验准备楼",
        "sizeSpec": "教学区普通模数",
        "widthMeters": 54,
        "depthMeters": 38,
        "layer": "buildings"
      },
      "geometry": {
        "type": "Polygon",
        "coordinates": [
          [
            [
              785,
              369
            ],
            [
              839,
              369
            ],
            [
              839,
              407
            ],
            [
              785,
              407
            ],
            [
              785,
              369
            ]
          ]
        ]
      }
    },
    {
      "type": "Feature",
      "properties": {
        "id": "B-177",
        "name": "普通教学楼 19",
        "zone": "教学区",
        "frontageRoad": "T-01",
        "description": "教学区的普通教学楼，按教学区普通模数统一规格建设。",
        "footprint": 2052,
        "scaleClass": "普通建筑",
        "buildingType": "普通教学楼",
        "sizeSpec": "教学区普通模数",
        "widthMeters": 54,
        "depthMeters": 38,
        "layer": "buildings"
      },
      "geometry": {
        "type": "Polygon",
        "coordinates": [
          [
            [
              785,
              313
            ],
            [
              839,
              313
            ],
            [
              839,
              351
            ],
            [
              785,
              351
            ],
            [
              785,
              313
            ]
          ]
        ]
      }
    },
    {
      "type": "Feature",
      "properties": {
        "id": "B-178",
        "name": "小型讲堂 19",
        "zone": "教学区",
        "frontageRoad": "T-01",
        "description": "教学区的小型讲堂，按教学区普通模数统一规格建设。",
        "footprint": 2052,
        "scaleClass": "普通建筑",
        "buildingType": "小型讲堂",
        "sizeSpec": "教学区普通模数",
        "widthMeters": 54,
        "depthMeters": 38,
        "layer": "buildings"
      },
      "geometry": {
        "type": "Polygon",
        "coordinates": [
          [
            [
              855,
              369
            ],
            [
              909,
              369
            ],
            [
              909,
              407
            ],
            [
              855,
              407
            ],
            [
              855,
              369
            ]
          ]
        ]
      }
    },
    {
      "type": "Feature",
      "properties": {
        "id": "B-179",
        "name": "实验准备楼 19",
        "zone": "教学区",
        "frontageRoad": "T-01",
        "description": "教学区的实验准备楼，按教学区普通模数统一规格建设。",
        "footprint": 2052,
        "scaleClass": "普通建筑",
        "buildingType": "实验准备楼",
        "sizeSpec": "教学区普通模数",
        "widthMeters": 54,
        "depthMeters": 38,
        "layer": "buildings"
      },
      "geometry": {
        "type": "Polygon",
        "coordinates": [
          [
            [
              855,
              313
            ],
            [
              909,
              313
            ],
            [
              909,
              351
            ],
            [
              855,
              351
            ],
            [
              855,
              313
            ]
          ]
        ]
      }
    },
    {
      "type": "Feature",
      "properties": {
        "id": "B-180",
        "name": "普通教学楼 20",
        "zone": "教学区",
        "frontageRoad": "T-01",
        "description": "教学区的普通教学楼，按教学区普通模数统一规格建设。",
        "footprint": 2052,
        "scaleClass": "普通建筑",
        "buildingType": "普通教学楼",
        "sizeSpec": "教学区普通模数",
        "widthMeters": 54,
        "depthMeters": 38,
        "layer": "buildings"
      },
      "geometry": {
        "type": "Polygon",
        "coordinates": [
          [
            [
              925,
              369
            ],
            [
              979,
              369
            ],
            [
              979,
              407
            ],
            [
              925,
              407
            ],
            [
              925,
              369
            ]
          ]
        ]
      }
    },
    {
      "type": "Feature",
      "properties": {
        "id": "B-181",
        "name": "小型讲堂 20",
        "zone": "教学区",
        "frontageRoad": "T-01",
        "description": "教学区的小型讲堂，按教学区普通模数统一规格建设。",
        "footprint": 2052,
        "scaleClass": "普通建筑",
        "buildingType": "小型讲堂",
        "sizeSpec": "教学区普通模数",
        "widthMeters": 54,
        "depthMeters": 38,
        "layer": "buildings"
      },
      "geometry": {
        "type": "Polygon",
        "coordinates": [
          [
            [
              925,
              313
            ],
            [
              979,
              313
            ],
            [
              979,
              351
            ],
            [
              925,
              351
            ],
            [
              925,
              313
            ]
          ]
        ]
      }
    },
    {
      "type": "Feature",
      "properties": {
        "id": "B-182",
        "name": "实验准备楼 20",
        "zone": "教学区",
        "frontageRoad": "T-01",
        "description": "教学区的实验准备楼，按教学区普通模数统一规格建设。",
        "footprint": 2052,
        "scaleClass": "普通建筑",
        "buildingType": "实验准备楼",
        "sizeSpec": "教学区普通模数",
        "widthMeters": 54,
        "depthMeters": 38,
        "layer": "buildings"
      },
      "geometry": {
        "type": "Polygon",
        "coordinates": [
          [
            [
              995,
              369
            ],
            [
              1049,
              369
            ],
            [
              1049,
              407
            ],
            [
              995,
              407
            ],
            [
              995,
              369
            ]
          ]
        ]
      }
    },
    {
      "type": "Feature",
      "properties": {
        "id": "B-183",
        "name": "普通教学楼 21",
        "zone": "教学区",
        "frontageRoad": "T-01",
        "description": "教学区的普通教学楼，按教学区普通模数统一规格建设。",
        "footprint": 2052,
        "scaleClass": "普通建筑",
        "buildingType": "普通教学楼",
        "sizeSpec": "教学区普通模数",
        "widthMeters": 54,
        "depthMeters": 38,
        "layer": "buildings"
      },
      "geometry": {
        "type": "Polygon",
        "coordinates": [
          [
            [
              995,
              313
            ],
            [
              1049,
              313
            ],
            [
              1049,
              351
            ],
            [
              995,
              351
            ],
            [
              995,
              313
            ]
          ]
        ]
      }
    },
    {
      "type": "Feature",
      "properties": {
        "id": "B-184",
        "name": "小型讲堂 21",
        "zone": "教学区",
        "frontageRoad": "T-01",
        "description": "教学区的小型讲堂，按教学区普通模数统一规格建设。",
        "footprint": 2052,
        "scaleClass": "普通建筑",
        "buildingType": "小型讲堂",
        "sizeSpec": "教学区普通模数",
        "widthMeters": 54,
        "depthMeters": 38,
        "layer": "buildings"
      },
      "geometry": {
        "type": "Polygon",
        "coordinates": [
          [
            [
              1135,
              369
            ],
            [
              1189,
              369
            ],
            [
              1189,
              407
            ],
            [
              1135,
              407
            ],
            [
              1135,
              369
            ]
          ]
        ]
      }
    },
    {
      "type": "Feature",
      "properties": {
        "id": "B-185",
        "name": "实验准备楼 21",
        "zone": "教学区",
        "frontageRoad": "T-01",
        "description": "教学区的实验准备楼，按教学区普通模数统一规格建设。",
        "footprint": 2052,
        "scaleClass": "普通建筑",
        "buildingType": "实验准备楼",
        "sizeSpec": "教学区普通模数",
        "widthMeters": 54,
        "depthMeters": 38,
        "layer": "buildings"
      },
      "geometry": {
        "type": "Polygon",
        "coordinates": [
          [
            [
              1205,
              313
            ],
            [
              1259,
              313
            ],
            [
              1259,
              351
            ],
            [
              1205,
              351
            ],
            [
              1205,
              313
            ]
          ]
        ]
      }
    },
    {
      "type": "Feature",
      "properties": {
        "id": "B-186",
        "name": "普通教学楼 22",
        "zone": "教学区",
        "frontageRoad": "T-01",
        "description": "教学区的普通教学楼，按教学区普通模数统一规格建设。",
        "footprint": 2052,
        "scaleClass": "普通建筑",
        "buildingType": "普通教学楼",
        "sizeSpec": "教学区普通模数",
        "widthMeters": 54,
        "depthMeters": 38,
        "layer": "buildings"
      },
      "geometry": {
        "type": "Polygon",
        "coordinates": [
          [
            [
              1275,
              313
            ],
            [
              1329,
              313
            ],
            [
              1329,
              351
            ],
            [
              1275,
              351
            ],
            [
              1275,
              313
            ]
          ]
        ]
      }
    },
    {
      "type": "Feature",
      "properties": {
        "id": "B-187",
        "name": "小型讲堂 22",
        "zone": "教学区",
        "frontageRoad": "T-01",
        "description": "教学区的小型讲堂，按教学区普通模数统一规格建设。",
        "footprint": 2052,
        "scaleClass": "普通建筑",
        "buildingType": "小型讲堂",
        "sizeSpec": "教学区普通模数",
        "widthMeters": 54,
        "depthMeters": 38,
        "layer": "buildings"
      },
      "geometry": {
        "type": "Polygon",
        "coordinates": [
          [
            [
              1345,
              313
            ],
            [
              1399,
              313
            ],
            [
              1399,
              351
            ],
            [
              1345,
              351
            ],
            [
              1345,
              313
            ]
          ]
        ]
      }
    },
    {
      "type": "Feature",
      "properties": {
        "id": "B-188",
        "name": "实验准备楼 22",
        "zone": "教学区",
        "frontageRoad": "T-03",
        "description": "教学区的实验准备楼，按教学区普通模数统一规格建设。",
        "footprint": 2052,
        "scaleClass": "普通建筑",
        "buildingType": "实验准备楼",
        "sizeSpec": "教学区普通模数",
        "widthMeters": 54,
        "depthMeters": 38,
        "layer": "buildings"
      },
      "geometry": {
        "type": "Polygon",
        "coordinates": [
          [
            [
              225,
              1059
            ],
            [
              279,
              1059
            ],
            [
              279,
              1097
            ],
            [
              225,
              1097
            ],
            [
              225,
              1059
            ]
          ]
        ]
      }
    },
    {
      "type": "Feature",
      "properties": {
        "id": "B-189",
        "name": "普通教学楼 23",
        "zone": "教学区",
        "frontageRoad": "T-03",
        "description": "教学区的普通教学楼，按教学区普通模数统一规格建设。",
        "footprint": 2052,
        "scaleClass": "普通建筑",
        "buildingType": "普通教学楼",
        "sizeSpec": "教学区普通模数",
        "widthMeters": 54,
        "depthMeters": 38,
        "layer": "buildings"
      },
      "geometry": {
        "type": "Polygon",
        "coordinates": [
          [
            [
              225,
              1003
            ],
            [
              279,
              1003
            ],
            [
              279,
              1041
            ],
            [
              225,
              1041
            ],
            [
              225,
              1003
            ]
          ]
        ]
      }
    },
    {
      "type": "Feature",
      "properties": {
        "id": "B-190",
        "name": "小型讲堂 23",
        "zone": "教学区",
        "frontageRoad": "T-03",
        "description": "教学区的小型讲堂，按教学区普通模数统一规格建设。",
        "footprint": 2052,
        "scaleClass": "普通建筑",
        "buildingType": "小型讲堂",
        "sizeSpec": "教学区普通模数",
        "widthMeters": 54,
        "depthMeters": 38,
        "layer": "buildings"
      },
      "geometry": {
        "type": "Polygon",
        "coordinates": [
          [
            [
              295,
              1059
            ],
            [
              349,
              1059
            ],
            [
              349,
              1097
            ],
            [
              295,
              1097
            ],
            [
              295,
              1059
            ]
          ]
        ]
      }
    },
    {
      "type": "Feature",
      "properties": {
        "id": "B-191",
        "name": "实验准备楼 23",
        "zone": "教学区",
        "frontageRoad": "T-03",
        "description": "教学区的实验准备楼，按教学区普通模数统一规格建设。",
        "footprint": 2052,
        "scaleClass": "普通建筑",
        "buildingType": "实验准备楼",
        "sizeSpec": "教学区普通模数",
        "widthMeters": 54,
        "depthMeters": 38,
        "layer": "buildings"
      },
      "geometry": {
        "type": "Polygon",
        "coordinates": [
          [
            [
              295,
              1003
            ],
            [
              349,
              1003
            ],
            [
              349,
              1041
            ],
            [
              295,
              1041
            ],
            [
              295,
              1003
            ]
          ]
        ]
      }
    },
    {
      "type": "Feature",
      "properties": {
        "id": "B-192",
        "name": "普通教学楼 24",
        "zone": "教学区",
        "frontageRoad": "T-03",
        "description": "教学区的普通教学楼，按教学区普通模数统一规格建设。",
        "footprint": 2052,
        "scaleClass": "普通建筑",
        "buildingType": "普通教学楼",
        "sizeSpec": "教学区普通模数",
        "widthMeters": 54,
        "depthMeters": 38,
        "layer": "buildings"
      },
      "geometry": {
        "type": "Polygon",
        "coordinates": [
          [
            [
              435,
              1059
            ],
            [
              489,
              1059
            ],
            [
              489,
              1097
            ],
            [
              435,
              1097
            ],
            [
              435,
              1059
            ]
          ]
        ]
      }
    },
    {
      "type": "Feature",
      "properties": {
        "id": "B-193",
        "name": "小型讲堂 24",
        "zone": "教学区",
        "frontageRoad": "T-03",
        "description": "教学区的小型讲堂，按教学区普通模数统一规格建设。",
        "footprint": 2052,
        "scaleClass": "普通建筑",
        "buildingType": "小型讲堂",
        "sizeSpec": "教学区普通模数",
        "widthMeters": 54,
        "depthMeters": 38,
        "layer": "buildings"
      },
      "geometry": {
        "type": "Polygon",
        "coordinates": [
          [
            [
              435,
              1003
            ],
            [
              489,
              1003
            ],
            [
              489,
              1041
            ],
            [
              435,
              1041
            ],
            [
              435,
              1003
            ]
          ]
        ]
      }
    },
    {
      "type": "Feature",
      "properties": {
        "id": "B-194",
        "name": "实验准备楼 24",
        "zone": "教学区",
        "frontageRoad": "T-03",
        "description": "教学区的实验准备楼，按教学区普通模数统一规格建设。",
        "footprint": 2052,
        "scaleClass": "普通建筑",
        "buildingType": "实验准备楼",
        "sizeSpec": "教学区普通模数",
        "widthMeters": 54,
        "depthMeters": 38,
        "layer": "buildings"
      },
      "geometry": {
        "type": "Polygon",
        "coordinates": [
          [
            [
              645,
              1059
            ],
            [
              699,
              1059
            ],
            [
              699,
              1097
            ],
            [
              645,
              1097
            ],
            [
              645,
              1059
            ]
          ]
        ]
      }
    },
    {
      "type": "Feature",
      "properties": {
        "id": "B-195",
        "name": "普通教学楼 25",
        "zone": "教学区",
        "frontageRoad": "T-03",
        "description": "教学区的普通教学楼，按教学区普通模数统一规格建设。",
        "footprint": 2052,
        "scaleClass": "普通建筑",
        "buildingType": "普通教学楼",
        "sizeSpec": "教学区普通模数",
        "widthMeters": 54,
        "depthMeters": 38,
        "layer": "buildings"
      },
      "geometry": {
        "type": "Polygon",
        "coordinates": [
          [
            [
              785,
              1059
            ],
            [
              839,
              1059
            ],
            [
              839,
              1097
            ],
            [
              785,
              1097
            ],
            [
              785,
              1059
            ]
          ]
        ]
      }
    },
    {
      "type": "Feature",
      "properties": {
        "id": "B-196",
        "name": "小型讲堂 25",
        "zone": "教学区",
        "frontageRoad": "T-03",
        "description": "教学区的小型讲堂，按教学区普通模数统一规格建设。",
        "footprint": 2052,
        "scaleClass": "普通建筑",
        "buildingType": "小型讲堂",
        "sizeSpec": "教学区普通模数",
        "widthMeters": 54,
        "depthMeters": 38,
        "layer": "buildings"
      },
      "geometry": {
        "type": "Polygon",
        "coordinates": [
          [
            [
              785,
              1003
            ],
            [
              839,
              1003
            ],
            [
              839,
              1041
            ],
            [
              785,
              1041
            ],
            [
              785,
              1003
            ]
          ]
        ]
      }
    },
    {
      "type": "Feature",
      "properties": {
        "id": "B-197",
        "name": "实验准备楼 25",
        "zone": "教学区",
        "frontageRoad": "T-03",
        "description": "教学区的实验准备楼，按教学区普通模数统一规格建设。",
        "footprint": 2052,
        "scaleClass": "普通建筑",
        "buildingType": "实验准备楼",
        "sizeSpec": "教学区普通模数",
        "widthMeters": 54,
        "depthMeters": 38,
        "layer": "buildings"
      },
      "geometry": {
        "type": "Polygon",
        "coordinates": [
          [
            [
              855,
              1059
            ],
            [
              909,
              1059
            ],
            [
              909,
              1097
            ],
            [
              855,
              1097
            ],
            [
              855,
              1059
            ]
          ]
        ]
      }
    },
    {
      "type": "Feature",
      "properties": {
        "id": "B-198",
        "name": "普通教学楼 26",
        "zone": "教学区",
        "frontageRoad": "T-03",
        "description": "教学区的普通教学楼，按教学区普通模数统一规格建设。",
        "footprint": 2052,
        "scaleClass": "普通建筑",
        "buildingType": "普通教学楼",
        "sizeSpec": "教学区普通模数",
        "widthMeters": 54,
        "depthMeters": 38,
        "layer": "buildings"
      },
      "geometry": {
        "type": "Polygon",
        "coordinates": [
          [
            [
              855,
              1003
            ],
            [
              909,
              1003
            ],
            [
              909,
              1041
            ],
            [
              855,
              1041
            ],
            [
              855,
              1003
            ]
          ]
        ]
      }
    },
    {
      "type": "Feature",
      "properties": {
        "id": "B-199",
        "name": "小型讲堂 26",
        "zone": "教学区",
        "frontageRoad": "T-03",
        "description": "教学区的小型讲堂，按教学区普通模数统一规格建设。",
        "footprint": 2052,
        "scaleClass": "普通建筑",
        "buildingType": "小型讲堂",
        "sizeSpec": "教学区普通模数",
        "widthMeters": 54,
        "depthMeters": 38,
        "layer": "buildings"
      },
      "geometry": {
        "type": "Polygon",
        "coordinates": [
          [
            [
              925,
              1059
            ],
            [
              979,
              1059
            ],
            [
              979,
              1097
            ],
            [
              925,
              1097
            ],
            [
              925,
              1059
            ]
          ]
        ]
      }
    },
    {
      "type": "Feature",
      "properties": {
        "id": "B-200",
        "name": "实验准备楼 26",
        "zone": "教学区",
        "frontageRoad": "T-03",
        "description": "教学区的实验准备楼，按教学区普通模数统一规格建设。",
        "footprint": 2052,
        "scaleClass": "普通建筑",
        "buildingType": "实验准备楼",
        "sizeSpec": "教学区普通模数",
        "widthMeters": 54,
        "depthMeters": 38,
        "layer": "buildings"
      },
      "geometry": {
        "type": "Polygon",
        "coordinates": [
          [
            [
              925,
              1003
            ],
            [
              979,
              1003
            ],
            [
              979,
              1041
            ],
            [
              925,
              1041
            ],
            [
              925,
              1003
            ]
          ]
        ]
      }
    },
    {
      "type": "Feature",
      "properties": {
        "id": "B-201",
        "name": "普通教学楼 27",
        "zone": "教学区",
        "frontageRoad": "T-03",
        "description": "教学区的普通教学楼，按教学区普通模数统一规格建设。",
        "footprint": 2052,
        "scaleClass": "普通建筑",
        "buildingType": "普通教学楼",
        "sizeSpec": "教学区普通模数",
        "widthMeters": 54,
        "depthMeters": 38,
        "layer": "buildings"
      },
      "geometry": {
        "type": "Polygon",
        "coordinates": [
          [
            [
              995,
              1059
            ],
            [
              1049,
              1059
            ],
            [
              1049,
              1097
            ],
            [
              995,
              1097
            ],
            [
              995,
              1059
            ]
          ]
        ]
      }
    },
    {
      "type": "Feature",
      "properties": {
        "id": "B-202",
        "name": "小型讲堂 27",
        "zone": "教学区",
        "frontageRoad": "T-04",
        "description": "教学区的小型讲堂，按教学区普通模数统一规格建设。",
        "footprint": 2052,
        "scaleClass": "普通建筑",
        "buildingType": "小型讲堂",
        "sizeSpec": "教学区普通模数",
        "widthMeters": 54,
        "depthMeters": 38,
        "layer": "buildings"
      },
      "geometry": {
        "type": "Polygon",
        "coordinates": [
          [
            [
              375,
              508.5
            ],
            [
              429,
              508.5
            ],
            [
              429,
              546.5
            ],
            [
              375,
              546.5
            ],
            [
              375,
              508.5
            ]
          ]
        ]
      }
    },
    {
      "type": "Feature",
      "properties": {
        "id": "B-203",
        "name": "实验准备楼 27",
        "zone": "教学区",
        "frontageRoad": "T-04",
        "description": "教学区的实验准备楼，按教学区普通模数统一规格建设。",
        "footprint": 2052,
        "scaleClass": "普通建筑",
        "buildingType": "实验准备楼",
        "sizeSpec": "教学区普通模数",
        "widthMeters": 54,
        "depthMeters": 38,
        "layer": "buildings"
      },
      "geometry": {
        "type": "Polygon",
        "coordinates": [
          [
            [
              375,
              453.5
            ],
            [
              429,
              453.5
            ],
            [
              429,
              491.5
            ],
            [
              375,
              491.5
            ],
            [
              375,
              453.5
            ]
          ]
        ]
      }
    },
    {
      "type": "Feature",
      "properties": {
        "id": "B-204",
        "name": "普通教学楼 28",
        "zone": "教学区",
        "frontageRoad": "T-04",
        "description": "教学区的普通教学楼，按教学区普通模数统一规格建设。",
        "footprint": 2052,
        "scaleClass": "普通建筑",
        "buildingType": "普通教学楼",
        "sizeSpec": "教学区普通模数",
        "widthMeters": 54,
        "depthMeters": 38,
        "layer": "buildings"
      },
      "geometry": {
        "type": "Polygon",
        "coordinates": [
          [
            [
              445,
              508.5
            ],
            [
              499,
              508.5
            ],
            [
              499,
              546.5
            ],
            [
              445,
              546.5
            ],
            [
              445,
              508.5
            ]
          ]
        ]
      }
    },
    {
      "type": "Feature",
      "properties": {
        "id": "B-205",
        "name": "小型讲堂 28",
        "zone": "教学区",
        "frontageRoad": "T-04",
        "description": "教学区的小型讲堂，按教学区普通模数统一规格建设。",
        "footprint": 2052,
        "scaleClass": "普通建筑",
        "buildingType": "小型讲堂",
        "sizeSpec": "教学区普通模数",
        "widthMeters": 54,
        "depthMeters": 38,
        "layer": "buildings"
      },
      "geometry": {
        "type": "Polygon",
        "coordinates": [
          [
            [
              445,
              453.5
            ],
            [
              499,
              453.5
            ],
            [
              499,
              491.5
            ],
            [
              445,
              491.5
            ],
            [
              445,
              453.5
            ]
          ]
        ]
      }
    },
    {
      "type": "Feature",
      "properties": {
        "id": "B-206",
        "name": "实验准备楼 28",
        "zone": "教学区",
        "frontageRoad": "T-04",
        "description": "教学区的实验准备楼，按教学区普通模数统一规格建设。",
        "footprint": 2052,
        "scaleClass": "普通建筑",
        "buildingType": "实验准备楼",
        "sizeSpec": "教学区普通模数",
        "widthMeters": 54,
        "depthMeters": 38,
        "layer": "buildings"
      },
      "geometry": {
        "type": "Polygon",
        "coordinates": [
          [
            [
              585,
              453.5
            ],
            [
              639,
              453.5
            ],
            [
              639,
              491.5
            ],
            [
              585,
              491.5
            ],
            [
              585,
              453.5
            ]
          ]
        ]
      }
    },
    {
      "type": "Feature",
      "properties": {
        "id": "B-207",
        "name": "普通教学楼 29",
        "zone": "教学区",
        "frontageRoad": "T-04",
        "description": "教学区的普通教学楼，按教学区普通模数统一规格建设。",
        "footprint": 2052,
        "scaleClass": "普通建筑",
        "buildingType": "普通教学楼",
        "sizeSpec": "教学区普通模数",
        "widthMeters": 54,
        "depthMeters": 38,
        "layer": "buildings"
      },
      "geometry": {
        "type": "Polygon",
        "coordinates": [
          [
            [
              655,
              453.5
            ],
            [
              709,
              453.5
            ],
            [
              709,
              491.5
            ],
            [
              655,
              491.5
            ],
            [
              655,
              453.5
            ]
          ]
        ]
      }
    },
    {
      "type": "Feature",
      "properties": {
        "id": "B-208",
        "name": "小型讲堂 29",
        "zone": "教学区",
        "frontageRoad": "T-04",
        "description": "教学区的小型讲堂，按教学区普通模数统一规格建设。",
        "footprint": 2052,
        "scaleClass": "普通建筑",
        "buildingType": "小型讲堂",
        "sizeSpec": "教学区普通模数",
        "widthMeters": 54,
        "depthMeters": 38,
        "layer": "buildings"
      },
      "geometry": {
        "type": "Polygon",
        "coordinates": [
          [
            [
              795,
              508.5
            ],
            [
              849,
              508.5
            ],
            [
              849,
              546.5
            ],
            [
              795,
              546.5
            ],
            [
              795,
              508.5
            ]
          ]
        ]
      }
    },
    {
      "type": "Feature",
      "properties": {
        "id": "B-209",
        "name": "实验准备楼 29",
        "zone": "教学区",
        "frontageRoad": "T-04",
        "description": "教学区的实验准备楼，按教学区普通模数统一规格建设。",
        "footprint": 2052,
        "scaleClass": "普通建筑",
        "buildingType": "实验准备楼",
        "sizeSpec": "教学区普通模数",
        "widthMeters": 54,
        "depthMeters": 38,
        "layer": "buildings"
      },
      "geometry": {
        "type": "Polygon",
        "coordinates": [
          [
            [
              795,
              453.5
            ],
            [
              849,
              453.5
            ],
            [
              849,
              491.5
            ],
            [
              795,
              491.5
            ],
            [
              795,
              453.5
            ]
          ]
        ]
      }
    },
    {
      "type": "Feature",
      "properties": {
        "id": "B-210",
        "name": "普通教学楼 30",
        "zone": "教学区",
        "frontageRoad": "T-04",
        "description": "教学区的普通教学楼，按教学区普通模数统一规格建设。",
        "footprint": 2052,
        "scaleClass": "普通建筑",
        "buildingType": "普通教学楼",
        "sizeSpec": "教学区普通模数",
        "widthMeters": 54,
        "depthMeters": 38,
        "layer": "buildings"
      },
      "geometry": {
        "type": "Polygon",
        "coordinates": [
          [
            [
              865,
              453.5
            ],
            [
              919,
              453.5
            ],
            [
              919,
              491.5
            ],
            [
              865,
              491.5
            ],
            [
              865,
              453.5
            ]
          ]
        ]
      }
    },
    {
      "type": "Feature",
      "properties": {
        "id": "B-211",
        "name": "小型讲堂 30",
        "zone": "教学区",
        "frontageRoad": "T-04",
        "description": "教学区的小型讲堂，按教学区普通模数统一规格建设。",
        "footprint": 2052,
        "scaleClass": "普通建筑",
        "buildingType": "小型讲堂",
        "sizeSpec": "教学区普通模数",
        "widthMeters": 54,
        "depthMeters": 38,
        "layer": "buildings"
      },
      "geometry": {
        "type": "Polygon",
        "coordinates": [
          [
            [
              935,
              508.5
            ],
            [
              989,
              508.5
            ],
            [
              989,
              546.5
            ],
            [
              935,
              546.5
            ],
            [
              935,
              508.5
            ]
          ]
        ]
      }
    },
    {
      "type": "Feature",
      "properties": {
        "id": "B-212",
        "name": "实验准备楼 30",
        "zone": "教学区",
        "frontageRoad": "T-04",
        "description": "教学区的实验准备楼，按教学区普通模数统一规格建设。",
        "footprint": 2052,
        "scaleClass": "普通建筑",
        "buildingType": "实验准备楼",
        "sizeSpec": "教学区普通模数",
        "widthMeters": 54,
        "depthMeters": 38,
        "layer": "buildings"
      },
      "geometry": {
        "type": "Polygon",
        "coordinates": [
          [
            [
              935,
              453.5
            ],
            [
              989,
              453.5
            ],
            [
              989,
              491.5
            ],
            [
              935,
              491.5
            ],
            [
              935,
              453.5
            ]
          ]
        ]
      }
    },
    {
      "type": "Feature",
      "properties": {
        "id": "B-213",
        "name": "普通教学楼 31",
        "zone": "教学区",
        "frontageRoad": "T-04",
        "description": "教学区的普通教学楼，按教学区普通模数统一规格建设。",
        "footprint": 2052,
        "scaleClass": "普通建筑",
        "buildingType": "普通教学楼",
        "sizeSpec": "教学区普通模数",
        "widthMeters": 54,
        "depthMeters": 38,
        "layer": "buildings"
      },
      "geometry": {
        "type": "Polygon",
        "coordinates": [
          [
            [
              1005,
              508.5
            ],
            [
              1059,
              508.5
            ],
            [
              1059,
              546.5
            ],
            [
              1005,
              546.5
            ],
            [
              1005,
              508.5
            ]
          ]
        ]
      }
    },
    {
      "type": "Feature",
      "properties": {
        "id": "B-214",
        "name": "小型讲堂 31",
        "zone": "教学区",
        "frontageRoad": "T-04",
        "description": "教学区的小型讲堂，按教学区普通模数统一规格建设。",
        "footprint": 2052,
        "scaleClass": "普通建筑",
        "buildingType": "小型讲堂",
        "sizeSpec": "教学区普通模数",
        "widthMeters": 54,
        "depthMeters": 38,
        "layer": "buildings"
      },
      "geometry": {
        "type": "Polygon",
        "coordinates": [
          [
            [
              1005,
              453.5
            ],
            [
              1059,
              453.5
            ],
            [
              1059,
              491.5
            ],
            [
              1005,
              491.5
            ],
            [
              1005,
              453.5
            ]
          ]
        ]
      }
    },
    {
      "type": "Feature",
      "properties": {
        "id": "B-215",
        "name": "实验准备楼 31",
        "zone": "教学区",
        "frontageRoad": "T-V1",
        "description": "教学区的实验准备楼，按教学区普通模数统一规格建设。",
        "footprint": 2052,
        "scaleClass": "普通建筑",
        "buildingType": "实验准备楼",
        "sizeSpec": "教学区普通模数",
        "widthMeters": 54,
        "depthMeters": 38,
        "layer": "buildings"
      },
      "geometry": {
        "type": "Polygon",
        "coordinates": [
          [
            [
              551.5,
              375
            ],
            [
              551.5,
              429
            ],
            [
              513.5,
              429
            ],
            [
              513.5,
              375
            ],
            [
              551.5,
              375
            ]
          ]
        ]
      }
    },
    {
      "type": "Feature",
      "properties": {
        "id": "B-216",
        "name": "普通教学楼 32",
        "zone": "教学区",
        "frontageRoad": "T-V1",
        "description": "教学区的普通教学楼，按教学区普通模数统一规格建设。",
        "footprint": 2052,
        "scaleClass": "普通建筑",
        "buildingType": "普通教学楼",
        "sizeSpec": "教学区普通模数",
        "widthMeters": 54,
        "depthMeters": 38,
        "layer": "buildings"
      },
      "geometry": {
        "type": "Polygon",
        "coordinates": [
          [
            [
              551.5,
              515
            ],
            [
              551.5,
              569
            ],
            [
              513.5,
              569
            ],
            [
              513.5,
              515
            ],
            [
              551.5,
              515
            ]
          ]
        ]
      }
    },
    {
      "type": "Feature",
      "properties": {
        "id": "B-217",
        "name": "小型讲堂 32",
        "zone": "教学区",
        "frontageRoad": "T-V1",
        "description": "教学区的小型讲堂，按教学区普通模数统一规格建设。",
        "footprint": 2052,
        "scaleClass": "普通建筑",
        "buildingType": "小型讲堂",
        "sizeSpec": "教学区普通模数",
        "widthMeters": 54,
        "depthMeters": 38,
        "layer": "buildings"
      },
      "geometry": {
        "type": "Polygon",
        "coordinates": [
          [
            [
              551.5,
              655
            ],
            [
              551.5,
              709
            ],
            [
              513.5,
              709
            ],
            [
              513.5,
              655
            ],
            [
              551.5,
              655
            ]
          ]
        ]
      }
    },
    {
      "type": "Feature",
      "properties": {
        "id": "B-218",
        "name": "实验准备楼 32",
        "zone": "教学区",
        "frontageRoad": "T-V1",
        "description": "教学区的实验准备楼，按教学区普通模数统一规格建设。",
        "footprint": 2052,
        "scaleClass": "普通建筑",
        "buildingType": "实验准备楼",
        "sizeSpec": "教学区普通模数",
        "widthMeters": 54,
        "depthMeters": 38,
        "layer": "buildings"
      },
      "geometry": {
        "type": "Polygon",
        "coordinates": [
          [
            [
              551.5,
              725
            ],
            [
              551.5,
              779
            ],
            [
              513.5,
              779
            ],
            [
              513.5,
              725
            ],
            [
              551.5,
              725
            ]
          ]
        ]
      }
    },
    {
      "type": "Feature",
      "properties": {
        "id": "B-219",
        "name": "普通教学楼 33",
        "zone": "教学区",
        "frontageRoad": "T-V1",
        "description": "教学区的普通教学楼，按教学区普通模数统一规格建设。",
        "footprint": 2052,
        "scaleClass": "普通建筑",
        "buildingType": "普通教学楼",
        "sizeSpec": "教学区普通模数",
        "widthMeters": 54,
        "depthMeters": 38,
        "layer": "buildings"
      },
      "geometry": {
        "type": "Polygon",
        "coordinates": [
          [
            [
              551.5,
              865
            ],
            [
              551.5,
              919
            ],
            [
              513.5,
              919
            ],
            [
              513.5,
              865
            ],
            [
              551.5,
              865
            ]
          ]
        ]
      }
    },
    {
      "type": "Feature",
      "properties": {
        "id": "B-220",
        "name": "小型讲堂 33",
        "zone": "教学区",
        "frontageRoad": "T-V1",
        "description": "教学区的小型讲堂，按教学区普通模数统一规格建设。",
        "footprint": 2052,
        "scaleClass": "普通建筑",
        "buildingType": "小型讲堂",
        "sizeSpec": "教学区普通模数",
        "widthMeters": 54,
        "depthMeters": 38,
        "layer": "buildings"
      },
      "geometry": {
        "type": "Polygon",
        "coordinates": [
          [
            [
              551.5,
              935
            ],
            [
              551.5,
              989
            ],
            [
              513.5,
              989
            ],
            [
              513.5,
              935
            ],
            [
              551.5,
              935
            ]
          ]
        ]
      }
    },
    {
      "type": "Feature",
      "properties": {
        "id": "B-221",
        "name": "实验准备楼 33",
        "zone": "教学区",
        "frontageRoad": "T-V1",
        "description": "教学区的实验准备楼，按教学区普通模数统一规格建设。",
        "footprint": 2052,
        "scaleClass": "普通建筑",
        "buildingType": "实验准备楼",
        "sizeSpec": "教学区普通模数",
        "widthMeters": 54,
        "depthMeters": 38,
        "layer": "buildings"
      },
      "geometry": {
        "type": "Polygon",
        "coordinates": [
          [
            [
              551.5,
              1075
            ],
            [
              551.5,
              1129
            ],
            [
              513.5,
              1129
            ],
            [
              513.5,
              1075
            ],
            [
              551.5,
              1075
            ]
          ]
        ]
      }
    },
    {
      "type": "Feature",
      "properties": {
        "id": "B-222",
        "name": "普通教学楼 34",
        "zone": "教学区",
        "frontageRoad": "T-V1",
        "description": "教学区的普通教学楼，按教学区普通模数统一规格建设。",
        "footprint": 2052,
        "scaleClass": "普通建筑",
        "buildingType": "普通教学楼",
        "sizeSpec": "教学区普通模数",
        "widthMeters": 54,
        "depthMeters": 38,
        "layer": "buildings"
      },
      "geometry": {
        "type": "Polygon",
        "coordinates": [
          [
            [
              551.5,
              1145
            ],
            [
              551.5,
              1199
            ],
            [
              513.5,
              1199
            ],
            [
              513.5,
              1145
            ],
            [
              551.5,
              1145
            ]
          ]
        ]
      }
    },
    {
      "type": "Feature",
      "properties": {
        "id": "B-223",
        "name": "小型讲堂 34",
        "zone": "教学区",
        "frontageRoad": "T-V2",
        "description": "教学区的小型讲堂，按教学区普通模数统一规格建设。",
        "footprint": 2052,
        "scaleClass": "普通建筑",
        "buildingType": "小型讲堂",
        "sizeSpec": "教学区普通模数",
        "widthMeters": 54,
        "depthMeters": 38,
        "layer": "buildings"
      },
      "geometry": {
        "type": "Polygon",
        "coordinates": [
          [
            [
              1241.5,
              375
            ],
            [
              1241.5,
              429
            ],
            [
              1203.5,
              429
            ],
            [
              1203.5,
              375
            ],
            [
              1241.5,
              375
            ]
          ]
        ]
      }
    },
    {
      "type": "Feature",
      "properties": {
        "id": "B-224",
        "name": "实验准备楼 34",
        "zone": "教学区",
        "frontageRoad": "T-V2",
        "description": "教学区的实验准备楼，按教学区普通模数统一规格建设。",
        "footprint": 2052,
        "scaleClass": "普通建筑",
        "buildingType": "实验准备楼",
        "sizeSpec": "教学区普通模数",
        "widthMeters": 54,
        "depthMeters": 38,
        "layer": "buildings"
      },
      "geometry": {
        "type": "Polygon",
        "coordinates": [
          [
            [
              1241.5,
              445
            ],
            [
              1241.5,
              499
            ],
            [
              1203.5,
              499
            ],
            [
              1203.5,
              445
            ],
            [
              1241.5,
              445
            ]
          ]
        ]
      }
    },
    {
      "type": "Feature",
      "properties": {
        "id": "B-225",
        "name": "普通教学楼 35",
        "zone": "教学区",
        "frontageRoad": "T-V2",
        "description": "教学区的普通教学楼，按教学区普通模数统一规格建设。",
        "footprint": 2052,
        "scaleClass": "普通建筑",
        "buildingType": "普通教学楼",
        "sizeSpec": "教学区普通模数",
        "widthMeters": 54,
        "depthMeters": 38,
        "layer": "buildings"
      },
      "geometry": {
        "type": "Polygon",
        "coordinates": [
          [
            [
              1241.5,
              515
            ],
            [
              1241.5,
              569
            ],
            [
              1203.5,
              569
            ],
            [
              1203.5,
              515
            ],
            [
              1241.5,
              515
            ]
          ]
        ]
      }
    },
    {
      "type": "Feature",
      "properties": {
        "id": "B-226",
        "name": "小型讲堂 35",
        "zone": "教学区",
        "frontageRoad": "T-V2",
        "description": "教学区的小型讲堂，按教学区普通模数统一规格建设。",
        "footprint": 2052,
        "scaleClass": "普通建筑",
        "buildingType": "小型讲堂",
        "sizeSpec": "教学区普通模数",
        "widthMeters": 54,
        "depthMeters": 38,
        "layer": "buildings"
      },
      "geometry": {
        "type": "Polygon",
        "coordinates": [
          [
            [
              1296.5,
              515
            ],
            [
              1296.5,
              569
            ],
            [
              1258.5,
              569
            ],
            [
              1258.5,
              515
            ],
            [
              1296.5,
              515
            ]
          ]
        ]
      }
    },
    {
      "type": "Feature",
      "properties": {
        "id": "B-227",
        "name": "实验准备楼 35",
        "zone": "教学区",
        "frontageRoad": "T-V2",
        "description": "教学区的实验准备楼，按教学区普通模数统一规格建设。",
        "footprint": 2052,
        "scaleClass": "普通建筑",
        "buildingType": "实验准备楼",
        "sizeSpec": "教学区普通模数",
        "widthMeters": 54,
        "depthMeters": 38,
        "layer": "buildings"
      },
      "geometry": {
        "type": "Polygon",
        "coordinates": [
          [
            [
              1296.5,
              655
            ],
            [
              1296.5,
              709
            ],
            [
              1258.5,
              709
            ],
            [
              1258.5,
              655
            ],
            [
              1296.5,
              655
            ]
          ]
        ]
      }
    },
    {
      "type": "Feature",
      "properties": {
        "id": "B-228",
        "name": "普通教学楼 36",
        "zone": "教学区",
        "frontageRoad": "T-V2",
        "description": "教学区的普通教学楼，按教学区普通模数统一规格建设。",
        "footprint": 2052,
        "scaleClass": "普通建筑",
        "buildingType": "普通教学楼",
        "sizeSpec": "教学区普通模数",
        "widthMeters": 54,
        "depthMeters": 38,
        "layer": "buildings"
      },
      "geometry": {
        "type": "Polygon",
        "coordinates": [
          [
            [
              1241.5,
              725
            ],
            [
              1241.5,
              779
            ],
            [
              1203.5,
              779
            ],
            [
              1203.5,
              725
            ],
            [
              1241.5,
              725
            ]
          ]
        ]
      }
    },
    {
      "type": "Feature",
      "properties": {
        "id": "B-229",
        "name": "小型讲堂 36",
        "zone": "教学区",
        "frontageRoad": "T-V2",
        "description": "教学区的小型讲堂，按教学区普通模数统一规格建设。",
        "footprint": 2052,
        "scaleClass": "普通建筑",
        "buildingType": "小型讲堂",
        "sizeSpec": "教学区普通模数",
        "widthMeters": 54,
        "depthMeters": 38,
        "layer": "buildings"
      },
      "geometry": {
        "type": "Polygon",
        "coordinates": [
          [
            [
              1241.5,
              865
            ],
            [
              1241.5,
              919
            ],
            [
              1203.5,
              919
            ],
            [
              1203.5,
              865
            ],
            [
              1241.5,
              865
            ]
          ]
        ]
      }
    },
    {
      "type": "Feature",
      "properties": {
        "id": "B-230",
        "name": "实验准备楼 36",
        "zone": "教学区",
        "frontageRoad": "T-V2",
        "description": "教学区的实验准备楼，按教学区普通模数统一规格建设。",
        "footprint": 2052,
        "scaleClass": "普通建筑",
        "buildingType": "实验准备楼",
        "sizeSpec": "教学区普通模数",
        "widthMeters": 54,
        "depthMeters": 38,
        "layer": "buildings"
      },
      "geometry": {
        "type": "Polygon",
        "coordinates": [
          [
            [
              1241.5,
              935
            ],
            [
              1241.5,
              989
            ],
            [
              1203.5,
              989
            ],
            [
              1203.5,
              935
            ],
            [
              1241.5,
              935
            ]
          ]
        ]
      }
    },
    {
      "type": "Feature",
      "properties": {
        "id": "B-231",
        "name": "普通教学楼 37",
        "zone": "教学区",
        "frontageRoad": "T-V2",
        "description": "教学区的普通教学楼，按教学区普通模数统一规格建设。",
        "footprint": 2052,
        "scaleClass": "普通建筑",
        "buildingType": "普通教学楼",
        "sizeSpec": "教学区普通模数",
        "widthMeters": 54,
        "depthMeters": 38,
        "layer": "buildings"
      },
      "geometry": {
        "type": "Polygon",
        "coordinates": [
          [
            [
              1296.5,
              935
            ],
            [
              1296.5,
              989
            ],
            [
              1258.5,
              989
            ],
            [
              1258.5,
              935
            ],
            [
              1296.5,
              935
            ]
          ]
        ]
      }
    },
    {
      "type": "Feature",
      "properties": {
        "id": "B-232",
        "name": "小型讲堂 37",
        "zone": "教学区",
        "frontageRoad": "T-V2",
        "description": "教学区的小型讲堂，按教学区普通模数统一规格建设。",
        "footprint": 2052,
        "scaleClass": "普通建筑",
        "buildingType": "小型讲堂",
        "sizeSpec": "教学区普通模数",
        "widthMeters": 54,
        "depthMeters": 38,
        "layer": "buildings"
      },
      "geometry": {
        "type": "Polygon",
        "coordinates": [
          [
            [
              1241.5,
              1005
            ],
            [
              1241.5,
              1059
            ],
            [
              1203.5,
              1059
            ],
            [
              1203.5,
              1005
            ],
            [
              1241.5,
              1005
            ]
          ]
        ]
      }
    },
    {
      "type": "Feature",
      "properties": {
        "id": "B-233",
        "name": "实验准备楼 37",
        "zone": "教学区",
        "frontageRoad": "T-V2",
        "description": "教学区的实验准备楼，按教学区普通模数统一规格建设。",
        "footprint": 2052,
        "scaleClass": "普通建筑",
        "buildingType": "实验准备楼",
        "sizeSpec": "教学区普通模数",
        "widthMeters": 54,
        "depthMeters": 38,
        "layer": "buildings"
      },
      "geometry": {
        "type": "Polygon",
        "coordinates": [
          [
            [
              1296.5,
              1005
            ],
            [
              1296.5,
              1059
            ],
            [
              1258.5,
              1059
            ],
            [
              1258.5,
              1005
            ],
            [
              1296.5,
              1005
            ]
          ]
        ]
      }
    },
    {
      "type": "Feature",
      "properties": {
        "id": "B-234",
        "name": "家庭公寓 10",
        "zone": "生活区",
        "frontageRoad": "L-02",
        "description": "生活区的家庭公寓，按生活区普通模数统一规格建设。",
        "footprint": 1800,
        "scaleClass": "普通建筑",
        "buildingType": "家庭公寓",
        "sizeSpec": "生活区普通模数",
        "widthMeters": 50,
        "depthMeters": 36,
        "layer": "buildings"
      },
      "geometry": {
        "type": "Polygon",
        "coordinates": [
          [
            [
              157,
              1769
            ],
            [
              207,
              1769
            ],
            [
              207,
              1805
            ],
            [
              157,
              1805
            ],
            [
              157,
              1769
            ]
          ]
        ]
      }
    },
    {
      "type": "Feature",
      "properties": {
        "id": "B-235",
        "name": "标准生活街屋 11",
        "zone": "生活区",
        "frontageRoad": "L-02",
        "description": "生活区的标准生活街屋，按生活区普通模数统一规格建设。",
        "footprint": 1800,
        "scaleClass": "普通建筑",
        "buildingType": "标准生活街屋",
        "sizeSpec": "生活区普通模数",
        "widthMeters": 50,
        "depthMeters": 36,
        "layer": "buildings"
      },
      "geometry": {
        "type": "Polygon",
        "coordinates": [
          [
            [
              157,
              1715
            ],
            [
              207,
              1715
            ],
            [
              207,
              1751
            ],
            [
              157,
              1751
            ],
            [
              157,
              1715
            ]
          ]
        ]
      }
    },
    {
      "type": "Feature",
      "properties": {
        "id": "B-236",
        "name": "学生宿舍 11",
        "zone": "生活区",
        "frontageRoad": "L-02",
        "description": "生活区的学生宿舍，按生活区普通模数统一规格建设。",
        "footprint": 1800,
        "scaleClass": "普通建筑",
        "buildingType": "学生宿舍",
        "sizeSpec": "生活区普通模数",
        "widthMeters": 50,
        "depthMeters": 36,
        "layer": "buildings"
      },
      "geometry": {
        "type": "Polygon",
        "coordinates": [
          [
            [
              227,
              1769
            ],
            [
              277,
              1769
            ],
            [
              277,
              1805
            ],
            [
              227,
              1805
            ],
            [
              227,
              1769
            ]
          ]
        ]
      }
    },
    {
      "type": "Feature",
      "properties": {
        "id": "B-237",
        "name": "家庭公寓 11",
        "zone": "生活区",
        "frontageRoad": "L-02",
        "description": "生活区的家庭公寓，按生活区普通模数统一规格建设。",
        "footprint": 1800,
        "scaleClass": "普通建筑",
        "buildingType": "家庭公寓",
        "sizeSpec": "生活区普通模数",
        "widthMeters": 50,
        "depthMeters": 36,
        "layer": "buildings"
      },
      "geometry": {
        "type": "Polygon",
        "coordinates": [
          [
            [
              227,
              1715
            ],
            [
              277,
              1715
            ],
            [
              277,
              1751
            ],
            [
              227,
              1751
            ],
            [
              227,
              1715
            ]
          ]
        ]
      }
    },
    {
      "type": "Feature",
      "properties": {
        "id": "B-238",
        "name": "标准生活街屋 12",
        "zone": "生活区",
        "frontageRoad": "L-02",
        "description": "生活区的标准生活街屋，按生活区普通模数统一规格建设。",
        "footprint": 1800,
        "scaleClass": "普通建筑",
        "buildingType": "标准生活街屋",
        "sizeSpec": "生活区普通模数",
        "widthMeters": 50,
        "depthMeters": 36,
        "layer": "buildings"
      },
      "geometry": {
        "type": "Polygon",
        "coordinates": [
          [
            [
              297,
              1769
            ],
            [
              347,
              1769
            ],
            [
              347,
              1805
            ],
            [
              297,
              1805
            ],
            [
              297,
              1769
            ]
          ]
        ]
      }
    },
    {
      "type": "Feature",
      "properties": {
        "id": "B-239",
        "name": "学生宿舍 12",
        "zone": "生活区",
        "frontageRoad": "L-02",
        "description": "生活区的学生宿舍，按生活区普通模数统一规格建设。",
        "footprint": 1800,
        "scaleClass": "普通建筑",
        "buildingType": "学生宿舍",
        "sizeSpec": "生活区普通模数",
        "widthMeters": 50,
        "depthMeters": 36,
        "layer": "buildings"
      },
      "geometry": {
        "type": "Polygon",
        "coordinates": [
          [
            [
              297,
              1715
            ],
            [
              347,
              1715
            ],
            [
              347,
              1751
            ],
            [
              297,
              1751
            ],
            [
              297,
              1715
            ]
          ]
        ]
      }
    },
    {
      "type": "Feature",
      "properties": {
        "id": "B-240",
        "name": "家庭公寓 12",
        "zone": "生活区",
        "frontageRoad": "L-02",
        "description": "生活区的家庭公寓，按生活区普通模数统一规格建设。",
        "footprint": 1800,
        "scaleClass": "普通建筑",
        "buildingType": "家庭公寓",
        "sizeSpec": "生活区普通模数",
        "widthMeters": 50,
        "depthMeters": 36,
        "layer": "buildings"
      },
      "geometry": {
        "type": "Polygon",
        "coordinates": [
          [
            [
              437,
              1769
            ],
            [
              487,
              1769
            ],
            [
              487,
              1805
            ],
            [
              437,
              1805
            ],
            [
              437,
              1769
            ]
          ]
        ]
      }
    },
    {
      "type": "Feature",
      "properties": {
        "id": "B-241",
        "name": "标准生活街屋 13",
        "zone": "生活区",
        "frontageRoad": "L-02",
        "description": "生活区的标准生活街屋，按生活区普通模数统一规格建设。",
        "footprint": 1800,
        "scaleClass": "普通建筑",
        "buildingType": "标准生活街屋",
        "sizeSpec": "生活区普通模数",
        "widthMeters": 50,
        "depthMeters": 36,
        "layer": "buildings"
      },
      "geometry": {
        "type": "Polygon",
        "coordinates": [
          [
            [
              437,
              1715
            ],
            [
              487,
              1715
            ],
            [
              487,
              1751
            ],
            [
              437,
              1751
            ],
            [
              437,
              1715
            ]
          ]
        ]
      }
    },
    {
      "type": "Feature",
      "properties": {
        "id": "B-242",
        "name": "学生宿舍 13",
        "zone": "生活区",
        "frontageRoad": "L-02",
        "description": "生活区的学生宿舍，按生活区普通模数统一规格建设。",
        "footprint": 1800,
        "scaleClass": "普通建筑",
        "buildingType": "学生宿舍",
        "sizeSpec": "生活区普通模数",
        "widthMeters": 50,
        "depthMeters": 36,
        "layer": "buildings"
      },
      "geometry": {
        "type": "Polygon",
        "coordinates": [
          [
            [
              647,
              1769
            ],
            [
              697,
              1769
            ],
            [
              697,
              1805
            ],
            [
              647,
              1805
            ],
            [
              647,
              1769
            ]
          ]
        ]
      }
    },
    {
      "type": "Feature",
      "properties": {
        "id": "B-243",
        "name": "家庭公寓 13",
        "zone": "生活区",
        "frontageRoad": "L-02",
        "description": "生活区的家庭公寓，按生活区普通模数统一规格建设。",
        "footprint": 1800,
        "scaleClass": "普通建筑",
        "buildingType": "家庭公寓",
        "sizeSpec": "生活区普通模数",
        "widthMeters": 50,
        "depthMeters": 36,
        "layer": "buildings"
      },
      "geometry": {
        "type": "Polygon",
        "coordinates": [
          [
            [
              647,
              1715
            ],
            [
              697,
              1715
            ],
            [
              697,
              1751
            ],
            [
              647,
              1751
            ],
            [
              647,
              1715
            ]
          ]
        ]
      }
    },
    {
      "type": "Feature",
      "properties": {
        "id": "B-244",
        "name": "标准生活街屋 14",
        "zone": "生活区",
        "frontageRoad": "L-02",
        "description": "生活区的标准生活街屋，按生活区普通模数统一规格建设。",
        "footprint": 1800,
        "scaleClass": "普通建筑",
        "buildingType": "标准生活街屋",
        "sizeSpec": "生活区普通模数",
        "widthMeters": 50,
        "depthMeters": 36,
        "layer": "buildings"
      },
      "geometry": {
        "type": "Polygon",
        "coordinates": [
          [
            [
              787,
              1715
            ],
            [
              837,
              1715
            ],
            [
              837,
              1751
            ],
            [
              787,
              1751
            ],
            [
              787,
              1715
            ]
          ]
        ]
      }
    },
    {
      "type": "Feature",
      "properties": {
        "id": "B-245",
        "name": "学生宿舍 14",
        "zone": "生活区",
        "frontageRoad": "L-02",
        "description": "生活区的学生宿舍，按生活区普通模数统一规格建设。",
        "footprint": 1800,
        "scaleClass": "普通建筑",
        "buildingType": "学生宿舍",
        "sizeSpec": "生活区普通模数",
        "widthMeters": 50,
        "depthMeters": 36,
        "layer": "buildings"
      },
      "geometry": {
        "type": "Polygon",
        "coordinates": [
          [
            [
              857,
              1769
            ],
            [
              907,
              1769
            ],
            [
              907,
              1805
            ],
            [
              857,
              1805
            ],
            [
              857,
              1769
            ]
          ]
        ]
      }
    },
    {
      "type": "Feature",
      "properties": {
        "id": "B-246",
        "name": "家庭公寓 14",
        "zone": "生活区",
        "frontageRoad": "L-02",
        "description": "生活区的家庭公寓，按生活区普通模数统一规格建设。",
        "footprint": 1800,
        "scaleClass": "普通建筑",
        "buildingType": "家庭公寓",
        "sizeSpec": "生活区普通模数",
        "widthMeters": 50,
        "depthMeters": 36,
        "layer": "buildings"
      },
      "geometry": {
        "type": "Polygon",
        "coordinates": [
          [
            [
              857,
              1715
            ],
            [
              907,
              1715
            ],
            [
              907,
              1751
            ],
            [
              857,
              1751
            ],
            [
              857,
              1715
            ]
          ]
        ]
      }
    },
    {
      "type": "Feature",
      "properties": {
        "id": "B-247",
        "name": "标准生活街屋 15",
        "zone": "生活区",
        "frontageRoad": "L-02",
        "description": "生活区的标准生活街屋，按生活区普通模数统一规格建设。",
        "footprint": 1800,
        "scaleClass": "普通建筑",
        "buildingType": "标准生活街屋",
        "sizeSpec": "生活区普通模数",
        "widthMeters": 50,
        "depthMeters": 36,
        "layer": "buildings"
      },
      "geometry": {
        "type": "Polygon",
        "coordinates": [
          [
            [
              927,
              1769
            ],
            [
              977,
              1769
            ],
            [
              977,
              1805
            ],
            [
              927,
              1805
            ],
            [
              927,
              1769
            ]
          ]
        ]
      }
    },
    {
      "type": "Feature",
      "properties": {
        "id": "B-248",
        "name": "学生宿舍 15",
        "zone": "生活区",
        "frontageRoad": "L-02",
        "description": "生活区的学生宿舍，按生活区普通模数统一规格建设。",
        "footprint": 1800,
        "scaleClass": "普通建筑",
        "buildingType": "学生宿舍",
        "sizeSpec": "生活区普通模数",
        "widthMeters": 50,
        "depthMeters": 36,
        "layer": "buildings"
      },
      "geometry": {
        "type": "Polygon",
        "coordinates": [
          [
            [
              927,
              1715
            ],
            [
              977,
              1715
            ],
            [
              977,
              1751
            ],
            [
              927,
              1751
            ],
            [
              927,
              1715
            ]
          ]
        ]
      }
    },
    {
      "type": "Feature",
      "properties": {
        "id": "B-249",
        "name": "家庭公寓 15",
        "zone": "生活区",
        "frontageRoad": "L-02",
        "description": "生活区的家庭公寓，按生活区普通模数统一规格建设。",
        "footprint": 1800,
        "scaleClass": "普通建筑",
        "buildingType": "家庭公寓",
        "sizeSpec": "生活区普通模数",
        "widthMeters": 50,
        "depthMeters": 36,
        "layer": "buildings"
      },
      "geometry": {
        "type": "Polygon",
        "coordinates": [
          [
            [
              997,
              1715
            ],
            [
              1047,
              1715
            ],
            [
              1047,
              1751
            ],
            [
              997,
              1751
            ],
            [
              997,
              1715
            ]
          ]
        ]
      }
    },
    {
      "type": "Feature",
      "properties": {
        "id": "B-250",
        "name": "标准生活街屋 16",
        "zone": "生活区",
        "frontageRoad": "L-03",
        "description": "生活区的标准生活街屋，按生活区普通模数统一规格建设。",
        "footprint": 1800,
        "scaleClass": "普通建筑",
        "buildingType": "标准生活街屋",
        "sizeSpec": "生活区普通模数",
        "widthMeters": 50,
        "depthMeters": 36,
        "layer": "buildings"
      },
      "geometry": {
        "type": "Polygon",
        "coordinates": [
          [
            [
              87,
              2209
            ],
            [
              137,
              2209
            ],
            [
              137,
              2245
            ],
            [
              87,
              2245
            ],
            [
              87,
              2209
            ]
          ]
        ]
      }
    },
    {
      "type": "Feature",
      "properties": {
        "id": "B-251",
        "name": "学生宿舍 16",
        "zone": "生活区",
        "frontageRoad": "L-03",
        "description": "生活区的学生宿舍，按生活区普通模数统一规格建设。",
        "footprint": 1800,
        "scaleClass": "普通建筑",
        "buildingType": "学生宿舍",
        "sizeSpec": "生活区普通模数",
        "widthMeters": 50,
        "depthMeters": 36,
        "layer": "buildings"
      },
      "geometry": {
        "type": "Polygon",
        "coordinates": [
          [
            [
              87,
              2155
            ],
            [
              137,
              2155
            ],
            [
              137,
              2191
            ],
            [
              87,
              2191
            ],
            [
              87,
              2155
            ]
          ]
        ]
      }
    },
    {
      "type": "Feature",
      "properties": {
        "id": "B-252",
        "name": "家庭公寓 16",
        "zone": "生活区",
        "frontageRoad": "L-03",
        "description": "生活区的家庭公寓，按生活区普通模数统一规格建设。",
        "footprint": 1800,
        "scaleClass": "普通建筑",
        "buildingType": "家庭公寓",
        "sizeSpec": "生活区普通模数",
        "widthMeters": 50,
        "depthMeters": 36,
        "layer": "buildings"
      },
      "geometry": {
        "type": "Polygon",
        "coordinates": [
          [
            [
              157,
              2209
            ],
            [
              207,
              2209
            ],
            [
              207,
              2245
            ],
            [
              157,
              2245
            ],
            [
              157,
              2209
            ]
          ]
        ]
      }
    },
    {
      "type": "Feature",
      "properties": {
        "id": "B-253",
        "name": "标准生活街屋 17",
        "zone": "生活区",
        "frontageRoad": "L-03",
        "description": "生活区的标准生活街屋，按生活区普通模数统一规格建设。",
        "footprint": 1800,
        "scaleClass": "普通建筑",
        "buildingType": "标准生活街屋",
        "sizeSpec": "生活区普通模数",
        "widthMeters": 50,
        "depthMeters": 36,
        "layer": "buildings"
      },
      "geometry": {
        "type": "Polygon",
        "coordinates": [
          [
            [
              157,
              2155
            ],
            [
              207,
              2155
            ],
            [
              207,
              2191
            ],
            [
              157,
              2191
            ],
            [
              157,
              2155
            ]
          ]
        ]
      }
    },
    {
      "type": "Feature",
      "properties": {
        "id": "B-254",
        "name": "学生宿舍 17",
        "zone": "生活区",
        "frontageRoad": "L-03",
        "description": "生活区的学生宿舍，按生活区普通模数统一规格建设。",
        "footprint": 1800,
        "scaleClass": "普通建筑",
        "buildingType": "学生宿舍",
        "sizeSpec": "生活区普通模数",
        "widthMeters": 50,
        "depthMeters": 36,
        "layer": "buildings"
      },
      "geometry": {
        "type": "Polygon",
        "coordinates": [
          [
            [
              227,
              2209
            ],
            [
              277,
              2209
            ],
            [
              277,
              2245
            ],
            [
              227,
              2245
            ],
            [
              227,
              2209
            ]
          ]
        ]
      }
    },
    {
      "type": "Feature",
      "properties": {
        "id": "B-255",
        "name": "家庭公寓 17",
        "zone": "生活区",
        "frontageRoad": "L-03",
        "description": "生活区的家庭公寓，按生活区普通模数统一规格建设。",
        "footprint": 1800,
        "scaleClass": "普通建筑",
        "buildingType": "家庭公寓",
        "sizeSpec": "生活区普通模数",
        "widthMeters": 50,
        "depthMeters": 36,
        "layer": "buildings"
      },
      "geometry": {
        "type": "Polygon",
        "coordinates": [
          [
            [
              227,
              2155
            ],
            [
              277,
              2155
            ],
            [
              277,
              2191
            ],
            [
              227,
              2191
            ],
            [
              227,
              2155
            ]
          ]
        ]
      }
    },
    {
      "type": "Feature",
      "properties": {
        "id": "B-256",
        "name": "标准生活街屋 18",
        "zone": "生活区",
        "frontageRoad": "L-03",
        "description": "生活区的标准生活街屋，按生活区普通模数统一规格建设。",
        "footprint": 1800,
        "scaleClass": "普通建筑",
        "buildingType": "标准生活街屋",
        "sizeSpec": "生活区普通模数",
        "widthMeters": 50,
        "depthMeters": 36,
        "layer": "buildings"
      },
      "geometry": {
        "type": "Polygon",
        "coordinates": [
          [
            [
              297,
              2209
            ],
            [
              347,
              2209
            ],
            [
              347,
              2245
            ],
            [
              297,
              2245
            ],
            [
              297,
              2209
            ]
          ]
        ]
      }
    },
    {
      "type": "Feature",
      "properties": {
        "id": "B-257",
        "name": "学生宿舍 18",
        "zone": "生活区",
        "frontageRoad": "L-03",
        "description": "生活区的学生宿舍，按生活区普通模数统一规格建设。",
        "footprint": 1800,
        "scaleClass": "普通建筑",
        "buildingType": "学生宿舍",
        "sizeSpec": "生活区普通模数",
        "widthMeters": 50,
        "depthMeters": 36,
        "layer": "buildings"
      },
      "geometry": {
        "type": "Polygon",
        "coordinates": [
          [
            [
              297,
              2155
            ],
            [
              347,
              2155
            ],
            [
              347,
              2191
            ],
            [
              297,
              2191
            ],
            [
              297,
              2155
            ]
          ]
        ]
      }
    },
    {
      "type": "Feature",
      "properties": {
        "id": "B-258",
        "name": "家庭公寓 18",
        "zone": "生活区",
        "frontageRoad": "L-03",
        "description": "生活区的家庭公寓，按生活区普通模数统一规格建设。",
        "footprint": 1800,
        "scaleClass": "普通建筑",
        "buildingType": "家庭公寓",
        "sizeSpec": "生活区普通模数",
        "widthMeters": 50,
        "depthMeters": 36,
        "layer": "buildings"
      },
      "geometry": {
        "type": "Polygon",
        "coordinates": [
          [
            [
              437,
              2209
            ],
            [
              487,
              2209
            ],
            [
              487,
              2245
            ],
            [
              437,
              2245
            ],
            [
              437,
              2209
            ]
          ]
        ]
      }
    },
    {
      "type": "Feature",
      "properties": {
        "id": "B-259",
        "name": "标准生活街屋 19",
        "zone": "生活区",
        "frontageRoad": "L-03",
        "description": "生活区的标准生活街屋，按生活区普通模数统一规格建设。",
        "footprint": 1800,
        "scaleClass": "普通建筑",
        "buildingType": "标准生活街屋",
        "sizeSpec": "生活区普通模数",
        "widthMeters": 50,
        "depthMeters": 36,
        "layer": "buildings"
      },
      "geometry": {
        "type": "Polygon",
        "coordinates": [
          [
            [
              437,
              2155
            ],
            [
              487,
              2155
            ],
            [
              487,
              2191
            ],
            [
              437,
              2191
            ],
            [
              437,
              2155
            ]
          ]
        ]
      }
    },
    {
      "type": "Feature",
      "properties": {
        "id": "B-260",
        "name": "学生宿舍 19",
        "zone": "生活区",
        "frontageRoad": "L-03",
        "description": "生活区的学生宿舍，按生活区普通模数统一规格建设。",
        "footprint": 1800,
        "scaleClass": "普通建筑",
        "buildingType": "学生宿舍",
        "sizeSpec": "生活区普通模数",
        "widthMeters": 50,
        "depthMeters": 36,
        "layer": "buildings"
      },
      "geometry": {
        "type": "Polygon",
        "coordinates": [
          [
            [
              507,
              2209
            ],
            [
              557,
              2209
            ],
            [
              557,
              2245
            ],
            [
              507,
              2245
            ],
            [
              507,
              2209
            ]
          ]
        ]
      }
    },
    {
      "type": "Feature",
      "properties": {
        "id": "B-261",
        "name": "家庭公寓 19",
        "zone": "生活区",
        "frontageRoad": "L-03",
        "description": "生活区的家庭公寓，按生活区普通模数统一规格建设。",
        "footprint": 1800,
        "scaleClass": "普通建筑",
        "buildingType": "家庭公寓",
        "sizeSpec": "生活区普通模数",
        "widthMeters": 50,
        "depthMeters": 36,
        "layer": "buildings"
      },
      "geometry": {
        "type": "Polygon",
        "coordinates": [
          [
            [
              507,
              2155
            ],
            [
              557,
              2155
            ],
            [
              557,
              2191
            ],
            [
              507,
              2191
            ],
            [
              507,
              2155
            ]
          ]
        ]
      }
    },
    {
      "type": "Feature",
      "properties": {
        "id": "B-262",
        "name": "标准生活街屋 20",
        "zone": "生活区",
        "frontageRoad": "L-03",
        "description": "生活区的标准生活街屋，按生活区普通模数统一规格建设。",
        "footprint": 1800,
        "scaleClass": "普通建筑",
        "buildingType": "标准生活街屋",
        "sizeSpec": "生活区普通模数",
        "widthMeters": 50,
        "depthMeters": 36,
        "layer": "buildings"
      },
      "geometry": {
        "type": "Polygon",
        "coordinates": [
          [
            [
              577,
              2209
            ],
            [
              627,
              2209
            ],
            [
              627,
              2245
            ],
            [
              577,
              2245
            ],
            [
              577,
              2209
            ]
          ]
        ]
      }
    },
    {
      "type": "Feature",
      "properties": {
        "id": "B-263",
        "name": "学生宿舍 20",
        "zone": "生活区",
        "frontageRoad": "L-03",
        "description": "生活区的学生宿舍，按生活区普通模数统一规格建设。",
        "footprint": 1800,
        "scaleClass": "普通建筑",
        "buildingType": "学生宿舍",
        "sizeSpec": "生活区普通模数",
        "widthMeters": 50,
        "depthMeters": 36,
        "layer": "buildings"
      },
      "geometry": {
        "type": "Polygon",
        "coordinates": [
          [
            [
              577,
              2155
            ],
            [
              627,
              2155
            ],
            [
              627,
              2191
            ],
            [
              577,
              2191
            ],
            [
              577,
              2155
            ]
          ]
        ]
      }
    },
    {
      "type": "Feature",
      "properties": {
        "id": "B-264",
        "name": "家庭公寓 20",
        "zone": "生活区",
        "frontageRoad": "L-03",
        "description": "生活区的家庭公寓，按生活区普通模数统一规格建设。",
        "footprint": 1800,
        "scaleClass": "普通建筑",
        "buildingType": "家庭公寓",
        "sizeSpec": "生活区普通模数",
        "widthMeters": 50,
        "depthMeters": 36,
        "layer": "buildings"
      },
      "geometry": {
        "type": "Polygon",
        "coordinates": [
          [
            [
              647,
              2209
            ],
            [
              697,
              2209
            ],
            [
              697,
              2245
            ],
            [
              647,
              2245
            ],
            [
              647,
              2209
            ]
          ]
        ]
      }
    },
    {
      "type": "Feature",
      "properties": {
        "id": "B-265",
        "name": "标准生活街屋 21",
        "zone": "生活区",
        "frontageRoad": "L-03",
        "description": "生活区的标准生活街屋，按生活区普通模数统一规格建设。",
        "footprint": 1800,
        "scaleClass": "普通建筑",
        "buildingType": "标准生活街屋",
        "sizeSpec": "生活区普通模数",
        "widthMeters": 50,
        "depthMeters": 36,
        "layer": "buildings"
      },
      "geometry": {
        "type": "Polygon",
        "coordinates": [
          [
            [
              647,
              2155
            ],
            [
              697,
              2155
            ],
            [
              697,
              2191
            ],
            [
              647,
              2191
            ],
            [
              647,
              2155
            ]
          ]
        ]
      }
    },
    {
      "type": "Feature",
      "properties": {
        "id": "B-266",
        "name": "学生宿舍 21",
        "zone": "生活区",
        "frontageRoad": "L-03",
        "description": "生活区的学生宿舍，按生活区普通模数统一规格建设。",
        "footprint": 1800,
        "scaleClass": "普通建筑",
        "buildingType": "学生宿舍",
        "sizeSpec": "生活区普通模数",
        "widthMeters": 50,
        "depthMeters": 36,
        "layer": "buildings"
      },
      "geometry": {
        "type": "Polygon",
        "coordinates": [
          [
            [
              787,
              2155
            ],
            [
              837,
              2155
            ],
            [
              837,
              2191
            ],
            [
              787,
              2191
            ],
            [
              787,
              2155
            ]
          ]
        ]
      }
    },
    {
      "type": "Feature",
      "properties": {
        "id": "B-267",
        "name": "家庭公寓 21",
        "zone": "生活区",
        "frontageRoad": "L-03",
        "description": "生活区的家庭公寓，按生活区普通模数统一规格建设。",
        "footprint": 1800,
        "scaleClass": "普通建筑",
        "buildingType": "家庭公寓",
        "sizeSpec": "生活区普通模数",
        "widthMeters": 50,
        "depthMeters": 36,
        "layer": "buildings"
      },
      "geometry": {
        "type": "Polygon",
        "coordinates": [
          [
            [
              857,
              2209
            ],
            [
              907,
              2209
            ],
            [
              907,
              2245
            ],
            [
              857,
              2245
            ],
            [
              857,
              2209
            ]
          ]
        ]
      }
    },
    {
      "type": "Feature",
      "properties": {
        "id": "B-268",
        "name": "标准生活街屋 22",
        "zone": "生活区",
        "frontageRoad": "L-03",
        "description": "生活区的标准生活街屋，按生活区普通模数统一规格建设。",
        "footprint": 1800,
        "scaleClass": "普通建筑",
        "buildingType": "标准生活街屋",
        "sizeSpec": "生活区普通模数",
        "widthMeters": 50,
        "depthMeters": 36,
        "layer": "buildings"
      },
      "geometry": {
        "type": "Polygon",
        "coordinates": [
          [
            [
              857,
              2155
            ],
            [
              907,
              2155
            ],
            [
              907,
              2191
            ],
            [
              857,
              2191
            ],
            [
              857,
              2155
            ]
          ]
        ]
      }
    },
    {
      "type": "Feature",
      "properties": {
        "id": "B-269",
        "name": "学生宿舍 22",
        "zone": "生活区",
        "frontageRoad": "L-03",
        "description": "生活区的学生宿舍，按生活区普通模数统一规格建设。",
        "footprint": 1800,
        "scaleClass": "普通建筑",
        "buildingType": "学生宿舍",
        "sizeSpec": "生活区普通模数",
        "widthMeters": 50,
        "depthMeters": 36,
        "layer": "buildings"
      },
      "geometry": {
        "type": "Polygon",
        "coordinates": [
          [
            [
              927,
              2209
            ],
            [
              977,
              2209
            ],
            [
              977,
              2245
            ],
            [
              927,
              2245
            ],
            [
              927,
              2209
            ]
          ]
        ]
      }
    },
    {
      "type": "Feature",
      "properties": {
        "id": "B-270",
        "name": "家庭公寓 22",
        "zone": "生活区",
        "frontageRoad": "L-03",
        "description": "生活区的家庭公寓，按生活区普通模数统一规格建设。",
        "footprint": 1800,
        "scaleClass": "普通建筑",
        "buildingType": "家庭公寓",
        "sizeSpec": "生活区普通模数",
        "widthMeters": 50,
        "depthMeters": 36,
        "layer": "buildings"
      },
      "geometry": {
        "type": "Polygon",
        "coordinates": [
          [
            [
              927,
              2155
            ],
            [
              977,
              2155
            ],
            [
              977,
              2191
            ],
            [
              927,
              2191
            ],
            [
              927,
              2155
            ]
          ]
        ]
      }
    },
    {
      "type": "Feature",
      "properties": {
        "id": "B-271",
        "name": "标准生活街屋 23",
        "zone": "生活区",
        "frontageRoad": "L-03",
        "description": "生活区的标准生活街屋，按生活区普通模数统一规格建设。",
        "footprint": 1800,
        "scaleClass": "普通建筑",
        "buildingType": "标准生活街屋",
        "sizeSpec": "生活区普通模数",
        "widthMeters": 50,
        "depthMeters": 36,
        "layer": "buildings"
      },
      "geometry": {
        "type": "Polygon",
        "coordinates": [
          [
            [
              997,
              2209
            ],
            [
              1047,
              2209
            ],
            [
              1047,
              2245
            ],
            [
              997,
              2245
            ],
            [
              997,
              2209
            ]
          ]
        ]
      }
    },
    {
      "type": "Feature",
      "properties": {
        "id": "B-272",
        "name": "学生宿舍 23",
        "zone": "生活区",
        "frontageRoad": "L-03",
        "description": "生活区的学生宿舍，按生活区普通模数统一规格建设。",
        "footprint": 1800,
        "scaleClass": "普通建筑",
        "buildingType": "学生宿舍",
        "sizeSpec": "生活区普通模数",
        "widthMeters": 50,
        "depthMeters": 36,
        "layer": "buildings"
      },
      "geometry": {
        "type": "Polygon",
        "coordinates": [
          [
            [
              997,
              2155
            ],
            [
              1047,
              2155
            ],
            [
              1047,
              2191
            ],
            [
              997,
              2191
            ],
            [
              997,
              2155
            ]
          ]
        ]
      }
    },
    {
      "type": "Feature",
      "properties": {
        "id": "B-273",
        "name": "家庭公寓 23",
        "zone": "生活区",
        "frontageRoad": "L-03",
        "description": "生活区的家庭公寓，按生活区普通模数统一规格建设。",
        "footprint": 1800,
        "scaleClass": "普通建筑",
        "buildingType": "家庭公寓",
        "sizeSpec": "生活区普通模数",
        "widthMeters": 50,
        "depthMeters": 36,
        "layer": "buildings"
      },
      "geometry": {
        "type": "Polygon",
        "coordinates": [
          [
            [
              1137,
              2209
            ],
            [
              1187,
              2209
            ],
            [
              1187,
              2245
            ],
            [
              1137,
              2245
            ],
            [
              1137,
              2209
            ]
          ]
        ]
      }
    },
    {
      "type": "Feature",
      "properties": {
        "id": "B-274",
        "name": "标准生活街屋 24",
        "zone": "生活区",
        "frontageRoad": "L-03",
        "description": "生活区的标准生活街屋，按生活区普通模数统一规格建设。",
        "footprint": 1800,
        "scaleClass": "普通建筑",
        "buildingType": "标准生活街屋",
        "sizeSpec": "生活区普通模数",
        "widthMeters": 50,
        "depthMeters": 36,
        "layer": "buildings"
      },
      "geometry": {
        "type": "Polygon",
        "coordinates": [
          [
            [
              1207,
              2209
            ],
            [
              1257,
              2209
            ],
            [
              1257,
              2245
            ],
            [
              1207,
              2245
            ],
            [
              1207,
              2209
            ]
          ]
        ]
      }
    },
    {
      "type": "Feature",
      "properties": {
        "id": "B-275",
        "name": "学生宿舍 24",
        "zone": "生活区",
        "frontageRoad": "L-03",
        "description": "生活区的学生宿舍，按生活区普通模数统一规格建设。",
        "footprint": 1800,
        "scaleClass": "普通建筑",
        "buildingType": "学生宿舍",
        "sizeSpec": "生活区普通模数",
        "widthMeters": 50,
        "depthMeters": 36,
        "layer": "buildings"
      },
      "geometry": {
        "type": "Polygon",
        "coordinates": [
          [
            [
              1277,
              2209
            ],
            [
              1327,
              2209
            ],
            [
              1327,
              2245
            ],
            [
              1277,
              2245
            ],
            [
              1277,
              2209
            ]
          ]
        ]
      }
    },
    {
      "type": "Feature",
      "properties": {
        "id": "B-276",
        "name": "家庭公寓 24",
        "zone": "生活区",
        "frontageRoad": "L-03",
        "description": "生活区的家庭公寓，按生活区普通模数统一规格建设。",
        "footprint": 1800,
        "scaleClass": "普通建筑",
        "buildingType": "家庭公寓",
        "sizeSpec": "生活区普通模数",
        "widthMeters": 50,
        "depthMeters": 36,
        "layer": "buildings"
      },
      "geometry": {
        "type": "Polygon",
        "coordinates": [
          [
            [
              1277,
              2155
            ],
            [
              1327,
              2155
            ],
            [
              1327,
              2191
            ],
            [
              1277,
              2191
            ],
            [
              1277,
              2155
            ]
          ]
        ]
      }
    },
    {
      "type": "Feature",
      "properties": {
        "id": "B-277",
        "name": "标准生活街屋 25",
        "zone": "生活区",
        "frontageRoad": "L-03",
        "description": "生活区的标准生活街屋，按生活区普通模数统一规格建设。",
        "footprint": 1800,
        "scaleClass": "普通建筑",
        "buildingType": "标准生活街屋",
        "sizeSpec": "生活区普通模数",
        "widthMeters": 50,
        "depthMeters": 36,
        "layer": "buildings"
      },
      "geometry": {
        "type": "Polygon",
        "coordinates": [
          [
            [
              1347,
              2209
            ],
            [
              1397,
              2209
            ],
            [
              1397,
              2245
            ],
            [
              1347,
              2245
            ],
            [
              1347,
              2209
            ]
          ]
        ]
      }
    },
    {
      "type": "Feature",
      "properties": {
        "id": "B-278",
        "name": "学生宿舍 25",
        "zone": "生活区",
        "frontageRoad": "L-03",
        "description": "生活区的学生宿舍，按生活区普通模数统一规格建设。",
        "footprint": 1800,
        "scaleClass": "普通建筑",
        "buildingType": "学生宿舍",
        "sizeSpec": "生活区普通模数",
        "widthMeters": 50,
        "depthMeters": 36,
        "layer": "buildings"
      },
      "geometry": {
        "type": "Polygon",
        "coordinates": [
          [
            [
              1347,
              2155
            ],
            [
              1397,
              2155
            ],
            [
              1397,
              2191
            ],
            [
              1347,
              2191
            ],
            [
              1347,
              2155
            ]
          ]
        ]
      }
    },
    {
      "type": "Feature",
      "properties": {
        "id": "B-279",
        "name": "家庭公寓 25",
        "zone": "生活区",
        "frontageRoad": "L-04",
        "description": "生活区的家庭公寓，按生活区普通模数统一规格建设。",
        "footprint": 1800,
        "scaleClass": "普通建筑",
        "buildingType": "家庭公寓",
        "sizeSpec": "生活区普通模数",
        "widthMeters": 50,
        "depthMeters": 36,
        "layer": "buildings"
      },
      "geometry": {
        "type": "Polygon",
        "coordinates": [
          [
            [
              377,
              1908.5
            ],
            [
              427,
              1908.5
            ],
            [
              427,
              1944.5
            ],
            [
              377,
              1944.5
            ],
            [
              377,
              1908.5
            ]
          ]
        ]
      }
    },
    {
      "type": "Feature",
      "properties": {
        "id": "B-280",
        "name": "标准生活街屋 26",
        "zone": "生活区",
        "frontageRoad": "L-04",
        "description": "生活区的标准生活街屋，按生活区普通模数统一规格建设。",
        "footprint": 1800,
        "scaleClass": "普通建筑",
        "buildingType": "标准生活街屋",
        "sizeSpec": "生活区普通模数",
        "widthMeters": 50,
        "depthMeters": 36,
        "layer": "buildings"
      },
      "geometry": {
        "type": "Polygon",
        "coordinates": [
          [
            [
              377,
              1855.5
            ],
            [
              427,
              1855.5
            ],
            [
              427,
              1891.5
            ],
            [
              377,
              1891.5
            ],
            [
              377,
              1855.5
            ]
          ]
        ]
      }
    },
    {
      "type": "Feature",
      "properties": {
        "id": "B-281",
        "name": "学生宿舍 26",
        "zone": "生活区",
        "frontageRoad": "L-04",
        "description": "生活区的学生宿舍，按生活区普通模数统一规格建设。",
        "footprint": 1800,
        "scaleClass": "普通建筑",
        "buildingType": "学生宿舍",
        "sizeSpec": "生活区普通模数",
        "widthMeters": 50,
        "depthMeters": 36,
        "layer": "buildings"
      },
      "geometry": {
        "type": "Polygon",
        "coordinates": [
          [
            [
              447,
              1855.5
            ],
            [
              497,
              1855.5
            ],
            [
              497,
              1891.5
            ],
            [
              447,
              1891.5
            ],
            [
              447,
              1855.5
            ]
          ]
        ]
      }
    },
    {
      "type": "Feature",
      "properties": {
        "id": "B-282",
        "name": "家庭公寓 26",
        "zone": "生活区",
        "frontageRoad": "L-04",
        "description": "生活区的家庭公寓，按生活区普通模数统一规格建设。",
        "footprint": 1800,
        "scaleClass": "普通建筑",
        "buildingType": "家庭公寓",
        "sizeSpec": "生活区普通模数",
        "widthMeters": 50,
        "depthMeters": 36,
        "layer": "buildings"
      },
      "geometry": {
        "type": "Polygon",
        "coordinates": [
          [
            [
              587,
              1908.5
            ],
            [
              637,
              1908.5
            ],
            [
              637,
              1944.5
            ],
            [
              587,
              1944.5
            ],
            [
              587,
              1908.5
            ]
          ]
        ]
      }
    },
    {
      "type": "Feature",
      "properties": {
        "id": "B-283",
        "name": "标准生活街屋 27",
        "zone": "生活区",
        "frontageRoad": "L-04",
        "description": "生活区的标准生活街屋，按生活区普通模数统一规格建设。",
        "footprint": 1800,
        "scaleClass": "普通建筑",
        "buildingType": "标准生活街屋",
        "sizeSpec": "生活区普通模数",
        "widthMeters": 50,
        "depthMeters": 36,
        "layer": "buildings"
      },
      "geometry": {
        "type": "Polygon",
        "coordinates": [
          [
            [
              587,
              1855.5
            ],
            [
              637,
              1855.5
            ],
            [
              637,
              1891.5
            ],
            [
              587,
              1891.5
            ],
            [
              587,
              1855.5
            ]
          ]
        ]
      }
    },
    {
      "type": "Feature",
      "properties": {
        "id": "B-284",
        "name": "学生宿舍 27",
        "zone": "生活区",
        "frontageRoad": "L-04",
        "description": "生活区的学生宿舍，按生活区普通模数统一规格建设。",
        "footprint": 1800,
        "scaleClass": "普通建筑",
        "buildingType": "学生宿舍",
        "sizeSpec": "生活区普通模数",
        "widthMeters": 50,
        "depthMeters": 36,
        "layer": "buildings"
      },
      "geometry": {
        "type": "Polygon",
        "coordinates": [
          [
            [
              657,
              1908.5
            ],
            [
              707,
              1908.5
            ],
            [
              707,
              1944.5
            ],
            [
              657,
              1944.5
            ],
            [
              657,
              1908.5
            ]
          ]
        ]
      }
    },
    {
      "type": "Feature",
      "properties": {
        "id": "B-285",
        "name": "家庭公寓 27",
        "zone": "生活区",
        "frontageRoad": "L-04",
        "description": "生活区的家庭公寓，按生活区普通模数统一规格建设。",
        "footprint": 1800,
        "scaleClass": "普通建筑",
        "buildingType": "家庭公寓",
        "sizeSpec": "生活区普通模数",
        "widthMeters": 50,
        "depthMeters": 36,
        "layer": "buildings"
      },
      "geometry": {
        "type": "Polygon",
        "coordinates": [
          [
            [
              657,
              1855.5
            ],
            [
              707,
              1855.5
            ],
            [
              707,
              1891.5
            ],
            [
              657,
              1891.5
            ],
            [
              657,
              1855.5
            ]
          ]
        ]
      }
    },
    {
      "type": "Feature",
      "properties": {
        "id": "B-286",
        "name": "标准生活街屋 28",
        "zone": "生活区",
        "frontageRoad": "L-04",
        "description": "生活区的标准生活街屋，按生活区普通模数统一规格建设。",
        "footprint": 1800,
        "scaleClass": "普通建筑",
        "buildingType": "标准生活街屋",
        "sizeSpec": "生活区普通模数",
        "widthMeters": 50,
        "depthMeters": 36,
        "layer": "buildings"
      },
      "geometry": {
        "type": "Polygon",
        "coordinates": [
          [
            [
              797,
              1908.5
            ],
            [
              847,
              1908.5
            ],
            [
              847,
              1944.5
            ],
            [
              797,
              1944.5
            ],
            [
              797,
              1908.5
            ]
          ]
        ]
      }
    },
    {
      "type": "Feature",
      "properties": {
        "id": "B-287",
        "name": "学生宿舍 28",
        "zone": "生活区",
        "frontageRoad": "L-04",
        "description": "生活区的学生宿舍，按生活区普通模数统一规格建设。",
        "footprint": 1800,
        "scaleClass": "普通建筑",
        "buildingType": "学生宿舍",
        "sizeSpec": "生活区普通模数",
        "widthMeters": 50,
        "depthMeters": 36,
        "layer": "buildings"
      },
      "geometry": {
        "type": "Polygon",
        "coordinates": [
          [
            [
              1007,
              1908.5
            ],
            [
              1057,
              1908.5
            ],
            [
              1057,
              1944.5
            ],
            [
              1007,
              1944.5
            ],
            [
              1007,
              1908.5
            ]
          ]
        ]
      }
    },
    {
      "type": "Feature",
      "properties": {
        "id": "B-288",
        "name": "家庭公寓 28",
        "zone": "生活区",
        "frontageRoad": "L-04",
        "description": "生活区的家庭公寓，按生活区普通模数统一规格建设。",
        "footprint": 1800,
        "scaleClass": "普通建筑",
        "buildingType": "家庭公寓",
        "sizeSpec": "生活区普通模数",
        "widthMeters": 50,
        "depthMeters": 36,
        "layer": "buildings"
      },
      "geometry": {
        "type": "Polygon",
        "coordinates": [
          [
            [
              1287,
              1908.5
            ],
            [
              1337,
              1908.5
            ],
            [
              1337,
              1944.5
            ],
            [
              1287,
              1944.5
            ],
            [
              1287,
              1908.5
            ]
          ]
        ]
      }
    },
    {
      "type": "Feature",
      "properties": {
        "id": "B-289",
        "name": "标准生活街屋 29",
        "zone": "生活区",
        "frontageRoad": "L-04",
        "description": "生活区的标准生活街屋，按生活区普通模数统一规格建设。",
        "footprint": 1800,
        "scaleClass": "普通建筑",
        "buildingType": "标准生活街屋",
        "sizeSpec": "生活区普通模数",
        "widthMeters": 50,
        "depthMeters": 36,
        "layer": "buildings"
      },
      "geometry": {
        "type": "Polygon",
        "coordinates": [
          [
            [
              1287,
              1855.5
            ],
            [
              1337,
              1855.5
            ],
            [
              1337,
              1891.5
            ],
            [
              1287,
              1891.5
            ],
            [
              1287,
              1855.5
            ]
          ]
        ]
      }
    },
    {
      "type": "Feature",
      "properties": {
        "id": "B-290",
        "name": "学生宿舍 29",
        "zone": "生活区",
        "frontageRoad": "L-V0",
        "description": "生活区的学生宿舍，按生活区普通模数统一规格建设。",
        "footprint": 1800,
        "scaleClass": "普通建筑",
        "buildingType": "学生宿舍",
        "sizeSpec": "生活区普通模数",
        "widthMeters": 50,
        "depthMeters": 36,
        "layer": "buildings"
      },
      "geometry": {
        "type": "Polygon",
        "coordinates": [
          [
            [
              164.5,
              1547
            ],
            [
              164.5,
              1597
            ],
            [
              128.5,
              1597
            ],
            [
              128.5,
              1547
            ],
            [
              164.5,
              1547
            ]
          ]
        ]
      }
    },
    {
      "type": "Feature",
      "properties": {
        "id": "B-291",
        "name": "家庭公寓 29",
        "zone": "生活区",
        "frontageRoad": "L-V0",
        "description": "生活区的家庭公寓，按生活区普通模数统一规格建设。",
        "footprint": 1800,
        "scaleClass": "普通建筑",
        "buildingType": "家庭公寓",
        "sizeSpec": "生活区普通模数",
        "widthMeters": 50,
        "depthMeters": 36,
        "layer": "buildings"
      },
      "geometry": {
        "type": "Polygon",
        "coordinates": [
          [
            [
              164.5,
              1617
            ],
            [
              164.5,
              1667
            ],
            [
              128.5,
              1667
            ],
            [
              128.5,
              1617
            ],
            [
              164.5,
              1617
            ]
          ]
        ]
      }
    },
    {
      "type": "Feature",
      "properties": {
        "id": "B-292",
        "name": "标准生活街屋 30",
        "zone": "生活区",
        "frontageRoad": "L-V1",
        "description": "生活区的标准生活街屋，按生活区普通模数统一规格建设。",
        "footprint": 1800,
        "scaleClass": "普通建筑",
        "buildingType": "标准生活街屋",
        "sizeSpec": "生活区普通模数",
        "widthMeters": 50,
        "depthMeters": 36,
        "layer": "buildings"
      },
      "geometry": {
        "type": "Polygon",
        "coordinates": [
          [
            [
              564.5,
              1477
            ],
            [
              564.5,
              1527
            ],
            [
              528.5,
              1527
            ],
            [
              528.5,
              1477
            ],
            [
              564.5,
              1477
            ]
          ]
        ]
      }
    },
    {
      "type": "Feature",
      "properties": {
        "id": "B-293",
        "name": "学生宿舍 30",
        "zone": "生活区",
        "frontageRoad": "L-V1",
        "description": "生活区的学生宿舍，按生活区普通模数统一规格建设。",
        "footprint": 1800,
        "scaleClass": "普通建筑",
        "buildingType": "学生宿舍",
        "sizeSpec": "生活区普通模数",
        "widthMeters": 50,
        "depthMeters": 36,
        "layer": "buildings"
      },
      "geometry": {
        "type": "Polygon",
        "coordinates": [
          [
            [
              511.5,
              1547
            ],
            [
              511.5,
              1597
            ],
            [
              475.5,
              1597
            ],
            [
              475.5,
              1547
            ],
            [
              511.5,
              1547
            ]
          ]
        ]
      }
    },
    {
      "type": "Feature",
      "properties": {
        "id": "B-294",
        "name": "家庭公寓 30",
        "zone": "生活区",
        "frontageRoad": "L-V1",
        "description": "生活区的家庭公寓，按生活区普通模数统一规格建设。",
        "footprint": 1800,
        "scaleClass": "普通建筑",
        "buildingType": "家庭公寓",
        "sizeSpec": "生活区普通模数",
        "widthMeters": 50,
        "depthMeters": 36,
        "layer": "buildings"
      },
      "geometry": {
        "type": "Polygon",
        "coordinates": [
          [
            [
              564.5,
              1547
            ],
            [
              564.5,
              1597
            ],
            [
              528.5,
              1597
            ],
            [
              528.5,
              1547
            ],
            [
              564.5,
              1547
            ]
          ]
        ]
      }
    },
    {
      "type": "Feature",
      "properties": {
        "id": "B-295",
        "name": "标准生活街屋 31",
        "zone": "生活区",
        "frontageRoad": "L-V1",
        "description": "生活区的标准生活街屋，按生活区普通模数统一规格建设。",
        "footprint": 1800,
        "scaleClass": "普通建筑",
        "buildingType": "标准生活街屋",
        "sizeSpec": "生活区普通模数",
        "widthMeters": 50,
        "depthMeters": 36,
        "layer": "buildings"
      },
      "geometry": {
        "type": "Polygon",
        "coordinates": [
          [
            [
              511.5,
              1617
            ],
            [
              511.5,
              1667
            ],
            [
              475.5,
              1667
            ],
            [
              475.5,
              1617
            ],
            [
              511.5,
              1617
            ]
          ]
        ]
      }
    },
    {
      "type": "Feature",
      "properties": {
        "id": "B-296",
        "name": "学生宿舍 31",
        "zone": "生活区",
        "frontageRoad": "L-V1",
        "description": "生活区的学生宿舍，按生活区普通模数统一规格建设。",
        "footprint": 1800,
        "scaleClass": "普通建筑",
        "buildingType": "学生宿舍",
        "sizeSpec": "生活区普通模数",
        "widthMeters": 50,
        "depthMeters": 36,
        "layer": "buildings"
      },
      "geometry": {
        "type": "Polygon",
        "coordinates": [
          [
            [
              564.5,
              1617
            ],
            [
              564.5,
              1667
            ],
            [
              528.5,
              1667
            ],
            [
              528.5,
              1617
            ],
            [
              564.5,
              1617
            ]
          ]
        ]
      }
    },
    {
      "type": "Feature",
      "properties": {
        "id": "B-297",
        "name": "家庭公寓 31",
        "zone": "生活区",
        "frontageRoad": "L-V1",
        "description": "生活区的家庭公寓，按生活区普通模数统一规格建设。",
        "footprint": 1800,
        "scaleClass": "普通建筑",
        "buildingType": "家庭公寓",
        "sizeSpec": "生活区普通模数",
        "widthMeters": 50,
        "depthMeters": 36,
        "layer": "buildings"
      },
      "geometry": {
        "type": "Polygon",
        "coordinates": [
          [
            [
              564.5,
              1687
            ],
            [
              564.5,
              1737
            ],
            [
              528.5,
              1737
            ],
            [
              528.5,
              1687
            ],
            [
              564.5,
              1687
            ]
          ]
        ]
      }
    },
    {
      "type": "Feature",
      "properties": {
        "id": "B-298",
        "name": "标准生活街屋 32",
        "zone": "生活区",
        "frontageRoad": "L-V1",
        "description": "生活区的标准生活街屋，按生活区普通模数统一规格建设。",
        "footprint": 1800,
        "scaleClass": "普通建筑",
        "buildingType": "标准生活街屋",
        "sizeSpec": "生活区普通模数",
        "widthMeters": 50,
        "depthMeters": 36,
        "layer": "buildings"
      },
      "geometry": {
        "type": "Polygon",
        "coordinates": [
          [
            [
              564.5,
              1827
            ],
            [
              564.5,
              1877
            ],
            [
              528.5,
              1877
            ],
            [
              528.5,
              1827
            ],
            [
              564.5,
              1827
            ]
          ]
        ]
      }
    },
    {
      "type": "Feature",
      "properties": {
        "id": "B-299",
        "name": "学生宿舍 32",
        "zone": "生活区",
        "frontageRoad": "L-V1",
        "description": "生活区的学生宿舍，按生活区普通模数统一规格建设。",
        "footprint": 1800,
        "scaleClass": "普通建筑",
        "buildingType": "学生宿舍",
        "sizeSpec": "生活区普通模数",
        "widthMeters": 50,
        "depthMeters": 36,
        "layer": "buildings"
      },
      "geometry": {
        "type": "Polygon",
        "coordinates": [
          [
            [
              511.5,
              1967
            ],
            [
              511.5,
              2017
            ],
            [
              475.5,
              2017
            ],
            [
              475.5,
              1967
            ],
            [
              511.5,
              1967
            ]
          ]
        ]
      }
    },
    {
      "type": "Feature",
      "properties": {
        "id": "B-300",
        "name": "家庭公寓 32",
        "zone": "生活区",
        "frontageRoad": "L-V1",
        "description": "生活区的家庭公寓，按生活区普通模数统一规格建设。",
        "footprint": 1800,
        "scaleClass": "普通建筑",
        "buildingType": "家庭公寓",
        "sizeSpec": "生活区普通模数",
        "widthMeters": 50,
        "depthMeters": 36,
        "layer": "buildings"
      },
      "geometry": {
        "type": "Polygon",
        "coordinates": [
          [
            [
              564.5,
              1967
            ],
            [
              564.5,
              2017
            ],
            [
              528.5,
              2017
            ],
            [
              528.5,
              1967
            ],
            [
              564.5,
              1967
            ]
          ]
        ]
      }
    },
    {
      "type": "Feature",
      "properties": {
        "id": "B-301",
        "name": "标准生活街屋 33",
        "zone": "生活区",
        "frontageRoad": "L-V2",
        "description": "生活区的标准生活街屋，按生活区普通模数统一规格建设。",
        "footprint": 1800,
        "scaleClass": "普通建筑",
        "buildingType": "标准生活街屋",
        "sizeSpec": "生活区普通模数",
        "widthMeters": 50,
        "depthMeters": 36,
        "layer": "buildings"
      },
      "geometry": {
        "type": "Polygon",
        "coordinates": [
          [
            [
              911.5,
              1547
            ],
            [
              911.5,
              1597
            ],
            [
              875.5,
              1597
            ],
            [
              875.5,
              1547
            ],
            [
              911.5,
              1547
            ]
          ]
        ]
      }
    },
    {
      "type": "Feature",
      "properties": {
        "id": "B-302",
        "name": "学生宿舍 33",
        "zone": "生活区",
        "frontageRoad": "L-V2",
        "description": "生活区的学生宿舍，按生活区普通模数统一规格建设。",
        "footprint": 1800,
        "scaleClass": "普通建筑",
        "buildingType": "学生宿舍",
        "sizeSpec": "生活区普通模数",
        "widthMeters": 50,
        "depthMeters": 36,
        "layer": "buildings"
      },
      "geometry": {
        "type": "Polygon",
        "coordinates": [
          [
            [
              964.5,
              1547
            ],
            [
              964.5,
              1597
            ],
            [
              928.5,
              1597
            ],
            [
              928.5,
              1547
            ],
            [
              964.5,
              1547
            ]
          ]
        ]
      }
    },
    {
      "type": "Feature",
      "properties": {
        "id": "B-303",
        "name": "家庭公寓 33",
        "zone": "生活区",
        "frontageRoad": "L-V2",
        "description": "生活区的家庭公寓，按生活区普通模数统一规格建设。",
        "footprint": 1800,
        "scaleClass": "普通建筑",
        "buildingType": "家庭公寓",
        "sizeSpec": "生活区普通模数",
        "widthMeters": 50,
        "depthMeters": 36,
        "layer": "buildings"
      },
      "geometry": {
        "type": "Polygon",
        "coordinates": [
          [
            [
              911.5,
              1617
            ],
            [
              911.5,
              1667
            ],
            [
              875.5,
              1667
            ],
            [
              875.5,
              1617
            ],
            [
              911.5,
              1617
            ]
          ]
        ]
      }
    },
    {
      "type": "Feature",
      "properties": {
        "id": "B-304",
        "name": "标准生活街屋 34",
        "zone": "生活区",
        "frontageRoad": "L-V2",
        "description": "生活区的标准生活街屋，按生活区普通模数统一规格建设。",
        "footprint": 1800,
        "scaleClass": "普通建筑",
        "buildingType": "标准生活街屋",
        "sizeSpec": "生活区普通模数",
        "widthMeters": 50,
        "depthMeters": 36,
        "layer": "buildings"
      },
      "geometry": {
        "type": "Polygon",
        "coordinates": [
          [
            [
              964.5,
              1617
            ],
            [
              964.5,
              1667
            ],
            [
              928.5,
              1667
            ],
            [
              928.5,
              1617
            ],
            [
              964.5,
              1617
            ]
          ]
        ]
      }
    },
    {
      "type": "Feature",
      "properties": {
        "id": "B-305",
        "name": "学生宿舍 34",
        "zone": "生活区",
        "frontageRoad": "L-V2",
        "description": "生活区的学生宿舍，按生活区普通模数统一规格建设。",
        "footprint": 1800,
        "scaleClass": "普通建筑",
        "buildingType": "学生宿舍",
        "sizeSpec": "生活区普通模数",
        "widthMeters": 50,
        "depthMeters": 36,
        "layer": "buildings"
      },
      "geometry": {
        "type": "Polygon",
        "coordinates": [
          [
            [
              911.5,
              1967
            ],
            [
              911.5,
              2017
            ],
            [
              875.5,
              2017
            ],
            [
              875.5,
              1967
            ],
            [
              911.5,
              1967
            ]
          ]
        ]
      }
    },
    {
      "type": "Feature",
      "properties": {
        "id": "B-306",
        "name": "家庭公寓 34",
        "zone": "生活区",
        "frontageRoad": "L-V2",
        "description": "生活区的家庭公寓，按生活区普通模数统一规格建设。",
        "footprint": 1800,
        "scaleClass": "普通建筑",
        "buildingType": "家庭公寓",
        "sizeSpec": "生活区普通模数",
        "widthMeters": 50,
        "depthMeters": 36,
        "layer": "buildings"
      },
      "geometry": {
        "type": "Polygon",
        "coordinates": [
          [
            [
              964.5,
              1967
            ],
            [
              964.5,
              2017
            ],
            [
              928.5,
              2017
            ],
            [
              928.5,
              1967
            ],
            [
              964.5,
              1967
            ]
          ]
        ]
      }
    },
    {
      "type": "Feature",
      "properties": {
        "id": "B-307",
        "name": "标准生活街屋 35",
        "zone": "生活区",
        "frontageRoad": "L-V3",
        "description": "生活区的标准生活街屋，按生活区普通模数统一规格建设。",
        "footprint": 1800,
        "scaleClass": "普通建筑",
        "buildingType": "标准生活街屋",
        "sizeSpec": "生活区普通模数",
        "widthMeters": 50,
        "depthMeters": 36,
        "layer": "buildings"
      },
      "geometry": {
        "type": "Polygon",
        "coordinates": [
          [
            [
              1251.5,
              1687
            ],
            [
              1251.5,
              1737
            ],
            [
              1215.5,
              1737
            ],
            [
              1215.5,
              1687
            ],
            [
              1251.5,
              1687
            ]
          ]
        ]
      }
    },
    {
      "type": "Feature",
      "properties": {
        "id": "B-308",
        "name": "学生宿舍 35",
        "zone": "生活区",
        "frontageRoad": "L-V3",
        "description": "生活区的学生宿舍，按生活区普通模数统一规格建设。",
        "footprint": 1800,
        "scaleClass": "普通建筑",
        "buildingType": "学生宿舍",
        "sizeSpec": "生活区普通模数",
        "widthMeters": 50,
        "depthMeters": 36,
        "layer": "buildings"
      },
      "geometry": {
        "type": "Polygon",
        "coordinates": [
          [
            [
              1304.5,
              1757
            ],
            [
              1304.5,
              1807
            ],
            [
              1268.5,
              1807
            ],
            [
              1268.5,
              1757
            ],
            [
              1304.5,
              1757
            ]
          ]
        ]
      }
    },
    {
      "type": "Feature",
      "properties": {
        "id": "B-309",
        "name": "家庭公寓 35",
        "zone": "生活区",
        "frontageRoad": "L-V3",
        "description": "生活区的家庭公寓，按生活区普通模数统一规格建设。",
        "footprint": 1800,
        "scaleClass": "普通建筑",
        "buildingType": "家庭公寓",
        "sizeSpec": "生活区普通模数",
        "widthMeters": 50,
        "depthMeters": 36,
        "layer": "buildings"
      },
      "geometry": {
        "type": "Polygon",
        "coordinates": [
          [
            [
              1251.5,
              1827
            ],
            [
              1251.5,
              1877
            ],
            [
              1215.5,
              1877
            ],
            [
              1215.5,
              1827
            ],
            [
              1251.5,
              1827
            ]
          ]
        ]
      }
    },
    {
      "type": "Feature",
      "properties": {
        "id": "B-310",
        "name": "标准生活街屋 36",
        "zone": "生活区",
        "frontageRoad": "L-V3",
        "description": "生活区的标准生活街屋，按生活区普通模数统一规格建设。",
        "footprint": 1800,
        "scaleClass": "普通建筑",
        "buildingType": "标准生活街屋",
        "sizeSpec": "生活区普通模数",
        "widthMeters": 50,
        "depthMeters": 36,
        "layer": "buildings"
      },
      "geometry": {
        "type": "Polygon",
        "coordinates": [
          [
            [
              1251.5,
              1967
            ],
            [
              1251.5,
              2017
            ],
            [
              1215.5,
              2017
            ],
            [
              1215.5,
              1967
            ],
            [
              1251.5,
              1967
            ]
          ]
        ]
      }
    },
    {
      "type": "Feature",
      "properties": {
        "id": "B-311",
        "name": "学生宿舍 36",
        "zone": "生活区",
        "frontageRoad": "L-V3",
        "description": "生活区的学生宿舍，按生活区普通模数统一规格建设。",
        "footprint": 1800,
        "scaleClass": "普通建筑",
        "buildingType": "学生宿舍",
        "sizeSpec": "生活区普通模数",
        "widthMeters": 50,
        "depthMeters": 36,
        "layer": "buildings"
      },
      "geometry": {
        "type": "Polygon",
        "coordinates": [
          [
            [
              1304.5,
              1967
            ],
            [
              1304.5,
              2017
            ],
            [
              1268.5,
              2017
            ],
            [
              1268.5,
              1967
            ],
            [
              1304.5,
              1967
            ]
          ]
        ]
      }
    },
    {
      "type": "Feature",
      "properties": {
        "id": "B-312",
        "name": "家庭公寓 36",
        "zone": "生活区",
        "frontageRoad": "L-V3",
        "description": "生活区的家庭公寓，按生活区普通模数统一规格建设。",
        "footprint": 1800,
        "scaleClass": "普通建筑",
        "buildingType": "家庭公寓",
        "sizeSpec": "生活区普通模数",
        "widthMeters": 50,
        "depthMeters": 36,
        "layer": "buildings"
      },
      "geometry": {
        "type": "Polygon",
        "coordinates": [
          [
            [
              1251.5,
              2107
            ],
            [
              1251.5,
              2157
            ],
            [
              1215.5,
              2157
            ],
            [
              1215.5,
              2107
            ],
            [
              1251.5,
              2107
            ]
          ]
        ]
      }
    },
    {
      "type": "Feature",
      "properties": {
        "id": "B-313",
        "name": "旅舍住宅 23",
        "zone": "市集区",
        "frontageRoad": "M-00",
        "description": "市集区的旅舍住宅，按市集区普通模数统一规格建设。",
        "footprint": 1872,
        "scaleClass": "普通建筑",
        "buildingType": "旅舍住宅",
        "sizeSpec": "市集区普通模数",
        "widthMeters": 52,
        "depthMeters": 36,
        "layer": "buildings"
      },
      "geometry": {
        "type": "Polygon",
        "coordinates": [
          [
            [
              1816,
              289
            ],
            [
              1868,
              289
            ],
            [
              1868,
              325
            ],
            [
              1816,
              325
            ],
            [
              1816,
              289
            ]
          ]
        ]
      }
    },
    {
      "type": "Feature",
      "properties": {
        "id": "B-314",
        "name": "临街商住楼 24",
        "zone": "市集区",
        "frontageRoad": "M-00",
        "description": "市集区的临街商住楼，按市集区普通模数统一规格建设。",
        "footprint": 1872,
        "scaleClass": "普通建筑",
        "buildingType": "临街商住楼",
        "sizeSpec": "市集区普通模数",
        "widthMeters": 52,
        "depthMeters": 36,
        "layer": "buildings"
      },
      "geometry": {
        "type": "Polygon",
        "coordinates": [
          [
            [
              1886,
              289
            ],
            [
              1938,
              289
            ],
            [
              1938,
              325
            ],
            [
              1886,
              325
            ],
            [
              1886,
              289
            ]
          ]
        ]
      }
    },
    {
      "type": "Feature",
      "properties": {
        "id": "B-315",
        "name": "标准街铺 24",
        "zone": "市集区",
        "frontageRoad": "M-00",
        "description": "市集区的标准街铺，按市集区普通模数统一规格建设。",
        "footprint": 1872,
        "scaleClass": "普通建筑",
        "buildingType": "标准街铺",
        "sizeSpec": "市集区普通模数",
        "widthMeters": 52,
        "depthMeters": 36,
        "layer": "buildings"
      },
      "geometry": {
        "type": "Polygon",
        "coordinates": [
          [
            [
              2096,
              289
            ],
            [
              2148,
              289
            ],
            [
              2148,
              325
            ],
            [
              2096,
              325
            ],
            [
              2096,
              289
            ]
          ]
        ]
      }
    },
    {
      "type": "Feature",
      "properties": {
        "id": "B-316",
        "name": "旅舍住宅 24",
        "zone": "市集区",
        "frontageRoad": "M-00",
        "description": "市集区的旅舍住宅，按市集区普通模数统一规格建设。",
        "footprint": 1872,
        "scaleClass": "普通建筑",
        "buildingType": "旅舍住宅",
        "sizeSpec": "市集区普通模数",
        "widthMeters": 52,
        "depthMeters": 36,
        "layer": "buildings"
      },
      "geometry": {
        "type": "Polygon",
        "coordinates": [
          [
            [
              2166,
              289
            ],
            [
              2218,
              289
            ],
            [
              2218,
              325
            ],
            [
              2166,
              325
            ],
            [
              2166,
              289
            ]
          ]
        ]
      }
    },
    {
      "type": "Feature",
      "properties": {
        "id": "B-317",
        "name": "临街商住楼 25",
        "zone": "市集区",
        "frontageRoad": "M-00",
        "description": "市集区的临街商住楼，按市集区普通模数统一规格建设。",
        "footprint": 1872,
        "scaleClass": "普通建筑",
        "buildingType": "临街商住楼",
        "sizeSpec": "市集区普通模数",
        "widthMeters": 52,
        "depthMeters": 36,
        "layer": "buildings"
      },
      "geometry": {
        "type": "Polygon",
        "coordinates": [
          [
            [
              2236,
              289
            ],
            [
              2288,
              289
            ],
            [
              2288,
              325
            ],
            [
              2236,
              325
            ],
            [
              2236,
              289
            ]
          ]
        ]
      }
    },
    {
      "type": "Feature",
      "properties": {
        "id": "B-318",
        "name": "标准街铺 25",
        "zone": "市集区",
        "frontageRoad": "M-00",
        "description": "市集区的标准街铺，按市集区普通模数统一规格建设。",
        "footprint": 1872,
        "scaleClass": "普通建筑",
        "buildingType": "标准街铺",
        "sizeSpec": "市集区普通模数",
        "widthMeters": 52,
        "depthMeters": 36,
        "layer": "buildings"
      },
      "geometry": {
        "type": "Polygon",
        "coordinates": [
          [
            [
              2446,
              289
            ],
            [
              2498,
              289
            ],
            [
              2498,
              325
            ],
            [
              2446,
              325
            ],
            [
              2446,
              289
            ]
          ]
        ]
      }
    },
    {
      "type": "Feature",
      "properties": {
        "id": "B-319",
        "name": "旅舍住宅 25",
        "zone": "市集区",
        "frontageRoad": "M-00",
        "description": "市集区的旅舍住宅，按市集区普通模数统一规格建设。",
        "footprint": 1872,
        "scaleClass": "普通建筑",
        "buildingType": "旅舍住宅",
        "sizeSpec": "市集区普通模数",
        "widthMeters": 52,
        "depthMeters": 36,
        "layer": "buildings"
      },
      "geometry": {
        "type": "Polygon",
        "coordinates": [
          [
            [
              2516,
              289
            ],
            [
              2568,
              289
            ],
            [
              2568,
              325
            ],
            [
              2516,
              325
            ],
            [
              2516,
              289
            ]
          ]
        ]
      }
    },
    {
      "type": "Feature",
      "properties": {
        "id": "B-320",
        "name": "临街商住楼 26",
        "zone": "市集区",
        "frontageRoad": "M-00",
        "description": "市集区的临街商住楼，按市集区普通模数统一规格建设。",
        "footprint": 1872,
        "scaleClass": "普通建筑",
        "buildingType": "临街商住楼",
        "sizeSpec": "市集区普通模数",
        "widthMeters": 52,
        "depthMeters": 36,
        "layer": "buildings"
      },
      "geometry": {
        "type": "Polygon",
        "coordinates": [
          [
            [
              2586,
              289
            ],
            [
              2638,
              289
            ],
            [
              2638,
              325
            ],
            [
              2586,
              325
            ],
            [
              2586,
              289
            ]
          ]
        ]
      }
    },
    {
      "type": "Feature",
      "properties": {
        "id": "B-321",
        "name": "标准街铺 26",
        "zone": "市集区",
        "frontageRoad": "M-00",
        "description": "市集区的标准街铺，按市集区普通模数统一规格建设。",
        "footprint": 1872,
        "scaleClass": "普通建筑",
        "buildingType": "标准街铺",
        "sizeSpec": "市集区普通模数",
        "widthMeters": 52,
        "depthMeters": 36,
        "layer": "buildings"
      },
      "geometry": {
        "type": "Polygon",
        "coordinates": [
          [
            [
              2656,
              289
            ],
            [
              2708,
              289
            ],
            [
              2708,
              325
            ],
            [
              2656,
              325
            ],
            [
              2656,
              289
            ]
          ]
        ]
      }
    },
    {
      "type": "Feature",
      "properties": {
        "id": "B-322",
        "name": "旅舍住宅 26",
        "zone": "市集区",
        "frontageRoad": "M-00",
        "description": "市集区的旅舍住宅，按市集区普通模数统一规格建设。",
        "footprint": 1872,
        "scaleClass": "普通建筑",
        "buildingType": "旅舍住宅",
        "sizeSpec": "市集区普通模数",
        "widthMeters": 52,
        "depthMeters": 36,
        "layer": "buildings"
      },
      "geometry": {
        "type": "Polygon",
        "coordinates": [
          [
            [
              2796,
              289
            ],
            [
              2848,
              289
            ],
            [
              2848,
              325
            ],
            [
              2796,
              325
            ],
            [
              2796,
              289
            ]
          ]
        ]
      }
    },
    {
      "type": "Feature",
      "properties": {
        "id": "B-323",
        "name": "临街商住楼 27",
        "zone": "市集区",
        "frontageRoad": "M-00",
        "description": "市集区的临街商住楼，按市集区普通模数统一规格建设。",
        "footprint": 1872,
        "scaleClass": "普通建筑",
        "buildingType": "临街商住楼",
        "sizeSpec": "市集区普通模数",
        "widthMeters": 52,
        "depthMeters": 36,
        "layer": "buildings"
      },
      "geometry": {
        "type": "Polygon",
        "coordinates": [
          [
            [
              2866,
              289
            ],
            [
              2918,
              289
            ],
            [
              2918,
              325
            ],
            [
              2866,
              325
            ],
            [
              2866,
              289
            ]
          ]
        ]
      }
    },
    {
      "type": "Feature",
      "properties": {
        "id": "B-324",
        "name": "标准街铺 27",
        "zone": "市集区",
        "frontageRoad": "M-00",
        "description": "市集区的标准街铺，按市集区普通模数统一规格建设。",
        "footprint": 1872,
        "scaleClass": "普通建筑",
        "buildingType": "标准街铺",
        "sizeSpec": "市集区普通模数",
        "widthMeters": 52,
        "depthMeters": 36,
        "layer": "buildings"
      },
      "geometry": {
        "type": "Polygon",
        "coordinates": [
          [
            [
              2936,
              289
            ],
            [
              2988,
              289
            ],
            [
              2988,
              325
            ],
            [
              2936,
              325
            ],
            [
              2936,
              289
            ]
          ]
        ]
      }
    },
    {
      "type": "Feature",
      "properties": {
        "id": "B-325",
        "name": "旅舍住宅 27",
        "zone": "市集区",
        "frontageRoad": "M-00",
        "description": "市集区的旅舍住宅，按市集区普通模数统一规格建设。",
        "footprint": 1872,
        "scaleClass": "普通建筑",
        "buildingType": "旅舍住宅",
        "sizeSpec": "市集区普通模数",
        "widthMeters": 52,
        "depthMeters": 36,
        "layer": "buildings"
      },
      "geometry": {
        "type": "Polygon",
        "coordinates": [
          [
            [
              3006,
              289
            ],
            [
              3058,
              289
            ],
            [
              3058,
              325
            ],
            [
              3006,
              325
            ],
            [
              3006,
              289
            ]
          ]
        ]
      }
    },
    {
      "type": "Feature",
      "properties": {
        "id": "B-326",
        "name": "临街商住楼 28",
        "zone": "市集区",
        "frontageRoad": "M-01",
        "description": "市集区的临街商住楼，按市集区普通模数统一规格建设。",
        "footprint": 1872,
        "scaleClass": "普通建筑",
        "buildingType": "临街商住楼",
        "sizeSpec": "市集区普通模数",
        "widthMeters": 52,
        "depthMeters": 36,
        "layer": "buildings"
      },
      "geometry": {
        "type": "Polygon",
        "coordinates": [
          [
            [
              1801,
              399
            ],
            [
              1853,
              399
            ],
            [
              1853,
              435
            ],
            [
              1801,
              435
            ],
            [
              1801,
              399
            ]
          ]
        ]
      }
    },
    {
      "type": "Feature",
      "properties": {
        "id": "B-327",
        "name": "标准街铺 28",
        "zone": "市集区",
        "frontageRoad": "M-01",
        "description": "市集区的标准街铺，按市集区普通模数统一规格建设。",
        "footprint": 1872,
        "scaleClass": "普通建筑",
        "buildingType": "标准街铺",
        "sizeSpec": "市集区普通模数",
        "widthMeters": 52,
        "depthMeters": 36,
        "layer": "buildings"
      },
      "geometry": {
        "type": "Polygon",
        "coordinates": [
          [
            [
              1801,
              345
            ],
            [
              1853,
              345
            ],
            [
              1853,
              381
            ],
            [
              1801,
              381
            ],
            [
              1801,
              345
            ]
          ]
        ]
      }
    },
    {
      "type": "Feature",
      "properties": {
        "id": "B-328",
        "name": "旅舍住宅 28",
        "zone": "市集区",
        "frontageRoad": "M-01",
        "description": "市集区的旅舍住宅，按市集区普通模数统一规格建设。",
        "footprint": 1872,
        "scaleClass": "普通建筑",
        "buildingType": "旅舍住宅",
        "sizeSpec": "市集区普通模数",
        "widthMeters": 52,
        "depthMeters": 36,
        "layer": "buildings"
      },
      "geometry": {
        "type": "Polygon",
        "coordinates": [
          [
            [
              1871,
              399
            ],
            [
              1923,
              399
            ],
            [
              1923,
              435
            ],
            [
              1871,
              435
            ],
            [
              1871,
              399
            ]
          ]
        ]
      }
    },
    {
      "type": "Feature",
      "properties": {
        "id": "B-329",
        "name": "临街商住楼 29",
        "zone": "市集区",
        "frontageRoad": "M-01",
        "description": "市集区的临街商住楼，按市集区普通模数统一规格建设。",
        "footprint": 1872,
        "scaleClass": "普通建筑",
        "buildingType": "临街商住楼",
        "sizeSpec": "市集区普通模数",
        "widthMeters": 52,
        "depthMeters": 36,
        "layer": "buildings"
      },
      "geometry": {
        "type": "Polygon",
        "coordinates": [
          [
            [
              1871,
              345
            ],
            [
              1923,
              345
            ],
            [
              1923,
              381
            ],
            [
              1871,
              381
            ],
            [
              1871,
              345
            ]
          ]
        ]
      }
    },
    {
      "type": "Feature",
      "properties": {
        "id": "B-330",
        "name": "标准街铺 29",
        "zone": "市集区",
        "frontageRoad": "M-01",
        "description": "市集区的标准街铺，按市集区普通模数统一规格建设。",
        "footprint": 1872,
        "scaleClass": "普通建筑",
        "buildingType": "标准街铺",
        "sizeSpec": "市集区普通模数",
        "widthMeters": 52,
        "depthMeters": 36,
        "layer": "buildings"
      },
      "geometry": {
        "type": "Polygon",
        "coordinates": [
          [
            [
              1941,
              399
            ],
            [
              1993,
              399
            ],
            [
              1993,
              435
            ],
            [
              1941,
              435
            ],
            [
              1941,
              399
            ]
          ]
        ]
      }
    },
    {
      "type": "Feature",
      "properties": {
        "id": "B-331",
        "name": "旅舍住宅 29",
        "zone": "市集区",
        "frontageRoad": "M-01",
        "description": "市集区的旅舍住宅，按市集区普通模数统一规格建设。",
        "footprint": 1872,
        "scaleClass": "普通建筑",
        "buildingType": "旅舍住宅",
        "sizeSpec": "市集区普通模数",
        "widthMeters": 52,
        "depthMeters": 36,
        "layer": "buildings"
      },
      "geometry": {
        "type": "Polygon",
        "coordinates": [
          [
            [
              2081,
              399
            ],
            [
              2133,
              399
            ],
            [
              2133,
              435
            ],
            [
              2081,
              435
            ],
            [
              2081,
              399
            ]
          ]
        ]
      }
    },
    {
      "type": "Feature",
      "properties": {
        "id": "B-332",
        "name": "临街商住楼 30",
        "zone": "市集区",
        "frontageRoad": "M-01",
        "description": "市集区的临街商住楼，按市集区普通模数统一规格建设。",
        "footprint": 1872,
        "scaleClass": "普通建筑",
        "buildingType": "临街商住楼",
        "sizeSpec": "市集区普通模数",
        "widthMeters": 52,
        "depthMeters": 36,
        "layer": "buildings"
      },
      "geometry": {
        "type": "Polygon",
        "coordinates": [
          [
            [
              2081,
              345
            ],
            [
              2133,
              345
            ],
            [
              2133,
              381
            ],
            [
              2081,
              381
            ],
            [
              2081,
              345
            ]
          ]
        ]
      }
    },
    {
      "type": "Feature",
      "properties": {
        "id": "B-333",
        "name": "标准街铺 30",
        "zone": "市集区",
        "frontageRoad": "M-01",
        "description": "市集区的标准街铺，按市集区普通模数统一规格建设。",
        "footprint": 1872,
        "scaleClass": "普通建筑",
        "buildingType": "标准街铺",
        "sizeSpec": "市集区普通模数",
        "widthMeters": 52,
        "depthMeters": 36,
        "layer": "buildings"
      },
      "geometry": {
        "type": "Polygon",
        "coordinates": [
          [
            [
              2151,
              345
            ],
            [
              2203,
              345
            ],
            [
              2203,
              381
            ],
            [
              2151,
              381
            ],
            [
              2151,
              345
            ]
          ]
        ]
      }
    },
    {
      "type": "Feature",
      "properties": {
        "id": "B-334",
        "name": "旅舍住宅 30",
        "zone": "市集区",
        "frontageRoad": "M-01",
        "description": "市集区的旅舍住宅，按市集区普通模数统一规格建设。",
        "footprint": 1872,
        "scaleClass": "普通建筑",
        "buildingType": "旅舍住宅",
        "sizeSpec": "市集区普通模数",
        "widthMeters": 52,
        "depthMeters": 36,
        "layer": "buildings"
      },
      "geometry": {
        "type": "Polygon",
        "coordinates": [
          [
            [
              2221,
              399
            ],
            [
              2273,
              399
            ],
            [
              2273,
              435
            ],
            [
              2221,
              435
            ],
            [
              2221,
              399
            ]
          ]
        ]
      }
    },
    {
      "type": "Feature",
      "properties": {
        "id": "B-335",
        "name": "临街商住楼 31",
        "zone": "市集区",
        "frontageRoad": "M-01",
        "description": "市集区的临街商住楼，按市集区普通模数统一规格建设。",
        "footprint": 1872,
        "scaleClass": "普通建筑",
        "buildingType": "临街商住楼",
        "sizeSpec": "市集区普通模数",
        "widthMeters": 52,
        "depthMeters": 36,
        "layer": "buildings"
      },
      "geometry": {
        "type": "Polygon",
        "coordinates": [
          [
            [
              2221,
              345
            ],
            [
              2273,
              345
            ],
            [
              2273,
              381
            ],
            [
              2221,
              381
            ],
            [
              2221,
              345
            ]
          ]
        ]
      }
    },
    {
      "type": "Feature",
      "properties": {
        "id": "B-336",
        "name": "标准街铺 31",
        "zone": "市集区",
        "frontageRoad": "M-01",
        "description": "市集区的标准街铺，按市集区普通模数统一规格建设。",
        "footprint": 1872,
        "scaleClass": "普通建筑",
        "buildingType": "标准街铺",
        "sizeSpec": "市集区普通模数",
        "widthMeters": 52,
        "depthMeters": 36,
        "layer": "buildings"
      },
      "geometry": {
        "type": "Polygon",
        "coordinates": [
          [
            [
              2291,
              399
            ],
            [
              2343,
              399
            ],
            [
              2343,
              435
            ],
            [
              2291,
              435
            ],
            [
              2291,
              399
            ]
          ]
        ]
      }
    },
    {
      "type": "Feature",
      "properties": {
        "id": "B-337",
        "name": "旅舍住宅 31",
        "zone": "市集区",
        "frontageRoad": "M-01",
        "description": "市集区的旅舍住宅，按市集区普通模数统一规格建设。",
        "footprint": 1872,
        "scaleClass": "普通建筑",
        "buildingType": "旅舍住宅",
        "sizeSpec": "市集区普通模数",
        "widthMeters": 52,
        "depthMeters": 36,
        "layer": "buildings"
      },
      "geometry": {
        "type": "Polygon",
        "coordinates": [
          [
            [
              2431,
              399
            ],
            [
              2483,
              399
            ],
            [
              2483,
              435
            ],
            [
              2431,
              435
            ],
            [
              2431,
              399
            ]
          ]
        ]
      }
    },
    {
      "type": "Feature",
      "properties": {
        "id": "B-338",
        "name": "临街商住楼 32",
        "zone": "市集区",
        "frontageRoad": "M-01",
        "description": "市集区的临街商住楼，按市集区普通模数统一规格建设。",
        "footprint": 1872,
        "scaleClass": "普通建筑",
        "buildingType": "临街商住楼",
        "sizeSpec": "市集区普通模数",
        "widthMeters": 52,
        "depthMeters": 36,
        "layer": "buildings"
      },
      "geometry": {
        "type": "Polygon",
        "coordinates": [
          [
            [
              2431,
              345
            ],
            [
              2483,
              345
            ],
            [
              2483,
              381
            ],
            [
              2431,
              381
            ],
            [
              2431,
              345
            ]
          ]
        ]
      }
    },
    {
      "type": "Feature",
      "properties": {
        "id": "B-339",
        "name": "标准街铺 32",
        "zone": "市集区",
        "frontageRoad": "M-01",
        "description": "市集区的标准街铺，按市集区普通模数统一规格建设。",
        "footprint": 1872,
        "scaleClass": "普通建筑",
        "buildingType": "标准街铺",
        "sizeSpec": "市集区普通模数",
        "widthMeters": 52,
        "depthMeters": 36,
        "layer": "buildings"
      },
      "geometry": {
        "type": "Polygon",
        "coordinates": [
          [
            [
              2501,
              345
            ],
            [
              2553,
              345
            ],
            [
              2553,
              381
            ],
            [
              2501,
              381
            ],
            [
              2501,
              345
            ]
          ]
        ]
      }
    },
    {
      "type": "Feature",
      "properties": {
        "id": "B-340",
        "name": "旅舍住宅 32",
        "zone": "市集区",
        "frontageRoad": "M-01",
        "description": "市集区的旅舍住宅，按市集区普通模数统一规格建设。",
        "footprint": 1872,
        "scaleClass": "普通建筑",
        "buildingType": "旅舍住宅",
        "sizeSpec": "市集区普通模数",
        "widthMeters": 52,
        "depthMeters": 36,
        "layer": "buildings"
      },
      "geometry": {
        "type": "Polygon",
        "coordinates": [
          [
            [
              2571,
              399
            ],
            [
              2623,
              399
            ],
            [
              2623,
              435
            ],
            [
              2571,
              435
            ],
            [
              2571,
              399
            ]
          ]
        ]
      }
    },
    {
      "type": "Feature",
      "properties": {
        "id": "B-341",
        "name": "临街商住楼 33",
        "zone": "市集区",
        "frontageRoad": "M-01",
        "description": "市集区的临街商住楼，按市集区普通模数统一规格建设。",
        "footprint": 1872,
        "scaleClass": "普通建筑",
        "buildingType": "临街商住楼",
        "sizeSpec": "市集区普通模数",
        "widthMeters": 52,
        "depthMeters": 36,
        "layer": "buildings"
      },
      "geometry": {
        "type": "Polygon",
        "coordinates": [
          [
            [
              2571,
              345
            ],
            [
              2623,
              345
            ],
            [
              2623,
              381
            ],
            [
              2571,
              381
            ],
            [
              2571,
              345
            ]
          ]
        ]
      }
    },
    {
      "type": "Feature",
      "properties": {
        "id": "B-342",
        "name": "标准街铺 33",
        "zone": "市集区",
        "frontageRoad": "M-01",
        "description": "市集区的标准街铺，按市集区普通模数统一规格建设。",
        "footprint": 1872,
        "scaleClass": "普通建筑",
        "buildingType": "标准街铺",
        "sizeSpec": "市集区普通模数",
        "widthMeters": 52,
        "depthMeters": 36,
        "layer": "buildings"
      },
      "geometry": {
        "type": "Polygon",
        "coordinates": [
          [
            [
              2641,
              399
            ],
            [
              2693,
              399
            ],
            [
              2693,
              435
            ],
            [
              2641,
              435
            ],
            [
              2641,
              399
            ]
          ]
        ]
      }
    },
    {
      "type": "Feature",
      "properties": {
        "id": "B-343",
        "name": "旅舍住宅 33",
        "zone": "市集区",
        "frontageRoad": "M-01",
        "description": "市集区的旅舍住宅，按市集区普通模数统一规格建设。",
        "footprint": 1872,
        "scaleClass": "普通建筑",
        "buildingType": "旅舍住宅",
        "sizeSpec": "市集区普通模数",
        "widthMeters": 52,
        "depthMeters": 36,
        "layer": "buildings"
      },
      "geometry": {
        "type": "Polygon",
        "coordinates": [
          [
            [
              2641,
              345
            ],
            [
              2693,
              345
            ],
            [
              2693,
              381
            ],
            [
              2641,
              381
            ],
            [
              2641,
              345
            ]
          ]
        ]
      }
    },
    {
      "type": "Feature",
      "properties": {
        "id": "B-344",
        "name": "临街商住楼 34",
        "zone": "市集区",
        "frontageRoad": "M-01",
        "description": "市集区的临街商住楼，按市集区普通模数统一规格建设。",
        "footprint": 1872,
        "scaleClass": "普通建筑",
        "buildingType": "临街商住楼",
        "sizeSpec": "市集区普通模数",
        "widthMeters": 52,
        "depthMeters": 36,
        "layer": "buildings"
      },
      "geometry": {
        "type": "Polygon",
        "coordinates": [
          [
            [
              2781,
              399
            ],
            [
              2833,
              399
            ],
            [
              2833,
              435
            ],
            [
              2781,
              435
            ],
            [
              2781,
              399
            ]
          ]
        ]
      }
    },
    {
      "type": "Feature",
      "properties": {
        "id": "B-345",
        "name": "标准街铺 34",
        "zone": "市集区",
        "frontageRoad": "M-01",
        "description": "市集区的标准街铺，按市集区普通模数统一规格建设。",
        "footprint": 1872,
        "scaleClass": "普通建筑",
        "buildingType": "标准街铺",
        "sizeSpec": "市集区普通模数",
        "widthMeters": 52,
        "depthMeters": 36,
        "layer": "buildings"
      },
      "geometry": {
        "type": "Polygon",
        "coordinates": [
          [
            [
              2781,
              345
            ],
            [
              2833,
              345
            ],
            [
              2833,
              381
            ],
            [
              2781,
              381
            ],
            [
              2781,
              345
            ]
          ]
        ]
      }
    },
    {
      "type": "Feature",
      "properties": {
        "id": "B-346",
        "name": "旅舍住宅 34",
        "zone": "市集区",
        "frontageRoad": "M-01",
        "description": "市集区的旅舍住宅，按市集区普通模数统一规格建设。",
        "footprint": 1872,
        "scaleClass": "普通建筑",
        "buildingType": "旅舍住宅",
        "sizeSpec": "市集区普通模数",
        "widthMeters": 52,
        "depthMeters": 36,
        "layer": "buildings"
      },
      "geometry": {
        "type": "Polygon",
        "coordinates": [
          [
            [
              2851,
              399
            ],
            [
              2903,
              399
            ],
            [
              2903,
              435
            ],
            [
              2851,
              435
            ],
            [
              2851,
              399
            ]
          ]
        ]
      }
    },
    {
      "type": "Feature",
      "properties": {
        "id": "B-347",
        "name": "临街商住楼 35",
        "zone": "市集区",
        "frontageRoad": "M-01",
        "description": "市集区的临街商住楼，按市集区普通模数统一规格建设。",
        "footprint": 1872,
        "scaleClass": "普通建筑",
        "buildingType": "临街商住楼",
        "sizeSpec": "市集区普通模数",
        "widthMeters": 52,
        "depthMeters": 36,
        "layer": "buildings"
      },
      "geometry": {
        "type": "Polygon",
        "coordinates": [
          [
            [
              2851,
              345
            ],
            [
              2903,
              345
            ],
            [
              2903,
              381
            ],
            [
              2851,
              381
            ],
            [
              2851,
              345
            ]
          ]
        ]
      }
    },
    {
      "type": "Feature",
      "properties": {
        "id": "B-348",
        "name": "标准街铺 35",
        "zone": "市集区",
        "frontageRoad": "M-01",
        "description": "市集区的标准街铺，按市集区普通模数统一规格建设。",
        "footprint": 1872,
        "scaleClass": "普通建筑",
        "buildingType": "标准街铺",
        "sizeSpec": "市集区普通模数",
        "widthMeters": 52,
        "depthMeters": 36,
        "layer": "buildings"
      },
      "geometry": {
        "type": "Polygon",
        "coordinates": [
          [
            [
              2921,
              399
            ],
            [
              2973,
              399
            ],
            [
              2973,
              435
            ],
            [
              2921,
              435
            ],
            [
              2921,
              399
            ]
          ]
        ]
      }
    },
    {
      "type": "Feature",
      "properties": {
        "id": "B-349",
        "name": "旅舍住宅 35",
        "zone": "市集区",
        "frontageRoad": "M-01",
        "description": "市集区的旅舍住宅，按市集区普通模数统一规格建设。",
        "footprint": 1872,
        "scaleClass": "普通建筑",
        "buildingType": "旅舍住宅",
        "sizeSpec": "市集区普通模数",
        "widthMeters": 52,
        "depthMeters": 36,
        "layer": "buildings"
      },
      "geometry": {
        "type": "Polygon",
        "coordinates": [
          [
            [
              2921,
              345
            ],
            [
              2973,
              345
            ],
            [
              2973,
              381
            ],
            [
              2921,
              381
            ],
            [
              2921,
              345
            ]
          ]
        ]
      }
    },
    {
      "type": "Feature",
      "properties": {
        "id": "B-350",
        "name": "临街商住楼 36",
        "zone": "市集区",
        "frontageRoad": "M-01",
        "description": "市集区的临街商住楼，按市集区普通模数统一规格建设。",
        "footprint": 1872,
        "scaleClass": "普通建筑",
        "buildingType": "临街商住楼",
        "sizeSpec": "市集区普通模数",
        "widthMeters": 52,
        "depthMeters": 36,
        "layer": "buildings"
      },
      "geometry": {
        "type": "Polygon",
        "coordinates": [
          [
            [
              2991,
              345
            ],
            [
              3043,
              345
            ],
            [
              3043,
              381
            ],
            [
              2991,
              381
            ],
            [
              2991,
              345
            ]
          ]
        ]
      }
    },
    {
      "type": "Feature",
      "properties": {
        "id": "B-351",
        "name": "标准街铺 36",
        "zone": "市集区",
        "frontageRoad": "M-01",
        "description": "市集区的标准街铺，按市集区普通模数统一规格建设。",
        "footprint": 1872,
        "scaleClass": "普通建筑",
        "buildingType": "标准街铺",
        "sizeSpec": "市集区普通模数",
        "widthMeters": 52,
        "depthMeters": 36,
        "layer": "buildings"
      },
      "geometry": {
        "type": "Polygon",
        "coordinates": [
          [
            [
              3061,
              399
            ],
            [
              3113,
              399
            ],
            [
              3113,
              435
            ],
            [
              3061,
              435
            ],
            [
              3061,
              399
            ]
          ]
        ]
      }
    },
    {
      "type": "Feature",
      "properties": {
        "id": "B-352",
        "name": "旅舍住宅 36",
        "zone": "市集区",
        "frontageRoad": "M-01",
        "description": "市集区的旅舍住宅，按市集区普通模数统一规格建设。",
        "footprint": 1872,
        "scaleClass": "普通建筑",
        "buildingType": "旅舍住宅",
        "sizeSpec": "市集区普通模数",
        "widthMeters": 52,
        "depthMeters": 36,
        "layer": "buildings"
      },
      "geometry": {
        "type": "Polygon",
        "coordinates": [
          [
            [
              3061,
              345
            ],
            [
              3113,
              345
            ],
            [
              3113,
              381
            ],
            [
              3061,
              381
            ],
            [
              3061,
              345
            ]
          ]
        ]
      }
    },
    {
      "type": "Feature",
      "properties": {
        "id": "B-353",
        "name": "临街商住楼 37",
        "zone": "市集区",
        "frontageRoad": "M-04",
        "description": "市集区的临街商住楼，按市集区普通模数统一规格建设。",
        "footprint": 1872,
        "scaleClass": "普通建筑",
        "buildingType": "临街商住楼",
        "sizeSpec": "市集区普通模数",
        "widthMeters": 52,
        "depthMeters": 36,
        "layer": "buildings"
      },
      "geometry": {
        "type": "Polygon",
        "coordinates": [
          [
            [
              2366,
              1098.5
            ],
            [
              2418,
              1098.5
            ],
            [
              2418,
              1134.5
            ],
            [
              2366,
              1134.5
            ],
            [
              2366,
              1098.5
            ]
          ]
        ]
      }
    },
    {
      "type": "Feature",
      "properties": {
        "id": "B-354",
        "name": "标准街铺 37",
        "zone": "市集区",
        "frontageRoad": "M-04",
        "description": "市集区的标准街铺，按市集区普通模数统一规格建设。",
        "footprint": 1872,
        "scaleClass": "普通建筑",
        "buildingType": "标准街铺",
        "sizeSpec": "市集区普通模数",
        "widthMeters": 52,
        "depthMeters": 36,
        "layer": "buildings"
      },
      "geometry": {
        "type": "Polygon",
        "coordinates": [
          [
            [
              2436,
              1098.5
            ],
            [
              2488,
              1098.5
            ],
            [
              2488,
              1134.5
            ],
            [
              2436,
              1134.5
            ],
            [
              2436,
              1098.5
            ]
          ]
        ]
      }
    },
    {
      "type": "Feature",
      "properties": {
        "id": "B-355",
        "name": "旅舍住宅 37",
        "zone": "市集区",
        "frontageRoad": "M-04",
        "description": "市集区的旅舍住宅，按市集区普通模数统一规格建设。",
        "footprint": 1872,
        "scaleClass": "普通建筑",
        "buildingType": "旅舍住宅",
        "sizeSpec": "市集区普通模数",
        "widthMeters": 52,
        "depthMeters": 36,
        "layer": "buildings"
      },
      "geometry": {
        "type": "Polygon",
        "coordinates": [
          [
            [
              2576,
              1098.5
            ],
            [
              2628,
              1098.5
            ],
            [
              2628,
              1134.5
            ],
            [
              2576,
              1134.5
            ],
            [
              2576,
              1098.5
            ]
          ]
        ]
      }
    },
    {
      "type": "Feature",
      "properties": {
        "id": "B-356",
        "name": "临街商住楼 38",
        "zone": "市集区",
        "frontageRoad": "M-04",
        "description": "市集区的临街商住楼，按市集区普通模数统一规格建设。",
        "footprint": 1872,
        "scaleClass": "普通建筑",
        "buildingType": "临街商住楼",
        "sizeSpec": "市集区普通模数",
        "widthMeters": 52,
        "depthMeters": 36,
        "layer": "buildings"
      },
      "geometry": {
        "type": "Polygon",
        "coordinates": [
          [
            [
              2646,
              1098.5
            ],
            [
              2698,
              1098.5
            ],
            [
              2698,
              1134.5
            ],
            [
              2646,
              1134.5
            ],
            [
              2646,
              1098.5
            ]
          ]
        ]
      }
    },
    {
      "type": "Feature",
      "properties": {
        "id": "B-357",
        "name": "标准街铺 38",
        "zone": "市集区",
        "frontageRoad": "M-04",
        "description": "市集区的标准街铺，按市集区普通模数统一规格建设。",
        "footprint": 1872,
        "scaleClass": "普通建筑",
        "buildingType": "标准街铺",
        "sizeSpec": "市集区普通模数",
        "widthMeters": 52,
        "depthMeters": 36,
        "layer": "buildings"
      },
      "geometry": {
        "type": "Polygon",
        "coordinates": [
          [
            [
              2786,
              1098.5
            ],
            [
              2838,
              1098.5
            ],
            [
              2838,
              1134.5
            ],
            [
              2786,
              1134.5
            ],
            [
              2786,
              1098.5
            ]
          ]
        ]
      }
    },
    {
      "type": "Feature",
      "properties": {
        "id": "B-358",
        "name": "旅舍住宅 38",
        "zone": "市集区",
        "frontageRoad": "M-04",
        "description": "市集区的旅舍住宅，按市集区普通模数统一规格建设。",
        "footprint": 1872,
        "scaleClass": "普通建筑",
        "buildingType": "旅舍住宅",
        "sizeSpec": "市集区普通模数",
        "widthMeters": 52,
        "depthMeters": 36,
        "layer": "buildings"
      },
      "geometry": {
        "type": "Polygon",
        "coordinates": [
          [
            [
              2786,
              1045.5
            ],
            [
              2838,
              1045.5
            ],
            [
              2838,
              1081.5
            ],
            [
              2786,
              1081.5
            ],
            [
              2786,
              1045.5
            ]
          ]
        ]
      }
    },
    {
      "type": "Feature",
      "properties": {
        "id": "B-359",
        "name": "临街商住楼 39",
        "zone": "市集区",
        "frontageRoad": "M-04",
        "description": "市集区的临街商住楼，按市集区普通模数统一规格建设。",
        "footprint": 1872,
        "scaleClass": "普通建筑",
        "buildingType": "临街商住楼",
        "sizeSpec": "市集区普通模数",
        "widthMeters": 52,
        "depthMeters": 36,
        "layer": "buildings"
      },
      "geometry": {
        "type": "Polygon",
        "coordinates": [
          [
            [
              2926,
              1045.5
            ],
            [
              2978,
              1045.5
            ],
            [
              2978,
              1081.5
            ],
            [
              2926,
              1081.5
            ],
            [
              2926,
              1045.5
            ]
          ]
        ]
      }
    },
    {
      "type": "Feature",
      "properties": {
        "id": "B-360",
        "name": "标准街铺 39",
        "zone": "市集区",
        "frontageRoad": "M-V1",
        "description": "市集区的标准街铺，按市集区普通模数统一规格建设。",
        "footprint": 1872,
        "scaleClass": "普通建筑",
        "buildingType": "标准街铺",
        "sizeSpec": "市集区普通模数",
        "widthMeters": 52,
        "depthMeters": 36,
        "layer": "buildings"
      },
      "geometry": {
        "type": "Polygon",
        "coordinates": [
          [
            [
              2171.5,
              406
            ],
            [
              2171.5,
              458
            ],
            [
              2135.5,
              458
            ],
            [
              2135.5,
              406
            ],
            [
              2171.5,
              406
            ]
          ]
        ]
      }
    },
    {
      "type": "Feature",
      "properties": {
        "id": "B-361",
        "name": "旅舍住宅 39",
        "zone": "市集区",
        "frontageRoad": "M-V1",
        "description": "市集区的旅舍住宅，按市集区普通模数统一规格建设。",
        "footprint": 1872,
        "scaleClass": "普通建筑",
        "buildingType": "旅舍住宅",
        "sizeSpec": "市集区普通模数",
        "widthMeters": 52,
        "depthMeters": 36,
        "layer": "buildings"
      },
      "geometry": {
        "type": "Polygon",
        "coordinates": [
          [
            [
              2171.5,
              476
            ],
            [
              2171.5,
              528
            ],
            [
              2135.5,
              528
            ],
            [
              2135.5,
              476
            ],
            [
              2171.5,
              476
            ]
          ]
        ]
      }
    },
    {
      "type": "Feature",
      "properties": {
        "id": "B-362",
        "name": "临街商住楼 40",
        "zone": "市集区",
        "frontageRoad": "M-V1",
        "description": "市集区的临街商住楼，按市集区普通模数统一规格建设。",
        "footprint": 1872,
        "scaleClass": "普通建筑",
        "buildingType": "临街商住楼",
        "sizeSpec": "市集区普通模数",
        "widthMeters": 52,
        "depthMeters": 36,
        "layer": "buildings"
      },
      "geometry": {
        "type": "Polygon",
        "coordinates": [
          [
            [
              2224.5,
              476
            ],
            [
              2224.5,
              528
            ],
            [
              2188.5,
              528
            ],
            [
              2188.5,
              476
            ],
            [
              2224.5,
              476
            ]
          ]
        ]
      }
    },
    {
      "type": "Feature",
      "properties": {
        "id": "B-363",
        "name": "标准街铺 40",
        "zone": "市集区",
        "frontageRoad": "M-V1",
        "description": "市集区的标准街铺，按市集区普通模数统一规格建设。",
        "footprint": 1872,
        "scaleClass": "普通建筑",
        "buildingType": "标准街铺",
        "sizeSpec": "市集区普通模数",
        "widthMeters": 52,
        "depthMeters": 36,
        "layer": "buildings"
      },
      "geometry": {
        "type": "Polygon",
        "coordinates": [
          [
            [
              2171.5,
              546
            ],
            [
              2171.5,
              598
            ],
            [
              2135.5,
              598
            ],
            [
              2135.5,
              546
            ],
            [
              2171.5,
              546
            ]
          ]
        ]
      }
    },
    {
      "type": "Feature",
      "properties": {
        "id": "B-364",
        "name": "旅舍住宅 40",
        "zone": "市集区",
        "frontageRoad": "M-V1",
        "description": "市集区的旅舍住宅，按市集区普通模数统一规格建设。",
        "footprint": 1872,
        "scaleClass": "普通建筑",
        "buildingType": "旅舍住宅",
        "sizeSpec": "市集区普通模数",
        "widthMeters": 52,
        "depthMeters": 36,
        "layer": "buildings"
      },
      "geometry": {
        "type": "Polygon",
        "coordinates": [
          [
            [
              2224.5,
              546
            ],
            [
              2224.5,
              598
            ],
            [
              2188.5,
              598
            ],
            [
              2188.5,
              546
            ],
            [
              2224.5,
              546
            ]
          ]
        ]
      }
    },
    {
      "type": "Feature",
      "properties": {
        "id": "B-365",
        "name": "临街商住楼 41",
        "zone": "市集区",
        "frontageRoad": "M-V1",
        "description": "市集区的临街商住楼，按市集区普通模数统一规格建设。",
        "footprint": 1872,
        "scaleClass": "普通建筑",
        "buildingType": "临街商住楼",
        "sizeSpec": "市集区普通模数",
        "widthMeters": 52,
        "depthMeters": 36,
        "layer": "buildings"
      },
      "geometry": {
        "type": "Polygon",
        "coordinates": [
          [
            [
              2171.5,
              686
            ],
            [
              2171.5,
              738
            ],
            [
              2135.5,
              738
            ],
            [
              2135.5,
              686
            ],
            [
              2171.5,
              686
            ]
          ]
        ]
      }
    },
    {
      "type": "Feature",
      "properties": {
        "id": "B-366",
        "name": "标准街铺 41",
        "zone": "市集区",
        "frontageRoad": "M-V1",
        "description": "市集区的标准街铺，按市集区普通模数统一规格建设。",
        "footprint": 1872,
        "scaleClass": "普通建筑",
        "buildingType": "标准街铺",
        "sizeSpec": "市集区普通模数",
        "widthMeters": 52,
        "depthMeters": 36,
        "layer": "buildings"
      },
      "geometry": {
        "type": "Polygon",
        "coordinates": [
          [
            [
              2224.5,
              686
            ],
            [
              2224.5,
              738
            ],
            [
              2188.5,
              738
            ],
            [
              2188.5,
              686
            ],
            [
              2224.5,
              686
            ]
          ]
        ]
      }
    },
    {
      "type": "Feature",
      "properties": {
        "id": "B-367",
        "name": "旅舍住宅 41",
        "zone": "市集区",
        "frontageRoad": "M-V1",
        "description": "市集区的旅舍住宅，按市集区普通模数统一规格建设。",
        "footprint": 1872,
        "scaleClass": "普通建筑",
        "buildingType": "旅舍住宅",
        "sizeSpec": "市集区普通模数",
        "widthMeters": 52,
        "depthMeters": 36,
        "layer": "buildings"
      },
      "geometry": {
        "type": "Polygon",
        "coordinates": [
          [
            [
              2171.5,
              756
            ],
            [
              2171.5,
              808
            ],
            [
              2135.5,
              808
            ],
            [
              2135.5,
              756
            ],
            [
              2171.5,
              756
            ]
          ]
        ]
      }
    },
    {
      "type": "Feature",
      "properties": {
        "id": "B-368",
        "name": "临街商住楼 42",
        "zone": "市集区",
        "frontageRoad": "M-V1",
        "description": "市集区的临街商住楼，按市集区普通模数统一规格建设。",
        "footprint": 1872,
        "scaleClass": "普通建筑",
        "buildingType": "临街商住楼",
        "sizeSpec": "市集区普通模数",
        "widthMeters": 52,
        "depthMeters": 36,
        "layer": "buildings"
      },
      "geometry": {
        "type": "Polygon",
        "coordinates": [
          [
            [
              2171.5,
              896
            ],
            [
              2171.5,
              948
            ],
            [
              2135.5,
              948
            ],
            [
              2135.5,
              896
            ],
            [
              2171.5,
              896
            ]
          ]
        ]
      }
    },
    {
      "type": "Feature",
      "properties": {
        "id": "B-369",
        "name": "标准街铺 42",
        "zone": "市集区",
        "frontageRoad": "M-V1",
        "description": "市集区的标准街铺，按市集区普通模数统一规格建设。",
        "footprint": 1872,
        "scaleClass": "普通建筑",
        "buildingType": "标准街铺",
        "sizeSpec": "市集区普通模数",
        "widthMeters": 52,
        "depthMeters": 36,
        "layer": "buildings"
      },
      "geometry": {
        "type": "Polygon",
        "coordinates": [
          [
            [
              2224.5,
              896
            ],
            [
              2224.5,
              948
            ],
            [
              2188.5,
              948
            ],
            [
              2188.5,
              896
            ],
            [
              2224.5,
              896
            ]
          ]
        ]
      }
    },
    {
      "type": "Feature",
      "properties": {
        "id": "B-370",
        "name": "旅舍住宅 42",
        "zone": "市集区",
        "frontageRoad": "M-V1",
        "description": "市集区的旅舍住宅，按市集区普通模数统一规格建设。",
        "footprint": 1872,
        "scaleClass": "普通建筑",
        "buildingType": "旅舍住宅",
        "sizeSpec": "市集区普通模数",
        "widthMeters": 52,
        "depthMeters": 36,
        "layer": "buildings"
      },
      "geometry": {
        "type": "Polygon",
        "coordinates": [
          [
            [
              2171.5,
              966
            ],
            [
              2171.5,
              1018
            ],
            [
              2135.5,
              1018
            ],
            [
              2135.5,
              966
            ],
            [
              2171.5,
              966
            ]
          ]
        ]
      }
    },
    {
      "type": "Feature",
      "properties": {
        "id": "B-371",
        "name": "临街商住楼 43",
        "zone": "市集区",
        "frontageRoad": "M-V1",
        "description": "市集区的临街商住楼，按市集区普通模数统一规格建设。",
        "footprint": 1872,
        "scaleClass": "普通建筑",
        "buildingType": "临街商住楼",
        "sizeSpec": "市集区普通模数",
        "widthMeters": 52,
        "depthMeters": 36,
        "layer": "buildings"
      },
      "geometry": {
        "type": "Polygon",
        "coordinates": [
          [
            [
              2171.5,
              1106
            ],
            [
              2171.5,
              1158
            ],
            [
              2135.5,
              1158
            ],
            [
              2135.5,
              1106
            ],
            [
              2171.5,
              1106
            ]
          ]
        ]
      }
    },
    {
      "type": "Feature",
      "properties": {
        "id": "B-372",
        "name": "标准街铺 43",
        "zone": "市集区",
        "frontageRoad": "M-V1",
        "description": "市集区的标准街铺，按市集区普通模数统一规格建设。",
        "footprint": 1872,
        "scaleClass": "普通建筑",
        "buildingType": "标准街铺",
        "sizeSpec": "市集区普通模数",
        "widthMeters": 52,
        "depthMeters": 36,
        "layer": "buildings"
      },
      "geometry": {
        "type": "Polygon",
        "coordinates": [
          [
            [
              2224.5,
              1106
            ],
            [
              2224.5,
              1158
            ],
            [
              2188.5,
              1158
            ],
            [
              2188.5,
              1106
            ],
            [
              2224.5,
              1106
            ]
          ]
        ]
      }
    },
    {
      "type": "Feature",
      "properties": {
        "id": "B-373",
        "name": "旅舍住宅 43",
        "zone": "市集区",
        "frontageRoad": "M-V1",
        "description": "市集区的旅舍住宅，按市集区普通模数统一规格建设。",
        "footprint": 1872,
        "scaleClass": "普通建筑",
        "buildingType": "旅舍住宅",
        "sizeSpec": "市集区普通模数",
        "widthMeters": 52,
        "depthMeters": 36,
        "layer": "buildings"
      },
      "geometry": {
        "type": "Polygon",
        "coordinates": [
          [
            [
              2171.5,
              1176
            ],
            [
              2171.5,
              1228
            ],
            [
              2135.5,
              1228
            ],
            [
              2135.5,
              1176
            ],
            [
              2171.5,
              1176
            ]
          ]
        ]
      }
    },
    {
      "type": "Feature",
      "properties": {
        "id": "B-374",
        "name": "临街商住楼 44",
        "zone": "市集区",
        "frontageRoad": "M-V2",
        "description": "市集区的临街商住楼，按市集区普通模数统一规格建设。",
        "footprint": 1872,
        "scaleClass": "普通建筑",
        "buildingType": "临街商住楼",
        "sizeSpec": "市集区普通模数",
        "widthMeters": 52,
        "depthMeters": 36,
        "layer": "buildings"
      },
      "geometry": {
        "type": "Polygon",
        "coordinates": [
          [
            [
              2541.5,
              406
            ],
            [
              2541.5,
              458
            ],
            [
              2505.5,
              458
            ],
            [
              2505.5,
              406
            ],
            [
              2541.5,
              406
            ]
          ]
        ]
      }
    },
    {
      "type": "Feature",
      "properties": {
        "id": "B-375",
        "name": "标准街铺 44",
        "zone": "市集区",
        "frontageRoad": "M-V2",
        "description": "市集区的标准街铺，按市集区普通模数统一规格建设。",
        "footprint": 1872,
        "scaleClass": "普通建筑",
        "buildingType": "标准街铺",
        "sizeSpec": "市集区普通模数",
        "widthMeters": 52,
        "depthMeters": 36,
        "layer": "buildings"
      },
      "geometry": {
        "type": "Polygon",
        "coordinates": [
          [
            [
              2541.5,
              476
            ],
            [
              2541.5,
              528
            ],
            [
              2505.5,
              528
            ],
            [
              2505.5,
              476
            ],
            [
              2541.5,
              476
            ]
          ]
        ]
      }
    },
    {
      "type": "Feature",
      "properties": {
        "id": "B-376",
        "name": "旅舍住宅 44",
        "zone": "市集区",
        "frontageRoad": "M-V2",
        "description": "市集区的旅舍住宅，按市集区普通模数统一规格建设。",
        "footprint": 1872,
        "scaleClass": "普通建筑",
        "buildingType": "旅舍住宅",
        "sizeSpec": "市集区普通模数",
        "widthMeters": 52,
        "depthMeters": 36,
        "layer": "buildings"
      },
      "geometry": {
        "type": "Polygon",
        "coordinates": [
          [
            [
              2594.5,
              476
            ],
            [
              2594.5,
              528
            ],
            [
              2558.5,
              528
            ],
            [
              2558.5,
              476
            ],
            [
              2594.5,
              476
            ]
          ]
        ]
      }
    },
    {
      "type": "Feature",
      "properties": {
        "id": "B-377",
        "name": "临街商住楼 45",
        "zone": "市集区",
        "frontageRoad": "M-V2",
        "description": "市集区的临街商住楼，按市集区普通模数统一规格建设。",
        "footprint": 1872,
        "scaleClass": "普通建筑",
        "buildingType": "临街商住楼",
        "sizeSpec": "市集区普通模数",
        "widthMeters": 52,
        "depthMeters": 36,
        "layer": "buildings"
      },
      "geometry": {
        "type": "Polygon",
        "coordinates": [
          [
            [
              2541.5,
              546
            ],
            [
              2541.5,
              598
            ],
            [
              2505.5,
              598
            ],
            [
              2505.5,
              546
            ],
            [
              2541.5,
              546
            ]
          ]
        ]
      }
    },
    {
      "type": "Feature",
      "properties": {
        "id": "B-378",
        "name": "标准街铺 45",
        "zone": "市集区",
        "frontageRoad": "M-V2",
        "description": "市集区的标准街铺，按市集区普通模数统一规格建设。",
        "footprint": 1872,
        "scaleClass": "普通建筑",
        "buildingType": "标准街铺",
        "sizeSpec": "市集区普通模数",
        "widthMeters": 52,
        "depthMeters": 36,
        "layer": "buildings"
      },
      "geometry": {
        "type": "Polygon",
        "coordinates": [
          [
            [
              2594.5,
              546
            ],
            [
              2594.5,
              598
            ],
            [
              2558.5,
              598
            ],
            [
              2558.5,
              546
            ],
            [
              2594.5,
              546
            ]
          ]
        ]
      }
    },
    {
      "type": "Feature",
      "properties": {
        "id": "B-379",
        "name": "旅舍住宅 45",
        "zone": "市集区",
        "frontageRoad": "M-V2",
        "description": "市集区的旅舍住宅，按市集区普通模数统一规格建设。",
        "footprint": 1872,
        "scaleClass": "普通建筑",
        "buildingType": "旅舍住宅",
        "sizeSpec": "市集区普通模数",
        "widthMeters": 52,
        "depthMeters": 36,
        "layer": "buildings"
      },
      "geometry": {
        "type": "Polygon",
        "coordinates": [
          [
            [
              2541.5,
              756
            ],
            [
              2541.5,
              808
            ],
            [
              2505.5,
              808
            ],
            [
              2505.5,
              756
            ],
            [
              2541.5,
              756
            ]
          ]
        ]
      }
    },
    {
      "type": "Feature",
      "properties": {
        "id": "B-380",
        "name": "临街商住楼 46",
        "zone": "市集区",
        "frontageRoad": "M-V2",
        "description": "市集区的临街商住楼，按市集区普通模数统一规格建设。",
        "footprint": 1872,
        "scaleClass": "普通建筑",
        "buildingType": "临街商住楼",
        "sizeSpec": "市集区普通模数",
        "widthMeters": 52,
        "depthMeters": 36,
        "layer": "buildings"
      },
      "geometry": {
        "type": "Polygon",
        "coordinates": [
          [
            [
              2541.5,
              896
            ],
            [
              2541.5,
              948
            ],
            [
              2505.5,
              948
            ],
            [
              2505.5,
              896
            ],
            [
              2541.5,
              896
            ]
          ]
        ]
      }
    },
    {
      "type": "Feature",
      "properties": {
        "id": "B-381",
        "name": "标准街铺 46",
        "zone": "市集区",
        "frontageRoad": "M-V2",
        "description": "市集区的标准街铺，按市集区普通模数统一规格建设。",
        "footprint": 1872,
        "scaleClass": "普通建筑",
        "buildingType": "标准街铺",
        "sizeSpec": "市集区普通模数",
        "widthMeters": 52,
        "depthMeters": 36,
        "layer": "buildings"
      },
      "geometry": {
        "type": "Polygon",
        "coordinates": [
          [
            [
              2594.5,
              896
            ],
            [
              2594.5,
              948
            ],
            [
              2558.5,
              948
            ],
            [
              2558.5,
              896
            ],
            [
              2594.5,
              896
            ]
          ]
        ]
      }
    },
    {
      "type": "Feature",
      "properties": {
        "id": "B-382",
        "name": "旅舍住宅 46",
        "zone": "市集区",
        "frontageRoad": "M-V2",
        "description": "市集区的旅舍住宅，按市集区普通模数统一规格建设。",
        "footprint": 1872,
        "scaleClass": "普通建筑",
        "buildingType": "旅舍住宅",
        "sizeSpec": "市集区普通模数",
        "widthMeters": 52,
        "depthMeters": 36,
        "layer": "buildings"
      },
      "geometry": {
        "type": "Polygon",
        "coordinates": [
          [
            [
              2541.5,
              966
            ],
            [
              2541.5,
              1018
            ],
            [
              2505.5,
              1018
            ],
            [
              2505.5,
              966
            ],
            [
              2541.5,
              966
            ]
          ]
        ]
      }
    },
    {
      "type": "Feature",
      "properties": {
        "id": "B-383",
        "name": "临街商住楼 47",
        "zone": "市集区",
        "frontageRoad": "M-V3",
        "description": "市集区的临街商住楼，按市集区普通模数统一规格建设。",
        "footprint": 1872,
        "scaleClass": "普通建筑",
        "buildingType": "临街商住楼",
        "sizeSpec": "市集区普通模数",
        "widthMeters": 52,
        "depthMeters": 36,
        "layer": "buildings"
      },
      "geometry": {
        "type": "Polygon",
        "coordinates": [
          [
            [
              3031.5,
              406
            ],
            [
              3031.5,
              458
            ],
            [
              2995.5,
              458
            ],
            [
              2995.5,
              406
            ],
            [
              3031.5,
              406
            ]
          ]
        ]
      }
    },
    {
      "type": "Feature",
      "properties": {
        "id": "B-384",
        "name": "标准街铺 47",
        "zone": "市集区",
        "frontageRoad": "M-V3",
        "description": "市集区的标准街铺，按市集区普通模数统一规格建设。",
        "footprint": 1872,
        "scaleClass": "普通建筑",
        "buildingType": "标准街铺",
        "sizeSpec": "市集区普通模数",
        "widthMeters": 52,
        "depthMeters": 36,
        "layer": "buildings"
      },
      "geometry": {
        "type": "Polygon",
        "coordinates": [
          [
            [
              3031.5,
              476
            ],
            [
              3031.5,
              528
            ],
            [
              2995.5,
              528
            ],
            [
              2995.5,
              476
            ],
            [
              3031.5,
              476
            ]
          ]
        ]
      }
    },
    {
      "type": "Feature",
      "properties": {
        "id": "B-385",
        "name": "旅舍住宅 47",
        "zone": "市集区",
        "frontageRoad": "M-V3",
        "description": "市集区的旅舍住宅，按市集区普通模数统一规格建设。",
        "footprint": 1872,
        "scaleClass": "普通建筑",
        "buildingType": "旅舍住宅",
        "sizeSpec": "市集区普通模数",
        "widthMeters": 52,
        "depthMeters": 36,
        "layer": "buildings"
      },
      "geometry": {
        "type": "Polygon",
        "coordinates": [
          [
            [
              3084.5,
              476
            ],
            [
              3084.5,
              528
            ],
            [
              3048.5,
              528
            ],
            [
              3048.5,
              476
            ],
            [
              3084.5,
              476
            ]
          ]
        ]
      }
    },
    {
      "type": "Feature",
      "properties": {
        "id": "B-386",
        "name": "临街商住楼 48",
        "zone": "市集区",
        "frontageRoad": "M-V3",
        "description": "市集区的临街商住楼，按市集区普通模数统一规格建设。",
        "footprint": 1872,
        "scaleClass": "普通建筑",
        "buildingType": "临街商住楼",
        "sizeSpec": "市集区普通模数",
        "widthMeters": 52,
        "depthMeters": 36,
        "layer": "buildings"
      },
      "geometry": {
        "type": "Polygon",
        "coordinates": [
          [
            [
              3031.5,
              546
            ],
            [
              3031.5,
              598
            ],
            [
              2995.5,
              598
            ],
            [
              2995.5,
              546
            ],
            [
              3031.5,
              546
            ]
          ]
        ]
      }
    },
    {
      "type": "Feature",
      "properties": {
        "id": "B-387",
        "name": "标准街铺 48",
        "zone": "市集区",
        "frontageRoad": "M-V3",
        "description": "市集区的标准街铺，按市集区普通模数统一规格建设。",
        "footprint": 1872,
        "scaleClass": "普通建筑",
        "buildingType": "标准街铺",
        "sizeSpec": "市集区普通模数",
        "widthMeters": 52,
        "depthMeters": 36,
        "layer": "buildings"
      },
      "geometry": {
        "type": "Polygon",
        "coordinates": [
          [
            [
              3084.5,
              546
            ],
            [
              3084.5,
              598
            ],
            [
              3048.5,
              598
            ],
            [
              3048.5,
              546
            ],
            [
              3084.5,
              546
            ]
          ]
        ]
      }
    },
    {
      "type": "Feature",
      "properties": {
        "id": "B-388",
        "name": "旅舍住宅 48",
        "zone": "市集区",
        "frontageRoad": "M-V3",
        "description": "市集区的旅舍住宅，按市集区普通模数统一规格建设。",
        "footprint": 1872,
        "scaleClass": "普通建筑",
        "buildingType": "旅舍住宅",
        "sizeSpec": "市集区普通模数",
        "widthMeters": 52,
        "depthMeters": 36,
        "layer": "buildings"
      },
      "geometry": {
        "type": "Polygon",
        "coordinates": [
          [
            [
              3031.5,
              686
            ],
            [
              3031.5,
              738
            ],
            [
              2995.5,
              738
            ],
            [
              2995.5,
              686
            ],
            [
              3031.5,
              686
            ]
          ]
        ]
      }
    },
    {
      "type": "Feature",
      "properties": {
        "id": "B-389",
        "name": "临街商住楼 49",
        "zone": "市集区",
        "frontageRoad": "M-V3",
        "description": "市集区的临街商住楼，按市集区普通模数统一规格建设。",
        "footprint": 1872,
        "scaleClass": "普通建筑",
        "buildingType": "临街商住楼",
        "sizeSpec": "市集区普通模数",
        "widthMeters": 52,
        "depthMeters": 36,
        "layer": "buildings"
      },
      "geometry": {
        "type": "Polygon",
        "coordinates": [
          [
            [
              3084.5,
              686
            ],
            [
              3084.5,
              738
            ],
            [
              3048.5,
              738
            ],
            [
              3048.5,
              686
            ],
            [
              3084.5,
              686
            ]
          ]
        ]
      }
    },
    {
      "type": "Feature",
      "properties": {
        "id": "B-390",
        "name": "标准工坊楼 7",
        "zone": "工坊区",
        "frontageRoad": "W-02",
        "description": "工坊区的标准工坊楼，按工坊区普通模数统一规格建设。",
        "footprint": 2520,
        "scaleClass": "普通建筑",
        "buildingType": "标准工坊楼",
        "sizeSpec": "工坊区普通模数",
        "widthMeters": 60,
        "depthMeters": 42,
        "layer": "buildings"
      },
      "geometry": {
        "type": "Polygon",
        "coordinates": [
          [
            [
              2402,
              1739.5
            ],
            [
              2462,
              1739.5
            ],
            [
              2462,
              1781.5
            ],
            [
              2402,
              1781.5
            ],
            [
              2402,
              1739.5
            ]
          ]
        ]
      }
    },
    {
      "type": "Feature",
      "properties": {
        "id": "B-391",
        "name": "材料库房 7",
        "zone": "工坊区",
        "frontageRoad": "W-02",
        "description": "工坊区的材料库房，按工坊区普通模数统一规格建设。",
        "footprint": 2520,
        "scaleClass": "普通建筑",
        "buildingType": "材料库房",
        "sizeSpec": "工坊区普通模数",
        "widthMeters": 60,
        "depthMeters": 42,
        "layer": "buildings"
      },
      "geometry": {
        "type": "Polygon",
        "coordinates": [
          [
            [
              2402,
              1678.5
            ],
            [
              2462,
              1678.5
            ],
            [
              2462,
              1720.5
            ],
            [
              2402,
              1720.5
            ],
            [
              2402,
              1678.5
            ]
          ]
        ]
      }
    },
    {
      "type": "Feature",
      "properties": {
        "id": "B-392",
        "name": "维修作业楼 7",
        "zone": "工坊区",
        "frontageRoad": "W-02",
        "description": "工坊区的维修作业楼，按工坊区普通模数统一规格建设。",
        "footprint": 2520,
        "scaleClass": "普通建筑",
        "buildingType": "维修作业楼",
        "sizeSpec": "工坊区普通模数",
        "widthMeters": 60,
        "depthMeters": 42,
        "layer": "buildings"
      },
      "geometry": {
        "type": "Polygon",
        "coordinates": [
          [
            [
              2472,
              1739.5
            ],
            [
              2532,
              1739.5
            ],
            [
              2532,
              1781.5
            ],
            [
              2472,
              1781.5
            ],
            [
              2472,
              1739.5
            ]
          ]
        ]
      }
    },
    {
      "type": "Feature",
      "properties": {
        "id": "B-393",
        "name": "标准工坊楼 8",
        "zone": "工坊区",
        "frontageRoad": "W-02",
        "description": "工坊区的标准工坊楼，按工坊区普通模数统一规格建设。",
        "footprint": 2520,
        "scaleClass": "普通建筑",
        "buildingType": "标准工坊楼",
        "sizeSpec": "工坊区普通模数",
        "widthMeters": 60,
        "depthMeters": 42,
        "layer": "buildings"
      },
      "geometry": {
        "type": "Polygon",
        "coordinates": [
          [
            [
              2472,
              1678.5
            ],
            [
              2532,
              1678.5
            ],
            [
              2532,
              1720.5
            ],
            [
              2472,
              1720.5
            ],
            [
              2472,
              1678.5
            ]
          ]
        ]
      }
    },
    {
      "type": "Feature",
      "properties": {
        "id": "B-394",
        "name": "材料库房 8",
        "zone": "工坊区",
        "frontageRoad": "W-02",
        "description": "工坊区的材料库房，按工坊区普通模数统一规格建设。",
        "footprint": 2520,
        "scaleClass": "普通建筑",
        "buildingType": "材料库房",
        "sizeSpec": "工坊区普通模数",
        "widthMeters": 60,
        "depthMeters": 42,
        "layer": "buildings"
      },
      "geometry": {
        "type": "Polygon",
        "coordinates": [
          [
            [
              2612,
              1739.5
            ],
            [
              2672,
              1739.5
            ],
            [
              2672,
              1781.5
            ],
            [
              2612,
              1781.5
            ],
            [
              2612,
              1739.5
            ]
          ]
        ]
      }
    },
    {
      "type": "Feature",
      "properties": {
        "id": "B-395",
        "name": "维修作业楼 8",
        "zone": "工坊区",
        "frontageRoad": "W-02",
        "description": "工坊区的维修作业楼，按工坊区普通模数统一规格建设。",
        "footprint": 2520,
        "scaleClass": "普通建筑",
        "buildingType": "维修作业楼",
        "sizeSpec": "工坊区普通模数",
        "widthMeters": 60,
        "depthMeters": 42,
        "layer": "buildings"
      },
      "geometry": {
        "type": "Polygon",
        "coordinates": [
          [
            [
              2822,
              1678.5
            ],
            [
              2882,
              1678.5
            ],
            [
              2882,
              1720.5
            ],
            [
              2822,
              1720.5
            ],
            [
              2822,
              1678.5
            ]
          ]
        ]
      }
    },
    {
      "type": "Feature",
      "properties": {
        "id": "B-396",
        "name": "标准工坊楼 9",
        "zone": "工坊区",
        "frontageRoad": "W-02",
        "description": "工坊区的标准工坊楼，按工坊区普通模数统一规格建设。",
        "footprint": 2520,
        "scaleClass": "普通建筑",
        "buildingType": "标准工坊楼",
        "sizeSpec": "工坊区普通模数",
        "widthMeters": 60,
        "depthMeters": 42,
        "layer": "buildings"
      },
      "geometry": {
        "type": "Polygon",
        "coordinates": [
          [
            [
              2962,
              1739.5
            ],
            [
              3022,
              1739.5
            ],
            [
              3022,
              1781.5
            ],
            [
              2962,
              1781.5
            ],
            [
              2962,
              1739.5
            ]
          ]
        ]
      }
    },
    {
      "type": "Feature",
      "properties": {
        "id": "B-397",
        "name": "材料库房 9",
        "zone": "工坊区",
        "frontageRoad": "W-02",
        "description": "工坊区的材料库房，按工坊区普通模数统一规格建设。",
        "footprint": 2520,
        "scaleClass": "普通建筑",
        "buildingType": "材料库房",
        "sizeSpec": "工坊区普通模数",
        "widthMeters": 60,
        "depthMeters": 42,
        "layer": "buildings"
      },
      "geometry": {
        "type": "Polygon",
        "coordinates": [
          [
            [
              2962,
              1678.5
            ],
            [
              3022,
              1678.5
            ],
            [
              3022,
              1720.5
            ],
            [
              2962,
              1720.5
            ],
            [
              2962,
              1678.5
            ]
          ]
        ]
      }
    },
    {
      "type": "Feature",
      "properties": {
        "id": "B-398",
        "name": "维修作业楼 9",
        "zone": "工坊区",
        "frontageRoad": "W-03",
        "description": "工坊区的维修作业楼，按工坊区普通模数统一规格建设。",
        "footprint": 2520,
        "scaleClass": "普通建筑",
        "buildingType": "维修作业楼",
        "sizeSpec": "工坊区普通模数",
        "widthMeters": 60,
        "depthMeters": 42,
        "layer": "buildings"
      },
      "geometry": {
        "type": "Polygon",
        "coordinates": [
          [
            [
              2262,
              1909.5
            ],
            [
              2322,
              1909.5
            ],
            [
              2322,
              1951.5
            ],
            [
              2262,
              1951.5
            ],
            [
              2262,
              1909.5
            ]
          ]
        ]
      }
    },
    {
      "type": "Feature",
      "properties": {
        "id": "B-399",
        "name": "标准工坊楼 10",
        "zone": "工坊区",
        "frontageRoad": "W-03",
        "description": "工坊区的标准工坊楼，按工坊区普通模数统一规格建设。",
        "footprint": 2520,
        "scaleClass": "普通建筑",
        "buildingType": "标准工坊楼",
        "sizeSpec": "工坊区普通模数",
        "widthMeters": 60,
        "depthMeters": 42,
        "layer": "buildings"
      },
      "geometry": {
        "type": "Polygon",
        "coordinates": [
          [
            [
              2402,
              1909.5
            ],
            [
              2462,
              1909.5
            ],
            [
              2462,
              1951.5
            ],
            [
              2402,
              1951.5
            ],
            [
              2402,
              1909.5
            ]
          ]
        ]
      }
    },
    {
      "type": "Feature",
      "properties": {
        "id": "B-400",
        "name": "材料库房 10",
        "zone": "工坊区",
        "frontageRoad": "W-03",
        "description": "工坊区的材料库房，按工坊区普通模数统一规格建设。",
        "footprint": 2520,
        "scaleClass": "普通建筑",
        "buildingType": "材料库房",
        "sizeSpec": "工坊区普通模数",
        "widthMeters": 60,
        "depthMeters": 42,
        "layer": "buildings"
      },
      "geometry": {
        "type": "Polygon",
        "coordinates": [
          [
            [
              2472,
              1909.5
            ],
            [
              2532,
              1909.5
            ],
            [
              2532,
              1951.5
            ],
            [
              2472,
              1951.5
            ],
            [
              2472,
              1909.5
            ]
          ]
        ]
      }
    },
    {
      "type": "Feature",
      "properties": {
        "id": "B-401",
        "name": "维修作业楼 10",
        "zone": "工坊区",
        "frontageRoad": "W-03",
        "description": "工坊区的维修作业楼，按工坊区普通模数统一规格建设。",
        "footprint": 2520,
        "scaleClass": "普通建筑",
        "buildingType": "维修作业楼",
        "sizeSpec": "工坊区普通模数",
        "widthMeters": 60,
        "depthMeters": 42,
        "layer": "buildings"
      },
      "geometry": {
        "type": "Polygon",
        "coordinates": [
          [
            [
              2612,
              1909.5
            ],
            [
              2672,
              1909.5
            ],
            [
              2672,
              1951.5
            ],
            [
              2612,
              1951.5
            ],
            [
              2612,
              1909.5
            ]
          ]
        ]
      }
    },
    {
      "type": "Feature",
      "properties": {
        "id": "B-402",
        "name": "标准工坊楼 11",
        "zone": "工坊区",
        "frontageRoad": "W-03",
        "description": "工坊区的标准工坊楼，按工坊区普通模数统一规格建设。",
        "footprint": 2520,
        "scaleClass": "普通建筑",
        "buildingType": "标准工坊楼",
        "sizeSpec": "工坊区普通模数",
        "widthMeters": 60,
        "depthMeters": 42,
        "layer": "buildings"
      },
      "geometry": {
        "type": "Polygon",
        "coordinates": [
          [
            [
              2612,
              1848.5
            ],
            [
              2672,
              1848.5
            ],
            [
              2672,
              1890.5
            ],
            [
              2612,
              1890.5
            ],
            [
              2612,
              1848.5
            ]
          ]
        ]
      }
    },
    {
      "type": "Feature",
      "properties": {
        "id": "B-403",
        "name": "材料库房 11",
        "zone": "工坊区",
        "frontageRoad": "W-03",
        "description": "工坊区的材料库房，按工坊区普通模数统一规格建设。",
        "footprint": 2520,
        "scaleClass": "普通建筑",
        "buildingType": "材料库房",
        "sizeSpec": "工坊区普通模数",
        "widthMeters": 60,
        "depthMeters": 42,
        "layer": "buildings"
      },
      "geometry": {
        "type": "Polygon",
        "coordinates": [
          [
            [
              2682,
              1909.5
            ],
            [
              2742,
              1909.5
            ],
            [
              2742,
              1951.5
            ],
            [
              2682,
              1951.5
            ],
            [
              2682,
              1909.5
            ]
          ]
        ]
      }
    },
    {
      "type": "Feature",
      "properties": {
        "id": "B-404",
        "name": "维修作业楼 11",
        "zone": "工坊区",
        "frontageRoad": "W-03",
        "description": "工坊区的维修作业楼，按工坊区普通模数统一规格建设。",
        "footprint": 2520,
        "scaleClass": "普通建筑",
        "buildingType": "维修作业楼",
        "sizeSpec": "工坊区普通模数",
        "widthMeters": 60,
        "depthMeters": 42,
        "layer": "buildings"
      },
      "geometry": {
        "type": "Polygon",
        "coordinates": [
          [
            [
              2682,
              1848.5
            ],
            [
              2742,
              1848.5
            ],
            [
              2742,
              1890.5
            ],
            [
              2682,
              1890.5
            ],
            [
              2682,
              1848.5
            ]
          ]
        ]
      }
    },
    {
      "type": "Feature",
      "properties": {
        "id": "B-405",
        "name": "标准工坊楼 12",
        "zone": "工坊区",
        "frontageRoad": "W-03",
        "description": "工坊区的标准工坊楼，按工坊区普通模数统一规格建设。",
        "footprint": 2520,
        "scaleClass": "普通建筑",
        "buildingType": "标准工坊楼",
        "sizeSpec": "工坊区普通模数",
        "widthMeters": 60,
        "depthMeters": 42,
        "layer": "buildings"
      },
      "geometry": {
        "type": "Polygon",
        "coordinates": [
          [
            [
              2822,
              1909.5
            ],
            [
              2882,
              1909.5
            ],
            [
              2882,
              1951.5
            ],
            [
              2822,
              1951.5
            ],
            [
              2822,
              1909.5
            ]
          ]
        ]
      }
    },
    {
      "type": "Feature",
      "properties": {
        "id": "B-406",
        "name": "材料库房 12",
        "zone": "工坊区",
        "frontageRoad": "W-03",
        "description": "工坊区的材料库房，按工坊区普通模数统一规格建设。",
        "footprint": 2520,
        "scaleClass": "普通建筑",
        "buildingType": "材料库房",
        "sizeSpec": "工坊区普通模数",
        "widthMeters": 60,
        "depthMeters": 42,
        "layer": "buildings"
      },
      "geometry": {
        "type": "Polygon",
        "coordinates": [
          [
            [
              2822,
              1848.5
            ],
            [
              2882,
              1848.5
            ],
            [
              2882,
              1890.5
            ],
            [
              2822,
              1890.5
            ],
            [
              2822,
              1848.5
            ]
          ]
        ]
      }
    },
    {
      "type": "Feature",
      "properties": {
        "id": "B-407",
        "name": "维修作业楼 12",
        "zone": "工坊区",
        "frontageRoad": "W-03",
        "description": "工坊区的维修作业楼，按工坊区普通模数统一规格建设。",
        "footprint": 2520,
        "scaleClass": "普通建筑",
        "buildingType": "维修作业楼",
        "sizeSpec": "工坊区普通模数",
        "widthMeters": 60,
        "depthMeters": 42,
        "layer": "buildings"
      },
      "geometry": {
        "type": "Polygon",
        "coordinates": [
          [
            [
              2962,
              1848.5
            ],
            [
              3022,
              1848.5
            ],
            [
              3022,
              1890.5
            ],
            [
              2962,
              1890.5
            ],
            [
              2962,
              1848.5
            ]
          ]
        ]
      }
    },
    {
      "type": "Feature",
      "properties": {
        "id": "B-408",
        "name": "标准工坊楼 13",
        "zone": "工坊区",
        "frontageRoad": "W-04",
        "description": "工坊区的标准工坊楼，按工坊区普通模数统一规格建设。",
        "footprint": 2520,
        "scaleClass": "普通建筑",
        "buildingType": "标准工坊楼",
        "sizeSpec": "工坊区普通模数",
        "widthMeters": 60,
        "depthMeters": 42,
        "layer": "buildings"
      },
      "geometry": {
        "type": "Polygon",
        "coordinates": [
          [
            [
              2262,
              2209.5
            ],
            [
              2322,
              2209.5
            ],
            [
              2322,
              2251.5
            ],
            [
              2262,
              2251.5
            ],
            [
              2262,
              2209.5
            ]
          ]
        ]
      }
    },
    {
      "type": "Feature",
      "properties": {
        "id": "B-409",
        "name": "材料库房 13",
        "zone": "工坊区",
        "frontageRoad": "W-04",
        "description": "工坊区的材料库房，按工坊区普通模数统一规格建设。",
        "footprint": 2520,
        "scaleClass": "普通建筑",
        "buildingType": "材料库房",
        "sizeSpec": "工坊区普通模数",
        "widthMeters": 60,
        "depthMeters": 42,
        "layer": "buildings"
      },
      "geometry": {
        "type": "Polygon",
        "coordinates": [
          [
            [
              2402,
              2209.5
            ],
            [
              2462,
              2209.5
            ],
            [
              2462,
              2251.5
            ],
            [
              2402,
              2251.5
            ],
            [
              2402,
              2209.5
            ]
          ]
        ]
      }
    },
    {
      "type": "Feature",
      "properties": {
        "id": "B-410",
        "name": "维修作业楼 13",
        "zone": "工坊区",
        "frontageRoad": "W-04",
        "description": "工坊区的维修作业楼，按工坊区普通模数统一规格建设。",
        "footprint": 2520,
        "scaleClass": "普通建筑",
        "buildingType": "维修作业楼",
        "sizeSpec": "工坊区普通模数",
        "widthMeters": 60,
        "depthMeters": 42,
        "layer": "buildings"
      },
      "geometry": {
        "type": "Polygon",
        "coordinates": [
          [
            [
              2402,
              2148.5
            ],
            [
              2462,
              2148.5
            ],
            [
              2462,
              2190.5
            ],
            [
              2402,
              2190.5
            ],
            [
              2402,
              2148.5
            ]
          ]
        ]
      }
    },
    {
      "type": "Feature",
      "properties": {
        "id": "B-411",
        "name": "标准工坊楼 14",
        "zone": "工坊区",
        "frontageRoad": "W-04",
        "description": "工坊区的标准工坊楼，按工坊区普通模数统一规格建设。",
        "footprint": 2520,
        "scaleClass": "普通建筑",
        "buildingType": "标准工坊楼",
        "sizeSpec": "工坊区普通模数",
        "widthMeters": 60,
        "depthMeters": 42,
        "layer": "buildings"
      },
      "geometry": {
        "type": "Polygon",
        "coordinates": [
          [
            [
              2472,
              2209.5
            ],
            [
              2532,
              2209.5
            ],
            [
              2532,
              2251.5
            ],
            [
              2472,
              2251.5
            ],
            [
              2472,
              2209.5
            ]
          ]
        ]
      }
    },
    {
      "type": "Feature",
      "properties": {
        "id": "B-412",
        "name": "材料库房 14",
        "zone": "工坊区",
        "frontageRoad": "W-04",
        "description": "工坊区的材料库房，按工坊区普通模数统一规格建设。",
        "footprint": 2520,
        "scaleClass": "普通建筑",
        "buildingType": "材料库房",
        "sizeSpec": "工坊区普通模数",
        "widthMeters": 60,
        "depthMeters": 42,
        "layer": "buildings"
      },
      "geometry": {
        "type": "Polygon",
        "coordinates": [
          [
            [
              2472,
              2148.5
            ],
            [
              2532,
              2148.5
            ],
            [
              2532,
              2190.5
            ],
            [
              2472,
              2190.5
            ],
            [
              2472,
              2148.5
            ]
          ]
        ]
      }
    },
    {
      "type": "Feature",
      "properties": {
        "id": "B-413",
        "name": "维修作业楼 14",
        "zone": "工坊区",
        "frontageRoad": "W-04",
        "description": "工坊区的维修作业楼，按工坊区普通模数统一规格建设。",
        "footprint": 2520,
        "scaleClass": "普通建筑",
        "buildingType": "维修作业楼",
        "sizeSpec": "工坊区普通模数",
        "widthMeters": 60,
        "depthMeters": 42,
        "layer": "buildings"
      },
      "geometry": {
        "type": "Polygon",
        "coordinates": [
          [
            [
              2612,
              2209.5
            ],
            [
              2672,
              2209.5
            ],
            [
              2672,
              2251.5
            ],
            [
              2612,
              2251.5
            ],
            [
              2612,
              2209.5
            ]
          ]
        ]
      }
    },
    {
      "type": "Feature",
      "properties": {
        "id": "B-414",
        "name": "标准工坊楼 15",
        "zone": "工坊区",
        "frontageRoad": "W-04",
        "description": "工坊区的标准工坊楼，按工坊区普通模数统一规格建设。",
        "footprint": 2520,
        "scaleClass": "普通建筑",
        "buildingType": "标准工坊楼",
        "sizeSpec": "工坊区普通模数",
        "widthMeters": 60,
        "depthMeters": 42,
        "layer": "buildings"
      },
      "geometry": {
        "type": "Polygon",
        "coordinates": [
          [
            [
              2612,
              2148.5
            ],
            [
              2672,
              2148.5
            ],
            [
              2672,
              2190.5
            ],
            [
              2612,
              2190.5
            ],
            [
              2612,
              2148.5
            ]
          ]
        ]
      }
    },
    {
      "type": "Feature",
      "properties": {
        "id": "B-415",
        "name": "材料库房 15",
        "zone": "工坊区",
        "frontageRoad": "W-04",
        "description": "工坊区的材料库房，按工坊区普通模数统一规格建设。",
        "footprint": 2520,
        "scaleClass": "普通建筑",
        "buildingType": "材料库房",
        "sizeSpec": "工坊区普通模数",
        "widthMeters": 60,
        "depthMeters": 42,
        "layer": "buildings"
      },
      "geometry": {
        "type": "Polygon",
        "coordinates": [
          [
            [
              2682,
              2209.5
            ],
            [
              2742,
              2209.5
            ],
            [
              2742,
              2251.5
            ],
            [
              2682,
              2251.5
            ],
            [
              2682,
              2209.5
            ]
          ]
        ]
      }
    },
    {
      "type": "Feature",
      "properties": {
        "id": "B-416",
        "name": "维修作业楼 15",
        "zone": "工坊区",
        "frontageRoad": "W-04",
        "description": "工坊区的维修作业楼，按工坊区普通模数统一规格建设。",
        "footprint": 2520,
        "scaleClass": "普通建筑",
        "buildingType": "维修作业楼",
        "sizeSpec": "工坊区普通模数",
        "widthMeters": 60,
        "depthMeters": 42,
        "layer": "buildings"
      },
      "geometry": {
        "type": "Polygon",
        "coordinates": [
          [
            [
              2682,
              2148.5
            ],
            [
              2742,
              2148.5
            ],
            [
              2742,
              2190.5
            ],
            [
              2682,
              2190.5
            ],
            [
              2682,
              2148.5
            ]
          ]
        ]
      }
    },
    {
      "type": "Feature",
      "properties": {
        "id": "B-417",
        "name": "标准工坊楼 16",
        "zone": "工坊区",
        "frontageRoad": "W-04",
        "description": "工坊区的标准工坊楼，按工坊区普通模数统一规格建设。",
        "footprint": 2520,
        "scaleClass": "普通建筑",
        "buildingType": "标准工坊楼",
        "sizeSpec": "工坊区普通模数",
        "widthMeters": 60,
        "depthMeters": 42,
        "layer": "buildings"
      },
      "geometry": {
        "type": "Polygon",
        "coordinates": [
          [
            [
              2822,
              2209.5
            ],
            [
              2882,
              2209.5
            ],
            [
              2882,
              2251.5
            ],
            [
              2822,
              2251.5
            ],
            [
              2822,
              2209.5
            ]
          ]
        ]
      }
    },
    {
      "type": "Feature",
      "properties": {
        "id": "B-418",
        "name": "材料库房 16",
        "zone": "工坊区",
        "frontageRoad": "W-04",
        "description": "工坊区的材料库房，按工坊区普通模数统一规格建设。",
        "footprint": 2520,
        "scaleClass": "普通建筑",
        "buildingType": "材料库房",
        "sizeSpec": "工坊区普通模数",
        "widthMeters": 60,
        "depthMeters": 42,
        "layer": "buildings"
      },
      "geometry": {
        "type": "Polygon",
        "coordinates": [
          [
            [
              2822,
              2148.5
            ],
            [
              2882,
              2148.5
            ],
            [
              2882,
              2190.5
            ],
            [
              2822,
              2190.5
            ],
            [
              2822,
              2148.5
            ]
          ]
        ]
      }
    },
    {
      "type": "Feature",
      "properties": {
        "id": "B-419",
        "name": "维修作业楼 16",
        "zone": "工坊区",
        "frontageRoad": "W-04",
        "description": "工坊区的维修作业楼，按工坊区普通模数统一规格建设。",
        "footprint": 2520,
        "scaleClass": "普通建筑",
        "buildingType": "维修作业楼",
        "sizeSpec": "工坊区普通模数",
        "widthMeters": 60,
        "depthMeters": 42,
        "layer": "buildings"
      },
      "geometry": {
        "type": "Polygon",
        "coordinates": [
          [
            [
              2962,
              2209.5
            ],
            [
              3022,
              2209.5
            ],
            [
              3022,
              2251.5
            ],
            [
              2962,
              2251.5
            ],
            [
              2962,
              2209.5
            ]
          ]
        ]
      }
    },
    {
      "type": "Feature",
      "properties": {
        "id": "B-420",
        "name": "标准工坊楼 17",
        "zone": "工坊区",
        "frontageRoad": "W-04",
        "description": "工坊区的标准工坊楼，按工坊区普通模数统一规格建设。",
        "footprint": 2520,
        "scaleClass": "普通建筑",
        "buildingType": "标准工坊楼",
        "sizeSpec": "工坊区普通模数",
        "widthMeters": 60,
        "depthMeters": 42,
        "layer": "buildings"
      },
      "geometry": {
        "type": "Polygon",
        "coordinates": [
          [
            [
              2962,
              2148.5
            ],
            [
              3022,
              2148.5
            ],
            [
              3022,
              2190.5
            ],
            [
              2962,
              2190.5
            ],
            [
              2962,
              2148.5
            ]
          ]
        ]
      }
    },
    {
      "type": "Feature",
      "properties": {
        "id": "B-421",
        "name": "材料库房 17",
        "zone": "工坊区",
        "frontageRoad": "W-V1",
        "description": "工坊区的材料库房，按工坊区普通模数统一规格建设。",
        "footprint": 2520,
        "scaleClass": "普通建筑",
        "buildingType": "材料库房",
        "sizeSpec": "工坊区普通模数",
        "widthMeters": 60,
        "depthMeters": 42,
        "layer": "buildings"
      },
      "geometry": {
        "type": "Polygon",
        "coordinates": [
          [
            [
              2601,
              1472
            ],
            [
              2601,
              1532
            ],
            [
              2559,
              1532
            ],
            [
              2559,
              1472
            ],
            [
              2601,
              1472
            ]
          ]
        ]
      }
    },
    {
      "type": "Feature",
      "properties": {
        "id": "B-422",
        "name": "维修作业楼 17",
        "zone": "工坊区",
        "frontageRoad": "W-V1",
        "description": "工坊区的维修作业楼，按工坊区普通模数统一规格建设。",
        "footprint": 2520,
        "scaleClass": "普通建筑",
        "buildingType": "维修作业楼",
        "sizeSpec": "工坊区普通模数",
        "widthMeters": 60,
        "depthMeters": 42,
        "layer": "buildings"
      },
      "geometry": {
        "type": "Polygon",
        "coordinates": [
          [
            [
              2601,
              1542
            ],
            [
              2601,
              1602
            ],
            [
              2559,
              1602
            ],
            [
              2559,
              1542
            ],
            [
              2601,
              1542
            ]
          ]
        ]
      }
    },
    {
      "type": "Feature",
      "properties": {
        "id": "B-423",
        "name": "标准工坊楼 18",
        "zone": "工坊区",
        "frontageRoad": "W-V1",
        "description": "工坊区的标准工坊楼，按工坊区普通模数统一规格建设。",
        "footprint": 2520,
        "scaleClass": "普通建筑",
        "buildingType": "标准工坊楼",
        "sizeSpec": "工坊区普通模数",
        "widthMeters": 60,
        "depthMeters": 42,
        "layer": "buildings"
      },
      "geometry": {
        "type": "Polygon",
        "coordinates": [
          [
            [
              2541,
              1612
            ],
            [
              2541,
              1672
            ],
            [
              2499,
              1672
            ],
            [
              2499,
              1612
            ],
            [
              2541,
              1612
            ]
          ]
        ]
      }
    },
    {
      "type": "Feature",
      "properties": {
        "id": "B-424",
        "name": "材料库房 18",
        "zone": "工坊区",
        "frontageRoad": "W-V1",
        "description": "工坊区的材料库房，按工坊区普通模数统一规格建设。",
        "footprint": 2520,
        "scaleClass": "普通建筑",
        "buildingType": "材料库房",
        "sizeSpec": "工坊区普通模数",
        "widthMeters": 60,
        "depthMeters": 42,
        "layer": "buildings"
      },
      "geometry": {
        "type": "Polygon",
        "coordinates": [
          [
            [
              2541,
              1962
            ],
            [
              2541,
              2022
            ],
            [
              2499,
              2022
            ],
            [
              2499,
              1962
            ],
            [
              2541,
              1962
            ]
          ]
        ]
      }
    },
    {
      "type": "Feature",
      "properties": {
        "id": "B-425",
        "name": "维修作业楼 18",
        "zone": "工坊区",
        "frontageRoad": "W-V1",
        "description": "工坊区的维修作业楼，按工坊区普通模数统一规格建设。",
        "footprint": 2520,
        "scaleClass": "普通建筑",
        "buildingType": "维修作业楼",
        "sizeSpec": "工坊区普通模数",
        "widthMeters": 60,
        "depthMeters": 42,
        "layer": "buildings"
      },
      "geometry": {
        "type": "Polygon",
        "coordinates": [
          [
            [
              2601,
              1962
            ],
            [
              2601,
              2022
            ],
            [
              2559,
              2022
            ],
            [
              2559,
              1962
            ],
            [
              2601,
              1962
            ]
          ]
        ]
      }
    },
    {
      "type": "Feature",
      "properties": {
        "id": "B-426",
        "name": "标准工坊楼 19",
        "zone": "工坊区",
        "frontageRoad": "W-V1",
        "description": "工坊区的标准工坊楼，按工坊区普通模数统一规格建设。",
        "footprint": 2520,
        "scaleClass": "普通建筑",
        "buildingType": "标准工坊楼",
        "sizeSpec": "工坊区普通模数",
        "widthMeters": 60,
        "depthMeters": 42,
        "layer": "buildings"
      },
      "geometry": {
        "type": "Polygon",
        "coordinates": [
          [
            [
              2601,
              2102
            ],
            [
              2601,
              2162
            ],
            [
              2559,
              2162
            ],
            [
              2559,
              2102
            ],
            [
              2601,
              2102
            ]
          ]
        ]
      }
    },
    {
      "type": "Feature",
      "properties": {
        "id": "B-427",
        "name": "材料库房 19",
        "zone": "工坊区",
        "frontageRoad": "W-V1",
        "description": "工坊区的材料库房，按工坊区普通模数统一规格建设。",
        "footprint": 2520,
        "scaleClass": "普通建筑",
        "buildingType": "材料库房",
        "sizeSpec": "工坊区普通模数",
        "widthMeters": 60,
        "depthMeters": 42,
        "layer": "buildings"
      },
      "geometry": {
        "type": "Polygon",
        "coordinates": [
          [
            [
              2601,
              2242
            ],
            [
              2601,
              2302
            ],
            [
              2559,
              2302
            ],
            [
              2559,
              2242
            ],
            [
              2601,
              2242
            ]
          ]
        ]
      }
    },
    {
      "type": "Feature",
      "properties": {
        "id": "B-428",
        "name": "维修作业楼 19",
        "zone": "工坊区",
        "frontageRoad": "W-V2",
        "description": "工坊区的维修作业楼，按工坊区普通模数统一规格建设。",
        "footprint": 2520,
        "scaleClass": "普通建筑",
        "buildingType": "维修作业楼",
        "sizeSpec": "工坊区普通模数",
        "widthMeters": 60,
        "depthMeters": 42,
        "layer": "buildings"
      },
      "geometry": {
        "type": "Polygon",
        "coordinates": [
          [
            [
              2899,
              1472
            ],
            [
              2899,
              1532
            ],
            [
              2857,
              1532
            ],
            [
              2857,
              1472
            ],
            [
              2899,
              1472
            ]
          ]
        ]
      }
    },
    {
      "type": "Feature",
      "properties": {
        "id": "B-429",
        "name": "标准工坊楼 20",
        "zone": "工坊区",
        "frontageRoad": "W-V2",
        "description": "工坊区的标准工坊楼，按工坊区普通模数统一规格建设。",
        "footprint": 2520,
        "scaleClass": "普通建筑",
        "buildingType": "标准工坊楼",
        "sizeSpec": "工坊区普通模数",
        "widthMeters": 60,
        "depthMeters": 42,
        "layer": "buildings"
      },
      "geometry": {
        "type": "Polygon",
        "coordinates": [
          [
            [
              2899,
              1542
            ],
            [
              2899,
              1602
            ],
            [
              2857,
              1602
            ],
            [
              2857,
              1542
            ],
            [
              2899,
              1542
            ]
          ]
        ]
      }
    },
    {
      "type": "Feature",
      "properties": {
        "id": "B-430",
        "name": "材料库房 20",
        "zone": "工坊区",
        "frontageRoad": "W-V2",
        "description": "工坊区的材料库房，按工坊区普通模数统一规格建设。",
        "footprint": 2520,
        "scaleClass": "普通建筑",
        "buildingType": "材料库房",
        "sizeSpec": "工坊区普通模数",
        "widthMeters": 60,
        "depthMeters": 42,
        "layer": "buildings"
      },
      "geometry": {
        "type": "Polygon",
        "coordinates": [
          [
            [
              2963,
              1542
            ],
            [
              2963,
              1602
            ],
            [
              2921,
              1602
            ],
            [
              2921,
              1542
            ],
            [
              2963,
              1542
            ]
          ]
        ]
      }
    },
    {
      "type": "Feature",
      "properties": {
        "id": "B-431",
        "name": "维修作业楼 20",
        "zone": "工坊区",
        "frontageRoad": "W-V2",
        "description": "工坊区的维修作业楼，按工坊区普通模数统一规格建设。",
        "footprint": 2520,
        "scaleClass": "普通建筑",
        "buildingType": "维修作业楼",
        "sizeSpec": "工坊区普通模数",
        "widthMeters": 60,
        "depthMeters": 42,
        "layer": "buildings"
      },
      "geometry": {
        "type": "Polygon",
        "coordinates": [
          [
            [
              2899,
              1612
            ],
            [
              2899,
              1672
            ],
            [
              2857,
              1672
            ],
            [
              2857,
              1612
            ],
            [
              2899,
              1612
            ]
          ]
        ]
      }
    },
    {
      "type": "Feature",
      "properties": {
        "id": "B-432",
        "name": "标准工坊楼 21",
        "zone": "工坊区",
        "frontageRoad": "W-V2",
        "description": "工坊区的标准工坊楼，按工坊区普通模数统一规格建设。",
        "footprint": 2520,
        "scaleClass": "普通建筑",
        "buildingType": "标准工坊楼",
        "sizeSpec": "工坊区普通模数",
        "widthMeters": 60,
        "depthMeters": 42,
        "layer": "buildings"
      },
      "geometry": {
        "type": "Polygon",
        "coordinates": [
          [
            [
              2963,
              1612
            ],
            [
              2963,
              1672
            ],
            [
              2921,
              1672
            ],
            [
              2921,
              1612
            ],
            [
              2963,
              1612
            ]
          ]
        ]
      }
    },
    {
      "type": "Feature",
      "properties": {
        "id": "B-433",
        "name": "材料库房 21",
        "zone": "工坊区",
        "frontageRoad": "W-V2",
        "description": "工坊区的材料库房，按工坊区普通模数统一规格建设。",
        "footprint": 2520,
        "scaleClass": "普通建筑",
        "buildingType": "材料库房",
        "sizeSpec": "工坊区普通模数",
        "widthMeters": 60,
        "depthMeters": 42,
        "layer": "buildings"
      },
      "geometry": {
        "type": "Polygon",
        "coordinates": [
          [
            [
              2899,
              1752
            ],
            [
              2899,
              1812
            ],
            [
              2857,
              1812
            ],
            [
              2857,
              1752
            ],
            [
              2899,
              1752
            ]
          ]
        ]
      }
    },
    {
      "type": "Feature",
      "properties": {
        "id": "B-434",
        "name": "维修作业楼 21",
        "zone": "工坊区",
        "frontageRoad": "W-V2",
        "description": "工坊区的维修作业楼，按工坊区普通模数统一规格建设。",
        "footprint": 2520,
        "scaleClass": "普通建筑",
        "buildingType": "维修作业楼",
        "sizeSpec": "工坊区普通模数",
        "widthMeters": 60,
        "depthMeters": 42,
        "layer": "buildings"
      },
      "geometry": {
        "type": "Polygon",
        "coordinates": [
          [
            [
              2899,
              1962
            ],
            [
              2899,
              2022
            ],
            [
              2857,
              2022
            ],
            [
              2857,
              1962
            ],
            [
              2899,
              1962
            ]
          ]
        ]
      }
    },
    {
      "type": "Feature",
      "properties": {
        "id": "B-435",
        "name": "标准工坊楼 22",
        "zone": "工坊区",
        "frontageRoad": "W-V2",
        "description": "工坊区的标准工坊楼，按工坊区普通模数统一规格建设。",
        "footprint": 2520,
        "scaleClass": "普通建筑",
        "buildingType": "标准工坊楼",
        "sizeSpec": "工坊区普通模数",
        "widthMeters": 60,
        "depthMeters": 42,
        "layer": "buildings"
      },
      "geometry": {
        "type": "Polygon",
        "coordinates": [
          [
            [
              2963,
              1962
            ],
            [
              2963,
              2022
            ],
            [
              2921,
              2022
            ],
            [
              2921,
              1962
            ],
            [
              2963,
              1962
            ]
          ]
        ]
      }
    },
    {
      "type": "Feature",
      "properties": {
        "id": "B-436",
        "name": "材料库房 22",
        "zone": "工坊区",
        "frontageRoad": "W-V3",
        "description": "工坊区的材料库房，按工坊区普通模数统一规格建设。",
        "footprint": 2520,
        "scaleClass": "普通建筑",
        "buildingType": "材料库房",
        "sizeSpec": "工坊区普通模数",
        "widthMeters": 60,
        "depthMeters": 42,
        "layer": "buildings"
      },
      "geometry": {
        "type": "Polygon",
        "coordinates": [
          [
            [
              3091,
              1472
            ],
            [
              3091,
              1532
            ],
            [
              3049,
              1532
            ],
            [
              3049,
              1472
            ],
            [
              3091,
              1472
            ]
          ]
        ]
      }
    },
    {
      "type": "Feature",
      "properties": {
        "id": "B-437",
        "name": "维修作业楼 22",
        "zone": "工坊区",
        "frontageRoad": "W-V3",
        "description": "工坊区的维修作业楼，按工坊区普通模数统一规格建设。",
        "footprint": 2520,
        "scaleClass": "普通建筑",
        "buildingType": "维修作业楼",
        "sizeSpec": "工坊区普通模数",
        "widthMeters": 60,
        "depthMeters": 42,
        "layer": "buildings"
      },
      "geometry": {
        "type": "Polygon",
        "coordinates": [
          [
            [
              3031,
              1542
            ],
            [
              3031,
              1602
            ],
            [
              2989,
              1602
            ],
            [
              2989,
              1542
            ],
            [
              3031,
              1542
            ]
          ]
        ]
      }
    },
    {
      "type": "Feature",
      "properties": {
        "id": "B-438",
        "name": "标准工坊楼 23",
        "zone": "工坊区",
        "frontageRoad": "W-V3",
        "description": "工坊区的标准工坊楼，按工坊区普通模数统一规格建设。",
        "footprint": 2520,
        "scaleClass": "普通建筑",
        "buildingType": "标准工坊楼",
        "sizeSpec": "工坊区普通模数",
        "widthMeters": 60,
        "depthMeters": 42,
        "layer": "buildings"
      },
      "geometry": {
        "type": "Polygon",
        "coordinates": [
          [
            [
              3091,
              1542
            ],
            [
              3091,
              1602
            ],
            [
              3049,
              1602
            ],
            [
              3049,
              1542
            ],
            [
              3091,
              1542
            ]
          ]
        ]
      }
    },
    {
      "type": "Feature",
      "properties": {
        "id": "B-439",
        "name": "材料库房 23",
        "zone": "工坊区",
        "frontageRoad": "W-V3",
        "description": "工坊区的材料库房，按工坊区普通模数统一规格建设。",
        "footprint": 2520,
        "scaleClass": "普通建筑",
        "buildingType": "材料库房",
        "sizeSpec": "工坊区普通模数",
        "widthMeters": 60,
        "depthMeters": 42,
        "layer": "buildings"
      },
      "geometry": {
        "type": "Polygon",
        "coordinates": [
          [
            [
              3031,
              1612
            ],
            [
              3031,
              1672
            ],
            [
              2989,
              1672
            ],
            [
              2989,
              1612
            ],
            [
              3031,
              1612
            ]
          ]
        ]
      }
    },
    {
      "type": "Feature",
      "properties": {
        "id": "B-440",
        "name": "维修作业楼 23",
        "zone": "工坊区",
        "frontageRoad": "W-V3",
        "description": "工坊区的维修作业楼，按工坊区普通模数统一规格建设。",
        "footprint": 2520,
        "scaleClass": "普通建筑",
        "buildingType": "维修作业楼",
        "sizeSpec": "工坊区普通模数",
        "widthMeters": 60,
        "depthMeters": 42,
        "layer": "buildings"
      },
      "geometry": {
        "type": "Polygon",
        "coordinates": [
          [
            [
              3091,
              1612
            ],
            [
              3091,
              1672
            ],
            [
              3049,
              1672
            ],
            [
              3049,
              1612
            ],
            [
              3091,
              1612
            ]
          ]
        ]
      }
    },
    {
      "type": "Feature",
      "properties": {
        "id": "B-441",
        "name": "标准工坊楼 24",
        "zone": "工坊区",
        "frontageRoad": "W-V3",
        "description": "工坊区的标准工坊楼，按工坊区普通模数统一规格建设。",
        "footprint": 2520,
        "scaleClass": "普通建筑",
        "buildingType": "标准工坊楼",
        "sizeSpec": "工坊区普通模数",
        "widthMeters": 60,
        "depthMeters": 42,
        "layer": "buildings"
      },
      "geometry": {
        "type": "Polygon",
        "coordinates": [
          [
            [
              3091,
              1752
            ],
            [
              3091,
              1812
            ],
            [
              3049,
              1812
            ],
            [
              3049,
              1752
            ],
            [
              3091,
              1752
            ]
          ]
        ]
      }
    },
    {
      "type": "Feature",
      "properties": {
        "id": "B-442",
        "name": "材料库房 24",
        "zone": "工坊区",
        "frontageRoad": "W-V3",
        "description": "工坊区的材料库房，按工坊区普通模数统一规格建设。",
        "footprint": 2520,
        "scaleClass": "普通建筑",
        "buildingType": "材料库房",
        "sizeSpec": "工坊区普通模数",
        "widthMeters": 60,
        "depthMeters": 42,
        "layer": "buildings"
      },
      "geometry": {
        "type": "Polygon",
        "coordinates": [
          [
            [
              3091,
              1822
            ],
            [
              3091,
              1882
            ],
            [
              3049,
              1882
            ],
            [
              3049,
              1822
            ],
            [
              3091,
              1822
            ]
          ]
        ]
      }
    },
    {
      "type": "Feature",
      "properties": {
        "id": "B-443",
        "name": "维修作业楼 24",
        "zone": "工坊区",
        "frontageRoad": "W-V3",
        "description": "工坊区的维修作业楼，按工坊区普通模数统一规格建设。",
        "footprint": 2520,
        "scaleClass": "普通建筑",
        "buildingType": "维修作业楼",
        "sizeSpec": "工坊区普通模数",
        "widthMeters": 60,
        "depthMeters": 42,
        "layer": "buildings"
      },
      "geometry": {
        "type": "Polygon",
        "coordinates": [
          [
            [
              3031,
              1962
            ],
            [
              3031,
              2022
            ],
            [
              2989,
              2022
            ],
            [
              2989,
              1962
            ],
            [
              3031,
              1962
            ]
          ]
        ]
      }
    },
    {
      "type": "Feature",
      "properties": {
        "id": "B-444",
        "name": "标准工坊楼 25",
        "zone": "工坊区",
        "frontageRoad": "W-V3",
        "description": "工坊区的标准工坊楼，按工坊区普通模数统一规格建设。",
        "footprint": 2520,
        "scaleClass": "普通建筑",
        "buildingType": "标准工坊楼",
        "sizeSpec": "工坊区普通模数",
        "widthMeters": 60,
        "depthMeters": 42,
        "layer": "buildings"
      },
      "geometry": {
        "type": "Polygon",
        "coordinates": [
          [
            [
              3091,
              1962
            ],
            [
              3091,
              2022
            ],
            [
              3049,
              2022
            ],
            [
              3049,
              1962
            ],
            [
              3091,
              1962
            ]
          ]
        ]
      }
    },
    {
      "type": "Feature",
      "properties": {
        "id": "B-445",
        "name": "材料库房 25",
        "zone": "工坊区",
        "frontageRoad": "W-V3",
        "description": "工坊区的材料库房，按工坊区普通模数统一规格建设。",
        "footprint": 2520,
        "scaleClass": "普通建筑",
        "buildingType": "材料库房",
        "sizeSpec": "工坊区普通模数",
        "widthMeters": 60,
        "depthMeters": 42,
        "layer": "buildings"
      },
      "geometry": {
        "type": "Polygon",
        "coordinates": [
          [
            [
              3091,
              2102
            ],
            [
              3091,
              2162
            ],
            [
              3049,
              2162
            ],
            [
              3049,
              2102
            ],
            [
              3091,
              2102
            ]
          ]
        ]
      }
    },
    {
      "type": "Feature",
      "properties": {
        "id": "B-446",
        "name": "维修作业楼 25",
        "zone": "工坊区",
        "frontageRoad": "W-V3",
        "description": "工坊区的维修作业楼，按工坊区普通模数统一规格建设。",
        "footprint": 2520,
        "scaleClass": "普通建筑",
        "buildingType": "维修作业楼",
        "sizeSpec": "工坊区普通模数",
        "widthMeters": 60,
        "depthMeters": 42,
        "layer": "buildings"
      },
      "geometry": {
        "type": "Polygon",
        "coordinates": [
          [
            [
              3091,
              2242
            ],
            [
              3091,
              2302
            ],
            [
              3049,
              2302
            ],
            [
              3049,
              2242
            ],
            [
              3091,
              2242
            ]
          ]
        ]
      }
    },
    {
      "type": "Feature",
      "properties": {
        "id": "B-447",
        "name": "记录库房 1",
        "zone": "封存区",
        "frontageRoad": "S-02",
        "description": "封存区的记录库房，按封存区普通模数统一规格建设。",
        "footprint": 1700,
        "scaleClass": "普通建筑",
        "buildingType": "记录库房",
        "sizeSpec": "封存区普通模数",
        "widthMeters": 50,
        "depthMeters": 34,
        "layer": "buildings"
      },
      "geometry": {
        "type": "Polygon",
        "coordinates": [
          [
            [
              2042,
              1608.5
            ],
            [
              2092,
              1608.5
            ],
            [
              2092,
              1642.5
            ],
            [
              2042,
              1642.5
            ],
            [
              2042,
              1608.5
            ]
          ]
        ]
      }
    },
    {
      "type": "Feature",
      "properties": {
        "id": "B-448",
        "name": "封存值守楼 2",
        "zone": "封存区",
        "frontageRoad": "S-02",
        "description": "封存区的封存值守楼，按封存区普通模数统一规格建设。",
        "footprint": 1700,
        "scaleClass": "普通建筑",
        "buildingType": "封存值守楼",
        "sizeSpec": "封存区普通模数",
        "widthMeters": 50,
        "depthMeters": 34,
        "layer": "buildings"
      },
      "geometry": {
        "type": "Polygon",
        "coordinates": [
          [
            [
              2112,
              1557.5
            ],
            [
              2162,
              1557.5
            ],
            [
              2162,
              1591.5
            ],
            [
              2112,
              1591.5
            ],
            [
              2112,
              1557.5
            ]
          ]
        ]
      }
    },
    {
      "type": "Feature",
      "properties": {
        "id": "B-449",
        "name": "记录库房 2",
        "zone": "封存区",
        "frontageRoad": "S-03",
        "description": "封存区的记录库房，按封存区普通模数统一规格建设。",
        "footprint": 1700,
        "scaleClass": "普通建筑",
        "buildingType": "记录库房",
        "sizeSpec": "封存区普通模数",
        "widthMeters": 50,
        "depthMeters": 34,
        "layer": "buildings"
      },
      "geometry": {
        "type": "Polygon",
        "coordinates": [
          [
            [
              1787,
              2217.5
            ],
            [
              1837,
              2217.5
            ],
            [
              1837,
              2251.5
            ],
            [
              1787,
              2251.5
            ],
            [
              1787,
              2217.5
            ]
          ]
        ]
      }
    },
    {
      "type": "Feature",
      "properties": {
        "id": "B-450",
        "name": "封存值守楼 3",
        "zone": "封存区",
        "frontageRoad": "S-03",
        "description": "封存区的封存值守楼，按封存区普通模数统一规格建设。",
        "footprint": 1700,
        "scaleClass": "普通建筑",
        "buildingType": "封存值守楼",
        "sizeSpec": "封存区普通模数",
        "widthMeters": 50,
        "depthMeters": 34,
        "layer": "buildings"
      },
      "geometry": {
        "type": "Polygon",
        "coordinates": [
          [
            [
              1857,
              2217.5
            ],
            [
              1907,
              2217.5
            ],
            [
              1907,
              2251.5
            ],
            [
              1857,
              2251.5
            ],
            [
              1857,
              2217.5
            ]
          ]
        ]
      }
    },
    {
      "type": "Feature",
      "properties": {
        "id": "B-451",
        "name": "记录库房 3",
        "zone": "封存区",
        "frontageRoad": "S-03",
        "description": "封存区的记录库房，按封存区普通模数统一规格建设。",
        "footprint": 1700,
        "scaleClass": "普通建筑",
        "buildingType": "记录库房",
        "sizeSpec": "封存区普通模数",
        "widthMeters": 50,
        "depthMeters": 34,
        "layer": "buildings"
      },
      "geometry": {
        "type": "Polygon",
        "coordinates": [
          [
            [
              1927,
              2217.5
            ],
            [
              1977,
              2217.5
            ],
            [
              1977,
              2251.5
            ],
            [
              1927,
              2251.5
            ],
            [
              1927,
              2217.5
            ]
          ]
        ]
      }
    },
    {
      "type": "Feature",
      "properties": {
        "id": "B-452",
        "name": "封存值守楼 4",
        "zone": "封存区",
        "frontageRoad": "S-03",
        "description": "封存区的封存值守楼，按封存区普通模数统一规格建设。",
        "footprint": 1700,
        "scaleClass": "普通建筑",
        "buildingType": "封存值守楼",
        "sizeSpec": "封存区普通模数",
        "widthMeters": 50,
        "depthMeters": 34,
        "layer": "buildings"
      },
      "geometry": {
        "type": "Polygon",
        "coordinates": [
          [
            [
              1997,
              2268.5
            ],
            [
              2047,
              2268.5
            ],
            [
              2047,
              2302.5
            ],
            [
              1997,
              2302.5
            ],
            [
              1997,
              2268.5
            ]
          ]
        ]
      }
    },
    {
      "type": "Feature",
      "properties": {
        "id": "B-453",
        "name": "记录库房 4",
        "zone": "封存区",
        "frontageRoad": "S-03",
        "description": "封存区的记录库房，按封存区普通模数统一规格建设。",
        "footprint": 1700,
        "scaleClass": "普通建筑",
        "buildingType": "记录库房",
        "sizeSpec": "封存区普通模数",
        "widthMeters": 50,
        "depthMeters": 34,
        "layer": "buildings"
      },
      "geometry": {
        "type": "Polygon",
        "coordinates": [
          [
            [
              1997,
              2217.5
            ],
            [
              2047,
              2217.5
            ],
            [
              2047,
              2251.5
            ],
            [
              1997,
              2251.5
            ],
            [
              1997,
              2217.5
            ]
          ]
        ]
      }
    },
    {
      "type": "Feature",
      "properties": {
        "id": "B-454",
        "name": "封存值守楼 5",
        "zone": "封存区",
        "frontageRoad": "S-03",
        "description": "封存区的封存值守楼，按封存区普通模数统一规格建设。",
        "footprint": 1700,
        "scaleClass": "普通建筑",
        "buildingType": "封存值守楼",
        "sizeSpec": "封存区普通模数",
        "widthMeters": 50,
        "depthMeters": 34,
        "layer": "buildings"
      },
      "geometry": {
        "type": "Polygon",
        "coordinates": [
          [
            [
              2067,
              2268.5
            ],
            [
              2117,
              2268.5
            ],
            [
              2117,
              2302.5
            ],
            [
              2067,
              2302.5
            ],
            [
              2067,
              2268.5
            ]
          ]
        ]
      }
    },
    {
      "type": "Feature",
      "properties": {
        "id": "B-455",
        "name": "记录库房 5",
        "zone": "封存区",
        "frontageRoad": "S-03",
        "description": "封存区的记录库房，按封存区普通模数统一规格建设。",
        "footprint": 1700,
        "scaleClass": "普通建筑",
        "buildingType": "记录库房",
        "sizeSpec": "封存区普通模数",
        "widthMeters": 50,
        "depthMeters": 34,
        "layer": "buildings"
      },
      "geometry": {
        "type": "Polygon",
        "coordinates": [
          [
            [
              2067,
              2217.5
            ],
            [
              2117,
              2217.5
            ],
            [
              2117,
              2251.5
            ],
            [
              2067,
              2251.5
            ],
            [
              2067,
              2217.5
            ]
          ]
        ]
      }
    },
    {
      "type": "Feature",
      "properties": {
        "id": "B-456",
        "name": "封存值守楼 6",
        "zone": "封存区",
        "frontageRoad": "S-04",
        "description": "封存区的封存值守楼，按封存区普通模数统一规格建设。",
        "footprint": 1700,
        "scaleClass": "普通建筑",
        "buildingType": "封存值守楼",
        "sizeSpec": "封存区普通模数",
        "widthMeters": 50,
        "depthMeters": 34,
        "layer": "buildings"
      },
      "geometry": {
        "type": "Polygon",
        "coordinates": [
          [
            [
              2037,
              1657.5
            ],
            [
              2087,
              1657.5
            ],
            [
              2087,
              1691.5
            ],
            [
              2037,
              1691.5
            ],
            [
              2037,
              1657.5
            ]
          ]
        ]
      }
    },
    {
      "type": "Feature",
      "properties": {
        "id": "B-457",
        "name": "标准生活街屋 37",
        "zone": "生活区",
        "frontageRoad": "R-SW",
        "description": "生活区的标准生活街屋，按生活区普通模数统一规格建设。",
        "footprint": 1800,
        "scaleClass": "普通建筑",
        "buildingType": "标准生活街屋",
        "sizeSpec": "生活区普通模数",
        "widthMeters": 50,
        "depthMeters": 36,
        "layer": "buildings"
      },
      "geometry": {
        "type": "Polygon",
        "coordinates": [
          [
            [
              87,
              2063
            ],
            [
              137,
              2063
            ],
            [
              137,
              2099
            ],
            [
              87,
              2099
            ],
            [
              87,
              2063
            ]
          ]
        ]
      }
    },
    {
      "type": "Feature",
      "properties": {
        "id": "B-458",
        "name": "学生宿舍 37",
        "zone": "生活区",
        "frontageRoad": "R-SW",
        "description": "生活区的学生宿舍，按生活区普通模数统一规格建设。",
        "footprint": 1800,
        "scaleClass": "普通建筑",
        "buildingType": "学生宿舍",
        "sizeSpec": "生活区普通模数",
        "widthMeters": 50,
        "depthMeters": 36,
        "layer": "buildings"
      },
      "geometry": {
        "type": "Polygon",
        "coordinates": [
          [
            [
              87,
              2001
            ],
            [
              137,
              2001
            ],
            [
              137,
              2037
            ],
            [
              87,
              2037
            ],
            [
              87,
              2001
            ]
          ]
        ]
      }
    },
    {
      "type": "Feature",
      "properties": {
        "id": "B-459",
        "name": "家庭公寓 37",
        "zone": "生活区",
        "frontageRoad": "R-SW",
        "description": "生活区的家庭公寓，按生活区普通模数统一规格建设。",
        "footprint": 1800,
        "scaleClass": "普通建筑",
        "buildingType": "家庭公寓",
        "sizeSpec": "生活区普通模数",
        "widthMeters": 50,
        "depthMeters": 36,
        "layer": "buildings"
      },
      "geometry": {
        "type": "Polygon",
        "coordinates": [
          [
            [
              157,
              2063
            ],
            [
              207,
              2063
            ],
            [
              207,
              2099
            ],
            [
              157,
              2099
            ],
            [
              157,
              2063
            ]
          ]
        ]
      }
    },
    {
      "type": "Feature",
      "properties": {
        "id": "B-460",
        "name": "标准生活街屋 38",
        "zone": "生活区",
        "frontageRoad": "R-SW",
        "description": "生活区的标准生活街屋，按生活区普通模数统一规格建设。",
        "footprint": 1800,
        "scaleClass": "普通建筑",
        "buildingType": "标准生活街屋",
        "sizeSpec": "生活区普通模数",
        "widthMeters": 50,
        "depthMeters": 36,
        "layer": "buildings"
      },
      "geometry": {
        "type": "Polygon",
        "coordinates": [
          [
            [
              157,
              2001
            ],
            [
              207,
              2001
            ],
            [
              207,
              2037
            ],
            [
              157,
              2037
            ],
            [
              157,
              2001
            ]
          ]
        ]
      }
    },
    {
      "type": "Feature",
      "properties": {
        "id": "B-461",
        "name": "学生宿舍 38",
        "zone": "生活区",
        "frontageRoad": "R-SW",
        "description": "生活区的学生宿舍，按生活区普通模数统一规格建设。",
        "footprint": 1800,
        "scaleClass": "普通建筑",
        "buildingType": "学生宿舍",
        "sizeSpec": "生活区普通模数",
        "widthMeters": 50,
        "depthMeters": 36,
        "layer": "buildings"
      },
      "geometry": {
        "type": "Polygon",
        "coordinates": [
          [
            [
              227,
              2063
            ],
            [
              277,
              2063
            ],
            [
              277,
              2099
            ],
            [
              227,
              2099
            ],
            [
              227,
              2063
            ]
          ]
        ]
      }
    },
    {
      "type": "Feature",
      "properties": {
        "id": "B-462",
        "name": "家庭公寓 38",
        "zone": "生活区",
        "frontageRoad": "R-SW",
        "description": "生活区的家庭公寓，按生活区普通模数统一规格建设。",
        "footprint": 1800,
        "scaleClass": "普通建筑",
        "buildingType": "家庭公寓",
        "sizeSpec": "生活区普通模数",
        "widthMeters": 50,
        "depthMeters": 36,
        "layer": "buildings"
      },
      "geometry": {
        "type": "Polygon",
        "coordinates": [
          [
            [
              227,
              2001
            ],
            [
              277,
              2001
            ],
            [
              277,
              2037
            ],
            [
              227,
              2037
            ],
            [
              227,
              2001
            ]
          ]
        ]
      }
    },
    {
      "type": "Feature",
      "properties": {
        "id": "B-463",
        "name": "标准生活街屋 39",
        "zone": "生活区",
        "frontageRoad": "R-SW",
        "description": "生活区的标准生活街屋，按生活区普通模数统一规格建设。",
        "footprint": 1800,
        "scaleClass": "普通建筑",
        "buildingType": "标准生活街屋",
        "sizeSpec": "生活区普通模数",
        "widthMeters": 50,
        "depthMeters": 36,
        "layer": "buildings"
      },
      "geometry": {
        "type": "Polygon",
        "coordinates": [
          [
            [
              297,
              2063
            ],
            [
              347,
              2063
            ],
            [
              347,
              2099
            ],
            [
              297,
              2099
            ],
            [
              297,
              2063
            ]
          ]
        ]
      }
    },
    {
      "type": "Feature",
      "properties": {
        "id": "B-464",
        "name": "学生宿舍 39",
        "zone": "生活区",
        "frontageRoad": "R-SW",
        "description": "生活区的学生宿舍，按生活区普通模数统一规格建设。",
        "footprint": 1800,
        "scaleClass": "普通建筑",
        "buildingType": "学生宿舍",
        "sizeSpec": "生活区普通模数",
        "widthMeters": 50,
        "depthMeters": 36,
        "layer": "buildings"
      },
      "geometry": {
        "type": "Polygon",
        "coordinates": [
          [
            [
              297,
              2001
            ],
            [
              347,
              2001
            ],
            [
              347,
              2037
            ],
            [
              297,
              2037
            ],
            [
              297,
              2001
            ]
          ]
        ]
      }
    },
    {
      "type": "Feature",
      "properties": {
        "id": "B-465",
        "name": "家庭公寓 39",
        "zone": "生活区",
        "frontageRoad": "R-SW",
        "description": "生活区的家庭公寓，按生活区普通模数统一规格建设。",
        "footprint": 1800,
        "scaleClass": "普通建筑",
        "buildingType": "家庭公寓",
        "sizeSpec": "生活区普通模数",
        "widthMeters": 50,
        "depthMeters": 36,
        "layer": "buildings"
      },
      "geometry": {
        "type": "Polygon",
        "coordinates": [
          [
            [
              437,
              2063
            ],
            [
              487,
              2063
            ],
            [
              487,
              2099
            ],
            [
              437,
              2099
            ],
            [
              437,
              2063
            ]
          ]
        ]
      }
    },
    {
      "type": "Feature",
      "properties": {
        "id": "B-466",
        "name": "标准生活街屋 40",
        "zone": "生活区",
        "frontageRoad": "R-SW",
        "description": "生活区的标准生活街屋，按生活区普通模数统一规格建设。",
        "footprint": 1800,
        "scaleClass": "普通建筑",
        "buildingType": "标准生活街屋",
        "sizeSpec": "生活区普通模数",
        "widthMeters": 50,
        "depthMeters": 36,
        "layer": "buildings"
      },
      "geometry": {
        "type": "Polygon",
        "coordinates": [
          [
            [
              507,
              2063
            ],
            [
              557,
              2063
            ],
            [
              557,
              2099
            ],
            [
              507,
              2099
            ],
            [
              507,
              2063
            ]
          ]
        ]
      }
    },
    {
      "type": "Feature",
      "properties": {
        "id": "B-467",
        "name": "学生宿舍 40",
        "zone": "生活区",
        "frontageRoad": "R-SW",
        "description": "生活区的学生宿舍，按生活区普通模数统一规格建设。",
        "footprint": 1800,
        "scaleClass": "普通建筑",
        "buildingType": "学生宿舍",
        "sizeSpec": "生活区普通模数",
        "widthMeters": 50,
        "depthMeters": 36,
        "layer": "buildings"
      },
      "geometry": {
        "type": "Polygon",
        "coordinates": [
          [
            [
              577,
              2063
            ],
            [
              627,
              2063
            ],
            [
              627,
              2099
            ],
            [
              577,
              2099
            ],
            [
              577,
              2063
            ]
          ]
        ]
      }
    },
    {
      "type": "Feature",
      "properties": {
        "id": "B-468",
        "name": "家庭公寓 40",
        "zone": "生活区",
        "frontageRoad": "R-SW",
        "description": "生活区的家庭公寓，按生活区普通模数统一规格建设。",
        "footprint": 1800,
        "scaleClass": "普通建筑",
        "buildingType": "家庭公寓",
        "sizeSpec": "生活区普通模数",
        "widthMeters": 50,
        "depthMeters": 36,
        "layer": "buildings"
      },
      "geometry": {
        "type": "Polygon",
        "coordinates": [
          [
            [
              577,
              2001
            ],
            [
              627,
              2001
            ],
            [
              627,
              2037
            ],
            [
              577,
              2037
            ],
            [
              577,
              2001
            ]
          ]
        ]
      }
    },
    {
      "type": "Feature",
      "properties": {
        "id": "B-469",
        "name": "标准生活街屋 41",
        "zone": "生活区",
        "frontageRoad": "R-SW",
        "description": "生活区的标准生活街屋，按生活区普通模数统一规格建设。",
        "footprint": 1800,
        "scaleClass": "普通建筑",
        "buildingType": "标准生活街屋",
        "sizeSpec": "生活区普通模数",
        "widthMeters": 50,
        "depthMeters": 36,
        "layer": "buildings"
      },
      "geometry": {
        "type": "Polygon",
        "coordinates": [
          [
            [
              647,
              2063
            ],
            [
              697,
              2063
            ],
            [
              697,
              2099
            ],
            [
              647,
              2099
            ],
            [
              647,
              2063
            ]
          ]
        ]
      }
    },
    {
      "type": "Feature",
      "properties": {
        "id": "B-470",
        "name": "学生宿舍 41",
        "zone": "生活区",
        "frontageRoad": "R-SW",
        "description": "生活区的学生宿舍，按生活区普通模数统一规格建设。",
        "footprint": 1800,
        "scaleClass": "普通建筑",
        "buildingType": "学生宿舍",
        "sizeSpec": "生活区普通模数",
        "widthMeters": 50,
        "depthMeters": 36,
        "layer": "buildings"
      },
      "geometry": {
        "type": "Polygon",
        "coordinates": [
          [
            [
              647,
              2001
            ],
            [
              697,
              2001
            ],
            [
              697,
              2037
            ],
            [
              647,
              2037
            ],
            [
              647,
              2001
            ]
          ]
        ]
      }
    },
    {
      "type": "Feature",
      "properties": {
        "id": "B-471",
        "name": "家庭公寓 41",
        "zone": "生活区",
        "frontageRoad": "R-SW",
        "description": "生活区的家庭公寓，按生活区普通模数统一规格建设。",
        "footprint": 1800,
        "scaleClass": "普通建筑",
        "buildingType": "家庭公寓",
        "sizeSpec": "生活区普通模数",
        "widthMeters": 50,
        "depthMeters": 36,
        "layer": "buildings"
      },
      "geometry": {
        "type": "Polygon",
        "coordinates": [
          [
            [
              787,
              2063
            ],
            [
              837,
              2063
            ],
            [
              837,
              2099
            ],
            [
              787,
              2099
            ],
            [
              787,
              2063
            ]
          ]
        ]
      }
    },
    {
      "type": "Feature",
      "properties": {
        "id": "B-472",
        "name": "标准生活街屋 42",
        "zone": "生活区",
        "frontageRoad": "R-SW",
        "description": "生活区的标准生活街屋，按生活区普通模数统一规格建设。",
        "footprint": 1800,
        "scaleClass": "普通建筑",
        "buildingType": "标准生活街屋",
        "sizeSpec": "生活区普通模数",
        "widthMeters": 50,
        "depthMeters": 36,
        "layer": "buildings"
      },
      "geometry": {
        "type": "Polygon",
        "coordinates": [
          [
            [
              787,
              2001
            ],
            [
              837,
              2001
            ],
            [
              837,
              2037
            ],
            [
              787,
              2037
            ],
            [
              787,
              2001
            ]
          ]
        ]
      }
    },
    {
      "type": "Feature",
      "properties": {
        "id": "B-473",
        "name": "学生宿舍 42",
        "zone": "生活区",
        "frontageRoad": "R-SW",
        "description": "生活区的学生宿舍，按生活区普通模数统一规格建设。",
        "footprint": 1800,
        "scaleClass": "普通建筑",
        "buildingType": "学生宿舍",
        "sizeSpec": "生活区普通模数",
        "widthMeters": 50,
        "depthMeters": 36,
        "layer": "buildings"
      },
      "geometry": {
        "type": "Polygon",
        "coordinates": [
          [
            [
              857,
              2063
            ],
            [
              907,
              2063
            ],
            [
              907,
              2099
            ],
            [
              857,
              2099
            ],
            [
              857,
              2063
            ]
          ]
        ]
      }
    },
    {
      "type": "Feature",
      "properties": {
        "id": "B-474",
        "name": "家庭公寓 42",
        "zone": "生活区",
        "frontageRoad": "R-SW",
        "description": "生活区的家庭公寓，按生活区普通模数统一规格建设。",
        "footprint": 1800,
        "scaleClass": "普通建筑",
        "buildingType": "家庭公寓",
        "sizeSpec": "生活区普通模数",
        "widthMeters": 50,
        "depthMeters": 36,
        "layer": "buildings"
      },
      "geometry": {
        "type": "Polygon",
        "coordinates": [
          [
            [
              927,
              2063
            ],
            [
              977,
              2063
            ],
            [
              977,
              2099
            ],
            [
              927,
              2099
            ],
            [
              927,
              2063
            ]
          ]
        ]
      }
    },
    {
      "type": "Feature",
      "properties": {
        "id": "B-475",
        "name": "标准生活街屋 43",
        "zone": "生活区",
        "frontageRoad": "R-SW",
        "description": "生活区的标准生活街屋，按生活区普通模数统一规格建设。",
        "footprint": 1800,
        "scaleClass": "普通建筑",
        "buildingType": "标准生活街屋",
        "sizeSpec": "生活区普通模数",
        "widthMeters": 50,
        "depthMeters": 36,
        "layer": "buildings"
      },
      "geometry": {
        "type": "Polygon",
        "coordinates": [
          [
            [
              997,
              2063
            ],
            [
              1047,
              2063
            ],
            [
              1047,
              2099
            ],
            [
              997,
              2099
            ],
            [
              997,
              2063
            ]
          ]
        ]
      }
    },
    {
      "type": "Feature",
      "properties": {
        "id": "B-476",
        "name": "学生宿舍 43",
        "zone": "生活区",
        "frontageRoad": "R-SW",
        "description": "生活区的学生宿舍，按生活区普通模数统一规格建设。",
        "footprint": 1800,
        "scaleClass": "普通建筑",
        "buildingType": "学生宿舍",
        "sizeSpec": "生活区普通模数",
        "widthMeters": 50,
        "depthMeters": 36,
        "layer": "buildings"
      },
      "geometry": {
        "type": "Polygon",
        "coordinates": [
          [
            [
              997,
              2001
            ],
            [
              1047,
              2001
            ],
            [
              1047,
              2037
            ],
            [
              997,
              2037
            ],
            [
              997,
              2001
            ]
          ]
        ]
      }
    },
    {
      "type": "Feature",
      "properties": {
        "id": "B-477",
        "name": "家庭公寓 43",
        "zone": "生活区",
        "frontageRoad": "R-SW",
        "description": "生活区的家庭公寓，按生活区普通模数统一规格建设。",
        "footprint": 1800,
        "scaleClass": "普通建筑",
        "buildingType": "家庭公寓",
        "sizeSpec": "生活区普通模数",
        "widthMeters": 50,
        "depthMeters": 36,
        "layer": "buildings"
      },
      "geometry": {
        "type": "Polygon",
        "coordinates": [
          [
            [
              1137,
              2063
            ],
            [
              1187,
              2063
            ],
            [
              1187,
              2099
            ],
            [
              1137,
              2099
            ],
            [
              1137,
              2063
            ]
          ]
        ]
      }
    },
    {
      "type": "Feature",
      "properties": {
        "id": "B-478",
        "name": "标准生活街屋 44",
        "zone": "生活区",
        "frontageRoad": "R-SW",
        "description": "生活区的标准生活街屋，按生活区普通模数统一规格建设。",
        "footprint": 1800,
        "scaleClass": "普通建筑",
        "buildingType": "标准生活街屋",
        "sizeSpec": "生活区普通模数",
        "widthMeters": 50,
        "depthMeters": 36,
        "layer": "buildings"
      },
      "geometry": {
        "type": "Polygon",
        "coordinates": [
          [
            [
              1277,
              2063
            ],
            [
              1327,
              2063
            ],
            [
              1327,
              2099
            ],
            [
              1277,
              2099
            ],
            [
              1277,
              2063
            ]
          ]
        ]
      }
    },
    {
      "type": "Feature",
      "properties": {
        "id": "B-479",
        "name": "学生宿舍 44",
        "zone": "生活区",
        "frontageRoad": "R-SW",
        "description": "生活区的学生宿舍，按生活区普通模数统一规格建设。",
        "footprint": 1800,
        "scaleClass": "普通建筑",
        "buildingType": "学生宿舍",
        "sizeSpec": "生活区普通模数",
        "widthMeters": 50,
        "depthMeters": 36,
        "layer": "buildings"
      },
      "geometry": {
        "type": "Polygon",
        "coordinates": [
          [
            [
              1347,
              2063
            ],
            [
              1397,
              2063
            ],
            [
              1397,
              2099
            ],
            [
              1347,
              2099
            ],
            [
              1347,
              2063
            ]
          ]
        ]
      }
    },
    {
      "type": "Feature",
      "properties": {
        "id": "B-480",
        "name": "标准工坊楼 26",
        "zone": "工坊区",
        "frontageRoad": "R-SE",
        "description": "工坊区的标准工坊楼，按工坊区普通模数统一规格建设。",
        "footprint": 2520,
        "scaleClass": "普通建筑",
        "buildingType": "标准工坊楼",
        "sizeSpec": "工坊区普通模数",
        "widthMeters": 60,
        "depthMeters": 42,
        "layer": "buildings"
      },
      "geometry": {
        "type": "Polygon",
        "coordinates": [
          [
            [
              2242,
              2063
            ],
            [
              2302,
              2063
            ],
            [
              2302,
              2105
            ],
            [
              2242,
              2105
            ],
            [
              2242,
              2063
            ]
          ]
        ]
      }
    },
    {
      "type": "Feature",
      "properties": {
        "id": "B-481",
        "name": "材料库房 26",
        "zone": "工坊区",
        "frontageRoad": "R-SE",
        "description": "工坊区的材料库房，按工坊区普通模数统一规格建设。",
        "footprint": 2520,
        "scaleClass": "普通建筑",
        "buildingType": "材料库房",
        "sizeSpec": "工坊区普通模数",
        "widthMeters": 60,
        "depthMeters": 42,
        "layer": "buildings"
      },
      "geometry": {
        "type": "Polygon",
        "coordinates": [
          [
            [
              2382,
              2063
            ],
            [
              2442,
              2063
            ],
            [
              2442,
              2105
            ],
            [
              2382,
              2105
            ],
            [
              2382,
              2063
            ]
          ]
        ]
      }
    },
    {
      "type": "Feature",
      "properties": {
        "id": "B-482",
        "name": "维修作业楼 26",
        "zone": "工坊区",
        "frontageRoad": "R-SE",
        "description": "工坊区的维修作业楼，按工坊区普通模数统一规格建设。",
        "footprint": 2520,
        "scaleClass": "普通建筑",
        "buildingType": "维修作业楼",
        "sizeSpec": "工坊区普通模数",
        "widthMeters": 60,
        "depthMeters": 42,
        "layer": "buildings"
      },
      "geometry": {
        "type": "Polygon",
        "coordinates": [
          [
            [
              2452,
              2063
            ],
            [
              2512,
              2063
            ],
            [
              2512,
              2105
            ],
            [
              2452,
              2105
            ],
            [
              2452,
              2063
            ]
          ]
        ]
      }
    },
    {
      "type": "Feature",
      "properties": {
        "id": "B-483",
        "name": "标准工坊楼 27",
        "zone": "工坊区",
        "frontageRoad": "R-SE",
        "description": "工坊区的标准工坊楼，按工坊区普通模数统一规格建设。",
        "footprint": 2520,
        "scaleClass": "普通建筑",
        "buildingType": "标准工坊楼",
        "sizeSpec": "工坊区普通模数",
        "widthMeters": 60,
        "depthMeters": 42,
        "layer": "buildings"
      },
      "geometry": {
        "type": "Polygon",
        "coordinates": [
          [
            [
              2662,
              2063
            ],
            [
              2722,
              2063
            ],
            [
              2722,
              2105
            ],
            [
              2662,
              2105
            ],
            [
              2662,
              2063
            ]
          ]
        ]
      }
    },
    {
      "type": "Feature",
      "properties": {
        "id": "B-484",
        "name": "材料库房 27",
        "zone": "工坊区",
        "frontageRoad": "R-SE",
        "description": "工坊区的材料库房，按工坊区普通模数统一规格建设。",
        "footprint": 2520,
        "scaleClass": "普通建筑",
        "buildingType": "材料库房",
        "sizeSpec": "工坊区普通模数",
        "widthMeters": 60,
        "depthMeters": 42,
        "layer": "buildings"
      },
      "geometry": {
        "type": "Polygon",
        "coordinates": [
          [
            [
              2662,
              1995
            ],
            [
              2722,
              1995
            ],
            [
              2722,
              2037
            ],
            [
              2662,
              2037
            ],
            [
              2662,
              1995
            ]
          ]
        ]
      }
    },
    {
      "type": "Feature",
      "properties": {
        "id": "B-485",
        "name": "维修作业楼 27",
        "zone": "工坊区",
        "frontageRoad": "R-SE",
        "description": "工坊区的维修作业楼，按工坊区普通模数统一规格建设。",
        "footprint": 2520,
        "scaleClass": "普通建筑",
        "buildingType": "维修作业楼",
        "sizeSpec": "工坊区普通模数",
        "widthMeters": 60,
        "depthMeters": 42,
        "layer": "buildings"
      },
      "geometry": {
        "type": "Polygon",
        "coordinates": [
          [
            [
              2802,
              2063
            ],
            [
              2862,
              2063
            ],
            [
              2862,
              2105
            ],
            [
              2802,
              2105
            ],
            [
              2802,
              2063
            ]
          ]
        ]
      }
    },
    {
      "type": "Feature",
      "properties": {
        "id": "B-486",
        "name": "标准工坊楼 28",
        "zone": "工坊区",
        "frontageRoad": "R-SE",
        "description": "工坊区的标准工坊楼，按工坊区普通模数统一规格建设。",
        "footprint": 2520,
        "scaleClass": "普通建筑",
        "buildingType": "标准工坊楼",
        "sizeSpec": "工坊区普通模数",
        "widthMeters": 60,
        "depthMeters": 42,
        "layer": "buildings"
      },
      "geometry": {
        "type": "Polygon",
        "coordinates": [
          [
            [
              2942,
              2063
            ],
            [
              3002,
              2063
            ],
            [
              3002,
              2105
            ],
            [
              2942,
              2105
            ],
            [
              2942,
              2063
            ]
          ]
        ]
      }
    },
    {
      "type": "Feature",
      "properties": {
        "id": "B-487",
        "name": "家庭公寓 44",
        "zone": "生活区",
        "frontageRoad": "R-W1",
        "description": "生活区的家庭公寓，按生活区普通模数统一规格建设。",
        "footprint": 1800,
        "scaleClass": "普通建筑",
        "buildingType": "家庭公寓",
        "sizeSpec": "生活区普通模数",
        "widthMeters": 50,
        "depthMeters": 36,
        "layer": "buildings"
      },
      "geometry": {
        "type": "Polygon",
        "coordinates": [
          [
            [
              408,
              1487
            ],
            [
              408,
              1537
            ],
            [
              372,
              1537
            ],
            [
              372,
              1487
            ],
            [
              408,
              1487
            ]
          ]
        ]
      }
    },
    {
      "type": "Feature",
      "properties": {
        "id": "B-488",
        "name": "标准生活街屋 45",
        "zone": "生活区",
        "frontageRoad": "R-W1",
        "description": "生活区的标准生活街屋，按生活区普通模数统一规格建设。",
        "footprint": 1800,
        "scaleClass": "普通建筑",
        "buildingType": "标准生活街屋",
        "sizeSpec": "生活区普通模数",
        "widthMeters": 50,
        "depthMeters": 36,
        "layer": "buildings"
      },
      "geometry": {
        "type": "Polygon",
        "coordinates": [
          [
            [
              348,
              1557
            ],
            [
              348,
              1607
            ],
            [
              312,
              1607
            ],
            [
              312,
              1557
            ],
            [
              348,
              1557
            ]
          ]
        ]
      }
    },
    {
      "type": "Feature",
      "properties": {
        "id": "B-489",
        "name": "学生宿舍 45",
        "zone": "生活区",
        "frontageRoad": "R-W1",
        "description": "生活区的学生宿舍，按生活区普通模数统一规格建设。",
        "footprint": 1800,
        "scaleClass": "普通建筑",
        "buildingType": "学生宿舍",
        "sizeSpec": "生活区普通模数",
        "widthMeters": 50,
        "depthMeters": 36,
        "layer": "buildings"
      },
      "geometry": {
        "type": "Polygon",
        "coordinates": [
          [
            [
              408,
              1557
            ],
            [
              408,
              1607
            ],
            [
              372,
              1607
            ],
            [
              372,
              1557
            ],
            [
              408,
              1557
            ]
          ]
        ]
      }
    },
    {
      "type": "Feature",
      "properties": {
        "id": "B-490",
        "name": "家庭公寓 45",
        "zone": "生活区",
        "frontageRoad": "R-W1",
        "description": "生活区的家庭公寓，按生活区普通模数统一规格建设。",
        "footprint": 1800,
        "scaleClass": "普通建筑",
        "buildingType": "家庭公寓",
        "sizeSpec": "生活区普通模数",
        "widthMeters": 50,
        "depthMeters": 36,
        "layer": "buildings"
      },
      "geometry": {
        "type": "Polygon",
        "coordinates": [
          [
            [
              348,
              1627
            ],
            [
              348,
              1677
            ],
            [
              312,
              1677
            ],
            [
              312,
              1627
            ],
            [
              348,
              1627
            ]
          ]
        ]
      }
    },
    {
      "type": "Feature",
      "properties": {
        "id": "B-491",
        "name": "标准生活街屋 46",
        "zone": "生活区",
        "frontageRoad": "R-W1",
        "description": "生活区的标准生活街屋，按生活区普通模数统一规格建设。",
        "footprint": 1800,
        "scaleClass": "普通建筑",
        "buildingType": "标准生活街屋",
        "sizeSpec": "生活区普通模数",
        "widthMeters": 50,
        "depthMeters": 36,
        "layer": "buildings"
      },
      "geometry": {
        "type": "Polygon",
        "coordinates": [
          [
            [
              408,
              1627
            ],
            [
              408,
              1677
            ],
            [
              372,
              1677
            ],
            [
              372,
              1627
            ],
            [
              408,
              1627
            ]
          ]
        ]
      }
    },
    {
      "type": "Feature",
      "properties": {
        "id": "B-492",
        "name": "学生宿舍 46",
        "zone": "生活区",
        "frontageRoad": "R-W1",
        "description": "生活区的学生宿舍，按生活区普通模数统一规格建设。",
        "footprint": 1800,
        "scaleClass": "普通建筑",
        "buildingType": "学生宿舍",
        "sizeSpec": "生活区普通模数",
        "widthMeters": 50,
        "depthMeters": 36,
        "layer": "buildings"
      },
      "geometry": {
        "type": "Polygon",
        "coordinates": [
          [
            [
              408,
              1697
            ],
            [
              408,
              1747
            ],
            [
              372,
              1747
            ],
            [
              372,
              1697
            ],
            [
              408,
              1697
            ]
          ]
        ]
      }
    },
    {
      "type": "Feature",
      "properties": {
        "id": "B-493",
        "name": "外围维护舍 4",
        "zone": "郊野／外环",
        "frontageRoad": "R-E1",
        "description": "郊野／外环的外围维护舍，按外环普通模数统一规格建设。",
        "footprint": 1700,
        "scaleClass": "普通建筑",
        "buildingType": "外围维护舍",
        "sizeSpec": "外环普通模数",
        "widthMeters": 50,
        "depthMeters": 34,
        "layer": "buildings"
      },
      "geometry": {
        "type": "Polygon",
        "coordinates": [
          [
            [
              2748,
              87
            ],
            [
              2748,
              137
            ],
            [
              2714,
              137
            ],
            [
              2714,
              87
            ],
            [
              2748,
              87
            ]
          ]
        ]
      }
    },
    {
      "type": "Feature",
      "properties": {
        "id": "B-494",
        "name": "检疫服务楼 4",
        "zone": "郊野／外环",
        "frontageRoad": "R-E1",
        "description": "郊野／外环的检疫服务楼，按外环普通模数统一规格建设。",
        "footprint": 1700,
        "scaleClass": "普通建筑",
        "buildingType": "检疫服务楼",
        "sizeSpec": "外环普通模数",
        "widthMeters": 50,
        "depthMeters": 34,
        "layer": "buildings"
      },
      "geometry": {
        "type": "Polygon",
        "coordinates": [
          [
            [
              2806,
              87
            ],
            [
              2806,
              137
            ],
            [
              2772,
              137
            ],
            [
              2772,
              87
            ],
            [
              2806,
              87
            ]
          ]
        ]
      }
    },
    {
      "type": "Feature",
      "properties": {
        "id": "B-495",
        "name": "材料库房 28",
        "zone": "工坊区",
        "frontageRoad": "R-E1",
        "description": "工坊区的材料库房，按工坊区普通模数统一规格建设。",
        "footprint": 2520,
        "scaleClass": "普通建筑",
        "buildingType": "材料库房",
        "sizeSpec": "工坊区普通模数",
        "widthMeters": 60,
        "depthMeters": 42,
        "layer": "buildings"
      },
      "geometry": {
        "type": "Polygon",
        "coordinates": [
          [
            [
              2748,
              1552
            ],
            [
              2748,
              1612
            ],
            [
              2706,
              1612
            ],
            [
              2706,
              1552
            ],
            [
              2748,
              1552
            ]
          ]
        ]
      }
    },
    {
      "type": "Feature",
      "properties": {
        "id": "B-496",
        "name": "维修作业楼 28",
        "zone": "工坊区",
        "frontageRoad": "R-E1",
        "description": "工坊区的维修作业楼，按工坊区普通模数统一规格建设。",
        "footprint": 2520,
        "scaleClass": "普通建筑",
        "buildingType": "维修作业楼",
        "sizeSpec": "工坊区普通模数",
        "widthMeters": 60,
        "depthMeters": 42,
        "layer": "buildings"
      },
      "geometry": {
        "type": "Polygon",
        "coordinates": [
          [
            [
              2814,
              1832
            ],
            [
              2814,
              1892
            ],
            [
              2772,
              1892
            ],
            [
              2772,
              1832
            ],
            [
              2814,
              1832
            ]
          ]
        ]
      }
    },
    {
      "type": "Feature",
      "properties": {
        "id": "B-497",
        "name": "标准工坊楼 29",
        "zone": "工坊区",
        "frontageRoad": "R-E1",
        "description": "工坊区的标准工坊楼，按工坊区普通模数统一规格建设。",
        "footprint": 2520,
        "scaleClass": "普通建筑",
        "buildingType": "标准工坊楼",
        "sizeSpec": "工坊区普通模数",
        "widthMeters": 60,
        "depthMeters": 42,
        "layer": "buildings"
      },
      "geometry": {
        "type": "Polygon",
        "coordinates": [
          [
            [
              2814,
              1972
            ],
            [
              2814,
              2032
            ],
            [
              2772,
              2032
            ],
            [
              2772,
              1972
            ],
            [
              2814,
              1972
            ]
          ]
        ]
      }
    },
    {
      "type": "Feature",
      "properties": {
        "id": "B-498",
        "name": "材料库房 29",
        "zone": "工坊区",
        "frontageRoad": "R-E1",
        "description": "工坊区的材料库房，按工坊区普通模数统一规格建设。",
        "footprint": 2520,
        "scaleClass": "普通建筑",
        "buildingType": "材料库房",
        "sizeSpec": "工坊区普通模数",
        "widthMeters": 60,
        "depthMeters": 42,
        "layer": "buildings"
      },
      "geometry": {
        "type": "Polygon",
        "coordinates": [
          [
            [
              2814,
              2112
            ],
            [
              2814,
              2172
            ],
            [
              2772,
              2172
            ],
            [
              2772,
              2112
            ],
            [
              2814,
              2112
            ]
          ]
        ]
      }
    },
    {
      "type": "Feature",
      "properties": {
        "id": "B-499",
        "name": "维修作业楼 29",
        "zone": "工坊区",
        "frontageRoad": "R-E1",
        "description": "工坊区的维修作业楼，按工坊区普通模数统一规格建设。",
        "footprint": 2520,
        "scaleClass": "普通建筑",
        "buildingType": "维修作业楼",
        "sizeSpec": "工坊区普通模数",
        "widthMeters": 60,
        "depthMeters": 42,
        "layer": "buildings"
      },
      "geometry": {
        "type": "Polygon",
        "coordinates": [
          [
            [
              2748,
              2252
            ],
            [
              2748,
              2312
            ],
            [
              2706,
              2312
            ],
            [
              2706,
              2252
            ],
            [
              2748,
              2252
            ]
          ]
        ]
      }
    },
    {
      "type": "Feature",
      "properties": {
        "id": "B-500",
        "name": "标准工坊楼 30",
        "zone": "工坊区",
        "frontageRoad": "R-E1",
        "description": "工坊区的标准工坊楼，按工坊区普通模数统一规格建设。",
        "footprint": 2520,
        "scaleClass": "普通建筑",
        "buildingType": "标准工坊楼",
        "sizeSpec": "工坊区普通模数",
        "widthMeters": 60,
        "depthMeters": 42,
        "layer": "buildings"
      },
      "geometry": {
        "type": "Polygon",
        "coordinates": [
          [
            [
              2814,
              2252
            ],
            [
              2814,
              2312
            ],
            [
              2772,
              2312
            ],
            [
              2772,
              2252
            ],
            [
              2814,
              2252
            ]
          ]
        ]
      }
    },
    {
      "type": "Feature",
      "properties": {
        "id": "B-501",
        "name": "外围维护舍 5",
        "zone": "郊野／外环",
        "frontageRoad": "O-01",
        "description": "郊野／外环的外围维护舍，按外环普通模数统一规格建设。",
        "footprint": 1700,
        "scaleClass": "普通建筑",
        "buildingType": "外围维护舍",
        "sizeSpec": "外环普通模数",
        "widthMeters": 50,
        "depthMeters": 34,
        "layer": "buildings"
      },
      "geometry": {
        "type": "Polygon",
        "coordinates": [
          [
            [
              157,
              2392
            ],
            [
              207,
              2392
            ],
            [
              207,
              2426
            ],
            [
              157,
              2426
            ],
            [
              157,
              2392
            ]
          ]
        ]
      }
    },
    {
      "type": "Feature",
      "properties": {
        "id": "B-502",
        "name": "检疫服务楼 5",
        "zone": "郊野／外环",
        "frontageRoad": "O-01",
        "description": "郊野／外环的检疫服务楼，按外环普通模数统一规格建设。",
        "footprint": 1700,
        "scaleClass": "普通建筑",
        "buildingType": "检疫服务楼",
        "sizeSpec": "外环普通模数",
        "widthMeters": 50,
        "depthMeters": 34,
        "layer": "buildings"
      },
      "geometry": {
        "type": "Polygon",
        "coordinates": [
          [
            [
              227,
              2392
            ],
            [
              277,
              2392
            ],
            [
              277,
              2426
            ],
            [
              227,
              2426
            ],
            [
              227,
              2392
            ]
          ]
        ]
      }
    },
    {
      "type": "Feature",
      "properties": {
        "id": "B-503",
        "name": "外围维护舍 6",
        "zone": "郊野／外环",
        "frontageRoad": "O-01",
        "description": "郊野／外环的外围维护舍，按外环普通模数统一规格建设。",
        "footprint": 1700,
        "scaleClass": "普通建筑",
        "buildingType": "外围维护舍",
        "sizeSpec": "外环普通模数",
        "widthMeters": 50,
        "depthMeters": 34,
        "layer": "buildings"
      },
      "geometry": {
        "type": "Polygon",
        "coordinates": [
          [
            [
              297,
              2392
            ],
            [
              347,
              2392
            ],
            [
              347,
              2426
            ],
            [
              297,
              2426
            ],
            [
              297,
              2392
            ]
          ]
        ]
      }
    },
    {
      "type": "Feature",
      "properties": {
        "id": "B-504",
        "name": "检疫服务楼 6",
        "zone": "郊野／外环",
        "frontageRoad": "O-01",
        "description": "郊野／外环的检疫服务楼，按外环普通模数统一规格建设。",
        "footprint": 1700,
        "scaleClass": "普通建筑",
        "buildingType": "检疫服务楼",
        "sizeSpec": "外环普通模数",
        "widthMeters": 50,
        "depthMeters": 34,
        "layer": "buildings"
      },
      "geometry": {
        "type": "Polygon",
        "coordinates": [
          [
            [
              367,
              2392
            ],
            [
              417,
              2392
            ],
            [
              417,
              2426
            ],
            [
              367,
              2426
            ],
            [
              367,
              2392
            ]
          ]
        ]
      }
    },
    {
      "type": "Feature",
      "properties": {
        "id": "B-505",
        "name": "外围维护舍 7",
        "zone": "郊野／外环",
        "frontageRoad": "O-01",
        "description": "郊野／外环的外围维护舍，按外环普通模数统一规格建设。",
        "footprint": 1700,
        "scaleClass": "普通建筑",
        "buildingType": "外围维护舍",
        "sizeSpec": "外环普通模数",
        "widthMeters": 50,
        "depthMeters": 34,
        "layer": "buildings"
      },
      "geometry": {
        "type": "Polygon",
        "coordinates": [
          [
            [
              717,
              2392
            ],
            [
              767,
              2392
            ],
            [
              767,
              2426
            ],
            [
              717,
              2426
            ],
            [
              717,
              2392
            ]
          ]
        ]
      }
    },
    {
      "type": "Feature",
      "properties": {
        "id": "B-506",
        "name": "检疫服务楼 7",
        "zone": "郊野／外环",
        "frontageRoad": "O-01",
        "description": "郊野／外环的检疫服务楼，按外环普通模数统一规格建设。",
        "footprint": 1700,
        "scaleClass": "普通建筑",
        "buildingType": "检疫服务楼",
        "sizeSpec": "外环普通模数",
        "widthMeters": 50,
        "depthMeters": 34,
        "layer": "buildings"
      },
      "geometry": {
        "type": "Polygon",
        "coordinates": [
          [
            [
              787,
              2392
            ],
            [
              837,
              2392
            ],
            [
              837,
              2426
            ],
            [
              787,
              2426
            ],
            [
              787,
              2392
            ]
          ]
        ]
      }
    },
    {
      "type": "Feature",
      "properties": {
        "id": "B-507",
        "name": "外围维护舍 8",
        "zone": "郊野／外环",
        "frontageRoad": "O-01",
        "description": "郊野／外环的外围维护舍，按外环普通模数统一规格建设。",
        "footprint": 1700,
        "scaleClass": "普通建筑",
        "buildingType": "外围维护舍",
        "sizeSpec": "外环普通模数",
        "widthMeters": 50,
        "depthMeters": 34,
        "layer": "buildings"
      },
      "geometry": {
        "type": "Polygon",
        "coordinates": [
          [
            [
              857,
              2392
            ],
            [
              907,
              2392
            ],
            [
              907,
              2426
            ],
            [
              857,
              2426
            ],
            [
              857,
              2392
            ]
          ]
        ]
      }
    },
    {
      "type": "Feature",
      "properties": {
        "id": "B-508",
        "name": "检疫服务楼 8",
        "zone": "郊野／外环",
        "frontageRoad": "O-01",
        "description": "郊野／外环的检疫服务楼，按外环普通模数统一规格建设。",
        "footprint": 1700,
        "scaleClass": "普通建筑",
        "buildingType": "检疫服务楼",
        "sizeSpec": "外环普通模数",
        "widthMeters": 50,
        "depthMeters": 34,
        "layer": "buildings"
      },
      "geometry": {
        "type": "Polygon",
        "coordinates": [
          [
            [
              997,
              2392
            ],
            [
              1047,
              2392
            ],
            [
              1047,
              2426
            ],
            [
              997,
              2426
            ],
            [
              997,
              2392
            ]
          ]
        ]
      }
    },
    {
      "type": "Feature",
      "properties": {
        "id": "B-509",
        "name": "外围维护舍 9",
        "zone": "郊野／外环",
        "frontageRoad": "O-01",
        "description": "郊野／外环的外围维护舍，按外环普通模数统一规格建设。",
        "footprint": 1700,
        "scaleClass": "普通建筑",
        "buildingType": "外围维护舍",
        "sizeSpec": "外环普通模数",
        "widthMeters": 50,
        "depthMeters": 34,
        "layer": "buildings"
      },
      "geometry": {
        "type": "Polygon",
        "coordinates": [
          [
            [
              1067,
              2392
            ],
            [
              1117,
              2392
            ],
            [
              1117,
              2426
            ],
            [
              1067,
              2426
            ],
            [
              1067,
              2392
            ]
          ]
        ]
      }
    },
    {
      "type": "Feature",
      "properties": {
        "id": "B-510",
        "name": "检疫服务楼 9",
        "zone": "郊野／外环",
        "frontageRoad": "O-01",
        "description": "郊野／外环的检疫服务楼，按外环普通模数统一规格建设。",
        "footprint": 1700,
        "scaleClass": "普通建筑",
        "buildingType": "检疫服务楼",
        "sizeSpec": "外环普通模数",
        "widthMeters": 50,
        "depthMeters": 34,
        "layer": "buildings"
      },
      "geometry": {
        "type": "Polygon",
        "coordinates": [
          [
            [
              1347,
              2392
            ],
            [
              1397,
              2392
            ],
            [
              1397,
              2426
            ],
            [
              1347,
              2426
            ],
            [
              1347,
              2392
            ]
          ]
        ]
      }
    },
    {
      "type": "Feature",
      "properties": {
        "id": "B-511",
        "name": "外围维护舍 10",
        "zone": "郊野／外环",
        "frontageRoad": "O-02",
        "description": "郊野／外环的外围维护舍，按外环普通模数统一规格建设。",
        "footprint": 1700,
        "scaleClass": "普通建筑",
        "buildingType": "外围维护舍",
        "sizeSpec": "外环普通模数",
        "widthMeters": 50,
        "depthMeters": 34,
        "layer": "buildings"
      },
      "geometry": {
        "type": "Polygon",
        "coordinates": [
          [
            [
              1737,
              2392
            ],
            [
              1787,
              2392
            ],
            [
              1787,
              2426
            ],
            [
              1737,
              2426
            ],
            [
              1737,
              2392
            ]
          ]
        ]
      }
    },
    {
      "type": "Feature",
      "properties": {
        "id": "B-512",
        "name": "检疫服务楼 10",
        "zone": "郊野／外环",
        "frontageRoad": "O-02",
        "description": "郊野／外环的检疫服务楼，按外环普通模数统一规格建设。",
        "footprint": 1700,
        "scaleClass": "普通建筑",
        "buildingType": "检疫服务楼",
        "sizeSpec": "外环普通模数",
        "widthMeters": 50,
        "depthMeters": 34,
        "layer": "buildings"
      },
      "geometry": {
        "type": "Polygon",
        "coordinates": [
          [
            [
              1807,
              2392
            ],
            [
              1857,
              2392
            ],
            [
              1857,
              2426
            ],
            [
              1807,
              2426
            ],
            [
              1807,
              2392
            ]
          ]
        ]
      }
    },
    {
      "type": "Feature",
      "properties": {
        "id": "B-513",
        "name": "外围维护舍 11",
        "zone": "郊野／外环",
        "frontageRoad": "O-02",
        "description": "郊野／外环的外围维护舍，按外环普通模数统一规格建设。",
        "footprint": 1700,
        "scaleClass": "普通建筑",
        "buildingType": "外围维护舍",
        "sizeSpec": "外环普通模数",
        "widthMeters": 50,
        "depthMeters": 34,
        "layer": "buildings"
      },
      "geometry": {
        "type": "Polygon",
        "coordinates": [
          [
            [
              1877,
              2392
            ],
            [
              1927,
              2392
            ],
            [
              1927,
              2426
            ],
            [
              1877,
              2426
            ],
            [
              1877,
              2392
            ]
          ]
        ]
      }
    },
    {
      "type": "Feature",
      "properties": {
        "id": "B-514",
        "name": "检疫服务楼 11",
        "zone": "郊野／外环",
        "frontageRoad": "O-02",
        "description": "郊野／外环的检疫服务楼，按外环普通模数统一规格建设。",
        "footprint": 1700,
        "scaleClass": "普通建筑",
        "buildingType": "检疫服务楼",
        "sizeSpec": "外环普通模数",
        "widthMeters": 50,
        "depthMeters": 34,
        "layer": "buildings"
      },
      "geometry": {
        "type": "Polygon",
        "coordinates": [
          [
            [
              2227,
              2392
            ],
            [
              2277,
              2392
            ],
            [
              2277,
              2426
            ],
            [
              2227,
              2426
            ],
            [
              2227,
              2392
            ]
          ]
        ]
      }
    },
    {
      "type": "Feature",
      "properties": {
        "id": "B-515",
        "name": "外围维护舍 12",
        "zone": "郊野／外环",
        "frontageRoad": "O-02",
        "description": "郊野／外环的外围维护舍，按外环普通模数统一规格建设。",
        "footprint": 1700,
        "scaleClass": "普通建筑",
        "buildingType": "外围维护舍",
        "sizeSpec": "外环普通模数",
        "widthMeters": 50,
        "depthMeters": 34,
        "layer": "buildings"
      },
      "geometry": {
        "type": "Polygon",
        "coordinates": [
          [
            [
              2297,
              2392
            ],
            [
              2347,
              2392
            ],
            [
              2347,
              2426
            ],
            [
              2297,
              2426
            ],
            [
              2297,
              2392
            ]
          ]
        ]
      }
    },
    {
      "type": "Feature",
      "properties": {
        "id": "B-516",
        "name": "检疫服务楼 12",
        "zone": "郊野／外环",
        "frontageRoad": "O-02",
        "description": "郊野／外环的检疫服务楼，按外环普通模数统一规格建设。",
        "footprint": 1700,
        "scaleClass": "普通建筑",
        "buildingType": "检疫服务楼",
        "sizeSpec": "外环普通模数",
        "widthMeters": 50,
        "depthMeters": 34,
        "layer": "buildings"
      },
      "geometry": {
        "type": "Polygon",
        "coordinates": [
          [
            [
              2367,
              2392
            ],
            [
              2417,
              2392
            ],
            [
              2417,
              2426
            ],
            [
              2367,
              2426
            ],
            [
              2367,
              2392
            ]
          ]
        ]
      }
    },
    {
      "type": "Feature",
      "properties": {
        "id": "B-517",
        "name": "外围维护舍 13",
        "zone": "郊野／外环",
        "frontageRoad": "O-02",
        "description": "郊野／外环的外围维护舍，按外环普通模数统一规格建设。",
        "footprint": 1700,
        "scaleClass": "普通建筑",
        "buildingType": "外围维护舍",
        "sizeSpec": "外环普通模数",
        "widthMeters": 50,
        "depthMeters": 34,
        "layer": "buildings"
      },
      "geometry": {
        "type": "Polygon",
        "coordinates": [
          [
            [
              2437,
              2392
            ],
            [
              2487,
              2392
            ],
            [
              2487,
              2426
            ],
            [
              2437,
              2426
            ],
            [
              2437,
              2392
            ]
          ]
        ]
      }
    },
    {
      "type": "Feature",
      "properties": {
        "id": "B-518",
        "name": "检疫服务楼 13",
        "zone": "郊野／外环",
        "frontageRoad": "O-02",
        "description": "郊野／外环的检疫服务楼，按外环普通模数统一规格建设。",
        "footprint": 1700,
        "scaleClass": "普通建筑",
        "buildingType": "检疫服务楼",
        "sizeSpec": "外环普通模数",
        "widthMeters": 50,
        "depthMeters": 34,
        "layer": "buildings"
      },
      "geometry": {
        "type": "Polygon",
        "coordinates": [
          [
            [
              2507,
              2392
            ],
            [
              2557,
              2392
            ],
            [
              2557,
              2426
            ],
            [
              2507,
              2426
            ],
            [
              2507,
              2392
            ]
          ]
        ]
      }
    },
    {
      "type": "Feature",
      "properties": {
        "id": "B-519",
        "name": "外围维护舍 14",
        "zone": "郊野／外环",
        "frontageRoad": "O-02",
        "description": "郊野／外环的外围维护舍，按外环普通模数统一规格建设。",
        "footprint": 1700,
        "scaleClass": "普通建筑",
        "buildingType": "外围维护舍",
        "sizeSpec": "外环普通模数",
        "widthMeters": 50,
        "depthMeters": 34,
        "layer": "buildings"
      },
      "geometry": {
        "type": "Polygon",
        "coordinates": [
          [
            [
              2577,
              2392
            ],
            [
              2627,
              2392
            ],
            [
              2627,
              2426
            ],
            [
              2577,
              2426
            ],
            [
              2577,
              2392
            ]
          ]
        ]
      }
    },
    {
      "type": "Feature",
      "properties": {
        "id": "B-520",
        "name": "检疫服务楼 14",
        "zone": "郊野／外环",
        "frontageRoad": "O-02",
        "description": "郊野／外环的检疫服务楼，按外环普通模数统一规格建设。",
        "footprint": 1700,
        "scaleClass": "普通建筑",
        "buildingType": "检疫服务楼",
        "sizeSpec": "外环普通模数",
        "widthMeters": 50,
        "depthMeters": 34,
        "layer": "buildings"
      },
      "geometry": {
        "type": "Polygon",
        "coordinates": [
          [
            [
              2647,
              2392
            ],
            [
              2697,
              2392
            ],
            [
              2697,
              2426
            ],
            [
              2647,
              2426
            ],
            [
              2647,
              2392
            ]
          ]
        ]
      }
    },
    {
      "type": "Feature",
      "properties": {
        "id": "B-521",
        "name": "外围维护舍 15",
        "zone": "郊野／外环",
        "frontageRoad": "O-02",
        "description": "郊野／外环的外围维护舍，按外环普通模数统一规格建设。",
        "footprint": 1700,
        "scaleClass": "普通建筑",
        "buildingType": "外围维护舍",
        "sizeSpec": "外环普通模数",
        "widthMeters": 50,
        "depthMeters": 34,
        "layer": "buildings"
      },
      "geometry": {
        "type": "Polygon",
        "coordinates": [
          [
            [
              2717,
              2392
            ],
            [
              2767,
              2392
            ],
            [
              2767,
              2426
            ],
            [
              2717,
              2426
            ],
            [
              2717,
              2392
            ]
          ]
        ]
      }
    },
    {
      "type": "Feature",
      "properties": {
        "id": "B-522",
        "name": "检疫服务楼 15",
        "zone": "郊野／外环",
        "frontageRoad": "O-02",
        "description": "郊野／外环的检疫服务楼，按外环普通模数统一规格建设。",
        "footprint": 1700,
        "scaleClass": "普通建筑",
        "buildingType": "检疫服务楼",
        "sizeSpec": "外环普通模数",
        "widthMeters": 50,
        "depthMeters": 34,
        "layer": "buildings"
      },
      "geometry": {
        "type": "Polygon",
        "coordinates": [
          [
            [
              2927,
              2392
            ],
            [
              2977,
              2392
            ],
            [
              2977,
              2426
            ],
            [
              2927,
              2426
            ],
            [
              2927,
              2392
            ]
          ]
        ]
      }
    },
    {
      "type": "Feature",
      "properties": {
        "id": "B-523",
        "name": "外围维护舍 16",
        "zone": "郊野／外环",
        "frontageRoad": "O-02",
        "description": "郊野／外环的外围维护舍，按外环普通模数统一规格建设。",
        "footprint": 1700,
        "scaleClass": "普通建筑",
        "buildingType": "外围维护舍",
        "sizeSpec": "外环普通模数",
        "widthMeters": 50,
        "depthMeters": 34,
        "layer": "buildings"
      },
      "geometry": {
        "type": "Polygon",
        "coordinates": [
          [
            [
              2997,
              2392
            ],
            [
              3047,
              2392
            ],
            [
              3047,
              2426
            ],
            [
              2997,
              2426
            ],
            [
              2997,
              2392
            ]
          ]
        ]
      }
    },
    {
      "type": "Feature",
      "properties": {
        "id": "B-524",
        "name": "检疫服务楼 16",
        "zone": "郊野／外环",
        "frontageRoad": "O-03",
        "description": "郊野／外环的检疫服务楼，按外环普通模数统一规格建设。",
        "footprint": 1700,
        "scaleClass": "普通建筑",
        "buildingType": "检疫服务楼",
        "sizeSpec": "外环普通模数",
        "widthMeters": 50,
        "depthMeters": 34,
        "layer": "buildings"
      },
      "geometry": {
        "type": "Polygon",
        "coordinates": [
          [
            [
              997,
              2717
            ],
            [
              1047,
              2717
            ],
            [
              1047,
              2751
            ],
            [
              997,
              2751
            ],
            [
              997,
              2717
            ]
          ]
        ]
      }
    },
    {
      "type": "Feature",
      "properties": {
        "id": "B-525",
        "name": "外围维护舍 17",
        "zone": "郊野／外环",
        "frontageRoad": "O-03",
        "description": "郊野／外环的外围维护舍，按外环普通模数统一规格建设。",
        "footprint": 1700,
        "scaleClass": "普通建筑",
        "buildingType": "外围维护舍",
        "sizeSpec": "外环普通模数",
        "widthMeters": 50,
        "depthMeters": 34,
        "layer": "buildings"
      },
      "geometry": {
        "type": "Polygon",
        "coordinates": [
          [
            [
              1067,
              2717
            ],
            [
              1117,
              2717
            ],
            [
              1117,
              2751
            ],
            [
              1067,
              2751
            ],
            [
              1067,
              2717
            ]
          ]
        ]
      }
    },
    {
      "type": "Feature",
      "properties": {
        "id": "B-526",
        "name": "检疫服务楼 17",
        "zone": "郊野／外环",
        "frontageRoad": "O-03",
        "description": "郊野／外环的检疫服务楼，按外环普通模数统一规格建设。",
        "footprint": 1700,
        "scaleClass": "普通建筑",
        "buildingType": "检疫服务楼",
        "sizeSpec": "外环普通模数",
        "widthMeters": 50,
        "depthMeters": 34,
        "layer": "buildings"
      },
      "geometry": {
        "type": "Polygon",
        "coordinates": [
          [
            [
              1137,
              2717
            ],
            [
              1187,
              2717
            ],
            [
              1187,
              2751
            ],
            [
              1137,
              2751
            ],
            [
              1137,
              2717
            ]
          ]
        ]
      }
    },
    {
      "type": "Feature",
      "properties": {
        "id": "B-527",
        "name": "外围维护舍 18",
        "zone": "郊野／外环",
        "frontageRoad": "O-03",
        "description": "郊野／外环的外围维护舍，按外环普通模数统一规格建设。",
        "footprint": 1700,
        "scaleClass": "普通建筑",
        "buildingType": "外围维护舍",
        "sizeSpec": "外环普通模数",
        "widthMeters": 50,
        "depthMeters": 34,
        "layer": "buildings"
      },
      "geometry": {
        "type": "Polygon",
        "coordinates": [
          [
            [
              1207,
              2717
            ],
            [
              1257,
              2717
            ],
            [
              1257,
              2751
            ],
            [
              1207,
              2751
            ],
            [
              1207,
              2717
            ]
          ]
        ]
      }
    },
    {
      "type": "Feature",
      "properties": {
        "id": "B-528",
        "name": "检疫服务楼 18",
        "zone": "郊野／外环",
        "frontageRoad": "O-03",
        "description": "郊野／外环的检疫服务楼，按外环普通模数统一规格建设。",
        "footprint": 1700,
        "scaleClass": "普通建筑",
        "buildingType": "检疫服务楼",
        "sizeSpec": "外环普通模数",
        "widthMeters": 50,
        "depthMeters": 34,
        "layer": "buildings"
      },
      "geometry": {
        "type": "Polygon",
        "coordinates": [
          [
            [
              1277,
              2717
            ],
            [
              1327,
              2717
            ],
            [
              1327,
              2751
            ],
            [
              1277,
              2751
            ],
            [
              1277,
              2717
            ]
          ]
        ]
      }
    },
    {
      "type": "Feature",
      "properties": {
        "id": "B-529",
        "name": "外围维护舍 19",
        "zone": "郊野／外环",
        "frontageRoad": "O-04",
        "description": "郊野／外环的外围维护舍，按外环普通模数统一规格建设。",
        "footprint": 1700,
        "scaleClass": "普通建筑",
        "buildingType": "外围维护舍",
        "sizeSpec": "外环普通模数",
        "widthMeters": 50,
        "depthMeters": 34,
        "layer": "buildings"
      },
      "geometry": {
        "type": "Polygon",
        "coordinates": [
          [
            [
              2507,
              2717
            ],
            [
              2557,
              2717
            ],
            [
              2557,
              2751
            ],
            [
              2507,
              2751
            ],
            [
              2507,
              2717
            ]
          ]
        ]
      }
    },
    {
      "type": "Feature",
      "properties": {
        "id": "B-530",
        "name": "检疫服务楼 19",
        "zone": "郊野／外环",
        "frontageRoad": "O-V1",
        "description": "郊野／外环的检疫服务楼，按外环普通模数统一规格建设。",
        "footprint": 1700,
        "scaleClass": "普通建筑",
        "buildingType": "检疫服务楼",
        "sizeSpec": "外环普通模数",
        "widthMeters": 50,
        "depthMeters": 34,
        "layer": "buildings"
      },
      "geometry": {
        "type": "Polygon",
        "coordinates": [
          [
            [
              951,
              2397
            ],
            [
              951,
              2447
            ],
            [
              917,
              2447
            ],
            [
              917,
              2397
            ],
            [
              951,
              2397
            ]
          ]
        ]
      }
    },
    {
      "type": "Feature",
      "properties": {
        "id": "B-531",
        "name": "外围维护舍 20",
        "zone": "郊野／外环",
        "frontageRoad": "O-V1",
        "description": "郊野／外环的外围维护舍，按外环普通模数统一规格建设。",
        "footprint": 1700,
        "scaleClass": "普通建筑",
        "buildingType": "外围维护舍",
        "sizeSpec": "外环普通模数",
        "widthMeters": 50,
        "depthMeters": 34,
        "layer": "buildings"
      },
      "geometry": {
        "type": "Polygon",
        "coordinates": [
          [
            [
              951,
              2467
            ],
            [
              951,
              2517
            ],
            [
              917,
              2517
            ],
            [
              917,
              2467
            ],
            [
              951,
              2467
            ]
          ]
        ]
      }
    },
    {
      "type": "Feature",
      "properties": {
        "id": "B-532",
        "name": "检疫服务楼 20",
        "zone": "郊野／外环",
        "frontageRoad": "O-V1",
        "description": "郊野／外环的检疫服务楼，按外环普通模数统一规格建设。",
        "footprint": 1700,
        "scaleClass": "普通建筑",
        "buildingType": "检疫服务楼",
        "sizeSpec": "外环普通模数",
        "widthMeters": 50,
        "depthMeters": 34,
        "layer": "buildings"
      },
      "geometry": {
        "type": "Polygon",
        "coordinates": [
          [
            [
              1003,
              2467
            ],
            [
              1003,
              2517
            ],
            [
              969,
              2517
            ],
            [
              969,
              2467
            ],
            [
              1003,
              2467
            ]
          ]
        ]
      }
    },
    {
      "type": "Feature",
      "properties": {
        "id": "B-533",
        "name": "外围维护舍 21",
        "zone": "郊野／外环",
        "frontageRoad": "O-V1",
        "description": "郊野／外环的外围维护舍，按外环普通模数统一规格建设。",
        "footprint": 1700,
        "scaleClass": "普通建筑",
        "buildingType": "外围维护舍",
        "sizeSpec": "外环普通模数",
        "widthMeters": 50,
        "depthMeters": 34,
        "layer": "buildings"
      },
      "geometry": {
        "type": "Polygon",
        "coordinates": [
          [
            [
              951,
              2537
            ],
            [
              951,
              2587
            ],
            [
              917,
              2587
            ],
            [
              917,
              2537
            ],
            [
              951,
              2537
            ]
          ]
        ]
      }
    },
    {
      "type": "Feature",
      "properties": {
        "id": "B-534",
        "name": "检疫服务楼 21",
        "zone": "郊野／外环",
        "frontageRoad": "O-V1",
        "description": "郊野／外环的检疫服务楼，按外环普通模数统一规格建设。",
        "footprint": 1700,
        "scaleClass": "普通建筑",
        "buildingType": "检疫服务楼",
        "sizeSpec": "外环普通模数",
        "widthMeters": 50,
        "depthMeters": 34,
        "layer": "buildings"
      },
      "geometry": {
        "type": "Polygon",
        "coordinates": [
          [
            [
              1003,
              2537
            ],
            [
              1003,
              2587
            ],
            [
              969,
              2587
            ],
            [
              969,
              2537
            ],
            [
              1003,
              2537
            ]
          ]
        ]
      }
    },
    {
      "type": "Feature",
      "properties": {
        "id": "B-535",
        "name": "外围维护舍 22",
        "zone": "郊野／外环",
        "frontageRoad": "O-V2",
        "description": "郊野／外环的外围维护舍，按外环普通模数统一规格建设。",
        "footprint": 1700,
        "scaleClass": "普通建筑",
        "buildingType": "外围维护舍",
        "sizeSpec": "外环普通模数",
        "widthMeters": 50,
        "depthMeters": 34,
        "layer": "buildings"
      },
      "geometry": {
        "type": "Polygon",
        "coordinates": [
          [
            [
              2491,
              2467
            ],
            [
              2491,
              2517
            ],
            [
              2457,
              2517
            ],
            [
              2457,
              2467
            ],
            [
              2491,
              2467
            ]
          ]
        ]
      }
    },
    {
      "type": "Feature",
      "properties": {
        "id": "B-536",
        "name": "检疫服务楼 22",
        "zone": "郊野／外环",
        "frontageRoad": "O-V2",
        "description": "郊野／外环的检疫服务楼，按外环普通模数统一规格建设。",
        "footprint": 1700,
        "scaleClass": "普通建筑",
        "buildingType": "检疫服务楼",
        "sizeSpec": "外环普通模数",
        "widthMeters": 50,
        "depthMeters": 34,
        "layer": "buildings"
      },
      "geometry": {
        "type": "Polygon",
        "coordinates": [
          [
            [
              2543,
              2467
            ],
            [
              2543,
              2517
            ],
            [
              2509,
              2517
            ],
            [
              2509,
              2467
            ],
            [
              2543,
              2467
            ]
          ]
        ]
      }
    },
    {
      "type": "Feature",
      "properties": {
        "id": "B-537",
        "name": "外围维护舍 23",
        "zone": "郊野／外环",
        "frontageRoad": "O-V2",
        "description": "郊野／外环的外围维护舍，按外环普通模数统一规格建设。",
        "footprint": 1700,
        "scaleClass": "普通建筑",
        "buildingType": "外围维护舍",
        "sizeSpec": "外环普通模数",
        "widthMeters": 50,
        "depthMeters": 34,
        "layer": "buildings"
      },
      "geometry": {
        "type": "Polygon",
        "coordinates": [
          [
            [
              2491,
              2537
            ],
            [
              2491,
              2587
            ],
            [
              2457,
              2587
            ],
            [
              2457,
              2537
            ],
            [
              2491,
              2537
            ]
          ]
        ]
      }
    },
    {
      "type": "Feature",
      "properties": {
        "id": "B-538",
        "name": "检疫服务楼 23",
        "zone": "郊野／外环",
        "frontageRoad": "O-V2",
        "description": "郊野／外环的检疫服务楼，按外环普通模数统一规格建设。",
        "footprint": 1700,
        "scaleClass": "普通建筑",
        "buildingType": "检疫服务楼",
        "sizeSpec": "外环普通模数",
        "widthMeters": 50,
        "depthMeters": 34,
        "layer": "buildings"
      },
      "geometry": {
        "type": "Polygon",
        "coordinates": [
          [
            [
              2543,
              2537
            ],
            [
              2543,
              2587
            ],
            [
              2509,
              2587
            ],
            [
              2509,
              2537
            ],
            [
              2543,
              2537
            ]
          ]
        ]
      }
    },
    {
      "type": "Feature",
      "properties": {
        "id": "B-539",
        "name": "材料库房 30",
        "zone": "工坊区",
        "frontageRoad": "R-E2",
        "description": "工坊区的材料库房，按工坊区普通模数统一规格建设。",
        "footprint": 2520,
        "scaleClass": "普通建筑",
        "buildingType": "材料库房",
        "sizeSpec": "工坊区普通模数",
        "widthMeters": 60,
        "depthMeters": 42,
        "layer": "buildings"
      },
      "geometry": {
        "type": "Polygon",
        "coordinates": [
          [
            [
              2401.5,
              1356
            ],
            [
              2401.5,
              1416
            ],
            [
              2359.5,
              1416
            ],
            [
              2359.5,
              1356
            ],
            [
              2401.5,
              1356
            ]
          ]
        ]
      }
    },
    {
      "type": "Feature",
      "properties": {
        "id": "B-540",
        "name": "维修作业楼 30",
        "zone": "工坊区",
        "frontageRoad": "W-01",
        "description": "工坊区的维修作业楼，按工坊区普通模数统一规格建设。",
        "footprint": 2520,
        "scaleClass": "普通建筑",
        "buildingType": "维修作业楼",
        "sizeSpec": "工坊区普通模数",
        "widthMeters": 60,
        "depthMeters": 42,
        "layer": "buildings"
      },
      "geometry": {
        "type": "Polygon",
        "coordinates": [
          [
            [
              2206,
              1462
            ],
            [
              2266,
              1462
            ],
            [
              2266,
              1504
            ],
            [
              2206,
              1504
            ],
            [
              2206,
              1462
            ]
          ]
        ]
      }
    },
    {
      "type": "Feature",
      "properties": {
        "id": "B-541",
        "name": "标准工坊楼 31",
        "zone": "工坊区",
        "frontageRoad": "W-01",
        "description": "工坊区的标准工坊楼，按工坊区普通模数统一规格建设。",
        "footprint": 2520,
        "scaleClass": "普通建筑",
        "buildingType": "标准工坊楼",
        "sizeSpec": "工坊区普通模数",
        "widthMeters": 60,
        "depthMeters": 42,
        "layer": "buildings"
      },
      "geometry": {
        "type": "Polygon",
        "coordinates": [
          [
            [
              3046,
              1396
            ],
            [
              3106,
              1396
            ],
            [
              3106,
              1438
            ],
            [
              3046,
              1438
            ],
            [
              3046,
              1396
            ]
          ]
        ]
      }
    },
    {
      "type": "Feature",
      "properties": {
        "id": "B-542",
        "name": "材料库房 31",
        "zone": "工坊区",
        "frontageRoad": "W-02",
        "description": "工坊区的材料库房，按工坊区普通模数统一规格建设。",
        "footprint": 2520,
        "scaleClass": "普通建筑",
        "buildingType": "材料库房",
        "sizeSpec": "工坊区普通模数",
        "widthMeters": 60,
        "depthMeters": 42,
        "layer": "buildings"
      },
      "geometry": {
        "type": "Polygon",
        "coordinates": [
          [
            [
              2206,
              1678.5
            ],
            [
              2266,
              1678.5
            ],
            [
              2266,
              1720.5
            ],
            [
              2206,
              1720.5
            ],
            [
              2206,
              1678.5
            ]
          ]
        ]
      }
    },
    {
      "type": "Feature",
      "properties": {
        "id": "B-543",
        "name": "维修作业楼 31",
        "zone": "工坊区",
        "frontageRoad": "W-02",
        "description": "工坊区的维修作业楼，按工坊区普通模数统一规格建设。",
        "footprint": 2520,
        "scaleClass": "普通建筑",
        "buildingType": "维修作业楼",
        "sizeSpec": "工坊区普通模数",
        "widthMeters": 60,
        "depthMeters": 42,
        "layer": "buildings"
      },
      "geometry": {
        "type": "Polygon",
        "coordinates": [
          [
            [
              2206,
              1739.5
            ],
            [
              2266,
              1739.5
            ],
            [
              2266,
              1781.5
            ],
            [
              2206,
              1781.5
            ],
            [
              2206,
              1739.5
            ]
          ]
        ]
      }
    },
    {
      "type": "Feature",
      "properties": {
        "id": "B-544",
        "name": "标准工坊楼 32",
        "zone": "工坊区",
        "frontageRoad": "W-02",
        "description": "工坊区的标准工坊楼，按工坊区普通模数统一规格建设。",
        "footprint": 2520,
        "scaleClass": "普通建筑",
        "buildingType": "标准工坊楼",
        "sizeSpec": "工坊区普通模数",
        "widthMeters": 60,
        "depthMeters": 42,
        "layer": "buildings"
      },
      "geometry": {
        "type": "Polygon",
        "coordinates": [
          [
            [
              3046,
              1678.5
            ],
            [
              3106,
              1678.5
            ],
            [
              3106,
              1720.5
            ],
            [
              3046,
              1720.5
            ],
            [
              3046,
              1678.5
            ]
          ]
        ]
      }
    },
    {
      "type": "Feature",
      "properties": {
        "id": "B-545",
        "name": "材料库房 32",
        "zone": "工坊区",
        "frontageRoad": "W-03",
        "description": "工坊区的材料库房，按工坊区普通模数统一规格建设。",
        "footprint": 2520,
        "scaleClass": "普通建筑",
        "buildingType": "材料库房",
        "sizeSpec": "工坊区普通模数",
        "widthMeters": 60,
        "depthMeters": 42,
        "layer": "buildings"
      },
      "geometry": {
        "type": "Polygon",
        "coordinates": [
          [
            [
              3046,
              1909.5
            ],
            [
              3106,
              1909.5
            ],
            [
              3106,
              1951.5
            ],
            [
              3046,
              1951.5
            ],
            [
              3046,
              1909.5
            ]
          ]
        ]
      }
    },
    {
      "type": "Feature",
      "properties": {
        "id": "B-546",
        "name": "维修作业楼 32",
        "zone": "工坊区",
        "frontageRoad": "W-04",
        "description": "工坊区的维修作业楼，按工坊区普通模数统一规格建设。",
        "footprint": 2520,
        "scaleClass": "普通建筑",
        "buildingType": "维修作业楼",
        "sizeSpec": "工坊区普通模数",
        "widthMeters": 60,
        "depthMeters": 42,
        "layer": "buildings"
      },
      "geometry": {
        "type": "Polygon",
        "coordinates": [
          [
            [
              2206,
              2148.5
            ],
            [
              2266,
              2148.5
            ],
            [
              2266,
              2190.5
            ],
            [
              2206,
              2190.5
            ],
            [
              2206,
              2148.5
            ]
          ]
        ]
      }
    },
    {
      "type": "Feature",
      "properties": {
        "id": "B-547",
        "name": "标准工坊楼 33",
        "zone": "工坊区",
        "frontageRoad": "W-V1",
        "description": "工坊区的标准工坊楼，按工坊区普通模数统一规格建设。",
        "footprint": 2520,
        "scaleClass": "普通建筑",
        "buildingType": "标准工坊楼",
        "sizeSpec": "工坊区普通模数",
        "widthMeters": 60,
        "depthMeters": 42,
        "layer": "buildings"
      },
      "geometry": {
        "type": "Polygon",
        "coordinates": [
          [
            [
              2541,
              2256
            ],
            [
              2541,
              2316
            ],
            [
              2499,
              2316
            ],
            [
              2499,
              2256
            ],
            [
              2541,
              2256
            ]
          ]
        ]
      }
    },
    {
      "type": "Feature",
      "properties": {
        "id": "B-548",
        "name": "材料库房 33",
        "zone": "工坊区",
        "frontageRoad": "W-V2",
        "description": "工坊区的材料库房，按工坊区普通模数统一规格建设。",
        "footprint": 2520,
        "scaleClass": "普通建筑",
        "buildingType": "材料库房",
        "sizeSpec": "工坊区普通模数",
        "widthMeters": 60,
        "depthMeters": 42,
        "layer": "buildings"
      },
      "geometry": {
        "type": "Polygon",
        "coordinates": [
          [
            [
              2963,
              2256
            ],
            [
              2963,
              2316
            ],
            [
              2921,
              2316
            ],
            [
              2921,
              2256
            ],
            [
              2963,
              2256
            ]
          ]
        ]
      }
    },
    {
      "type": "Feature",
      "properties": {
        "id": "B-549",
        "name": "维修作业楼 33",
        "zone": "工坊区",
        "frontageRoad": "W-V2",
        "description": "工坊区的维修作业楼，按工坊区普通模数统一规格建设。",
        "footprint": 2520,
        "scaleClass": "普通建筑",
        "buildingType": "维修作业楼",
        "sizeSpec": "工坊区普通模数",
        "widthMeters": 60,
        "depthMeters": 42,
        "layer": "buildings"
      },
      "geometry": {
        "type": "Polygon",
        "coordinates": [
          [
            [
              2899,
              2256
            ],
            [
              2899,
              2316
            ],
            [
              2857,
              2316
            ],
            [
              2857,
              2256
            ],
            [
              2899,
              2256
            ]
          ]
        ]
      }
    },
    {
      "type": "Feature",
      "properties": {
        "id": "B-550",
        "name": "标准工坊楼 34",
        "zone": "工坊区",
        "frontageRoad": "W-V3",
        "description": "工坊区的标准工坊楼，按工坊区普通模数统一规格建设。",
        "footprint": 2520,
        "scaleClass": "普通建筑",
        "buildingType": "标准工坊楼",
        "sizeSpec": "工坊区普通模数",
        "widthMeters": 60,
        "depthMeters": 42,
        "layer": "buildings"
      },
      "geometry": {
        "type": "Polygon",
        "coordinates": [
          [
            [
              3031,
              2256
            ],
            [
              3031,
              2316
            ],
            [
              2989,
              2316
            ],
            [
              2989,
              2256
            ],
            [
              3031,
              2256
            ]
          ]
        ]
      }
    },
    {
      "type": "Feature",
      "properties": {
        "id": "B-551",
        "name": "记录库房 6",
        "zone": "封存区",
        "frontageRoad": "R-SE",
        "description": "封存区的记录库房，按封存区普通模数统一规格建设。",
        "footprint": 1700,
        "scaleClass": "普通建筑",
        "buildingType": "记录库房",
        "sizeSpec": "封存区普通模数",
        "widthMeters": 50,
        "depthMeters": 34,
        "layer": "buildings"
      },
      "geometry": {
        "type": "Polygon",
        "coordinates": [
          [
            [
              1771,
              2003
            ],
            [
              1821,
              2003
            ],
            [
              1821,
              2037
            ],
            [
              1771,
              2037
            ],
            [
              1771,
              2003
            ]
          ]
        ]
      }
    },
    {
      "type": "Feature",
      "properties": {
        "id": "B-552",
        "name": "封存值守楼 7",
        "zone": "封存区",
        "frontageRoad": "R-SE",
        "description": "封存区的封存值守楼，按封存区普通模数统一规格建设。",
        "footprint": 1700,
        "scaleClass": "普通建筑",
        "buildingType": "封存值守楼",
        "sizeSpec": "封存区普通模数",
        "widthMeters": 50,
        "depthMeters": 34,
        "layer": "buildings"
      },
      "geometry": {
        "type": "Polygon",
        "coordinates": [
          [
            [
              1771,
              2063
            ],
            [
              1821,
              2063
            ],
            [
              1821,
              2097
            ],
            [
              1771,
              2097
            ],
            [
              1771,
              2063
            ]
          ]
        ]
      }
    },
    {
      "type": "Feature",
      "properties": {
        "id": "B-553",
        "name": "材料库房 34",
        "zone": "工坊区",
        "frontageRoad": "R-E1",
        "description": "工坊区的材料库房，按工坊区普通模数统一规格建设。",
        "footprint": 2520,
        "scaleClass": "普通建筑",
        "buildingType": "材料库房",
        "sizeSpec": "工坊区普通模数",
        "widthMeters": 60,
        "depthMeters": 42,
        "layer": "buildings"
      },
      "geometry": {
        "type": "Polygon",
        "coordinates": [
          [
            [
              2814,
              1356
            ],
            [
              2814,
              1416
            ],
            [
              2772,
              1416
            ],
            [
              2772,
              1356
            ],
            [
              2814,
              1356
            ]
          ]
        ]
      }
    },
    {
      "type": "Feature",
      "properties": {
        "id": "B-554",
        "name": "记录库房 7",
        "zone": "封存区",
        "frontageRoad": "W-V0",
        "description": "封存区的记录库房，按封存区普通模数统一规格建设。",
        "footprint": 1700,
        "scaleClass": "普通建筑",
        "buildingType": "记录库房",
        "sizeSpec": "封存区普通模数",
        "widthMeters": 50,
        "depthMeters": 34,
        "layer": "buildings"
      },
      "geometry": {
        "type": "Polygon",
        "coordinates": [
          [
            [
              2170.5,
              2281
            ],
            [
              2170.5,
              2331
            ],
            [
              2136.5,
              2331
            ],
            [
              2136.5,
              2281
            ],
            [
              2170.5,
              2281
            ]
          ]
        ]
      }
    },
    {
      "type": "Feature",
      "properties": {
        "id": "B-555",
        "name": "维修作业楼 34",
        "zone": "工坊区",
        "frontageRoad": "R-SE",
        "description": "工坊区的维修作业楼，按工坊区普通模数统一规格建设。",
        "footprint": 2520,
        "scaleClass": "普通建筑",
        "buildingType": "维修作业楼",
        "sizeSpec": "工坊区普通模数",
        "widthMeters": 60,
        "depthMeters": 42,
        "layer": "buildings"
      },
      "geometry": {
        "type": "Polygon",
        "coordinates": [
          [
            [
              2418,
              1995
            ],
            [
              2478,
              1995
            ],
            [
              2478,
              2037
            ],
            [
              2418,
              2037
            ],
            [
              2418,
              1995
            ]
          ]
        ]
      }
    },
    {
      "type": "Feature",
      "properties": {
        "id": "B-556",
        "name": "标准工坊楼 35",
        "zone": "工坊区",
        "frontageRoad": "R-E2",
        "description": "工坊区的标准工坊楼，按工坊区普通模数统一规格建设。",
        "footprint": 2520,
        "scaleClass": "普通建筑",
        "buildingType": "标准工坊楼",
        "sizeSpec": "工坊区普通模数",
        "widthMeters": 60,
        "depthMeters": 42,
        "layer": "buildings"
      },
      "geometry": {
        "type": "Polygon",
        "coordinates": [
          [
            [
              2401.5,
              1910
            ],
            [
              2401.5,
              1970
            ],
            [
              2359.5,
              1970
            ],
            [
              2359.5,
              1910
            ],
            [
              2401.5,
              1910
            ]
          ]
        ]
      }
    },
    {
      "type": "Feature",
      "properties": {
        "id": "B-557",
        "name": "材料库房 35",
        "zone": "工坊区",
        "frontageRoad": "W-V1",
        "description": "工坊区的材料库房，按工坊区普通模数统一规格建设。",
        "footprint": 2520,
        "scaleClass": "普通建筑",
        "buildingType": "材料库房",
        "sizeSpec": "工坊区普通模数",
        "widthMeters": 60,
        "depthMeters": 42,
        "layer": "buildings"
      },
      "geometry": {
        "type": "Polygon",
        "coordinates": [
          [
            [
              2601,
              1362
            ],
            [
              2601,
              1422
            ],
            [
              2559,
              1422
            ],
            [
              2559,
              1362
            ],
            [
              2601,
              1362
            ]
          ]
        ]
      }
    },
    {
      "type": "Feature",
      "properties": {
        "id": "B-558",
        "name": "封存值守楼 8",
        "zone": "封存区",
        "frontageRoad": "S-03",
        "description": "封存区的封存值守楼，按封存区普通模数统一规格建设。",
        "footprint": 1700,
        "scaleClass": "普通建筑",
        "buildingType": "封存值守楼",
        "sizeSpec": "封存区普通模数",
        "widthMeters": 50,
        "depthMeters": 34,
        "layer": "buildings"
      },
      "geometry": {
        "type": "Polygon",
        "coordinates": [
          [
            [
              2119,
              2217.5
            ],
            [
              2169,
              2217.5
            ],
            [
              2169,
              2251.5
            ],
            [
              2119,
              2251.5
            ],
            [
              2119,
              2217.5
            ]
          ]
        ]
      }
    },
    {
      "type": "Feature",
      "properties": {
        "id": "P-A",
        "name": "学院核心",
        "kind": "landmark",
        "description": "西岸学院核心",
        "layer": "points"
      },
      "geometry": {
        "type": "Point",
        "coordinates": [
          1080,
          1050
        ]
      }
    },
    {
      "type": "Feature",
      "properties": {
        "id": "P-C",
        "name": "城市核心",
        "kind": "landmark",
        "description": "东岸城市公共核心",
        "layer": "points"
      },
      "geometry": {
        "type": "Point",
        "coordinates": [
          2220,
          1120
        ]
      }
    },
    {
      "type": "Feature",
      "properties": {
        "id": "P-M-NORTH",
        "name": "北河门",
        "kind": "entrance",
        "description": "北岸市集区河门与巡检入口",
        "layer": "points"
      },
      "geometry": {
        "type": "Point",
        "coordinates": [
          1730,
          280
        ]
      }
    },
    {
      "type": "Feature",
      "properties": {
        "id": "P-M-RIVER1",
        "name": "市政北街河门",
        "kind": "entrance",
        "description": "市政北街河岸入口",
        "layer": "points"
      },
      "geometry": {
        "type": "Point",
        "coordinates": [
          1715,
          390
        ]
      }
    },
    {
      "type": "Feature",
      "properties": {
        "id": "P-M-RIVER2",
        "name": "市集街河门",
        "kind": "entrance",
        "description": "覆顶市集街河岸入口",
        "layer": "points"
      },
      "geometry": {
        "type": "Point",
        "coordinates": [
          1785,
          830
        ]
      }
    },
    {
      "type": "Feature",
      "properties": {
        "id": "P-M-RIVER3",
        "name": "剧场街河门",
        "kind": "entrance",
        "description": "公共剧场街河岸入口",
        "layer": "points"
      },
      "geometry": {
        "type": "Point",
        "coordinates": [
          1925,
          1050
        ]
      }
    },
    {
      "type": "Feature",
      "properties": {
        "id": "P-MB",
        "name": "双核主桥西端",
        "kind": "entrance",
        "description": "步行与普通车辆主桥",
        "layer": "points"
      },
      "geometry": {
        "type": "Point",
        "coordinates": [
          1260,
          1250
        ]
      }
    },
    {
      "type": "Feature",
      "properties": {
        "id": "P-TR",
        "name": "中央巨蚓换乘站",
        "kind": "station",
        "description": "内环与跨河桥槽换乘",
        "layer": "points"
      },
      "geometry": {
        "type": "Point",
        "coordinates": [
          1900,
          1520
        ]
      }
    },
    {
      "type": "Feature",
      "properties": {
        "id": "P-WTR",
        "name": "工坊客货换乘站",
        "kind": "station",
        "description": "客运与货运分流",
        "layer": "points"
      },
      "geometry": {
        "type": "Point",
        "coordinates": [
          2760,
          1780
        ]
      }
    },
    {
      "type": "Feature",
      "properties": {
        "id": "P-ST",
        "name": "学院体育场入口",
        "kind": "entrance",
        "description": "体育课程入口",
        "layer": "points"
      },
      "geometry": {
        "type": "Point",
        "coordinates": [
          560,
          2410
        ]
      }
    },
    {
      "type": "Feature",
      "properties": {
        "id": "P-CO",
        "name": "护障对抗场入口",
        "kind": "entrance",
        "description": "护障课程入口",
        "layer": "points"
      },
      "geometry": {
        "type": "Point",
        "coordinates": [
          1260,
          2420
        ]
      }
    },
    {
      "type": "Feature",
      "properties": {
        "id": "P-TA",
        "name": "小队战术场入口",
        "kind": "entrance",
        "description": "战术课程入口",
        "layer": "points"
      },
      "geometry": {
        "type": "Point",
        "coordinates": [
          2080,
          2420
        ]
      }
    },
    {
      "type": "Feature",
      "properties": {
        "id": "P-T-RIVER",
        "name": "教学河岸门",
        "kind": "entrance",
        "description": "教学区河岸维护入口",
        "layer": "points"
      },
      "geometry": {
        "type": "Point",
        "coordinates": [
          1440,
          360
        ]
      }
    },
    {
      "type": "Feature",
      "properties": {
        "id": "P-T-CLOCK",
        "name": "学院正厅门廊入口",
        "kind": "entrance",
        "description": "学院正厅贴路门廊入口",
        "layer": "points"
      },
      "geometry": {
        "type": "Point",
        "coordinates": [
          900,
          1238
        ]
      }
    },
    {
      "type": "Feature",
      "properties": {
        "id": "P-L-RIVER",
        "name": "生活区河岸门",
        "kind": "entrance",
        "description": "生活区河岸维护入口",
        "layer": "points"
      },
      "geometry": {
        "type": "Point",
        "coordinates": [
          1430,
          2200
        ]
      }
    },
    {
      "type": "Feature",
      "properties": {
        "id": "P-S-N1",
        "name": "封存许可门",
        "kind": "entrance",
        "description": "封存受控入口",
        "layer": "points"
      },
      "geometry": {
        "type": "Point",
        "coordinates": [
          1985,
          1450
        ]
      }
    },
    {
      "type": "Feature",
      "properties": {
        "id": "P-L-RIVER-MID",
        "name": "生活南街河门",
        "kind": "entrance",
        "description": "生活南街河岸入口",
        "layer": "points"
      },
      "geometry": {
        "type": "Point",
        "coordinates": [
          1430,
          1900
        ]
      }
    },
    {
      "type": "Feature",
      "properties": {
        "id": "P-S-N2",
        "name": "隔离北门",
        "kind": "entrance",
        "description": "隔离设施入口",
        "layer": "points"
      },
      "geometry": {
        "type": "Point",
        "coordinates": [
          1885,
          1580
        ]
      }
    },
    {
      "type": "Feature",
      "properties": {
        "id": "P-S-E",
        "name": "隔离东门",
        "kind": "entrance",
        "description": "隔离设施东入口",
        "layer": "points"
      },
      "geometry": {
        "type": "Point",
        "coordinates": [
          2178,
          1600
        ]
      }
    },
    {
      "type": "Feature",
      "properties": {
        "id": "P-O-WATER",
        "name": "南部课程水岸门",
        "kind": "entrance",
        "description": "课程场水岸维护入口",
        "layer": "points"
      },
      "geometry": {
        "type": "Point",
        "coordinates": [
          1450,
          2380
        ]
      }
    },
    {
      "type": "Feature",
      "properties": {
        "id": "P-O-SW",
        "name": "西南课程门",
        "kind": "entrance",
        "description": "课程设施南门",
        "layer": "points"
      },
      "geometry": {
        "type": "Point",
        "coordinates": [
          1450,
          2740
        ]
      }
    },
    {
      "type": "Feature",
      "properties": {
        "id": "P-O-SE",
        "name": "东南水务门",
        "kind": "entrance",
        "description": "水务设施南门",
        "layer": "points"
      },
      "geometry": {
        "type": "Point",
        "coordinates": [
          1720,
          2760
        ]
      }
    },
    {
      "type": "Feature",
      "properties": {
        "id": "P-T-EAST",
        "name": "图书馆街河岸门",
        "kind": "entrance",
        "description": "教学区东侧河岸入口",
        "layer": "points"
      },
      "geometry": {
        "type": "Point",
        "coordinates": [
          1438,
          820
        ]
      }
    },
    {
      "type": "Feature",
      "properties": {
        "id": "P-S-SOUTH",
        "name": "封存南门",
        "kind": "entrance",
        "description": "封存区南部受控入口",
        "layer": "points"
      },
      "geometry": {
        "type": "Point",
        "coordinates": [
          1770,
          2260
        ]
      }
    },
    {
      "type": "Feature",
      "properties": {
        "id": "P-O-EAST",
        "name": "南部后勤水岸门",
        "kind": "entrance",
        "description": "南部后勤区水岸入口",
        "layer": "points"
      },
      "geometry": {
        "type": "Point",
        "coordinates": [
          1720,
          2380
        ]
      }
    },
    {
      "type": "Feature",
      "properties": {
        "id": "P-SV-T04",
        "name": "学院北站候车厅",
        "kind": "station",
        "description": "连接北部学府大道与巨蚓外环",
        "layer": "points"
      },
      "geometry": {
        "type": "Point",
        "coordinates": [
          1210,
          651
        ]
      }
    },
    {
      "type": "Feature",
      "properties": {
        "id": "P-SV-L08",
        "name": "生活区站房",
        "kind": "station",
        "description": "生活区与巨蚓内环换乘入口",
        "layer": "points"
      },
      "geometry": {
        "type": "Point",
        "coordinates": [
          1074,
          1787
        ]
      }
    },
    {
      "type": "Feature",
      "properties": {
        "id": "P-SV-M06",
        "name": "市集站房",
        "kind": "station",
        "description": "城市核心与巨蚓内环换乘入口",
        "layer": "points"
      },
      "geometry": {
        "type": "Point",
        "coordinates": [
          2218,
          651
        ]
      }
    },
    {
      "type": "Feature",
      "properties": {
        "id": "P-SV-W04",
        "name": "工坊换乘站房",
        "kind": "station",
        "description": "客货分流和巨蚓外环换乘",
        "layer": "points"
      },
      "geometry": {
        "type": "Point",
        "coordinates": [
          2814,
          1759.5
        ]
      }
    },
    {
      "type": "Feature",
      "properties": {
        "id": "P-SV-O01",
        "name": "北门外环站房",
        "kind": "station",
        "description": "北门检疫与巨蚓外环换乘",
        "layer": "points"
      },
      "geometry": {
        "type": "Point",
        "coordinates": [
          787.5,
          90
        ]
      }
    },
    {
      "type": "Feature",
      "properties": {
        "id": "P-SV-O02",
        "name": "南门外环站房",
        "kind": "station",
        "description": "南部课程设施与巨蚓外环换乘",
        "layer": "points"
      },
      "geometry": {
        "type": "Point",
        "coordinates": [
          3133,
          2718
        ]
      }
    }
  ]
}
