{
  "type": "FeatureCollection",
  "metadata": {
    "title": "OCC 学院城邦全域地图 v0.15",
    "coordinateSystem": "学院本地平面坐标：西北角为 (0,0)，x 向东、y 向南，单位 m。",
    "source": "Tools/AcademyMapPrototype/src/data.js",
    "generatedBy": "npm run export:geojson",
    "scope": "地图精修中的矢量母版交换格式；不包含 Unity 战斗格图。"
  },
  "features": [
    {
      "type": "Feature",
      "properties": {
        "id": "Z-N",
        "name": "北部郊野外环",
        "zone": "郊野／外环",
        "openSpacePurpose": "北门、防灾林、检疫与生态维护",
        "layer": "zones"
      },
      "geometry": {
        "type": "Polygon",
        "coordinates": [
          [
            [
              0,
              0
            ],
            [
              3200,
              0
            ],
            [
              3200,
              240
            ],
            [
              0,
              240
            ],
            [
              0,
              0
            ]
          ]
        ]
      }
    },
    {
      "type": "Feature",
      "properties": {
        "id": "Z-T",
        "name": "教学区",
        "zone": "教学区",
        "openSpacePurpose": "历史学院街巷、教学庭院与扩建预留",
        "layer": "zones"
      },
      "geometry": {
        "type": "Polygon",
        "coordinates": [
          [
            [
              0,
              240
            ],
            [
              1480,
              240
            ],
            [
              1480,
              1350
            ],
            [
              0,
              1350
            ],
            [
              0,
              240
            ]
          ]
        ]
      }
    },
    {
      "type": "Feature",
      "properties": {
        "id": "Z-L",
        "name": "生活区",
        "zone": "生活区",
        "openSpacePurpose": "居住街坊、公共庭院、消防退界与河岸步道",
        "layer": "zones"
      },
      "geometry": {
        "type": "Polygon",
        "coordinates": [
          [
            [
              0,
              1350
            ],
            [
              1480,
              1350
            ],
            [
              1480,
              2360
            ],
            [
              0,
              2360
            ],
            [
              0,
              1350
            ]
          ]
        ]
      }
    },
    {
      "type": "Feature",
      "properties": {
        "id": "Z-C",
        "name": "双核中庭带",
        "zone": "中庭区",
        "openSpacePurpose": "中央河湖、桥头广场、防洪退界与公共轴线",
        "layer": "zones"
      },
      "geometry": {
        "type": "Polygon",
        "coordinates": [
          [
            [
              1480,
              240
            ],
            [
              1770,
              240
            ],
            [
              1770,
              2360
            ],
            [
              1480,
              2360
            ],
            [
              1480,
              240
            ]
          ]
        ]
      }
    },
    {
      "type": "Feature",
      "properties": {
        "id": "Z-M",
        "name": "城市市集区",
        "zone": "市集区",
        "openSpacePurpose": "市政、商业、文化、旅宿和公共交通",
        "layer": "zones"
      },
      "geometry": {
        "type": "Polygon",
        "coordinates": [
          [
            [
              1770,
              240
            ],
            [
              3200,
              240
            ],
            [
              3200,
              1350
            ],
            [
              1770,
              1350
            ],
            [
              1770,
              240
            ]
          ]
        ]
      }
    },
    {
      "type": "Feature",
      "properties": {
        "id": "Z-W",
        "name": "工坊区",
        "zone": "工坊区",
        "openSpacePurpose": "制作、能源、货运、公共工程和消防间距",
        "layer": "zones"
      },
      "geometry": {
        "type": "Polygon",
        "coordinates": [
          [
            [
              2200,
              1350
            ],
            [
              3200,
              1350
            ],
            [
              3200,
              2360
            ],
            [
              2200,
              2360
            ],
            [
              2200,
              1350
            ]
          ]
        ]
      }
    },
    {
      "type": "Feature",
      "properties": {
        "id": "Z-S",
        "name": "封存区",
        "zone": "封存区",
        "openSpacePurpose": "许可边界、隔离缓冲、观察与受控档案",
        "layer": "zones"
      },
      "geometry": {
        "type": "Polygon",
        "coordinates": [
          [
            [
              1770,
              1350
            ],
            [
              2200,
              1350
            ],
            [
              2200,
              2360
            ],
            [
              1770,
              2360
            ],
            [
              1770,
              1350
            ]
          ]
        ]
      }
    },
    {
      "type": "Feature",
      "properties": {
        "id": "Z-O",
        "name": "南部郊野外环",
        "zone": "郊野／外环",
        "openSpacePurpose": "体育、战斗课程、水务与城市后勤",
        "layer": "zones"
      },
      "geometry": {
        "type": "Polygon",
        "coordinates": [
          [
            [
              0,
              2360
            ],
            [
              3200,
              2360
            ],
            [
              3200,
              2800
            ],
            [
              0,
              2800
            ],
            [
              0,
              2360
            ]
          ]
        ]
      }
    },
    {
      "type": "Feature",
      "properties": {
        "id": "G-WATER",
        "name": "学院城邦连续河湖",
        "kind": "water",
        "description": "北河—中央湖—南河连续水系",
        "layer": "terrain"
      },
      "geometry": {
        "type": "Polygon",
        "coordinates": [
          [
            [
              1515,
              0
            ],
            [
              1490,
              300
            ],
            [
              1510,
              620
            ],
            [
              1450,
              850
            ],
            [
              1330,
              1040
            ],
            [
              1260,
              1220
            ],
            [
              1280,
              1430
            ],
            [
              1350,
              1600
            ],
            [
              1430,
              1780
            ],
            [
              1460,
              2100
            ],
            [
              1480,
              2400
            ],
            [
              1460,
              2800
            ],
            [
              1710,
              2800
            ],
            [
              1690,
              2400
            ],
            [
              1715,
              2100
            ],
            [
              1770,
              1780
            ],
            [
              1870,
              1600
            ],
            [
              1960,
              1430
            ],
            [
              1980,
              1220
            ],
            [
              1910,
              1040
            ],
            [
              1780,
              850
            ],
            [
              1700,
              620
            ],
            [
              1720,
              300
            ],
            [
              1690,
              0
            ],
            [
              1515,
              0
            ]
          ]
        ]
      }
    },
    {
      "type": "Feature",
      "properties": {
        "id": "G-A-SQ",
        "name": "学院钟楼广场",
        "kind": "paved",
        "description": "学院仪式与公共集会",
        "layer": "terrain"
      },
      "geometry": {
        "type": "Polygon",
        "coordinates": [
          [
            [
              940,
              1120
            ],
            [
              1230,
              1120
            ],
            [
              1230,
              1325
            ],
            [
              940,
              1325
            ],
            [
              940,
              1120
            ]
          ]
        ]
      }
    },
    {
      "type": "Feature",
      "properties": {
        "id": "G-C-SQ",
        "name": "城市议政广场",
        "kind": "paved",
        "description": "市民议事、集会与节庆",
        "layer": "terrain"
      },
      "geometry": {
        "type": "Polygon",
        "coordinates": [
          [
            [
              2050,
              1210
            ],
            [
              2390,
              1210
            ],
            [
              2390,
              1325
            ],
            [
              2050,
              1325
            ],
            [
              2050,
              1210
            ]
          ]
        ]
      }
    },
    {
      "type": "Feature",
      "properties": {
        "id": "G-W-PARK",
        "name": "西岸公共步道",
        "kind": "green",
        "description": "河岸公园、防洪与步行连续带",
        "layer": "terrain"
      },
      "geometry": {
        "type": "Polygon",
        "coordinates": [
          [
            [
              1200,
              1350
            ],
            [
              1240,
              1430
            ],
            [
              1310,
              1600
            ],
            [
              1390,
              1780
            ],
            [
              1420,
              2050
            ],
            [
              1360,
              2030
            ],
            [
              1330,
              1800
            ],
            [
              1250,
              1630
            ],
            [
              1180,
              1450
            ],
            [
              1200,
              1350
            ]
          ]
        ]
      }
    },
    {
      "type": "Feature",
      "properties": {
        "id": "G-E-PARK",
        "name": "东岸公共步道",
        "kind": "green",
        "description": "河岸公园、防洪与步行连续带",
        "layer": "terrain"
      },
      "geometry": {
        "type": "Polygon",
        "coordinates": [
          [
            [
              2020,
              1350
            ],
            [
              2000,
              1430
            ],
            [
              1930,
              1600
            ],
            [
              1880,
              1680
            ],
            [
              1940,
              1700
            ],
            [
              2010,
              1630
            ],
            [
              2060,
              1450
            ],
            [
              2020,
              1350
            ]
          ]
        ]
      }
    },
    {
      "type": "Feature",
      "properties": {
        "id": "G-STADIUM",
        "name": "学院体育场",
        "kind": "sports",
        "description": "体育课程、比赛与大型集会",
        "layer": "terrain"
      },
      "geometry": {
        "type": "Polygon",
        "coordinates": [
          [
            [
              220,
              2480
            ],
            [
              880,
              2480
            ],
            [
              920,
              2720
            ],
            [
              190,
              2720
            ],
            [
              220,
              2480
            ]
          ]
        ]
      }
    },
    {
      "type": "Feature",
      "properties": {
        "id": "G-COMBAT",
        "name": "护障对抗场",
        "kind": "combat",
        "description": "非致命对抗课程与护障训练",
        "layer": "terrain"
      },
      "geometry": {
        "type": "Polygon",
        "coordinates": [
          [
            [
              1010,
              2480
            ],
            [
              1430,
              2480
            ],
            [
              1430,
              2720
            ],
            [
              1000,
              2700
            ],
            [
              1010,
              2480
            ]
          ]
        ]
      }
    },
    {
      "type": "Feature",
      "properties": {
        "id": "G-TACTICAL",
        "name": "小队战术训练场",
        "kind": "training",
        "description": "路线、协同与团队战术训练",
        "layer": "terrain"
      },
      "geometry": {
        "type": "Polygon",
        "coordinates": [
          [
            [
              1810,
              2480
            ],
            [
              2390,
              2480
            ],
            [
              2440,
              2720
            ],
            [
              1780,
              2720
            ],
            [
              1810,
              2480
            ]
          ]
        ]
      }
    },
    {
      "type": "Feature",
      "properties": {
        "id": "G-SEALED",
        "name": "封存缓冲庭",
        "kind": "restricted",
        "description": "封存隔离、观察与消防缓冲",
        "layer": "terrain"
      },
      "geometry": {
        "type": "Polygon",
        "coordinates": [
          [
            [
              1840,
              1730
            ],
            [
              2140,
              1730
            ],
            [
              2140,
              2200
            ],
            [
              1840,
              2200
            ],
            [
              1840,
              1730
            ]
          ]
        ]
      }
    },
    {
      "type": "Feature",
      "properties": {
        "id": "G-NORTH",
        "name": "北门防灾林",
        "kind": "terrain",
        "description": "防风、防火和北门集结",
        "layer": "terrain"
      },
      "geometry": {
        "type": "Polygon",
        "coordinates": [
          [
            [
              120,
              40
            ],
            [
              720,
              40
            ],
            [
              760,
              200
            ],
            [
              100,
              200
            ],
            [
              120,
              40
            ]
          ]
        ]
      }
    },
    {
      "type": "Feature",
      "properties": {
        "id": "G-SOUTH",
        "name": "南部水务恢复地",
        "kind": "terrain",
        "description": "下游防洪、生态恢复和水务维护",
        "layer": "terrain"
      },
      "geometry": {
        "type": "Polygon",
        "coordinates": [
          [
            [
              2550,
              2460
            ],
            [
              3100,
              2460
            ],
            [
              3060,
              2720
            ],
            [
              2580,
              2720
            ],
            [
              2550,
              2460
            ]
          ]
        ]
      }
    },
    {
      "type": "Feature",
      "properties": {
        "id": "R-NW",
        "name": "北部学府大道",
        "roadClass": "主步道",
        "width": 16,
        "layer": "roads"
      },
      "geometry": {
        "type": "LineString",
        "coordinates": [
          [
            0,
            620
          ],
          [
            420,
            600
          ],
          [
            900,
            610
          ],
          [
            1250,
            600
          ],
          [
            1506,
            620
          ]
        ]
      }
    },
    {
      "type": "Feature",
      "properties": {
        "id": "B-N",
        "name": "北部公共桥",
        "roadClass": "桥梁",
        "width": 16,
        "layer": "roads"
      },
      "geometry": {
        "type": "LineString",
        "coordinates": [
          [
            1506,
            620
          ],
          [
            1704,
            620
          ]
        ]
      }
    },
    {
      "type": "Feature",
      "properties": {
        "id": "R-NE",
        "name": "北部城市大道",
        "roadClass": "主步道",
        "width": 16,
        "layer": "roads"
      },
      "geometry": {
        "type": "LineString",
        "coordinates": [
          [
            1704,
            620
          ],
          [
            2120,
            600
          ],
          [
            2640,
            620
          ],
          [
            3200,
            600
          ]
        ]
      }
    },
    {
      "type": "Feature",
      "properties": {
        "id": "R-CW",
        "name": "学院桥头大道",
        "roadClass": "主步道",
        "width": 20,
        "layer": "roads"
      },
      "geometry": {
        "type": "LineString",
        "coordinates": [
          [
            0,
            1260
          ],
          [
            500,
            1240
          ],
          [
            900,
            1250
          ],
          [
            1258,
            1250
          ]
        ]
      }
    },
    {
      "type": "Feature",
      "properties": {
        "id": "B-MAIN",
        "name": "双核主桥",
        "roadClass": "桥梁",
        "width": 20,
        "layer": "roads"
      },
      "geometry": {
        "type": "LineString",
        "coordinates": [
          [
            1258,
            1250
          ],
          [
            1982,
            1250
          ]
        ]
      }
    },
    {
      "type": "Feature",
      "properties": {
        "id": "R-CE",
        "name": "城市中央大道",
        "roadClass": "主步道",
        "width": 20,
        "layer": "roads"
      },
      "geometry": {
        "type": "LineString",
        "coordinates": [
          [
            1982,
            1250
          ],
          [
            2390,
            1250
          ],
          [
            2800,
            1240
          ],
          [
            3200,
            1260
          ]
        ]
      }
    },
    {
      "type": "Feature",
      "properties": {
        "id": "R-SW",
        "name": "南部学院大道",
        "roadClass": "主步道",
        "width": 16,
        "layer": "roads"
      },
      "geometry": {
        "type": "LineString",
        "coordinates": [
          [
            0,
            2050
          ],
          [
            520,
            2040
          ],
          [
            980,
            2060
          ],
          [
            1452,
            2050
          ]
        ]
      }
    },
    {
      "type": "Feature",
      "properties": {
        "id": "B-S",
        "name": "南部公共桥",
        "roadClass": "桥梁",
        "width": 16,
        "layer": "roads"
      },
      "geometry": {
        "type": "LineString",
        "coordinates": [
          [
            1452,
            2050
          ],
          [
            1740,
            2050
          ]
        ]
      }
    },
    {
      "type": "Feature",
      "properties": {
        "id": "R-SE",
        "name": "南部工坊大道",
        "roadClass": "主步道",
        "width": 16,
        "layer": "roads"
      },
      "geometry": {
        "type": "LineString",
        "coordinates": [
          [
            1740,
            2050
          ],
          [
            2200,
            2040
          ],
          [
            2700,
            2060
          ],
          [
            3200,
            2050
          ]
        ]
      }
    },
    {
      "type": "Feature",
      "properties": {
        "id": "R-W1",
        "name": "西门学院路",
        "roadClass": "主步道",
        "width": 14,
        "layer": "roads"
      },
      "geometry": {
        "type": "LineString",
        "coordinates": [
          [
            360,
            0
          ],
          [
            380,
            700
          ],
          [
            350,
            1260
          ],
          [
            420,
            1700
          ],
          [
            400,
            2376
          ]
        ]
      }
    },
    {
      "type": "Feature",
      "properties": {
        "id": "R-W2",
        "name": "旧学院环路",
        "roadClass": "支路",
        "width": 9,
        "layer": "roads"
      },
      "geometry": {
        "type": "LineString",
        "coordinates": [
          [
            760,
            0
          ],
          [
            720,
            620
          ],
          [
            780,
            930
          ],
          [
            900,
            1250
          ],
          [
            760,
            1540
          ],
          [
            780,
            2050
          ],
          [
            820,
            2367
          ]
        ]
      }
    },
    {
      "type": "Feature",
      "properties": {
        "id": "R-W3",
        "name": "钟楼西路",
        "roadClass": "支路",
        "width": 9,
        "layer": "roads"
      },
      "geometry": {
        "type": "LineString",
        "coordinates": [
          [
            1120,
            240
          ],
          [
            1080,
            620
          ],
          [
            1150,
            900
          ],
          [
            1070,
            1250
          ],
          [
            1050,
            1600
          ],
          [
            1120,
            2050
          ],
          [
            1160,
            2367
          ]
        ]
      }
    },
    {
      "type": "Feature",
      "properties": {
        "id": "R-E1",
        "name": "市民东路",
        "roadClass": "主步道",
        "width": 14,
        "layer": "roads"
      },
      "geometry": {
        "type": "LineString",
        "coordinates": [
          [
            2760,
            0
          ],
          [
            2720,
            620
          ],
          [
            2780,
            920
          ],
          [
            2760,
            1240
          ],
          [
            2820,
            1700
          ],
          [
            2780,
            2050
          ],
          [
            2820,
            2375.2
          ]
        ]
      }
    },
    {
      "type": "Feature",
      "properties": {
        "id": "R-E2",
        "name": "议政环路",
        "roadClass": "支路",
        "width": 9,
        "layer": "roads"
      },
      "geometry": {
        "type": "LineString",
        "coordinates": [
          [
            2350,
            0
          ],
          [
            2320,
            620
          ],
          [
            2260,
            900
          ],
          [
            2200,
            1250
          ],
          [
            2320,
            1550
          ],
          [
            2360,
            2050
          ],
          [
            2390,
            2367.6
          ]
        ]
      }
    },
    {
      "type": "Feature",
      "properties": {
        "id": "R-E3",
        "name": "河港东路",
        "roadClass": "支路",
        "width": 9,
        "layer": "roads"
      },
      "geometry": {
        "type": "LineString",
        "coordinates": [
          [
            2020,
            240
          ],
          [
            2050,
            600
          ],
          [
            2110,
            900
          ],
          [
            2130,
            1080
          ],
          [
            2390,
            1250
          ],
          [
            2180,
            1480
          ],
          [
            2170,
            2050
          ],
          [
            2140,
            2362.5
          ]
        ]
      }
    },
    {
      "type": "Feature",
      "properties": {
        "id": "T-01",
        "name": "古讲堂街",
        "roadClass": "支路",
        "width": 8,
        "layer": "roads"
      },
      "geometry": {
        "type": "LineString",
        "coordinates": [
          [
            0,
            360
          ],
          [
            430,
            350
          ],
          [
            760,
            390
          ],
          [
            1080,
            360
          ],
          [
            1440,
            410
          ]
        ]
      }
    },
    {
      "type": "Feature",
      "properties": {
        "id": "T-02",
        "name": "图书馆弯街",
        "roadClass": "支路",
        "width": 8,
        "layer": "roads"
      },
      "geometry": {
        "type": "LineString",
        "coordinates": [
          [
            0,
            820
          ],
          [
            420,
            780
          ],
          [
            720,
            810
          ],
          [
            980,
            760
          ],
          [
            1280,
            820
          ],
          [
            1438,
            850
          ]
        ]
      }
    },
    {
      "type": "Feature",
      "properties": {
        "id": "T-03",
        "name": "观测院街",
        "roadClass": "支路",
        "width": 7,
        "layer": "roads"
      },
      "geometry": {
        "type": "LineString",
        "coordinates": [
          [
            520,
            600
          ],
          [
            560,
            850
          ],
          [
            720,
            1040
          ],
          [
            900,
            1090
          ]
        ]
      }
    },
    {
      "type": "Feature",
      "properties": {
        "id": "T-04",
        "name": "学院北巷",
        "roadClass": "支路",
        "width": 7,
        "layer": "roads"
      },
      "geometry": {
        "type": "LineString",
        "coordinates": [
          [
            380,
            520
          ],
          [
            700,
            500
          ],
          [
            960,
            520
          ],
          [
            1080,
            620
          ]
        ]
      }
    },
    {
      "type": "Feature",
      "properties": {
        "id": "L-01",
        "name": "灯庭街",
        "roadClass": "支路",
        "width": 8,
        "layer": "roads"
      },
      "geometry": {
        "type": "LineString",
        "coordinates": [
          [
            100,
            1460
          ],
          [
            420,
            1420
          ],
          [
            760,
            1450
          ],
          [
            1040,
            1490
          ]
        ]
      }
    },
    {
      "type": "Feature",
      "properties": {
        "id": "L-02",
        "name": "宿舍曲街",
        "roadClass": "支路",
        "width": 8,
        "layer": "roads"
      },
      "geometry": {
        "type": "LineString",
        "coordinates": [
          [
            80,
            1760
          ],
          [
            430,
            1710
          ],
          [
            760,
            1750
          ],
          [
            1050,
            1680
          ],
          [
            1260,
            1640
          ]
        ]
      }
    },
    {
      "type": "Feature",
      "properties": {
        "id": "L-03",
        "name": "生活服务街",
        "roadClass": "支路",
        "width": 8,
        "layer": "roads"
      },
      "geometry": {
        "type": "LineString",
        "coordinates": [
          [
            120,
            2240
          ],
          [
            450,
            2190
          ],
          [
            780,
            2210
          ],
          [
            1120,
            2160
          ],
          [
            1430,
            2200
          ]
        ]
      }
    },
    {
      "type": "Feature",
      "properties": {
        "id": "L-04",
        "name": "西岸医馆路",
        "roadClass": "支路",
        "width": 7,
        "layer": "roads"
      },
      "geometry": {
        "type": "LineString",
        "coordinates": [
          [
            420,
            1240
          ],
          [
            520,
            1360
          ],
          [
            550,
            1650
          ],
          [
            520,
            2040
          ]
        ]
      }
    },
    {
      "type": "Feature",
      "properties": {
        "id": "M-01",
        "name": "市政北街",
        "roadClass": "支路",
        "width": 8,
        "layer": "roads"
      },
      "geometry": {
        "type": "LineString",
        "coordinates": [
          [
            1780,
            390
          ],
          [
            2050,
            360
          ],
          [
            2350,
            400
          ],
          [
            2760,
            360
          ],
          [
            3200,
            420
          ]
        ]
      }
    },
    {
      "type": "Feature",
      "properties": {
        "id": "M-02",
        "name": "覆顶市集街",
        "roadClass": "支路",
        "width": 9,
        "layer": "roads"
      },
      "geometry": {
        "type": "LineString",
        "coordinates": [
          [
            1790,
            850
          ],
          [
            2080,
            800
          ],
          [
            2420,
            830
          ],
          [
            2760,
            780
          ],
          [
            3200,
            840
          ]
        ]
      }
    },
    {
      "type": "Feature",
      "properties": {
        "id": "M-03",
        "name": "剧场斜街",
        "roadClass": "支路",
        "width": 8,
        "layer": "roads"
      },
      "geometry": {
        "type": "LineString",
        "coordinates": [
          [
            2050,
            600
          ],
          [
            2180,
            760
          ],
          [
            2300,
            980
          ],
          [
            2390,
            1090
          ]
        ]
      }
    },
    {
      "type": "Feature",
      "properties": {
        "id": "M-04",
        "name": "旅舍街",
        "roadClass": "支路",
        "width": 7,
        "layer": "roads"
      },
      "geometry": {
        "type": "LineString",
        "coordinates": [
          [
            2390,
            1090
          ],
          [
            2670,
            1040
          ],
          [
            2920,
            1080
          ],
          [
            3200,
            1030
          ]
        ]
      }
    },
    {
      "type": "Feature",
      "properties": {
        "id": "W-01",
        "name": "总工坊街",
        "roadClass": "主步道",
        "width": 14,
        "layer": "roads"
      },
      "geometry": {
        "type": "LineString",
        "coordinates": [
          [
            2180,
            1480
          ],
          [
            2500,
            1420
          ],
          [
            2820,
            1460
          ],
          [
            3200,
            1420
          ]
        ]
      }
    },
    {
      "type": "Feature",
      "properties": {
        "id": "W-02",
        "name": "材料交换街",
        "roadClass": "支路",
        "width": 9,
        "layer": "roads"
      },
      "geometry": {
        "type": "LineString",
        "coordinates": [
          [
            2175,
            1740
          ],
          [
            2500,
            1690
          ],
          [
            2830,
            1730
          ],
          [
            3200,
            1680
          ]
        ]
      }
    },
    {
      "type": "Feature",
      "properties": {
        "id": "W-03",
        "name": "机务南街",
        "roadClass": "支路",
        "width": 9,
        "layer": "roads"
      },
      "geometry": {
        "type": "LineString",
        "coordinates": [
          [
            2200,
            2240
          ],
          [
            2520,
            2200
          ],
          [
            2830,
            2240
          ],
          [
            3200,
            2180
          ]
        ]
      }
    },
    {
      "type": "Feature",
      "properties": {
        "id": "W-04",
        "name": "工坊纵路",
        "roadClass": "支路",
        "width": 8,
        "layer": "roads"
      },
      "geometry": {
        "type": "LineString",
        "coordinates": [
          [
            2550,
            1250
          ],
          [
            2530,
            1450
          ],
          [
            2580,
            1700
          ],
          [
            2550,
            2040
          ],
          [
            2520,
            2372.8
          ]
        ]
      }
    },
    {
      "type": "Feature",
      "properties": {
        "id": "W-05",
        "name": "货运纵路",
        "roadClass": "维护道",
        "width": 12,
        "layer": "roads"
      },
      "geometry": {
        "type": "LineString",
        "coordinates": [
          [
            2920,
            1246
          ],
          [
            2890,
            1420
          ],
          [
            2920,
            1700
          ],
          [
            2910,
            2050
          ],
          [
            2890,
            2372.4
          ]
        ]
      }
    },
    {
      "type": "Feature",
      "properties": {
        "id": "S-01",
        "name": "封存许可路",
        "roadClass": "受控路",
        "width": 8,
        "layer": "roads"
      },
      "geometry": {
        "type": "LineString",
        "coordinates": [
          [
            1985,
            1450
          ],
          [
            2070,
            1430
          ],
          [
            2180,
            1480
          ]
        ]
      }
    },
    {
      "type": "Feature",
      "properties": {
        "id": "S-02",
        "name": "隔离北路",
        "roadClass": "受控路",
        "width": 7,
        "layer": "roads"
      },
      "geometry": {
        "type": "LineString",
        "coordinates": [
          [
            1885,
            1580
          ],
          [
            1980,
            1560
          ],
          [
            2178,
            1600
          ]
        ]
      }
    },
    {
      "type": "Feature",
      "properties": {
        "id": "S-03",
        "name": "封存值守路",
        "roadClass": "受控路",
        "width": 7,
        "layer": "roads"
      },
      "geometry": {
        "type": "LineString",
        "coordinates": [
          [
            1770,
            2260
          ],
          [
            1970,
            2280
          ],
          [
            2200,
            2240
          ]
        ]
      }
    },
    {
      "type": "Feature",
      "properties": {
        "id": "O-01",
        "name": "南部课程联络路",
        "roadClass": "主步道",
        "width": 14,
        "layer": "roads"
      },
      "geometry": {
        "type": "LineString",
        "coordinates": [
          [
            0,
            2360
          ],
          [
            500,
            2380
          ],
          [
            1000,
            2360
          ],
          [
            1450,
            2380
          ]
        ]
      }
    },
    {
      "type": "Feature",
      "properties": {
        "id": "O-02",
        "name": "南部后勤联络路",
        "roadClass": "主步道",
        "width": 14,
        "layer": "roads"
      },
      "geometry": {
        "type": "LineString",
        "coordinates": [
          [
            1720,
            2380
          ],
          [
            2200,
            2360
          ],
          [
            2700,
            2380
          ],
          [
            3200,
            2360
          ]
        ]
      }
    },
    {
      "type": "Feature",
      "properties": {
        "id": "O-03",
        "name": "课程设施南路",
        "roadClass": "支路",
        "width": 8,
        "layer": "roads"
      },
      "geometry": {
        "type": "LineString",
        "coordinates": [
          [
            0,
            2760
          ],
          [
            650,
            2740
          ],
          [
            1200,
            2760
          ],
          [
            1450,
            2740
          ]
        ]
      }
    },
    {
      "type": "Feature",
      "properties": {
        "id": "O-04",
        "name": "战术水务南路",
        "roadClass": "支路",
        "width": 8,
        "layer": "roads"
      },
      "geometry": {
        "type": "LineString",
        "coordinates": [
          [
            1720,
            2740
          ],
          [
            2200,
            2760
          ],
          [
            2700,
            2740
          ],
          [
            3200,
            2760
          ]
        ]
      }
    },
    {
      "type": "Feature",
      "properties": {
        "id": "O-V1",
        "name": "课程场西联络路",
        "roadClass": "支路",
        "width": 8,
        "layer": "roads"
      },
      "geometry": {
        "type": "LineString",
        "coordinates": [
          [
            960,
            2361.6
          ],
          [
            960,
            2751.3
          ]
        ]
      }
    },
    {
      "type": "Feature",
      "properties": {
        "id": "O-V2",
        "name": "课程场东联络路",
        "roadClass": "支路",
        "width": 8,
        "layer": "roads"
      },
      "geometry": {
        "type": "LineString",
        "coordinates": [
          [
            2500,
            2372
          ],
          [
            2500,
            2748
          ]
        ]
      }
    },
    {
      "type": "Feature",
      "properties": {
        "id": "TR-OUT-W",
        "name": "外环巨蚓西线",
        "roadClass": "生物列车轨道",
        "width": 10,
        "routeId": "TR-OUT",
        "layer": "roads"
      },
      "geometry": {
        "type": "LineString",
        "coordinates": [
          [
            80,
            180
          ],
          [
            1496,
            180
          ]
        ]
      }
    },
    {
      "type": "Feature",
      "properties": {
        "id": "TR-OUT-NB",
        "name": "外环巨蚓北桥槽",
        "roadClass": "生物列车桥梁",
        "width": 10,
        "routeId": "TR-OUT",
        "layer": "roads"
      },
      "geometry": {
        "type": "LineString",
        "coordinates": [
          [
            1496,
            180
          ],
          [
            1715,
            180
          ]
        ]
      }
    },
    {
      "type": "Feature",
      "properties": {
        "id": "TR-OUT-E",
        "name": "外环巨蚓东线",
        "roadClass": "生物列车轨道",
        "width": 10,
        "routeId": "TR-OUT",
        "layer": "roads"
      },
      "geometry": {
        "type": "LineString",
        "coordinates": [
          [
            1715,
            180
          ],
          [
            3120,
            180
          ],
          [
            3120,
            2620
          ],
          [
            1715,
            2620
          ]
        ]
      }
    },
    {
      "type": "Feature",
      "properties": {
        "id": "TR-OUT-SB",
        "name": "外环巨蚓南桥槽",
        "roadClass": "生物列车桥梁",
        "width": 10,
        "routeId": "TR-OUT",
        "layer": "roads"
      },
      "geometry": {
        "type": "LineString",
        "coordinates": [
          [
            1715,
            2620
          ],
          [
            1455,
            2620
          ]
        ]
      }
    },
    {
      "type": "Feature",
      "properties": {
        "id": "TR-OUT-W2",
        "name": "外环巨蚓西线",
        "roadClass": "生物列车轨道",
        "width": 10,
        "routeId": "TR-OUT",
        "layer": "roads"
      },
      "geometry": {
        "type": "LineString",
        "coordinates": [
          [
            1455,
            2620
          ],
          [
            80,
            2620
          ],
          [
            80,
            180
          ]
        ]
      }
    },
    {
      "type": "Feature",
      "properties": {
        "id": "TR-IN-W",
        "name": "内环巨蚓学院线",
        "roadClass": "生物列车轨道",
        "width": 9,
        "routeId": "TR-IN",
        "layer": "roads"
      },
      "geometry": {
        "type": "LineString",
        "coordinates": [
          [
            560,
            680
          ],
          [
            1180,
            680
          ],
          [
            1180,
            980
          ],
          [
            1050,
            1250
          ],
          [
            1120,
            1600
          ],
          [
            1120,
            1900
          ],
          [
            620,
            1820
          ],
          [
            520,
            1280
          ],
          [
            560,
            680
          ]
        ]
      }
    },
    {
      "type": "Feature",
      "properties": {
        "id": "TR-IN-WB",
        "name": "内环巨蚓学院桥引线",
        "roadClass": "生物列车轨道",
        "width": 9,
        "routeId": "TR-IN",
        "layer": "roads"
      },
      "geometry": {
        "type": "LineString",
        "coordinates": [
          [
            1120,
            1600
          ],
          [
            1315,
            1520
          ]
        ]
      }
    },
    {
      "type": "Feature",
      "properties": {
        "id": "TR-IN-B",
        "name": "双核巨蚓专用桥",
        "roadClass": "生物列车桥梁",
        "width": 9,
        "routeId": "TR-IN",
        "layer": "roads"
      },
      "geometry": {
        "type": "LineString",
        "coordinates": [
          [
            1315,
            1520
          ],
          [
            1920,
            1520
          ]
        ]
      }
    },
    {
      "type": "Feature",
      "properties": {
        "id": "TR-IN-EB",
        "name": "内环巨蚓城市桥引线",
        "roadClass": "生物列车轨道",
        "width": 9,
        "routeId": "TR-IN",
        "layer": "roads"
      },
      "geometry": {
        "type": "LineString",
        "coordinates": [
          [
            1920,
            1520
          ],
          [
            2100,
            1600
          ]
        ]
      }
    },
    {
      "type": "Feature",
      "properties": {
        "id": "TR-IN-E",
        "name": "内环巨蚓城市线",
        "roadClass": "生物列车轨道",
        "width": 9,
        "routeId": "TR-IN",
        "layer": "roads"
      },
      "geometry": {
        "type": "LineString",
        "coordinates": [
          [
            2100,
            1600
          ],
          [
            2050,
            850
          ],
          [
            2650,
            700
          ],
          [
            2920,
            1120
          ],
          [
            2760,
            1780
          ],
          [
            2240,
            1900
          ],
          [
            2100,
            1600
          ]
        ]
      }
    },
    {
      "type": "Feature",
      "properties": {
        "id": "LM-A1",
        "name": "中庭总钟楼",
        "zone": "教学区",
        "frontageRoad": "R-W3",
        "description": "学院时间、调度和公共仪式中心",
        "footprint": 4896,
        "shapeType": "地标切角轮廓",
        "scaleClass": "全城级地标",
        "landmarkTier": "city",
        "layer": "buildings"
      },
      "geometry": {
        "type": "Polygon",
        "coordinates": [
          [
            [
              1116.674,
              1003.168
            ],
            [
              1105.978,
              1049.961
            ],
            [
              1091.606,
              1058.985
            ],
            [
              1044.813,
              1048.29
            ],
            [
              1035.788,
              1033.918
            ],
            [
              1046.484,
              987.124
            ],
            [
              1060.856,
              978.1
            ],
            [
              1107.649,
              988.796
            ],
            [
              1116.674,
              1003.168
            ]
          ]
        ]
      }
    },
    {
      "type": "Feature",
      "properties": {
        "id": "LM-A2",
        "name": "国立学院正厅",
        "zone": "教学区",
        "frontageRoad": "R-CW",
        "description": "学院治理、典礼和跨国学术事务",
        "footprint": 13108,
        "shapeType": "地标切角轮廓",
        "scaleClass": "全城级地标",
        "landmarkTier": "city",
        "layer": "buildings"
      },
      "geometry": {
        "type": "Polygon",
        "coordinates": [
          [
            [
              717.557,
              1140.406
            ],
            [
              839.519,
              1143.455
            ],
            [
              853.165,
              1157.801
            ],
            [
              851.615,
              1219.781
            ],
            [
              837.27,
              1233.427
            ],
            [
              715.308,
              1230.378
            ],
            [
              701.662,
              1216.032
            ],
            [
              703.212,
              1154.052
            ],
            [
              717.557,
              1140.406
            ]
          ]
        ]
      }
    },
    {
      "type": "Feature",
      "properties": {
        "id": "LM-A3",
        "name": "七系总图书馆",
        "zone": "教学区",
        "frontageRoad": "T-02",
        "description": "教学核心与全城知识档案入口",
        "footprint": 16608,
        "shapeType": "地标切角轮廓",
        "scaleClass": "全城级地标",
        "landmarkTier": "city",
        "layer": "buildings"
      },
      "geometry": {
        "type": "Polygon",
        "coordinates": [
          [
            [
              844.45,
              795.232
            ],
            [
              983.895,
              768.416
            ],
            [
              1000.287,
              779.52
            ],
            [
              1013.884,
              850.224
            ],
            [
              1002.78,
              866.616
            ],
            [
              863.335,
              893.433
            ],
            [
              846.943,
              882.329
            ],
            [
              833.346,
              811.624
            ],
            [
              844.45,
              795.232
            ]
          ]
        ]
      }
    },
    {
      "type": "Feature",
      "properties": {
        "id": "LM-A4",
        "name": "以太观测院",
        "zone": "教学区",
        "frontageRoad": "T-01",
        "description": "高塔、测量庭院与城市护障观测",
        "footprint": 12833,
        "shapeType": "地标切角轮廓",
        "scaleClass": "全城级地标",
        "landmarkTier": "city",
        "layer": "buildings"
      },
      "geometry": {
        "type": "Polygon",
        "coordinates": [
          [
            [
              1229.812,
              389.894
            ],
            [
              1315.985,
              401.862
            ],
            [
              1327.926,
              417.655
            ],
            [
              1315.957,
              503.828
            ],
            [
              1300.164,
              515.769
            ],
            [
              1213.992,
              503.8
            ],
            [
              1202.051,
              488.007
            ],
            [
              1214.019,
              401.835
            ],
            [
              1229.812,
              389.894
            ]
          ]
        ]
      }
    },
    {
      "type": "Feature",
      "properties": {
        "id": "LM-C1",
        "name": "市民议政厅",
        "zone": "市集区",
        "frontageRoad": "R-CE",
        "description": "城市公共治理和市民集会中心",
        "footprint": 14008,
        "shapeType": "地标切角轮廓",
        "scaleClass": "全城级地标",
        "landmarkTier": "city",
        "layer": "buildings"
      },
      "geometry": {
        "type": "Polygon",
        "coordinates": [
          [
            [
              2405.434,
              1144.592
            ],
            [
              2537.395,
              1141.374
            ],
            [
              2551.732,
              1155.028
            ],
            [
              2553.244,
              1217.01
            ],
            [
              2539.59,
              1231.347
            ],
            [
              2407.629,
              1234.566
            ],
            [
              2393.292,
              1220.911
            ],
            [
              2391.78,
              1158.93
            ],
            [
              2405.434,
              1144.592
            ]
          ]
        ]
      }
    },
    {
      "type": "Feature",
      "properties": {
        "id": "LM-C2",
        "name": "中央覆顶市集",
        "zone": "市集区",
        "frontageRoad": "M-02",
        "description": "商业、物资和日常生活中心",
        "footprint": 20508,
        "shapeType": "地标切角轮廓",
        "scaleClass": "全城级地标",
        "landmarkTier": "city",
        "layer": "buildings"
      },
      "geometry": {
        "type": "Polygon",
        "coordinates": [
          [
            [
              2361.031,
              848.274
            ],
            [
              2521.307,
              824.704
            ],
            [
              2537.195,
              836.518
            ],
            [
              2549.126,
              917.646
            ],
            [
              2537.312,
              933.534
            ],
            [
              2377.036,
              957.104
            ],
            [
              2361.148,
              945.289
            ],
            [
              2349.217,
              864.162
            ],
            [
              2361.031,
              848.274
            ]
          ]
        ]
      }
    },
    {
      "type": "Feature",
      "properties": {
        "id": "LM-C3",
        "name": "双核中央换乘站",
        "zone": "市集区",
        "frontageRoad": "R-CE",
        "description": "内外环巨蚓换乘与城市门户",
        "footprint": 13108,
        "shapeType": "地标切角轮廓",
        "scaleClass": "全城级地标",
        "landmarkTier": "city",
        "layer": "buildings"
      },
      "geometry": {
        "type": "Polygon",
        "coordinates": [
          [
            [
              2570.385,
              1140.569
            ],
            [
              2692.349,
              1137.594
            ],
            [
              2706.686,
              1151.249
            ],
            [
              2708.198,
              1213.23
            ],
            [
              2694.544,
              1227.568
            ],
            [
              2572.58,
              1230.542
            ],
            [
              2558.243,
              1216.888
            ],
            [
              2556.731,
              1154.906
            ],
            [
              2570.385,
              1140.569
            ]
          ]
        ]
      }
    },
    {
      "type": "Feature",
      "properties": {
        "id": "LM-C4",
        "name": "湖岸大医馆",
        "zone": "生活区",
        "frontageRoad": "L-01",
        "description": "公共医疗、灾害响应和学院教学医院",
        "footprint": 12358,
        "shapeType": "地标切角轮廓",
        "scaleClass": "全城级地标",
        "landmarkTier": "city",
        "layer": "buildings"
      },
      "geometry": {
        "type": "Polygon",
        "coordinates": [
          [
            [
              906.937,
              1376.037
            ],
            [
              1027.711,
              1393.29
            ],
            [
              1039.59,
              1409.129
            ],
            [
              1031.529,
              1465.556
            ],
            [
              1015.69,
              1477.436
            ],
            [
              894.916,
              1460.182
            ],
            [
              883.037,
              1444.343
            ],
            [
              891.098,
              1387.916
            ],
            [
              906.937,
              1376.037
            ]
          ]
        ]
      }
    },
    {
      "type": "Feature",
      "properties": {
        "id": "LM-R1",
        "name": "学院大礼堂",
        "zone": "教学区",
        "frontageRoad": "T-04",
        "description": "课程典礼、演说和公共考试",
        "footprint": 10696.4,
        "shapeType": "地标切角轮廓",
        "scaleClass": "区域级地标",
        "landmarkTier": "regional",
        "layer": "buildings"
      },
      "geometry": {
        "type": "Polygon",
        "coordinates": [
          [
            [
              564.151,
              417.814
            ],
            [
              671.608,
              411.098
            ],
            [
              686.101,
              423.885
            ],
            [
              689.511,
              478.446
            ],
            [
              676.723,
              492.938
            ],
            [
              569.266,
              499.654
            ],
            [
              554.774,
              486.867
            ],
            [
              551.364,
              432.307
            ],
            [
              564.151,
              417.814
            ]
          ]
        ]
      }
    },
    {
      "type": "Feature",
      "properties": {
        "id": "LM-R2",
        "name": "河岸公共剧场",
        "zone": "市集区",
        "frontageRoad": "M-03",
        "description": "面向两岸的公共剧场",
        "footprint": 11308,
        "shapeType": "地标切角轮廓",
        "scaleClass": "区域级地标",
        "landmarkTier": "regional",
        "layer": "buildings"
      },
      "geometry": {
        "type": "Polygon",
        "coordinates": [
          [
            [
              2198.092,
              625.272
            ],
            [
              2262.413,
              704.436
            ],
            [
              2260.375,
              724.13
            ],
            [
              2212.256,
              763.226
            ],
            [
              2192.562,
              761.189
            ],
            [
              2128.242,
              682.026
            ],
            [
              2130.279,
              662.332
            ],
            [
              2178.398,
              623.235
            ],
            [
              2198.092,
              625.272
            ]
          ]
        ]
      }
    },
    {
      "type": "Feature",
      "properties": {
        "id": "LM-R3",
        "name": "总校准工坊",
        "zone": "工坊区",
        "frontageRoad": "W-01",
        "description": "全城以太仪器校准中心",
        "footprint": 15283,
        "shapeType": "地标切角轮廓",
        "scaleClass": "区域级地标",
        "landmarkTier": "regional",
        "layer": "buildings"
      },
      "geometry": {
        "type": "Polygon",
        "coordinates": [
          [
            [
              2370.431,
              1456.503
            ],
            [
              2505.085,
              1431.256
            ],
            [
              2521.425,
              1442.436
            ],
            [
              2533.773,
              1508.288
            ],
            [
              2522.592,
              1524.629
            ],
            [
              2387.939,
              1549.876
            ],
            [
              2371.599,
              1538.696
            ],
            [
              2359.251,
              1472.843
            ],
            [
              2370.431,
              1456.503
            ]
          ]
        ]
      }
    },
    {
      "type": "Feature",
      "properties": {
        "id": "LM-R4",
        "name": "材料与货运交换厅",
        "zone": "工坊区",
        "frontageRoad": "W-02",
        "description": "材料交割、货运与装卸调度",
        "footprint": 17608,
        "shapeType": "地标切角轮廓",
        "scaleClass": "区域级地标",
        "landmarkTier": "regional",
        "layer": "buildings"
      },
      "geometry": {
        "type": "Polygon",
        "coordinates": [
          [
            [
              2934.255,
              1605.416
            ],
            [
              3084.886,
              1585.061
            ],
            [
              3100.635,
              1597.06
            ],
            [
              3110.277,
              1668.411
            ],
            [
              3098.278,
              1684.16
            ],
            [
              2947.647,
              1704.515
            ],
            [
              2931.898,
              1692.516
            ],
            [
              2922.256,
              1621.165
            ],
            [
              2934.255,
              1605.416
            ]
          ]
        ]
      }
    },
    {
      "type": "Feature",
      "properties": {
        "id": "LM-R5",
        "name": "受控总档案库",
        "zone": "封存区",
        "frontageRoad": "S-03",
        "description": "受控文书、遗物与许可记录",
        "footprint": 7000,
        "shapeType": "地标切角轮廓",
        "scaleClass": "区域级地标",
        "landmarkTier": "regional",
        "layer": "buildings"
      },
      "geometry": {
        "type": "Polygon",
        "coordinates": [
          [
            [
              1874.33,
              2201.591
            ],
            [
              1973.833,
              2211.542
            ],
            [
              1982.789,
              2222.487
            ],
            [
              1978.809,
              2262.289
            ],
            [
              1967.863,
              2271.244
            ],
            [
              1868.359,
              2261.294
            ],
            [
              1859.404,
              2250.348
            ],
            [
              1863.384,
              2210.547
            ],
            [
              1874.33,
              2201.591
            ]
          ]
        ]
      }
    },
    {
      "type": "Feature",
      "properties": {
        "id": "LM-R6",
        "name": "封存隔离塔",
        "zone": "封存区",
        "frontageRoad": "S-01",
        "description": "高风险对象隔离与观察",
        "footprint": 4627.8,
        "shapeType": "地标切角轮廓",
        "scaleClass": "区域级地标",
        "landmarkTier": "regional",
        "layer": "buildings"
      },
      "geometry": {
        "type": "Polygon",
        "coordinates": [
          [
            [
              2143.353,
              1376.564
            ],
            [
              2185.837,
              1395.875
            ],
            [
              2191.63,
              1411.324
            ],
            [
              2172.32,
              1453.807
            ],
            [
              2156.871,
              1459.601
            ],
            [
              2114.387,
              1440.29
            ],
            [
              2108.594,
              1424.841
            ],
            [
              2127.905,
              1382.357
            ],
            [
              2143.353,
              1376.564
            ]
          ]
        ]
      }
    },
    {
      "type": "Feature",
      "properties": {
        "id": "LM-R7",
        "name": "学院体育场主看台",
        "zone": "郊野／外环",
        "frontageRoad": "O-01",
        "description": "体育场看台、更衣和器材服务",
        "footprint": 10281.9,
        "shapeType": "地标切角轮廓",
        "scaleClass": "区域级地标",
        "landmarkTier": "regional",
        "layer": "buildings"
      },
      "geometry": {
        "type": "Polygon",
        "coordinates": [
          [
            [
              466.673,
              2393.343
            ],
            [
              638.203,
              2386.481
            ],
            [
              647.729,
              2395.274
            ],
            [
              649.194,
              2431.912
            ],
            [
              640.401,
              2441.438
            ],
            [
              468.872,
              2448.299
            ],
            [
              459.346,
              2439.506
            ],
            [
              457.88,
              2402.868
            ],
            [
              466.673,
              2393.343
            ]
          ]
        ]
      }
    },
    {
      "type": "Feature",
      "properties": {
        "id": "LM-R8",
        "name": "护障对抗场控制馆",
        "zone": "郊野／外环",
        "frontageRoad": "O-01",
        "description": "护障控制、裁判记录与急救",
        "footprint": 9181.9,
        "shapeType": "地标切角轮廓",
        "scaleClass": "区域级地标",
        "landmarkTier": "regional",
        "layer": "buildings"
      },
      "geometry": {
        "type": "Polygon",
        "coordinates": [
          [
            [
              1183.452,
              2380.165
            ],
            [
              1334.969,
              2386.899
            ],
            [
              1343.72,
              2396.464
            ],
            [
              1342.092,
              2433.095
            ],
            [
              1332.527,
              2441.845
            ],
            [
              1181.01,
              2435.111
            ],
            [
              1172.26,
              2425.546
            ],
            [
              1173.888,
              2388.916
            ],
            [
              1183.452,
              2380.165
            ]
          ]
        ]
      }
    },
    {
      "type": "Feature",
      "properties": {
        "id": "LM-R9",
        "name": "小队战术场指挥馆",
        "zone": "郊野／外环",
        "frontageRoad": "O-02",
        "description": "战术课程指挥、器材与观察",
        "footprint": 9181.9,
        "shapeType": "地标切角轮廓",
        "scaleClass": "区域级地标",
        "landmarkTier": "regional",
        "layer": "buildings"
      },
      "geometry": {
        "type": "Polygon",
        "coordinates": [
          [
            [
              2000.423,
              2380.326
            ],
            [
              2151.959,
              2374.012
            ],
            [
              2161.499,
              2382.789
            ],
            [
              2163.025,
              2419.424
            ],
            [
              2154.248,
              2428.964
            ],
            [
              2002.713,
              2435.278
            ],
            [
              1993.173,
              2426.501
            ],
            [
              1991.646,
              2389.866
            ],
            [
              2000.423,
              2380.326
            ]
          ]
        ]
      }
    },
    {
      "type": "Feature",
      "properties": {
        "id": "LM-R10",
        "name": "下游水务与防洪塔",
        "zone": "郊野／外环",
        "frontageRoad": "O-02",
        "description": "下游防洪、水务和生态监测",
        "footprint": 7565.3,
        "shapeType": "地标切角轮廓",
        "scaleClass": "区域级地标",
        "landmarkTier": "regional",
        "layer": "buildings"
      },
      "geometry": {
        "type": "Polygon",
        "coordinates": [
          [
            [
              2783.247,
              2388.68
            ],
            [
              2881.502,
              2384.75
            ],
            [
              2892.759,
              2395.141
            ],
            [
              2894.491,
              2438.44
            ],
            [
              2884.099,
              2449.698
            ],
            [
              2785.845,
              2453.628
            ],
            [
              2774.587,
              2443.236
            ],
            [
              2772.855,
              2399.937
            ],
            [
              2783.247,
              2388.68
            ]
          ]
        ]
      }
    },
    {
      "type": "Feature",
      "properties": {
        "id": "B-001",
        "name": "学院教学附属楼 1",
        "zone": "教学区",
        "frontageRoad": "R-CW",
        "description": "教学区沿街独立建筑。",
        "footprint": 1076.6,
        "scaleClass": "普通建筑",
        "layer": "buildings"
      },
      "geometry": {
        "type": "Polygon",
        "coordinates": [
          [
            [
              93.905,
              1271.256
            ],
            [
              131.115,
              1269.767
            ],
            [
              132.271,
              1298.654
            ],
            [
              95.06,
              1300.143
            ],
            [
              93.905,
              1271.256
            ]
          ]
        ]
      }
    },
    {
      "type": "Feature",
      "properties": {
        "id": "B-002",
        "name": "学院教学附属楼 2",
        "zone": "教学区",
        "frontageRoad": "R-CW",
        "description": "教学区沿街独立建筑。",
        "footprint": 1331.1,
        "scaleClass": "普通建筑",
        "layer": "buildings"
      },
      "geometry": {
        "type": "Polygon",
        "coordinates": [
          [
            [
              89.455,
              1209.044
            ],
            [
              130.582,
              1207.399
            ],
            [
              131.875,
              1239.713
            ],
            [
              90.747,
              1241.358
            ],
            [
              89.455,
              1209.044
            ]
          ]
        ]
      }
    },
    {
      "type": "Feature",
      "properties": {
        "id": "B-003",
        "name": "学院教学附属楼 3",
        "zone": "教学区",
        "frontageRoad": "R-CW",
        "description": "教学区沿街独立建筑。",
        "footprint": 1612.5,
        "scaleClass": "普通建筑",
        "layer": "buildings"
      },
      "geometry": {
        "type": "Polygon",
        "coordinates": [
          [
            [
              159.932,
              1268.615
            ],
            [
              204.976,
              1266.813
            ],
            [
              206.406,
              1302.554
            ],
            [
              161.362,
              1304.356
            ],
            [
              159.932,
              1268.615
            ]
          ]
        ]
      }
    },
    {
      "type": "Feature",
      "properties": {
        "id": "B-004",
        "name": "学院教学附属楼 4",
        "zone": "教学区",
        "frontageRoad": "R-CW",
        "description": "教学区沿街独立建筑。",
        "footprint": 1920.8,
        "scaleClass": "普通建筑",
        "layer": "buildings"
      },
      "geometry": {
        "type": "Polygon",
        "coordinates": [
          [
            [
              155.208,
              1199.548
            ],
            [
              204.169,
              1197.59
            ],
            [
              205.735,
              1236.759
            ],
            [
              156.775,
              1238.717
            ],
            [
              155.208,
              1199.548
            ]
          ]
        ]
      }
    },
    {
      "type": "Feature",
      "properties": {
        "id": "B-005",
        "name": "学院教学附属楼 5",
        "zone": "教学区",
        "frontageRoad": "R-CW",
        "description": "教学区沿街独立建筑。",
        "footprint": 1348.4,
        "scaleClass": "普通建筑",
        "layer": "buildings"
      },
      "geometry": {
        "type": "Polygon",
        "coordinates": [
          [
            [
              225.959,
              1265.974
            ],
            [
              278.837,
              1263.859
            ],
            [
              279.855,
              1289.318
            ],
            [
              226.978,
              1291.433
            ],
            [
              225.959,
              1265.974
            ]
          ]
        ]
      }
    },
    {
      "type": "Feature",
      "properties": {
        "id": "B-006",
        "name": "学院教学附属楼 6",
        "zone": "教学区",
        "frontageRoad": "R-CW",
        "description": "教学区沿街独立建筑。",
        "footprint": 963.3,
        "scaleClass": "普通建筑",
        "layer": "buildings"
      },
      "geometry": {
        "type": "Polygon",
        "coordinates": [
          [
            [
              233.397,
              1206.719
            ],
            [
              266.69,
              1205.387
            ],
            [
              267.846,
              1234.274
            ],
            [
              234.552,
              1235.606
            ],
            [
              233.397,
              1206.719
            ]
          ]
        ]
      }
    },
    {
      "type": "Feature",
      "properties": {
        "id": "B-007",
        "name": "学院教学附属楼 7",
        "zone": "教学区",
        "frontageRoad": "R-CW",
        "description": "教学区沿街独立建筑。",
        "footprint": 1204.3,
        "scaleClass": "普通建筑",
        "layer": "buildings"
      },
      "geometry": {
        "type": "Polygon",
        "coordinates": [
          [
            [
              303.737,
              1262.863
            ],
            [
              340.947,
              1261.374
            ],
            [
              342.24,
              1293.688
            ],
            [
              305.03,
              1295.177
            ],
            [
              303.737,
              1262.863
            ]
          ]
        ]
      }
    },
    {
      "type": "Feature",
      "properties": {
        "id": "B-008",
        "name": "学院教学附属楼 8",
        "zone": "教学区",
        "frontageRoad": "R-CW",
        "description": "教学区沿街独立建筑。",
        "footprint": 1472.3,
        "scaleClass": "普通建筑",
        "layer": "buildings"
      },
      "geometry": {
        "type": "Polygon",
        "coordinates": [
          [
            [
              299.15,
              1197.223
            ],
            [
              340.277,
              1195.578
            ],
            [
              341.707,
              1231.32
            ],
            [
              300.58,
              1232.965
            ],
            [
              299.15,
              1197.223
            ]
          ]
        ]
      }
    },
    {
      "type": "Feature",
      "properties": {
        "id": "B-009",
        "name": "学院教学附属楼 9",
        "zone": "教学区",
        "frontageRoad": "R-CW",
        "description": "教学区沿街独立建筑。",
        "footprint": 1767.1,
        "scaleClass": "普通建筑",
        "layer": "buildings"
      },
      "geometry": {
        "type": "Polygon",
        "coordinates": [
          [
            [
              369.764,
              1260.221
            ],
            [
              414.808,
              1258.42
            ],
            [
              416.375,
              1297.588
            ],
            [
              371.331,
              1299.39
            ],
            [
              369.764,
              1260.221
            ]
          ]
        ]
      }
    },
    {
      "type": "Feature",
      "properties": {
        "id": "B-010",
        "name": "学院教学附属楼 10",
        "zone": "教学区",
        "frontageRoad": "R-CW",
        "description": "教学区沿街独立建筑。",
        "footprint": 1248.5,
        "scaleClass": "普通建筑",
        "layer": "buildings"
      },
      "geometry": {
        "type": "Polygon",
        "coordinates": [
          [
            [
              365.588,
              1204.864
            ],
            [
              414.549,
              1202.906
            ],
            [
              415.568,
              1228.365
            ],
            [
              366.607,
              1230.324
            ],
            [
              365.588,
              1204.864
            ]
          ]
        ]
      }
    },
    {
      "type": "Feature",
      "properties": {
        "id": "B-011",
        "name": "学院教学附属楼 11",
        "zone": "教学区",
        "frontageRoad": "R-CW",
        "description": "教学区沿街独立建筑。",
        "footprint": 2070.3,
        "scaleClass": "普通建筑",
        "layer": "buildings"
      },
      "geometry": {
        "type": "Polygon",
        "coordinates": [
          [
            [
              428.932,
              1194.174
            ],
            [
              490.443,
              1191.713
            ],
            [
              491.787,
              1225.317
            ],
            [
              430.276,
              1227.777
            ],
            [
              428.932,
              1194.174
            ]
          ]
        ]
      }
    },
    {
      "type": "Feature",
      "properties": {
        "id": "B-012",
        "name": "学院教学附属楼 12",
        "zone": "教学区",
        "frontageRoad": "R-CW",
        "description": "教学区沿街独立建筑。",
        "footprint": 2807.1,
        "scaleClass": "普通建筑",
        "layer": "buildings"
      },
      "geometry": {
        "type": "Polygon",
        "coordinates": [
          [
            [
              580.82,
              1257.025
            ],
            [
              642.361,
              1258.564
            ],
            [
              641.221,
              1304.149
            ],
            [
              579.68,
              1302.611
            ],
            [
              580.82,
              1257.025
            ]
          ]
        ]
      }
    },
    {
      "type": "Feature",
      "properties": {
        "id": "B-013",
        "name": "学院教学附属楼 13",
        "zone": "教学区",
        "frontageRoad": "R-CW",
        "description": "教学区沿街独立建筑。",
        "footprint": 1148.8,
        "scaleClass": "普通建筑",
        "layer": "buildings"
      },
      "geometry": {
        "type": "Polygon",
        "coordinates": [
          [
            [
              593.707,
              1197.689
            ],
            [
              632.455,
              1198.657
            ],
            [
              631.714,
              1228.288
            ],
            [
              592.966,
              1227.319
            ],
            [
              593.707,
              1197.689
            ]
          ]
        ]
      }
    },
    {
      "type": "Feature",
      "properties": {
        "id": "B-014",
        "name": "学院教学附属楼 14",
        "zone": "教学区",
        "frontageRoad": "R-CW",
        "description": "教学区沿街独立建筑。",
        "footprint": 1456.9,
        "scaleClass": "普通建筑",
        "layer": "buildings"
      },
      "geometry": {
        "type": "Polygon",
        "coordinates": [
          [
            [
              659.915,
              1259.003
            ],
            [
              703.222,
              1260.085
            ],
            [
              702.381,
              1293.705
            ],
            [
              659.075,
              1292.622
            ],
            [
              659.915,
              1259.003
            ]
          ]
        ]
      }
    },
    {
      "type": "Feature",
      "properties": {
        "id": "B-015",
        "name": "学院教学附属楼 15",
        "zone": "教学区",
        "frontageRoad": "R-CW",
        "description": "教学区沿街独立建筑。",
        "footprint": 1801.2,
        "scaleClass": "普通建筑",
        "layer": "buildings"
      },
      "geometry": {
        "type": "Polygon",
        "coordinates": [
          [
            [
              727.614,
              1260.695
            ],
            [
              775.479,
              1261.892
            ],
            [
              774.539,
              1299.5
            ],
            [
              726.674,
              1298.303
            ],
            [
              727.614,
              1260.695
            ]
          ]
        ]
      }
    },
    {
      "type": "Feature",
      "properties": {
        "id": "B-016",
        "name": "学院教学附属楼 16",
        "zone": "教学区",
        "frontageRoad": "R-CW",
        "description": "教学区沿街独立建筑。",
        "footprint": 2182,
        "scaleClass": "普通建筑",
        "layer": "buildings"
      },
      "geometry": {
        "type": "Polygon",
        "coordinates": [
          [
            [
              795.313,
              1262.388
            ],
            [
              847.736,
              1263.698
            ],
            [
              846.696,
              1305.295
            ],
            [
              794.273,
              1303.985
            ],
            [
              795.313,
              1262.388
            ]
          ]
        ]
      }
    },
    {
      "type": "Feature",
      "properties": {
        "id": "B-017",
        "name": "城市商住楼 1",
        "zone": "市集区",
        "frontageRoad": "R-CE",
        "description": "市集区沿街独立建筑。",
        "footprint": 2599.2,
        "scaleClass": "普通建筑",
        "layer": "buildings"
      },
      "geometry": {
        "type": "Polygon",
        "coordinates": [
          [
            [
              2403.862,
              1264.666
            ],
            [
              2460.845,
              1263.277
            ],
            [
              2461.957,
              1308.863
            ],
            [
              2404.974,
              1310.253
            ],
            [
              2403.862,
              1264.666
            ]
          ]
        ]
      }
    },
    {
      "type": "Feature",
      "properties": {
        "id": "B-018",
        "name": "城市商住楼 2",
        "zone": "市集区",
        "frontageRoad": "R-CE",
        "description": "市集区沿街独立建筑。",
        "footprint": 1824.6,
        "scaleClass": "普通建筑",
        "layer": "buildings"
      },
      "geometry": {
        "type": "Polygon",
        "coordinates": [
          [
            [
              2471.562,
              1263.015
            ],
            [
              2533.103,
              1261.514
            ],
            [
              2533.826,
              1291.145
            ],
            [
              2472.284,
              1292.646
            ],
            [
              2471.562,
              1263.015
            ]
          ]
        ]
      }
    },
    {
      "type": "Feature",
      "properties": {
        "id": "B-019",
        "name": "城市商住楼 3",
        "zone": "市集区",
        "frontageRoad": "R-CE",
        "description": "市集区沿街独立建筑。",
        "footprint": 1303.5,
        "scaleClass": "普通建筑",
        "layer": "buildings"
      },
      "geometry": {
        "type": "Polygon",
        "coordinates": [
          [
            [
              2622.917,
              1259.324
            ],
            [
              2661.665,
              1258.378
            ],
            [
              2662.485,
              1291.998
            ],
            [
              2623.737,
              1292.944
            ],
            [
              2622.917,
              1259.324
            ]
          ]
        ]
      }
    },
    {
      "type": "Feature",
      "properties": {
        "id": "B-020",
        "name": "城市商住楼 4",
        "zone": "市集区",
        "frontageRoad": "R-CE",
        "description": "市集区沿街独立建筑。",
        "footprint": 1629.7,
        "scaleClass": "普通建筑",
        "layer": "buildings"
      },
      "geometry": {
        "type": "Polygon",
        "coordinates": [
          [
            [
              2690.616,
              1257.672
            ],
            [
              2733.924,
              1256.616
            ],
            [
              2734.841,
              1294.225
            ],
            [
              2691.534,
              1295.281
            ],
            [
              2690.616,
              1257.672
            ]
          ]
        ]
      }
    },
    {
      "type": "Feature",
      "properties": {
        "id": "B-021",
        "name": "城市商住楼 5",
        "zone": "市集区",
        "frontageRoad": "R-CE",
        "description": "市集区沿街独立建筑。",
        "footprint": 1284,
        "scaleClass": "普通建筑",
        "layer": "buildings"
      },
      "geometry": {
        "type": "Polygon",
        "coordinates": [
          [
            [
              2819.566,
              1255.997
            ],
            [
              2862.832,
              1258.16
            ],
            [
              2861.351,
              1287.763
            ],
            [
              2818.085,
              1285.6
            ],
            [
              2819.566,
              1255.997
            ]
          ]
        ]
      }
    },
    {
      "type": "Feature",
      "properties": {
        "id": "B-022",
        "name": "城市商住楼 6",
        "zone": "市集区",
        "frontageRoad": "R-CE",
        "description": "市集区沿街独立建筑。",
        "footprint": 1610.2,
        "scaleClass": "普通建筑",
        "layer": "buildings"
      },
      "geometry": {
        "type": "Polygon",
        "coordinates": [
          [
            [
              2820.466,
              1192.333
            ],
            [
              2868.286,
              1194.724
            ],
            [
              2866.607,
              1228.312
            ],
            [
              2818.787,
              1225.921
            ],
            [
              2820.466,
              1192.333
            ]
          ]
        ]
      }
    },
    {
      "type": "Feature",
      "properties": {
        "id": "B-023",
        "name": "城市商住楼 7",
        "zone": "市集区",
        "frontageRoad": "R-CE",
        "description": "市集区沿街独立建筑。",
        "footprint": 1457.9,
        "scaleClass": "普通建筑",
        "layer": "buildings"
      },
      "geometry": {
        "type": "Polygon",
        "coordinates": [
          [
            [
              2958.512,
              1262.944
            ],
            [
              3003.536,
              1265.196
            ],
            [
              3001.921,
              1297.495
            ],
            [
              2956.897,
              1295.244
            ],
            [
              2958.512,
              1262.944
            ]
          ]
        ]
      }
    },
    {
      "type": "Feature",
      "properties": {
        "id": "B-024",
        "name": "城市商住楼 8",
        "zone": "市集区",
        "frontageRoad": "R-CE",
        "description": "市集区沿街独立建筑。",
        "footprint": 1752.7,
        "scaleClass": "普通建筑",
        "layer": "buildings"
      },
      "geometry": {
        "type": "Polygon",
        "coordinates": [
          [
            [
              2959.839,
              1197.159
            ],
            [
              3008.778,
              1199.605
            ],
            [
              3006.991,
              1235.331
            ],
            [
              2958.053,
              1232.884
            ],
            [
              2959.839,
              1197.159
            ]
          ]
        ]
      }
    },
    {
      "type": "Feature",
      "properties": {
        "id": "B-025",
        "name": "城市商住楼 9",
        "zone": "市集区",
        "frontageRoad": "R-CE",
        "description": "市集区沿街独立建筑。",
        "footprint": 2074.5,
        "scaleClass": "普通建筑",
        "layer": "buildings"
      },
      "geometry": {
        "type": "Polygon",
        "coordinates": [
          [
            [
              3024.51,
              1266.244
            ],
            [
              3077.364,
              1268.887
            ],
            [
              3075.406,
              1308.038
            ],
            [
              3022.552,
              1305.395
            ],
            [
              3024.51,
              1266.244
            ]
          ]
        ]
      }
    },
    {
      "type": "Feature",
      "properties": {
        "id": "B-026",
        "name": "城市商住楼 10",
        "zone": "市集区",
        "frontageRoad": "R-CE",
        "description": "市集区沿街独立建筑。",
        "footprint": 849,
        "scaleClass": "普通建筑",
        "layer": "buildings"
      },
      "geometry": {
        "type": "Polygon",
        "coordinates": [
          [
            [
              3037.068,
              1211.323
            ],
            [
              3070.346,
              1212.987
            ],
            [
              3069.074,
              1238.435
            ],
            [
              3035.795,
              1236.771
            ],
            [
              3037.068,
              1211.323
            ]
          ]
        ]
      }
    },
    {
      "type": "Feature",
      "properties": {
        "id": "B-027",
        "name": "学院教学附属楼 17",
        "zone": "教学区",
        "frontageRoad": "R-W3",
        "description": "教学区沿街独立建筑。",
        "footprint": 1457.9,
        "scaleClass": "普通建筑",
        "layer": "buildings"
      },
      "geometry": {
        "type": "Polygon",
        "coordinates": [
          [
            [
              1108.515,
              258.359
            ],
            [
              1103.796,
              303.191
            ],
            [
              1071.634,
              299.805
            ],
            [
              1076.353,
              254.973
            ],
            [
              1108.515,
              258.359
            ]
          ]
        ]
      }
    },
    {
      "type": "Feature",
      "properties": {
        "id": "B-028",
        "name": "学院教学附属楼 18",
        "zone": "教学区",
        "frontageRoad": "R-W3",
        "description": "教学区沿街独立建筑。",
        "footprint": 1752.7,
        "scaleClass": "普通建筑",
        "layer": "buildings"
      },
      "geometry": {
        "type": "Polygon",
        "coordinates": [
          [
            [
              1163.189,
              262.143
            ],
            [
              1158.06,
              310.874
            ],
            [
              1122.486,
              307.129
            ],
            [
              1127.616,
              258.398
            ],
            [
              1163.189,
              262.143
            ]
          ]
        ]
      }
    },
    {
      "type": "Feature",
      "properties": {
        "id": "B-029",
        "name": "学院教学附属楼 19",
        "zone": "教学区",
        "frontageRoad": "R-W3",
        "description": "教学区沿街独立建筑。",
        "footprint": 2074.5,
        "scaleClass": "普通建筑",
        "layer": "buildings"
      },
      "geometry": {
        "type": "Polygon",
        "coordinates": [
          [
            [
              1094.27,
              393.691
            ],
            [
              1088.73,
              446.32
            ],
            [
              1049.745,
              442.216
            ],
            [
              1055.285,
              389.587
            ],
            [
              1094.27,
              393.691
            ]
          ]
        ]
      }
    },
    {
      "type": "Feature",
      "properties": {
        "id": "B-030",
        "name": "学院教学附属楼 20",
        "zone": "教学区",
        "frontageRoad": "R-W3",
        "description": "教学区沿街独立建筑。",
        "footprint": 849,
        "scaleClass": "普通建筑",
        "layer": "buildings"
      },
      "geometry": {
        "type": "Polygon",
        "coordinates": [
          [
            [
              1137.479,
              408.093
            ],
            [
              1133.991,
              441.23
            ],
            [
              1108.651,
              438.563
            ],
            [
              1112.139,
              405.426
            ],
            [
              1137.479,
              408.093
            ]
          ]
        ]
      }
    },
    {
      "type": "Feature",
      "properties": {
        "id": "B-031",
        "name": "学院教学附属楼 21",
        "zone": "教学区",
        "frontageRoad": "R-W3",
        "description": "教学区沿街独立建筑。",
        "footprint": 1076.6,
        "scaleClass": "普通建筑",
        "layer": "buildings"
      },
      "geometry": {
        "type": "Polygon",
        "coordinates": [
          [
            [
              1086.121,
              471.103
            ],
            [
              1082.222,
              508.139
            ],
            [
              1053.471,
              505.112
            ],
            [
              1057.37,
              468.077
            ],
            [
              1086.121,
              471.103
            ]
          ]
        ]
      }
    },
    {
      "type": "Feature",
      "properties": {
        "id": "B-032",
        "name": "学院教学附属楼 22",
        "zone": "教学区",
        "frontageRoad": "R-W3",
        "description": "教学区沿街独立建筑。",
        "footprint": 1331.1,
        "scaleClass": "普通建筑",
        "layer": "buildings"
      },
      "geometry": {
        "type": "Polygon",
        "coordinates": [
          [
            [
              1137.384,
              474.528
            ],
            [
              1133.075,
              515.462
            ],
            [
              1100.913,
              512.077
            ],
            [
              1105.222,
              471.143
            ],
            [
              1137.384,
              474.528
            ]
          ]
        ]
      }
    },
    {
      "type": "Feature",
      "properties": {
        "id": "B-033",
        "name": "学院教学附属楼 23",
        "zone": "教学区",
        "frontageRoad": "R-W3",
        "description": "教学区沿街独立建筑。",
        "footprint": 2182,
        "scaleClass": "普通建筑",
        "layer": "buildings"
      },
      "geometry": {
        "type": "Polygon",
        "coordinates": [
          [
            [
              1139.866,
              539.505
            ],
            [
              1134.376,
              591.657
            ],
            [
              1092.994,
              587.301
            ],
            [
              1098.484,
              535.149
            ],
            [
              1139.866,
              539.505
            ]
          ]
        ]
      }
    },
    {
      "type": "Feature",
      "properties": {
        "id": "B-034",
        "name": "学院教学附属楼 24",
        "zone": "教学区",
        "frontageRoad": "R-W3",
        "description": "教学区沿街独立建筑。",
        "footprint": 1763.6,
        "scaleClass": "普通建筑",
        "layer": "buildings"
      },
      "geometry": {
        "type": "Polygon",
        "coordinates": [
          [
            [
              1091.588,
              705.523
            ],
            [
              1104.307,
              756.397
            ],
            [
              1071.681,
              764.554
            ],
            [
              1058.962,
              713.679
            ],
            [
              1091.588,
              705.523
            ]
          ]
        ]
      }
    },
    {
      "type": "Feature",
      "properties": {
        "id": "B-035",
        "name": "学院教学附属楼 25",
        "zone": "教学区",
        "frontageRoad": "R-W3",
        "description": "教学区沿街独立建筑。",
        "footprint": 2144.3,
        "scaleClass": "普通建筑",
        "layer": "buildings"
      },
      "geometry": {
        "type": "Polygon",
        "coordinates": [
          [
            [
              1145.965,
              689.579
            ],
            [
              1159.789,
              744.877
            ],
            [
              1123.293,
              754.001
            ],
            [
              1109.468,
              698.703
            ],
            [
              1145.965,
              689.579
            ]
          ]
        ]
      }
    },
    {
      "type": "Feature",
      "properties": {
        "id": "B-036",
        "name": "学院教学附属楼 26",
        "zone": "教学区",
        "frontageRoad": "R-W3",
        "description": "教学区沿街独立建筑。",
        "footprint": 2561.5,
        "scaleClass": "普通建筑",
        "layer": "buildings"
      },
      "geometry": {
        "type": "Polygon",
        "coordinates": [
          [
            [
              1124.437,
              836.919
            ],
            [
              1139.368,
              896.641
            ],
            [
              1099,
              906.733
            ],
            [
              1084.07,
              847.011
            ],
            [
              1124.437,
              836.919
            ]
          ]
        ]
      }
    },
    {
      "type": "Feature",
      "properties": {
        "id": "B-037",
        "name": "城邦生活街屋 1",
        "zone": "生活区",
        "frontageRoad": "R-W3",
        "description": "生活区沿街独立建筑。",
        "footprint": 1554.3,
        "scaleClass": "普通建筑",
        "layer": "buildings"
      },
      "geometry": {
        "type": "Polygon",
        "coordinates": [
          [
            [
              1043.038,
              1617.053
            ],
            [
              1051.099,
              1668.87
            ],
            [
              1021.811,
              1673.425
            ],
            [
              1013.751,
              1621.609
            ],
            [
              1043.038,
              1617.053
            ]
          ]
        ]
      }
    },
    {
      "type": "Feature",
      "properties": {
        "id": "B-038",
        "name": "城邦生活街屋 2",
        "zone": "生活区",
        "frontageRoad": "R-W3",
        "description": "生活区沿街独立建筑。",
        "footprint": 1916.9,
        "scaleClass": "普通建筑",
        "layer": "buildings"
      },
      "geometry": {
        "type": "Polygon",
        "coordinates": [
          [
            [
              1094.693,
              1606.71
            ],
            [
              1103.454,
              1663.033
            ],
            [
              1070.223,
              1668.202
            ],
            [
              1061.462,
              1611.879
            ],
            [
              1094.693,
              1606.71
            ]
          ]
        ]
      }
    },
    {
      "type": "Feature",
      "properties": {
        "id": "B-039",
        "name": "城邦生活街屋 3",
        "zone": "生活区",
        "frontageRoad": "R-W3",
        "description": "生活区沿街独立建筑。",
        "footprint": 2315.9,
        "scaleClass": "普通建筑",
        "layer": "buildings"
      },
      "geometry": {
        "type": "Polygon",
        "coordinates": [
          [
            [
              1063.856,
              1750.883
            ],
            [
              1073.319,
              1811.712
            ],
            [
              1036.146,
              1817.494
            ],
            [
              1026.684,
              1756.666
            ],
            [
              1063.856,
              1750.883
            ]
          ]
        ]
      }
    },
    {
      "type": "Feature",
      "properties": {
        "id": "B-040",
        "name": "城邦生活街屋 4",
        "zone": "生活区",
        "frontageRoad": "R-W3",
        "description": "生活区沿街独立建筑。",
        "footprint": 1612.8,
        "scaleClass": "普通建筑",
        "layer": "buildings"
      },
      "geometry": {
        "type": "Polygon",
        "coordinates": [
          [
            [
              1076.368,
              1831.316
            ],
            [
              1082.326,
              1869.615
            ],
            [
              1041.21,
              1876.011
            ],
            [
              1035.253,
              1837.712
            ],
            [
              1076.368,
              1831.316
            ]
          ]
        ]
      }
    },
    {
      "type": "Feature",
      "properties": {
        "id": "B-041",
        "name": "城邦生活街屋 5",
        "zone": "生活区",
        "frontageRoad": "R-W3",
        "description": "生活区沿街独立建筑。",
        "footprint": 1459.8,
        "scaleClass": "普通建筑",
        "layer": "buildings"
      },
      "geometry": {
        "type": "Polygon",
        "coordinates": [
          [
            [
              1098.004,
              1970.403
            ],
            [
              1103.728,
              2007.201
            ],
            [
              1064.994,
              2013.226
            ],
            [
              1059.27,
              1976.428
            ],
            [
              1098.004,
              1970.403
            ]
          ]
        ]
      }
    },
    {
      "type": "Feature",
      "properties": {
        "id": "B-042",
        "name": "城邦生活街屋 6",
        "zone": "生活区",
        "frontageRoad": "R-W3",
        "description": "生活区沿街独立建筑。",
        "footprint": 1048.8,
        "scaleClass": "普通建筑",
        "layer": "buildings"
      },
      "geometry": {
        "type": "Polygon",
        "coordinates": [
          [
            [
              1141.654,
              1961.63
            ],
            [
              1147.981,
              2002.3
            ],
            [
              1122.804,
              2006.217
            ],
            [
              1116.477,
              1965.546
            ],
            [
              1141.654,
              1961.63
            ]
          ]
        ]
      }
    },
    {
      "type": "Feature",
      "properties": {
        "id": "B-043",
        "name": "城邦生活街屋 7",
        "zone": "生活区",
        "frontageRoad": "R-W3",
        "description": "生活区沿街独立建筑。",
        "footprint": 1472.3,
        "scaleClass": "普通建筑",
        "layer": "buildings"
      },
      "geometry": {
        "type": "Polygon",
        "coordinates": [
          [
            [
              1113.256,
              2072.441
            ],
            [
              1118.409,
              2113.277
            ],
            [
              1082.921,
              2117.755
            ],
            [
              1077.768,
              2076.919
            ],
            [
              1113.256,
              2072.441
            ]
          ]
        ]
      }
    },
    {
      "type": "Feature",
      "properties": {
        "id": "B-044",
        "name": "城邦生活街屋 8",
        "zone": "生活区",
        "frontageRoad": "R-W3",
        "description": "生活区沿街独立建筑。",
        "footprint": 1767.1,
        "scaleClass": "普通建筑",
        "layer": "buildings"
      },
      "geometry": {
        "type": "Polygon",
        "coordinates": [
          [
            [
              1130.538,
              2209.395
            ],
            [
              1136.181,
              2254.12
            ],
            [
              1097.29,
              2259.028
            ],
            [
              1091.646,
              2214.302
            ],
            [
              1130.538,
              2209.395
            ]
          ]
        ]
      }
    },
    {
      "type": "Feature",
      "properties": {
        "id": "B-045",
        "name": "城邦生活街屋 9",
        "zone": "生活区",
        "frontageRoad": "R-W3",
        "description": "生活区沿街独立建筑。",
        "footprint": 1248.5,
        "scaleClass": "普通建筑",
        "layer": "buildings"
      },
      "geometry": {
        "type": "Polygon",
        "coordinates": [
          [
            [
              1174.422,
              2201.882
            ],
            [
              1180.557,
              2250.496
            ],
            [
              1155.277,
              2253.686
            ],
            [
              1149.143,
              2205.072
            ],
            [
              1174.422,
              2201.882
            ]
          ]
        ]
      }
    },
    {
      "type": "Feature",
      "properties": {
        "id": "B-046",
        "name": "城邦生活街屋 10",
        "zone": "生活区",
        "frontageRoad": "R-W3",
        "description": "生活区沿街独立建筑。",
        "footprint": 1071.1,
        "scaleClass": "普通建筑",
        "layer": "buildings"
      },
      "geometry": {
        "type": "Polygon",
        "coordinates": [
          [
            [
              1139.351,
              2279.241
            ],
            [
              1144.894,
              2323.173
            ],
            [
              1120.895,
              2326.201
            ],
            [
              1115.351,
              2282.269
            ],
            [
              1139.351,
              2279.241
            ]
          ]
        ]
      }
    },
    {
      "type": "Feature",
      "properties": {
        "id": "B-047",
        "name": "城邦生活街屋 11",
        "zone": "生活区",
        "frontageRoad": "R-W3",
        "description": "生活区沿街独立建筑。",
        "footprint": 754.4,
        "scaleClass": "普通建筑",
        "layer": "buildings"
      },
      "geometry": {
        "type": "Polygon",
        "coordinates": [
          [
            [
              1186.075,
              2281.61
            ],
            [
              1189.565,
              2309.271
            ],
            [
              1162.718,
              2312.658
            ],
            [
              1159.228,
              2284.998
            ],
            [
              1186.075,
              2281.61
            ]
          ]
        ]
      }
    },
    {
      "type": "Feature",
      "properties": {
        "id": "B-048",
        "name": "外围服务楼 1",
        "zone": "郊野／外环",
        "frontageRoad": "R-E2",
        "description": "郊野／外环沿街独立建筑。",
        "footprint": 834.4,
        "scaleClass": "普通建筑",
        "layer": "buildings"
      },
      "geometry": {
        "type": "Polygon",
        "coordinates": [
          [
            [
              2339.155,
              27.568
            ],
            [
              2337.807,
              55.415
            ],
            [
              2307.912,
              53.969
            ],
            [
              2309.26,
              26.122
            ],
            [
              2339.155,
              27.568
            ]
          ]
        ]
      }
    },
    {
      "type": "Feature",
      "properties": {
        "id": "B-049",
        "name": "外围服务楼 2",
        "zone": "郊野／外环",
        "frontageRoad": "R-E2",
        "description": "郊野／外环沿街独立建筑。",
        "footprint": 1022,
        "scaleClass": "普通建筑",
        "layer": "buildings"
      },
      "geometry": {
        "type": "Polygon",
        "coordinates": [
          [
            [
              2390.974,
              28.434
            ],
            [
              2389.468,
              59.557
            ],
            [
              2356.706,
              57.972
            ],
            [
              2358.212,
              26.848
            ],
            [
              2390.974,
              28.434
            ]
          ]
        ]
      }
    },
    {
      "type": "Feature",
      "properties": {
        "id": "B-050",
        "name": "外围服务楼 3",
        "zone": "郊野／外环",
        "frontageRoad": "R-E2",
        "description": "郊野／外环沿街独立建筑。",
        "footprint": 1048.8,
        "scaleClass": "普通建筑",
        "layer": "buildings"
      },
      "geometry": {
        "type": "Polygon",
        "coordinates": [
          [
            [
              2336.093,
              90.854
            ],
            [
              2334.103,
              131.966
            ],
            [
              2308.653,
              130.734
            ],
            [
              2310.642,
              89.623
            ],
            [
              2336.093,
              90.854
            ]
          ]
        ]
      }
    },
    {
      "type": "Feature",
      "properties": {
        "id": "B-051",
        "name": "外围服务楼 4",
        "zone": "郊野／外环",
        "frontageRoad": "R-E2",
        "description": "郊野／外环沿街独立建筑。",
        "footprint": 1303.3,
        "scaleClass": "普通建筑",
        "layer": "buildings"
      },
      "geometry": {
        "type": "Polygon",
        "coordinates": [
          [
            [
              2384.041,
              91.212
            ],
            [
              2381.863,
              136.239
            ],
            [
              2352.987,
              134.842
            ],
            [
              2355.165,
              89.815
            ],
            [
              2384.041,
              91.212
            ]
          ]
        ]
      }
    },
    {
      "type": "Feature",
      "properties": {
        "id": "B-052",
        "name": "城市商住楼 11",
        "zone": "市集区",
        "frontageRoad": "R-E2",
        "description": "市集区沿街独立建筑。",
        "footprint": 1584.7,
        "scaleClass": "普通建筑",
        "layer": "buildings"
      },
      "geometry": {
        "type": "Polygon",
        "coordinates": [
          [
            [
              2326.133,
              296.693
            ],
            [
              2323.765,
              345.636
            ],
            [
              2291.462,
              344.073
            ],
            [
              2293.831,
              295.13
            ],
            [
              2326.133,
              296.693
            ]
          ]
        ]
      }
    },
    {
      "type": "Feature",
      "properties": {
        "id": "B-053",
        "name": "城市商住楼 12",
        "zone": "市集区",
        "frontageRoad": "R-E2",
        "description": "市集区沿街独立建筑。",
        "footprint": 1892.9,
        "scaleClass": "普通建筑",
        "layer": "buildings"
      },
      "geometry": {
        "type": "Polygon",
        "coordinates": [
          [
            [
              2380.933,
              297.383
            ],
            [
              2378.376,
              350.241
            ],
            [
              2342.648,
              348.512
            ],
            [
              2345.205,
              295.654
            ],
            [
              2380.933,
              297.383
            ]
          ]
        ]
      }
    },
    {
      "type": "Feature",
      "properties": {
        "id": "B-054",
        "name": "城市商住楼 13",
        "zone": "市集区",
        "frontageRoad": "R-E2",
        "description": "市集区沿街独立建筑。",
        "footprint": 1306.1,
        "scaleClass": "普通建筑",
        "layer": "buildings"
      },
      "geometry": {
        "type": "Polygon",
        "coordinates": [
          [
            [
              2318.988,
              444.36
            ],
            [
              2317.377,
              477.641
            ],
            [
              2278.223,
              475.747
            ],
            [
              2279.833,
              442.466
            ],
            [
              2318.988,
              444.36
            ]
          ]
        ]
      }
    },
    {
      "type": "Feature",
      "properties": {
        "id": "B-055",
        "name": "城市商住楼 14",
        "zone": "市集区",
        "frontageRoad": "R-E2",
        "description": "市集区沿街独立建筑。",
        "footprint": 948.9,
        "scaleClass": "普通建筑",
        "layer": "buildings"
      },
      "geometry": {
        "type": "Polygon",
        "coordinates": [
          [
            [
              2363.51,
              444.552
            ],
            [
              2361.71,
              481.749
            ],
            [
              2336.26,
              480.517
            ],
            [
              2338.06,
              443.321
            ],
            [
              2363.51,
              444.552
            ]
          ]
        ]
      }
    },
    {
      "type": "Feature",
      "properties": {
        "id": "B-056",
        "name": "城市商住楼 15",
        "zone": "市集区",
        "frontageRoad": "R-E2",
        "description": "市集区沿街独立建筑。",
        "footprint": 1189.9,
        "scaleClass": "普通建筑",
        "layer": "buildings"
      },
      "geometry": {
        "type": "Polygon",
        "coordinates": [
          [
            [
              2315.794,
              510.363
            ],
            [
              2313.805,
              551.475
            ],
            [
              2284.928,
              550.078
            ],
            [
              2286.918,
              508.966
            ],
            [
              2315.794,
              510.363
            ]
          ]
        ]
      }
    },
    {
      "type": "Feature",
      "properties": {
        "id": "B-057",
        "name": "城市商住楼 16",
        "zone": "市集区",
        "frontageRoad": "R-E2",
        "description": "市集区沿街独立建筑。",
        "footprint": 1457.9,
        "scaleClass": "普通建筑",
        "layer": "buildings"
      },
      "geometry": {
        "type": "Polygon",
        "coordinates": [
          [
            [
              2367.169,
              510.887
            ],
            [
              2364.99,
              555.914
            ],
            [
              2332.688,
              554.351
            ],
            [
              2334.866,
              509.324
            ],
            [
              2367.169,
              510.887
            ]
          ]
        ]
      }
    },
    {
      "type": "Feature",
      "properties": {
        "id": "B-058",
        "name": "城市商住楼 17",
        "zone": "市集区",
        "frontageRoad": "R-E2",
        "description": "市集区沿街独立建筑。",
        "footprint": 1554.3,
        "scaleClass": "普通建筑",
        "layer": "buildings"
      },
      "geometry": {
        "type": "Polygon",
        "coordinates": [
          [
            [
              2307.405,
              633.439
            ],
            [
              2296.417,
              684.715
            ],
            [
              2267.435,
              678.505
            ],
            [
              2278.422,
              627.229
            ],
            [
              2307.405,
              633.439
            ]
          ]
        ]
      }
    },
    {
      "type": "Feature",
      "properties": {
        "id": "B-059",
        "name": "城市商住楼 18",
        "zone": "市集区",
        "frontageRoad": "R-E2",
        "description": "市集区沿街独立建筑。",
        "footprint": 1916.9,
        "scaleClass": "普通建筑",
        "layer": "buildings"
      },
      "geometry": {
        "type": "Polygon",
        "coordinates": [
          [
            [
              2359.344,
              642.237
            ],
            [
              2347.401,
              697.972
            ],
            [
              2314.517,
              690.926
            ],
            [
              2326.46,
              635.191
            ],
            [
              2359.344,
              642.237
            ]
          ]
        ]
      }
    },
    {
      "type": "Feature",
      "properties": {
        "id": "B-060",
        "name": "城市商住楼 19",
        "zone": "市集区",
        "frontageRoad": "R-E2",
        "description": "市集区沿街独立建筑。",
        "footprint": 2315.9,
        "scaleClass": "普通建筑",
        "layer": "buildings"
      },
      "geometry": {
        "type": "Polygon",
        "coordinates": [
          [
            [
              2349.056,
              709.29
            ],
            [
              2336.157,
              769.484
            ],
            [
              2299.373,
              761.601
            ],
            [
              2312.271,
              701.408
            ],
            [
              2349.056,
              709.29
            ]
          ]
        ]
      }
    },
    {
      "type": "Feature",
      "properties": {
        "id": "B-061",
        "name": "城市商住楼 20",
        "zone": "市集区",
        "frontageRoad": "R-E2",
        "description": "市集区沿街独立建筑。",
        "footprint": 1824.6,
        "scaleClass": "普通建筑",
        "layer": "buildings"
      },
      "geometry": {
        "type": "Polygon",
        "coordinates": [
          [
            [
              2248.741,
              909.454
            ],
            [
              2238.339,
              970.128
            ],
            [
              2209.126,
              965.12
            ],
            [
              2219.527,
              904.445
            ],
            [
              2248.741,
              909.454
            ]
          ]
        ]
      }
    },
    {
      "type": "Feature",
      "properties": {
        "id": "B-062",
        "name": "城市商住楼 21",
        "zone": "市集区",
        "frontageRoad": "R-E2",
        "description": "市集区沿街独立建筑。",
        "footprint": 1303.5,
        "scaleClass": "普通建筑",
        "layer": "buildings"
      },
      "geometry": {
        "type": "Polygon",
        "coordinates": [
          [
            [
              2234.987,
              989.683
            ],
            [
              2228.438,
              1027.886
            ],
            [
              2195.292,
              1022.204
            ],
            [
              2201.841,
              984.001
            ],
            [
              2234.987,
              989.683
            ]
          ]
        ]
      }
    },
    {
      "type": "Feature",
      "properties": {
        "id": "B-063",
        "name": "城市商住楼 22",
        "zone": "市集区",
        "frontageRoad": "R-E2",
        "description": "市集区沿街独立建筑。",
        "footprint": 1629.7,
        "scaleClass": "普通建筑",
        "layer": "buildings"
      },
      "geometry": {
        "type": "Polygon",
        "coordinates": [
          [
            [
              2291.178,
              997.003
            ],
            [
              2283.859,
              1039.7
            ],
            [
              2246.78,
              1033.343
            ],
            [
              2254.099,
              990.646
            ],
            [
              2291.178,
              997.003
            ]
          ]
        ]
      }
    },
    {
      "type": "Feature",
      "properties": {
        "id": "B-064",
        "name": "城市商住楼 23",
        "zone": "市集区",
        "frontageRoad": "R-E2",
        "description": "市集区沿街独立建筑。",
        "footprint": 1992.3,
        "scaleClass": "普通建筑",
        "layer": "buildings"
      },
      "geometry": {
        "type": "Polygon",
        "coordinates": [
          [
            [
              2223.93,
              1054.182
            ],
            [
              2215.84,
              1101.374
            ],
            [
              2174.828,
              1094.343
            ],
            [
              2182.918,
              1047.152
            ],
            [
              2223.93,
              1054.182
            ]
          ]
        ]
      }
    },
    {
      "type": "Feature",
      "properties": {
        "id": "B-065",
        "name": "城市商住楼 24",
        "zone": "市集区",
        "frontageRoad": "R-E2",
        "description": "市集区沿街独立建筑。",
        "footprint": 2391.3,
        "scaleClass": "普通建筑",
        "layer": "buildings"
      },
      "geometry": {
        "type": "Polygon",
        "coordinates": [
          [
            [
              2287.987,
              1062.85
            ],
            [
              2279.126,
              1114.536
            ],
            [
              2234.182,
              1106.831
            ],
            [
              2243.042,
              1055.145
            ],
            [
              2287.987,
              1062.85
            ]
          ]
        ]
      }
    },
    {
      "type": "Feature",
      "properties": {
        "id": "B-066",
        "name": "工坊生产楼 1",
        "zone": "工坊区",
        "frontageRoad": "R-E2",
        "description": "工坊区沿街独立建筑。",
        "footprint": 2183.3,
        "scaleClass": "普通建筑",
        "layer": "buildings"
      },
      "geometry": {
        "type": "Polygon",
        "coordinates": [
          [
            [
              2311.97,
              1568.76
            ],
            [
              2315.789,
              1616.488
            ],
            [
              2270.334,
              1620.124
            ],
            [
              2266.516,
              1572.396
            ],
            [
              2311.97,
              1568.76
            ]
          ]
        ]
      }
    },
    {
      "type": "Feature",
      "properties": {
        "id": "B-067",
        "name": "工坊生产楼 2",
        "zone": "工坊区",
        "frontageRoad": "R-E2",
        "description": "工坊区沿街独立建筑。",
        "footprint": 1554.3,
        "scaleClass": "普通建筑",
        "layer": "buildings"
      },
      "geometry": {
        "type": "Polygon",
        "coordinates": [
          [
            [
              2360.274,
              1562.609
            ],
            [
              2364.456,
              1614.882
            ],
            [
              2334.91,
              1617.245
            ],
            [
              2330.728,
              1564.972
            ],
            [
              2360.274,
              1562.609
            ]
          ]
        ]
      }
    },
    {
      "type": "Feature",
      "properties": {
        "id": "B-068",
        "name": "工坊生产楼 3",
        "zone": "工坊区",
        "frontageRoad": "R-E2",
        "description": "工坊区沿街独立建筑。",
        "footprint": 1916.9,
        "scaleClass": "普通建筑",
        "layer": "buildings"
      },
      "geometry": {
        "type": "Polygon",
        "coordinates": [
          [
            [
              2317.189,
              1633.992
            ],
            [
              2321.734,
              1690.81
            ],
            [
              2288.212,
              1693.492
            ],
            [
              2283.666,
              1636.673
            ],
            [
              2317.189,
              1633.992
            ]
          ]
        ]
      }
    },
    {
      "type": "Feature",
      "properties": {
        "id": "B-069",
        "name": "工坊生产楼 4",
        "zone": "工坊区",
        "frontageRoad": "R-E2",
        "description": "工坊区沿街独立建筑。",
        "footprint": 2315.9,
        "scaleClass": "普通建筑",
        "layer": "buildings"
      },
      "geometry": {
        "type": "Polygon",
        "coordinates": [
          [
            [
              2373.447,
              1627.204
            ],
            [
              2378.356,
              1688.568
            ],
            [
              2340.856,
              1691.568
            ],
            [
              2335.947,
              1630.204
            ],
            [
              2373.447,
              1627.204
            ]
          ]
        ]
      }
    },
    {
      "type": "Feature",
      "properties": {
        "id": "B-070",
        "name": "工坊生产楼 5",
        "zone": "工坊区",
        "frontageRoad": "R-E2",
        "description": "工坊区沿街独立建筑。",
        "footprint": 1612.8,
        "scaleClass": "普通建筑",
        "layer": "buildings"
      },
      "geometry": {
        "type": "Polygon",
        "coordinates": [
          [
            [
              2329.081,
              1782.637
            ],
            [
              2332.172,
              1821.273
            ],
            [
              2290.694,
              1824.592
            ],
            [
              2287.603,
              1785.955
            ],
            [
              2329.081,
              1782.637
            ]
          ]
        ]
      }
    },
    {
      "type": "Feature",
      "properties": {
        "id": "B-071",
        "name": "工坊生产楼 6",
        "zone": "工坊区",
        "frontageRoad": "R-E2",
        "description": "工坊区沿街独立建筑。",
        "footprint": 1975.4,
        "scaleClass": "普通建筑",
        "layer": "buildings"
      },
      "geometry": {
        "type": "Polygon",
        "coordinates": [
          [
            [
              2393.293,
              1775.212
            ],
            [
              2396.748,
              1818.395
            ],
            [
              2351.293,
              1822.031
            ],
            [
              2347.838,
              1778.849
            ],
            [
              2393.293,
              1775.212
            ]
          ]
        ]
      }
    },
    {
      "type": "Feature",
      "properties": {
        "id": "B-072",
        "name": "工坊生产楼 7",
        "zone": "工坊区",
        "frontageRoad": "R-E2",
        "description": "工坊区沿街独立建筑。",
        "footprint": 1048.8,
        "scaleClass": "普通建筑",
        "layer": "buildings"
      },
      "geometry": {
        "type": "Polygon",
        "coordinates": [
          [
            [
              2340.149,
              1920.995
            ],
            [
              2343.432,
              1962.024
            ],
            [
              2318.033,
              1964.056
            ],
            [
              2314.75,
              1923.027
            ],
            [
              2340.149,
              1920.995
            ]
          ]
        ]
      }
    },
    {
      "type": "Feature",
      "properties": {
        "id": "B-073",
        "name": "工坊生产楼 8",
        "zone": "工坊区",
        "frontageRoad": "R-E2",
        "description": "工坊区沿街独立建筑。",
        "footprint": 1303.3,
        "scaleClass": "普通建筑",
        "layer": "buildings"
      },
      "geometry": {
        "type": "Polygon",
        "coordinates": [
          [
            [
              2387.75,
              1915.22
            ],
            [
              2391.345,
              1960.157
            ],
            [
              2362.527,
              1962.462
            ],
            [
              2358.932,
              1917.526
            ],
            [
              2387.75,
              1915.22
            ]
          ]
        ]
      }
    },
    {
      "type": "Feature",
      "properties": {
        "id": "B-074",
        "name": "工坊生产楼 9",
        "zone": "工坊区",
        "frontageRoad": "R-E2",
        "description": "工坊区沿街独立建筑。",
        "footprint": 1584.7,
        "scaleClass": "普通建筑",
        "layer": "buildings"
      },
      "geometry": {
        "type": "Polygon",
        "coordinates": [
          [
            [
              2396.595,
              1982.77
            ],
            [
              2400.503,
              2031.614
            ],
            [
              2368.266,
              2034.193
            ],
            [
              2364.358,
              1985.349
            ],
            [
              2396.595,
              1982.77
            ]
          ]
        ]
      }
    },
    {
      "type": "Feature",
      "properties": {
        "id": "B-075",
        "name": "工坊生产楼 10",
        "zone": "工坊区",
        "frontageRoad": "R-E2",
        "description": "工坊区沿街独立建筑。",
        "footprint": 1248.5,
        "scaleClass": "普通建筑",
        "layer": "buildings"
      },
      "geometry": {
        "type": "Polygon",
        "coordinates": [
          [
            [
              2352.188,
              2068.316
            ],
            [
              2356.796,
              2117.099
            ],
            [
              2331.429,
              2119.495
            ],
            [
              2326.821,
              2070.712
            ],
            [
              2352.188,
              2068.316
            ]
          ]
        ]
      }
    },
    {
      "type": "Feature",
      "properties": {
        "id": "B-076",
        "name": "工坊生产楼 11",
        "zone": "工坊区",
        "frontageRoad": "R-E2",
        "description": "工坊区沿街独立建筑。",
        "footprint": 1529.9,
        "scaleClass": "普通建筑",
        "layer": "buildings"
      },
      "geometry": {
        "type": "Polygon",
        "coordinates": [
          [
            [
              2399.701,
              2061.859
            ],
            [
              2404.678,
              2114.545
            ],
            [
              2375.896,
              2117.263
            ],
            [
              2370.919,
              2064.578
            ],
            [
              2399.701,
              2061.859
            ]
          ]
        ]
      }
    },
    {
      "type": "Feature",
      "properties": {
        "id": "B-077",
        "name": "工坊生产楼 12",
        "zone": "工坊区",
        "frontageRoad": "R-E2",
        "description": "工坊区沿街独立建筑。",
        "footprint": 1077.6,
        "scaleClass": "普通建筑",
        "layer": "buildings"
      },
      "geometry": {
        "type": "Polygon",
        "coordinates": [
          [
            [
              2359.508,
              2145.811
            ],
            [
              2362.641,
              2178.983
            ],
            [
              2330.445,
              2182.024
            ],
            [
              2327.311,
              2148.852
            ],
            [
              2359.508,
              2145.811
            ]
          ]
        ]
      }
    },
    {
      "type": "Feature",
      "properties": {
        "id": "B-078",
        "name": "工坊生产楼 13",
        "zone": "工坊区",
        "frontageRoad": "R-E2",
        "description": "工坊区沿街独立建筑。",
        "footprint": 1332.1,
        "scaleClass": "普通建筑",
        "layer": "buildings"
      },
      "geometry": {
        "type": "Polygon",
        "coordinates": [
          [
            [
              2413.851,
              2138.709
            ],
            [
              2417.353,
              2175.784
            ],
            [
              2381.741,
              2179.148
            ],
            [
              2378.239,
              2142.073
            ],
            [
              2413.851,
              2138.709
            ]
          ]
        ]
      }
    },
    {
      "type": "Feature",
      "properties": {
        "id": "B-079",
        "name": "工坊生产楼 14",
        "zone": "工坊区",
        "frontageRoad": "R-E2",
        "description": "工坊区沿街独立建筑。",
        "footprint": 1129.6,
        "scaleClass": "普通建筑",
        "layer": "buildings"
      },
      "geometry": {
        "type": "Polygon",
        "coordinates": [
          [
            [
              2372.621,
              2284.633
            ],
            [
              2375.86,
              2318.92
            ],
            [
              2343.205,
              2322.005
            ],
            [
              2339.966,
              2287.717
            ],
            [
              2372.621,
              2284.633
            ]
          ]
        ]
      }
    },
    {
      "type": "Feature",
      "properties": {
        "id": "B-080",
        "name": "工坊生产楼 15",
        "zone": "工坊区",
        "frontageRoad": "R-E2",
        "description": "工坊区沿街独立建筑。",
        "footprint": 804.2,
        "scaleClass": "普通建筑",
        "layer": "buildings"
      },
      "geometry": {
        "type": "Polygon",
        "coordinates": [
          [
            [
              2412.608,
              2279.209
            ],
            [
              2416.155,
              2316.761
            ],
            [
              2394.93,
              2318.766
            ],
            [
              2391.382,
              2281.213
            ],
            [
              2412.608,
              2279.209
            ]
          ]
        ]
      }
    },
    {
      "type": "Feature",
      "properties": {
        "id": "B-081",
        "name": "城市商住楼 25",
        "zone": "市集区",
        "frontageRoad": "R-E3",
        "description": "市集区沿街独立建筑。",
        "footprint": 1303.3,
        "scaleClass": "普通建筑",
        "layer": "buildings"
      },
      "geometry": {
        "type": "Polygon",
        "coordinates": [
          [
            [
              2012.149,
              260.182
            ],
            [
              2015.893,
              305.106
            ],
            [
              1987.082,
              307.507
            ],
            [
              1983.339,
              262.583
            ],
            [
              2012.149,
              260.182
            ]
          ]
        ]
      }
    },
    {
      "type": "Feature",
      "properties": {
        "id": "B-082",
        "name": "城市商住楼 26",
        "zone": "市集区",
        "frontageRoad": "R-E3",
        "description": "市集区沿街独立建筑。",
        "footprint": 1584.7,
        "scaleClass": "普通建筑",
        "layer": "buildings"
      },
      "geometry": {
        "type": "Polygon",
        "coordinates": [
          [
            [
              2063.149,
              253.965
            ],
            [
              2067.218,
              302.796
            ],
            [
              2034.99,
              305.481
            ],
            [
              2030.92,
              256.651
            ],
            [
              2063.149,
              253.965
            ]
          ]
        ]
      }
    },
    {
      "type": "Feature",
      "properties": {
        "id": "B-083",
        "name": "城市商住楼 27",
        "zone": "市集区",
        "frontageRoad": "R-E3",
        "description": "市集区沿街独立建筑。",
        "footprint": 1892.9,
        "scaleClass": "普通建筑",
        "layer": "buildings"
      },
      "geometry": {
        "type": "Polygon",
        "coordinates": [
          [
            [
              2023.45,
              395.792
            ],
            [
              2027.844,
              448.529
            ],
            [
              1992.198,
              451.499
            ],
            [
              1987.803,
              398.762
            ],
            [
              2023.45,
              395.792
            ]
          ]
        ]
      }
    },
    {
      "type": "Feature",
      "properties": {
        "id": "B-084",
        "name": "城市商住楼 28",
        "zone": "市集区",
        "frontageRoad": "R-E3",
        "description": "市集区沿街独立建筑。",
        "footprint": 1306.1,
        "scaleClass": "普通建筑",
        "layer": "buildings"
      },
      "geometry": {
        "type": "Polygon",
        "coordinates": [
          [
            [
              2082.263,
              400.725
            ],
            [
              2085.03,
              433.929
            ],
            [
              2045.965,
              437.185
            ],
            [
              2043.198,
              403.98
            ],
            [
              2082.263,
              400.725
            ]
          ]
        ]
      }
    },
    {
      "type": "Feature",
      "properties": {
        "id": "B-085",
        "name": "城市商住楼 29",
        "zone": "市集区",
        "frontageRoad": "R-E3",
        "description": "市集区沿街独立建筑。",
        "footprint": 948.9,
        "scaleClass": "普通建筑",
        "layer": "buildings"
      },
      "geometry": {
        "type": "Polygon",
        "coordinates": [
          [
            [
              2029.914,
              473.363
            ],
            [
              2033.007,
              510.474
            ],
            [
              2007.615,
              512.59
            ],
            [
              2004.522,
              475.479
            ],
            [
              2029.914,
              473.363
            ]
          ]
        ]
      }
    },
    {
      "type": "Feature",
      "properties": {
        "id": "B-086",
        "name": "城市商住楼 30",
        "zone": "市集区",
        "frontageRoad": "R-E3",
        "description": "市集区沿街独立建筑。",
        "footprint": 1189.9,
        "scaleClass": "普通建筑",
        "layer": "buildings"
      },
      "geometry": {
        "type": "Polygon",
        "coordinates": [
          [
            [
              2077.496,
              467.431
            ],
            [
              2080.914,
              508.449
            ],
            [
              2052.104,
              510.85
            ],
            [
              2048.686,
              469.832
            ],
            [
              2077.496,
              467.431
            ]
          ]
        ]
      }
    },
    {
      "type": "Feature",
      "properties": {
        "id": "B-087",
        "name": "城市商住楼 31",
        "zone": "市集区",
        "frontageRoad": "R-E3",
        "description": "市集区沿街独立建筑。",
        "footprint": 1457.9,
        "scaleClass": "普通建筑",
        "layer": "buildings"
      },
      "geometry": {
        "type": "Polygon",
        "coordinates": [
          [
            [
              2035.402,
              539.215
            ],
            [
              2039.145,
              584.139
            ],
            [
              2006.917,
              586.824
            ],
            [
              2003.173,
              541.9
            ],
            [
              2035.402,
              539.215
            ]
          ]
        ]
      }
    },
    {
      "type": "Feature",
      "properties": {
        "id": "B-088",
        "name": "城市商住楼 32",
        "zone": "市集区",
        "frontageRoad": "R-E3",
        "description": "市集区沿街独立建筑。",
        "footprint": 1752.7,
        "scaleClass": "普通建筑",
        "layer": "buildings"
      },
      "geometry": {
        "type": "Polygon",
        "coordinates": [
          [
            [
              2089.82,
              532.713
            ],
            [
              2093.889,
              581.544
            ],
            [
              2058.242,
              584.514
            ],
            [
              2054.173,
              535.683
            ],
            [
              2089.82,
              532.713
            ]
          ]
        ]
      }
    },
    {
      "type": "Feature",
      "properties": {
        "id": "B-089",
        "name": "城市商住楼 33",
        "zone": "市集区",
        "frontageRoad": "R-E3",
        "description": "市集区沿街独立建筑。",
        "footprint": 1916.9,
        "scaleClass": "普通建筑",
        "layer": "buildings"
      },
      "geometry": {
        "type": "Polygon",
        "coordinates": [
          [
            [
              2043.332,
              615.101
            ],
            [
              2054.511,
              670.994
            ],
            [
              2021.534,
              677.589
            ],
            [
              2010.355,
              621.696
            ],
            [
              2043.332,
              615.101
            ]
          ]
        ]
      }
    },
    {
      "type": "Feature",
      "properties": {
        "id": "B-090",
        "name": "城市商住楼 34",
        "zone": "市集区",
        "frontageRoad": "R-E3",
        "description": "市集区沿街独立建筑。",
        "footprint": 2315.9,
        "scaleClass": "普通建筑",
        "layer": "buildings"
      },
      "geometry": {
        "type": "Polygon",
        "coordinates": [
          [
            [
              2056.613,
              681.506
            ],
            [
              2068.686,
              741.87
            ],
            [
              2031.797,
              749.248
            ],
            [
              2019.724,
              688.884
            ],
            [
              2056.613,
              681.506
            ]
          ]
        ]
      }
    },
    {
      "type": "Feature",
      "properties": {
        "id": "B-091",
        "name": "城市商住楼 35",
        "zone": "市集区",
        "frontageRoad": "R-E3",
        "description": "市集区沿街独立建筑。",
        "footprint": 1824.6,
        "scaleClass": "普通建筑",
        "layer": "buildings"
      },
      "geometry": {
        "type": "Polygon",
        "coordinates": [
          [
            [
              2101.797,
              912.2
            ],
            [
              2108.595,
              973.384
            ],
            [
              2079.137,
              976.657
            ],
            [
              2072.338,
              915.474
            ],
            [
              2101.797,
              912.2
            ]
          ]
        ]
      }
    },
    {
      "type": "Feature",
      "properties": {
        "id": "B-092",
        "name": "城市商住楼 36",
        "zone": "市集区",
        "frontageRoad": "R-E3",
        "description": "市集区沿街独立建筑。",
        "footprint": 1303.5,
        "scaleClass": "普通建筑",
        "layer": "buildings"
      },
      "geometry": {
        "type": "Polygon",
        "coordinates": [
          [
            [
              2155.364,
              917.719
            ],
            [
              2159.644,
              956.242
            ],
            [
              2126.22,
              959.955
            ],
            [
              2121.94,
              921.433
            ],
            [
              2155.364,
              917.719
            ]
          ]
        ]
      }
    },
    {
      "type": "Feature",
      "properties": {
        "id": "B-093",
        "name": "城市商住楼 37",
        "zone": "市集区",
        "frontageRoad": "R-E3",
        "description": "市集区沿街独立建筑。",
        "footprint": 1629.7,
        "scaleClass": "普通建筑",
        "layer": "buildings"
      },
      "geometry": {
        "type": "Polygon",
        "coordinates": [
          [
            [
              2110.534,
              990.837
            ],
            [
              2115.318,
              1033.892
            ],
            [
              2077.928,
              1038.046
            ],
            [
              2073.145,
              994.991
            ],
            [
              2110.534,
              990.837
            ]
          ]
        ]
      }
    },
    {
      "type": "Feature",
      "properties": {
        "id": "B-094",
        "name": "城市商住楼 38",
        "zone": "市集区",
        "frontageRoad": "R-E3",
        "description": "市集区沿街独立建筑。",
        "footprint": 1992.3,
        "scaleClass": "普通建筑",
        "layer": "buildings"
      },
      "geometry": {
        "type": "Polygon",
        "coordinates": [
          [
            [
              2170.522,
              981.877
            ],
            [
              2175.809,
              1029.464
            ],
            [
              2134.454,
              1034.059
            ],
            [
              2129.166,
              986.472
            ],
            [
              2170.522,
              981.877
            ]
          ]
        ]
      }
    },
    {
      "type": "Feature",
      "properties": {
        "id": "B-095",
        "name": "城市商住楼 39",
        "zone": "市集区",
        "frontageRoad": "R-E3",
        "description": "市集区沿街独立建筑。",
        "footprint": 1610.2,
        "scaleClass": "普通建筑",
        "layer": "buildings"
      },
      "geometry": {
        "type": "Polygon",
        "coordinates": [
          [
            [
              2139.917,
              1097.835
            ],
            [
              2179.991,
              1124.037
            ],
            [
              2161.587,
              1152.184
            ],
            [
              2121.513,
              1125.982
            ],
            [
              2139.917,
              1097.835
            ]
          ]
        ]
      }
    },
    {
      "type": "Feature",
      "properties": {
        "id": "B-096",
        "name": "城市商住楼 40",
        "zone": "市集区",
        "frontageRoad": "R-E3",
        "description": "市集区沿街独立建筑。",
        "footprint": 1972.8,
        "scaleClass": "普通建筑",
        "layer": "buildings"
      },
      "geometry": {
        "type": "Polygon",
        "coordinates": [
          [
            [
              2286.17,
              1125.812
            ],
            [
              2330.06,
              1154.51
            ],
            [
              2309.473,
              1185.997
            ],
            [
              2265.582,
              1157.299
            ],
            [
              2286.17,
              1125.812
            ]
          ]
        ]
      }
    },
    {
      "type": "Feature",
      "properties": {
        "id": "B-097",
        "name": "封存值守楼 1",
        "zone": "封存区",
        "frontageRoad": "R-E3",
        "description": "封存区沿街独立建筑。",
        "footprint": 1801.2,
        "scaleClass": "普通建筑",
        "layer": "buildings"
      },
      "geometry": {
        "type": "Polygon",
        "coordinates": [
          [
            [
              2170.185,
              1497.891
            ],
            [
              2169.345,
              1545.763
            ],
            [
              2131.731,
              1545.103
            ],
            [
              2132.57,
              1497.231
            ],
            [
              2170.185,
              1497.891
            ]
          ]
        ]
      }
    },
    {
      "type": "Feature",
      "properties": {
        "id": "B-098",
        "name": "封存值守楼 2",
        "zone": "封存区",
        "frontageRoad": "R-E3",
        "description": "封存区沿街独立建筑。",
        "footprint": 1048.8,
        "scaleClass": "普通建筑",
        "layer": "buildings"
      },
      "geometry": {
        "type": "Polygon",
        "coordinates": [
          [
            [
              2196.084,
              2144.344
            ],
            [
              2192.15,
              2185.316
            ],
            [
              2166.787,
              2182.881
            ],
            [
              2170.72,
              2141.909
            ],
            [
              2196.084,
              2144.344
            ]
          ]
        ]
      }
    },
    {
      "type": "Feature",
      "properties": {
        "id": "B-099",
        "name": "封存值守楼 3",
        "zone": "封存区",
        "frontageRoad": "R-E3",
        "description": "封存区沿街独立建筑。",
        "footprint": 912.4,
        "scaleClass": "普通建筑",
        "layer": "buildings"
      },
      "geometry": {
        "type": "Polygon",
        "coordinates": [
          [
            [
              2138.264,
              2281.165
            ],
            [
              2134.66,
              2318.713
            ],
            [
              2110.581,
              2316.401
            ],
            [
              2114.185,
              2278.854
            ],
            [
              2138.264,
              2281.165
            ]
          ]
        ]
      }
    },
    {
      "type": "Feature",
      "properties": {
        "id": "B-100",
        "name": "封存值守楼 4",
        "zone": "封存区",
        "frontageRoad": "R-E3",
        "description": "封存区沿街独立建筑。",
        "footprint": 1109.5,
        "scaleClass": "普通建筑",
        "layer": "buildings"
      },
      "geometry": {
        "type": "Polygon",
        "coordinates": [
          [
            [
              2184.27,
              2283.934
            ],
            [
              2180.352,
              2324.747
            ],
            [
              2153.416,
              2322.161
            ],
            [
              2157.334,
              2281.348
            ],
            [
              2184.27,
              2283.934
            ]
          ]
        ]
      }
    },
    {
      "type": "Feature",
      "properties": {
        "id": "B-101",
        "name": "学院教学附属楼 27",
        "zone": "教学区",
        "frontageRoad": "T-02",
        "description": "教学区沿街独立建筑。",
        "footprint": 1529.9,
        "scaleClass": "普通建筑",
        "layer": "buildings"
      },
      "geometry": {
        "type": "Polygon",
        "coordinates": [
          [
            [
              155.693,
              814.213
            ],
            [
              208.374,
              809.196
            ],
            [
              211.115,
              837.975
            ],
            [
              158.434,
              842.993
            ],
            [
              155.693,
              814.213
            ]
          ]
        ]
      }
    },
    {
      "type": "Feature",
      "properties": {
        "id": "B-102",
        "name": "学院教学附属楼 28",
        "zone": "教学区",
        "frontageRoad": "T-02",
        "description": "教学区沿街独立建筑。",
        "footprint": 1077.6,
        "scaleClass": "普通建筑",
        "layer": "buildings"
      },
      "geometry": {
        "type": "Polygon",
        "coordinates": [
          [
            [
              160.676,
              763.17
            ],
            [
              193.846,
              760.011
            ],
            [
              196.912,
              792.206
            ],
            [
              163.742,
              795.365
            ],
            [
              160.676,
              763.17
            ]
          ]
        ]
      }
    },
    {
      "type": "Feature",
      "properties": {
        "id": "B-103",
        "name": "学院教学附属楼 29",
        "zone": "教学区",
        "frontageRoad": "T-02",
        "description": "教学区沿街独立建筑。",
        "footprint": 1332.1,
        "scaleClass": "普通建筑",
        "layer": "buildings"
      },
      "geometry": {
        "type": "Polygon",
        "coordinates": [
          [
            [
              233.182,
              806.833
            ],
            [
              270.254,
              803.302
            ],
            [
              273.646,
              838.911
            ],
            [
              236.573,
              842.442
            ],
            [
              233.182,
              806.833
            ]
          ]
        ]
      }
    },
    {
      "type": "Feature",
      "properties": {
        "id": "B-104",
        "name": "学院教学附属楼 30",
        "zone": "教学区",
        "frontageRoad": "T-02",
        "description": "教学区沿街独立建筑。",
        "footprint": 1613.5,
        "scaleClass": "普通建筑",
        "layer": "buildings"
      },
      "geometry": {
        "type": "Polygon",
        "coordinates": [
          [
            [
              225.808,
              750.076
            ],
            [
              266.782,
              746.174
            ],
            [
              270.499,
              785.197
            ],
            [
              229.524,
              789.1
            ],
            [
              225.808,
              750.076
            ]
          ]
        ]
      }
    },
    {
      "type": "Feature",
      "properties": {
        "id": "B-105",
        "name": "学院教学附属楼 31",
        "zone": "教学区",
        "frontageRoad": "T-02",
        "description": "教学区沿街独立建筑。",
        "footprint": 1148.6,
        "scaleClass": "普通建筑",
        "layer": "buildings"
      },
      "geometry": {
        "type": "Polygon",
        "coordinates": [
          [
            [
              298.964,
              800.568
            ],
            [
              343.841,
              796.294
            ],
            [
              346.257,
              821.659
            ],
            [
              301.38,
              825.933
            ],
            [
              298.964,
              800.568
            ]
          ]
        ]
      }
    },
    {
      "type": "Feature",
      "properties": {
        "id": "B-106",
        "name": "学院教学附属楼 32",
        "zone": "教学区",
        "frontageRoad": "T-02",
        "description": "教学区沿街独立建筑。",
        "footprint": 1416.6,
        "scaleClass": "普通建筑",
        "layer": "buildings"
      },
      "geometry": {
        "type": "Polygon",
        "coordinates": [
          [
            [
              292.566,
              754.055
            ],
            [
              341.345,
              749.409
            ],
            [
              344.086,
              778.189
            ],
            [
              295.307,
              782.835
            ],
            [
              292.566,
              754.055
            ]
          ]
        ]
      }
    },
    {
      "type": "Feature",
      "properties": {
        "id": "B-107",
        "name": "学院教学附属楼 33",
        "zone": "教学区",
        "frontageRoad": "T-02",
        "description": "教学区沿街独立建筑。",
        "footprint": 1920.8,
        "scaleClass": "普通建筑",
        "layer": "buildings"
      },
      "geometry": {
        "type": "Polygon",
        "coordinates": [
          [
            [
              436.518,
              790.697
            ],
            [
              485.274,
              795.572
            ],
            [
              481.374,
              834.578
            ],
            [
              432.617,
              829.702
            ],
            [
              436.518,
              790.697
            ]
          ]
        ]
      }
    },
    {
      "type": "Feature",
      "properties": {
        "id": "B-108",
        "name": "学院教学附属楼 34",
        "zone": "教学区",
        "frontageRoad": "T-02",
        "description": "教学区沿街独立建筑。",
        "footprint": 1348.4,
        "scaleClass": "普通建筑",
        "layer": "buildings"
      },
      "geometry": {
        "type": "Polygon",
        "coordinates": [
          [
            [
              438.894,
              747.237
            ],
            [
              491.551,
              752.503
            ],
            [
              489.016,
              777.857
            ],
            [
              436.358,
              772.591
            ],
            [
              438.894,
              747.237
            ]
          ]
        ]
      }
    },
    {
      "type": "Feature",
      "properties": {
        "id": "B-109",
        "name": "学院教学附属楼 35",
        "zone": "教学区",
        "frontageRoad": "T-02",
        "description": "教学区沿街独立建筑。",
        "footprint": 1303.5,
        "scaleClass": "普通建筑",
        "layer": "buildings"
      },
      "geometry": {
        "type": "Polygon",
        "coordinates": [
          [
            [
              580.917,
              805.137
            ],
            [
              619.485,
              808.993
            ],
            [
              616.139,
              842.456
            ],
            [
              577.571,
              838.6
            ],
            [
              580.917,
              805.137
            ]
          ]
        ]
      }
    },
    {
      "type": "Feature",
      "properties": {
        "id": "B-110",
        "name": "学院教学附属楼 36",
        "zone": "教学区",
        "frontageRoad": "T-02",
        "description": "教学区沿街独立建筑。",
        "footprint": 1629.7,
        "scaleClass": "普通建筑",
        "layer": "buildings"
      },
      "geometry": {
        "type": "Polygon",
        "coordinates": [
          [
            [
              584.183,
              749.566
            ],
            [
              627.288,
              753.876
            ],
            [
              623.545,
              791.31
            ],
            [
              580.44,
              786.999
            ],
            [
              584.183,
              749.566
            ]
          ]
        ]
      }
    },
    {
      "type": "Feature",
      "properties": {
        "id": "B-111",
        "name": "学院教学附属楼 37",
        "zone": "教学区",
        "frontageRoad": "T-02",
        "description": "教学区沿街独立建筑。",
        "footprint": 1992.3,
        "scaleClass": "普通建筑",
        "layer": "buildings"
      },
      "geometry": {
        "type": "Polygon",
        "coordinates": [
          [
            [
              646.033,
              811.648
            ],
            [
              693.675,
              816.412
            ],
            [
              689.535,
              857.816
            ],
            [
              641.892,
              853.052
            ],
            [
              646.033,
              811.648
            ]
          ]
        ]
      }
    },
    {
      "type": "Feature",
      "properties": {
        "id": "B-112",
        "name": "学院教学附属楼 38",
        "zone": "教学区",
        "frontageRoad": "T-02",
        "description": "教学区沿街独立建筑。",
        "footprint": 2391.3,
        "scaleClass": "普通建筑",
        "layer": "buildings"
      },
      "geometry": {
        "type": "Polygon",
        "coordinates": [
          [
            [
              650.092,
              748.137
            ],
            [
              702.272,
              753.355
            ],
            [
              697.735,
              798.729
            ],
            [
              645.555,
              793.511
            ],
            [
              650.092,
              748.137
            ]
          ]
        ]
      }
    },
    {
      "type": "Feature",
      "properties": {
        "id": "B-113",
        "name": "学院教学附属楼 39",
        "zone": "教学区",
        "frontageRoad": "T-02",
        "description": "教学区沿街独立建筑。",
        "footprint": 1972.8,
        "scaleClass": "普通建筑",
        "layer": "buildings"
      },
      "geometry": {
        "type": "Polygon",
        "coordinates": [
          [
            [
              795.432,
              748.02
            ],
            [
              846.929,
              738.116
            ],
            [
              854.033,
              775.059
            ],
            [
              802.537,
              784.963
            ],
            [
              795.432,
              748.02
            ]
          ]
        ]
      }
    },
    {
      "type": "Feature",
      "properties": {
        "id": "B-114",
        "name": "学院教学附属楼 40",
        "zone": "教学区",
        "frontageRoad": "T-02",
        "description": "教学区沿街独立建筑。",
        "footprint": 2371.8,
        "scaleClass": "普通建筑",
        "layer": "buildings"
      },
      "geometry": {
        "type": "Polygon",
        "coordinates": [
          [
            [
              861.18,
              731.313
            ],
            [
              917.155,
              720.548
            ],
            [
              925.013,
              761.41
            ],
            [
              869.038,
              772.174
            ],
            [
              861.18,
              731.313
            ]
          ]
        ]
      }
    },
    {
      "type": "Feature",
      "properties": {
        "id": "B-115",
        "name": "学院教学附属楼 41",
        "zone": "教学区",
        "frontageRoad": "T-02",
        "description": "教学区沿街独立建筑。",
        "footprint": 1916.9,
        "scaleClass": "普通建筑",
        "layer": "buildings"
      },
      "geometry": {
        "type": "Polygon",
        "coordinates": [
          [
            [
              1001.598,
              720.845
            ],
            [
              1057.491,
              732.024
            ],
            [
              1050.896,
              765.001
            ],
            [
              995.003,
              753.822
            ],
            [
              1001.598,
              720.845
            ]
          ]
        ]
      }
    },
    {
      "type": "Feature",
      "properties": {
        "id": "B-116",
        "name": "学院教学附属楼 42",
        "zone": "教学区",
        "frontageRoad": "T-02",
        "description": "教学区沿街独立建筑。",
        "footprint": 2315.9,
        "scaleClass": "普通建筑",
        "layer": "buildings"
      },
      "geometry": {
        "type": "Polygon",
        "coordinates": [
          [
            [
              1195.159,
              812.21
            ],
            [
              1255.524,
              824.283
            ],
            [
              1248.146,
              861.172
            ],
            [
              1187.781,
              849.099
            ],
            [
              1195.159,
              812.21
            ]
          ]
        ]
      }
    },
    {
      "type": "Feature",
      "properties": {
        "id": "B-117",
        "name": "学院教学附属楼 43",
        "zone": "教学区",
        "frontageRoad": "T-02",
        "description": "教学区沿街独立建筑。",
        "footprint": 1612.8,
        "scaleClass": "普通建筑",
        "layer": "buildings"
      },
      "geometry": {
        "type": "Polygon",
        "coordinates": [
          [
            [
              1218.028,
              755.993
            ],
            [
              1256.035,
              763.595
            ],
            [
              1247.875,
              804.397
            ],
            [
              1209.868,
              796.795
            ],
            [
              1218.028,
              755.993
            ]
          ]
        ]
      }
    },
    {
      "type": "Feature",
      "properties": {
        "id": "B-118",
        "name": "学院教学附属楼 44",
        "zone": "教学区",
        "frontageRoad": "T-02",
        "description": "教学区沿街独立建筑。",
        "footprint": 1303.5,
        "scaleClass": "普通建筑",
        "layer": "buildings"
      },
      "geometry": {
        "type": "Polygon",
        "coordinates": [
          [
            [
              1300.544,
              833.062
            ],
            [
              1338.624,
              840.292
            ],
            [
              1332.35,
              873.332
            ],
            [
              1294.271,
              866.101
            ],
            [
              1300.544,
              833.062
            ]
          ]
        ]
      }
    },
    {
      "type": "Feature",
      "properties": {
        "id": "B-119",
        "name": "学院教学附属楼 45",
        "zone": "教学区",
        "frontageRoad": "T-02",
        "description": "教学区沿街独立建筑。",
        "footprint": 1629.7,
        "scaleClass": "普通建筑",
        "layer": "buildings"
      },
      "geometry": {
        "type": "Polygon",
        "coordinates": [
          [
            [
              1308.68,
              777.993
            ],
            [
              1351.239,
              786.073
            ],
            [
              1344.221,
              823.033
            ],
            [
              1301.662,
              814.952
            ],
            [
              1308.68,
              777.993
            ]
          ]
        ]
      }
    },
    {
      "type": "Feature",
      "properties": {
        "id": "B-120",
        "name": "学院教学附属楼 46",
        "zone": "教学区",
        "frontageRoad": "T-02",
        "description": "教学区沿街独立建筑。",
        "footprint": 1992.3,
        "scaleClass": "普通建筑",
        "layer": "buildings"
      },
      "geometry": {
        "type": "Polygon",
        "coordinates": [
          [
            [
              1364.835,
              845.269
            ],
            [
              1411.875,
              854.2
            ],
            [
              1404.113,
              895.08
            ],
            [
              1357.073,
              886.148
            ],
            [
              1364.835,
              845.269
            ]
          ]
        ]
      }
    },
    {
      "type": "Feature",
      "properties": {
        "id": "B-121",
        "name": "学院教学附属楼 47",
        "zone": "教学区",
        "frontageRoad": "T-02",
        "description": "教学区沿街独立建筑。",
        "footprint": 2391.3,
        "scaleClass": "普通建筑",
        "layer": "buildings"
      },
      "geometry": {
        "type": "Polygon",
        "coordinates": [
          [
            [
              1374.459,
              782.36
            ],
            [
              1425.979,
              792.142
            ],
            [
              1417.473,
              836.942
            ],
            [
              1365.953,
              827.159
            ],
            [
              1374.459,
              782.36
            ]
          ]
        ]
      }
    },
    {
      "type": "Feature",
      "properties": {
        "id": "B-122",
        "name": "城邦生活街屋 12",
        "zone": "生活区",
        "frontageRoad": "L-01",
        "description": "生活区沿街独立建筑。",
        "footprint": 1331.1,
        "scaleClass": "普通建筑",
        "layer": "buildings"
      },
      "geometry": {
        "type": "Polygon",
        "coordinates": [
          [
            [
              122.371,
              1466.274
            ],
            [
              163.213,
              1461.168
            ],
            [
              167.224,
              1493.259
            ],
            [
              126.382,
              1498.364
            ],
            [
              122.371,
              1466.274
            ]
          ]
        ]
      }
    },
    {
      "type": "Feature",
      "properties": {
        "id": "B-123",
        "name": "城邦生活街屋 13",
        "zone": "生活区",
        "frontageRoad": "L-01",
        "description": "生活区沿街独立建筑。",
        "footprint": 1612.5,
        "scaleClass": "普通建筑",
        "layer": "buildings"
      },
      "geometry": {
        "type": "Polygon",
        "coordinates": [
          [
            [
              113.757,
              1413.162
            ],
            [
              158.489,
              1407.571
            ],
            [
              162.925,
              1443.064
            ],
            [
              118.193,
              1448.656
            ],
            [
              113.757,
              1413.162
            ]
          ]
        ]
      }
    },
    {
      "type": "Feature",
      "properties": {
        "id": "B-124",
        "name": "城邦生活街屋 14",
        "zone": "生活区",
        "frontageRoad": "L-01",
        "description": "生活区沿街独立建筑。",
        "footprint": 1920.8,
        "scaleClass": "普通建筑",
        "layer": "buildings"
      },
      "geometry": {
        "type": "Polygon",
        "coordinates": [
          [
            [
              187.941,
              1458.077
            ],
            [
              236.562,
              1452
            ],
            [
              241.424,
              1490.897
            ],
            [
              192.803,
              1496.975
            ],
            [
              187.941,
              1458.077
            ]
          ]
        ]
      }
    },
    {
      "type": "Feature",
      "properties": {
        "id": "B-125",
        "name": "城邦生活街屋 15",
        "zone": "生活区",
        "frontageRoad": "L-01",
        "description": "生活区沿街独立建筑。",
        "footprint": 1348.4,
        "scaleClass": "普通建筑",
        "layer": "buildings"
      },
      "geometry": {
        "type": "Polygon",
        "coordinates": [
          [
            [
              180.603,
              1415.176
            ],
            [
              233.114,
              1408.612
            ],
            [
              236.274,
              1433.896
            ],
            [
              183.763,
              1440.46
            ],
            [
              180.603,
              1415.176
            ]
          ]
        ]
      }
    },
    {
      "type": "Feature",
      "properties": {
        "id": "B-126",
        "name": "城邦生活街屋 16",
        "zone": "生活区",
        "frontageRoad": "L-01",
        "description": "生活区沿街独立建筑。",
        "footprint": 963.3,
        "scaleClass": "普通建筑",
        "layer": "buildings"
      },
      "geometry": {
        "type": "Polygon",
        "coordinates": [
          [
            [
              265.18,
              1448.423
            ],
            [
              298.242,
              1444.29
            ],
            [
              301.828,
              1472.977
            ],
            [
              268.765,
              1477.109
            ],
            [
              265.18,
              1448.423
            ]
          ]
        ]
      }
    },
    {
      "type": "Feature",
      "properties": {
        "id": "B-127",
        "name": "城邦生活街屋 17",
        "zone": "生活区",
        "frontageRoad": "L-01",
        "description": "生活区沿街独立建筑。",
        "footprint": 1204.3,
        "scaleClass": "普通建筑",
        "layer": "buildings"
      },
      "geometry": {
        "type": "Polygon",
        "coordinates": [
          [
            [
              256.991,
              1398.714
            ],
            [
              293.943,
              1394.095
            ],
            [
              297.954,
              1426.186
            ],
            [
              261.002,
              1430.805
            ],
            [
              256.991,
              1398.714
            ]
          ]
        ]
      }
    },
    {
      "type": "Feature",
      "properties": {
        "id": "B-128",
        "name": "城邦生活街屋 18",
        "zone": "生活区",
        "frontageRoad": "L-01",
        "description": "生活区沿街独立建筑。",
        "footprint": 948.9,
        "scaleClass": "普通建筑",
        "layer": "buildings"
      },
      "geometry": {
        "type": "Polygon",
        "coordinates": [
          [
            [
              442.498,
              1431.02
            ],
            [
              479.594,
              1434.293
            ],
            [
              477.355,
              1459.675
            ],
            [
              440.259,
              1456.402
            ],
            [
              442.498,
              1431.02
            ]
          ]
        ]
      }
    },
    {
      "type": "Feature",
      "properties": {
        "id": "B-129",
        "name": "城邦生活街屋 19",
        "zone": "生活区",
        "frontageRoad": "L-01",
        "description": "生活区沿街独立建筑。",
        "footprint": 1189.9,
        "scaleClass": "普通建筑",
        "layer": "buildings"
      },
      "geometry": {
        "type": "Polygon",
        "coordinates": [
          [
            [
              444.669,
              1384.119
            ],
            [
              485.67,
              1387.737
            ],
            [
              483.129,
              1416.535
            ],
            [
              442.128,
              1412.918
            ],
            [
              444.669,
              1384.119
            ]
          ]
        ]
      }
    },
    {
      "type": "Feature",
      "properties": {
        "id": "B-130",
        "name": "城邦生活街屋 20",
        "zone": "生活区",
        "frontageRoad": "L-01",
        "description": "生活区沿街独立建筑。",
        "footprint": 1972.8,
        "scaleClass": "普通建筑",
        "layer": "buildings"
      },
      "geometry": {
        "type": "Polygon",
        "coordinates": [
          [
            [
              574.386,
              1442.657
            ],
            [
              626.623,
              1447.266
            ],
            [
              623.317,
              1484.741
            ],
            [
              571.079,
              1480.132
            ],
            [
              574.386,
              1442.657
            ]
          ]
        ]
      }
    },
    {
      "type": "Feature",
      "properties": {
        "id": "B-131",
        "name": "城邦生活街屋 21",
        "zone": "生活区",
        "frontageRoad": "L-01",
        "description": "生活区沿街独立建筑。",
        "footprint": 2371.8,
        "scaleClass": "普通建筑",
        "layer": "buildings"
      },
      "geometry": {
        "type": "Polygon",
        "coordinates": [
          [
            [
              577.354,
              1383.078
            ],
            [
              634.134,
              1388.088
            ],
            [
              630.476,
              1429.536
            ],
            [
              573.697,
              1424.527
            ],
            [
              577.354,
              1383.078
            ]
          ]
        ]
      }
    },
    {
      "type": "Feature",
      "properties": {
        "id": "B-132",
        "name": "城邦生活街屋 22",
        "zone": "生活区",
        "frontageRoad": "L-01",
        "description": "生活区沿街独立建筑。",
        "footprint": 2807.1,
        "scaleClass": "普通建筑",
        "layer": "buildings"
      },
      "geometry": {
        "type": "Polygon",
        "coordinates": [
          [
            [
              639.573,
              1448.409
            ],
            [
              700.895,
              1453.82
            ],
            [
              696.887,
              1499.243
            ],
            [
              635.565,
              1493.833
            ],
            [
              639.573,
              1448.409
            ]
          ]
        ]
      }
    },
    {
      "type": "Feature",
      "properties": {
        "id": "B-133",
        "name": "城邦生活街屋 23",
        "zone": "生活区",
        "frontageRoad": "L-01",
        "description": "生活区沿街独立建筑。",
        "footprint": 1148.8,
        "scaleClass": "普通建筑",
        "layer": "buildings"
      },
      "geometry": {
        "type": "Polygon",
        "coordinates": [
          [
            [
              655.116,
              1401.955
            ],
            [
              693.726,
              1405.362
            ],
            [
              691.121,
              1434.887
            ],
            [
              652.511,
              1431.481
            ],
            [
              655.116,
              1401.955
            ]
          ]
        ]
      }
    },
    {
      "type": "Feature",
      "properties": {
        "id": "B-134",
        "name": "城邦生活街屋 24",
        "zone": "生活区",
        "frontageRoad": "L-01",
        "description": "生活区沿街独立建筑。",
        "footprint": 1612.8,
        "scaleClass": "普通建筑",
        "layer": "buildings"
      },
      "geometry": {
        "type": "Polygon",
        "coordinates": [
          [
            [
              850.416,
              1472.008
            ],
            [
              888.787,
              1477.489
            ],
            [
              882.902,
              1518.681
            ],
            [
              844.532,
              1513.2
            ],
            [
              850.416,
              1472.008
            ]
          ]
        ]
      }
    },
    {
      "type": "Feature",
      "properties": {
        "id": "B-135",
        "name": "城邦生活街屋 25",
        "zone": "生活区",
        "frontageRoad": "L-01",
        "description": "生活区沿街独立建筑。",
        "footprint": 1975.4,
        "scaleClass": "普通建筑",
        "layer": "buildings"
      },
      "geometry": {
        "type": "Polygon",
        "coordinates": [
          [
            [
              917.456,
              1481.585
            ],
            [
              960.34,
              1487.711
            ],
            [
              953.892,
              1532.853
            ],
            [
              911.007,
              1526.727
            ],
            [
              917.456,
              1481.585
            ]
          ]
        ]
      }
    },
    {
      "type": "Feature",
      "properties": {
        "id": "B-136",
        "name": "城市商住楼 41",
        "zone": "市集区",
        "frontageRoad": "M-02",
        "description": "市集区沿街独立建筑。",
        "footprint": 1916.9,
        "scaleClass": "普通建筑",
        "layer": "buildings"
      },
      "geometry": {
        "type": "Polygon",
        "coordinates": [
          [
            [
              1804.918,
              857.068
            ],
            [
              1861.089,
              847.383
            ],
            [
              1866.803,
              880.524
            ],
            [
              1810.632,
              890.209
            ],
            [
              1804.918,
              857.068
            ]
          ]
        ]
      }
    },
    {
      "type": "Feature",
      "properties": {
        "id": "B-137",
        "name": "城市商住楼 42",
        "zone": "市集区",
        "frontageRoad": "M-02",
        "description": "市集区沿街独立建筑。",
        "footprint": 2315.9,
        "scaleClass": "普通建筑",
        "layer": "buildings"
      },
      "geometry": {
        "type": "Polygon",
        "coordinates": [
          [
            [
              1793.051,
              801.659
            ],
            [
              1853.716,
              791.199
            ],
            [
              1860.108,
              828.272
            ],
            [
              1799.443,
              838.732
            ],
            [
              1793.051,
              801.659
            ]
          ]
        ]
      }
    },
    {
      "type": "Feature",
      "properties": {
        "id": "B-138",
        "name": "城市商住楼 43",
        "zone": "市集区",
        "frontageRoad": "M-02",
        "description": "市集区沿街独立建筑。",
        "footprint": 1612.8,
        "scaleClass": "普通建筑",
        "layer": "buildings"
      },
      "geometry": {
        "type": "Polygon",
        "coordinates": [
          [
            [
              1882.887,
              843.625
            ],
            [
              1921.084,
              837.04
            ],
            [
              1928.154,
              878.044
            ],
            [
              1889.957,
              884.63
            ],
            [
              1882.887,
              843.625
            ]
          ]
        ]
      }
    },
    {
      "type": "Feature",
      "properties": {
        "id": "B-139",
        "name": "城市商住楼 44",
        "zone": "市集区",
        "frontageRoad": "M-02",
        "description": "市集区沿街独立建筑。",
        "footprint": 1975.4,
        "scaleClass": "普通建筑",
        "layer": "buildings"
      },
      "geometry": {
        "type": "Polygon",
        "coordinates": [
          [
            [
              1869.665,
              780.352
            ],
            [
              1912.355,
              772.991
            ],
            [
              1920.102,
              817.928
            ],
            [
              1877.412,
              825.289
            ],
            [
              1869.665,
              780.352
            ]
          ]
        ]
      }
    },
    {
      "type": "Feature",
      "properties": {
        "id": "B-140",
        "name": "城市商住楼 45",
        "zone": "市集区",
        "frontageRoad": "M-02",
        "description": "市集区沿街独立建筑。",
        "footprint": 1419.2,
        "scaleClass": "普通建筑",
        "layer": "buildings"
      },
      "geometry": {
        "type": "Polygon",
        "coordinates": [
          [
            [
              1947.376,
              832.506
            ],
            [
              1994.56,
              824.371
            ],
            [
              1999.596,
              853.58
            ],
            [
              1952.412,
              861.715
            ],
            [
              1947.376,
              832.506
            ]
          ]
        ]
      }
    },
    {
      "type": "Feature",
      "properties": {
        "id": "B-141",
        "name": "城市商住楼 46",
        "zone": "市集区",
        "frontageRoad": "M-02",
        "description": "市集区沿街独立建筑。",
        "footprint": 1763.6,
        "scaleClass": "普通建筑",
        "layer": "buildings"
      },
      "geometry": {
        "type": "Polygon",
        "coordinates": [
          [
            [
              1936.187,
              781.029
            ],
            [
              1987.864,
              772.119
            ],
            [
              1993.578,
              805.26
            ],
            [
              1941.901,
              814.17
            ],
            [
              1936.187,
              781.029
            ]
          ]
        ]
      }
    },
    {
      "type": "Feature",
      "properties": {
        "id": "B-142",
        "name": "城市商住楼 47",
        "zone": "市集区",
        "frontageRoad": "M-02",
        "description": "市集区沿街独立建筑。",
        "footprint": 2144.3,
        "scaleClass": "普通建筑",
        "layer": "buildings"
      },
      "geometry": {
        "type": "Polygon",
        "coordinates": [
          [
            [
              2002.244,
              765.591
            ],
            [
              2058.416,
              755.906
            ],
            [
              2064.807,
              792.979
            ],
            [
              2008.636,
              802.664
            ],
            [
              2002.244,
              765.591
            ]
          ]
        ]
      }
    },
    {
      "type": "Feature",
      "properties": {
        "id": "B-143",
        "name": "城市商住楼 48",
        "zone": "市集区",
        "frontageRoad": "M-02",
        "description": "市集区沿街独立建筑。",
        "footprint": 1972.8,
        "scaleClass": "普通建筑",
        "layer": "buildings"
      },
      "geometry": {
        "type": "Polygon",
        "coordinates": [
          [
            [
              2428.756,
              781.086
            ],
            [
              2480.638,
              773.456
            ],
            [
              2486.112,
              810.675
            ],
            [
              2434.23,
              818.305
            ],
            [
              2428.756,
              781.086
            ]
          ]
        ]
      }
    },
    {
      "type": "Feature",
      "properties": {
        "id": "B-144",
        "name": "城市商住楼 49",
        "zone": "市集区",
        "frontageRoad": "M-02",
        "description": "市集区沿街独立建筑。",
        "footprint": 2371.8,
        "scaleClass": "普通建筑",
        "layer": "buildings"
      },
      "geometry": {
        "type": "Polygon",
        "coordinates": [
          [
            [
              2495.175,
              767.285
            ],
            [
              2551.569,
              758.992
            ],
            [
              2557.623,
              800.159
            ],
            [
              2501.229,
              808.452
            ],
            [
              2495.175,
              767.285
            ]
          ]
        ]
      }
    },
    {
      "type": "Feature",
      "properties": {
        "id": "B-145",
        "name": "城市商住楼 50",
        "zone": "市集区",
        "frontageRoad": "M-02",
        "description": "市集区沿街独立建筑。",
        "footprint": 2807.1,
        "scaleClass": "普通建筑",
        "layer": "buildings"
      },
      "geometry": {
        "type": "Polygon",
        "coordinates": [
          [
            [
              2570.993,
              817.397
            ],
            [
              2631.898,
              808.441
            ],
            [
              2638.533,
              853.555
            ],
            [
              2577.628,
              862.512
            ],
            [
              2570.993,
              817.397
            ]
          ]
        ]
      }
    },
    {
      "type": "Feature",
      "properties": {
        "id": "B-146",
        "name": "城市商住楼 51",
        "zone": "市集区",
        "frontageRoad": "M-02",
        "description": "市集区沿街独立建筑。",
        "footprint": 1148.8,
        "scaleClass": "普通建筑",
        "layer": "buildings"
      },
      "geometry": {
        "type": "Polygon",
        "coordinates": [
          [
            [
              2575.195,
              767.616
            ],
            [
              2613.543,
              761.977
            ],
            [
              2617.855,
              791.302
            ],
            [
              2579.507,
              796.941
            ],
            [
              2575.195,
              767.616
            ]
          ]
        ]
      }
    },
    {
      "type": "Feature",
      "properties": {
        "id": "B-147",
        "name": "城市商住楼 52",
        "zone": "市集区",
        "frontageRoad": "M-02",
        "description": "市集区沿街独立建筑。",
        "footprint": 1456.9,
        "scaleClass": "普通建筑",
        "layer": "buildings"
      },
      "geometry": {
        "type": "Polygon",
        "coordinates": [
          [
            [
              2649.271,
              805.886
            ],
            [
              2692.13,
              799.583
            ],
            [
              2697.023,
              832.855
            ],
            [
              2654.164,
              839.158
            ],
            [
              2649.271,
              805.886
            ]
          ]
        ]
      }
    },
    {
      "type": "Feature",
      "properties": {
        "id": "B-148",
        "name": "城市商住楼 53",
        "zone": "市集区",
        "frontageRoad": "M-02",
        "description": "市集区沿街独立建筑。",
        "footprint": 1459.8,
        "scaleClass": "普通建筑",
        "layer": "buildings"
      },
      "geometry": {
        "type": "Polygon",
        "coordinates": [
          [
            [
              2781.882,
              792.572
            ],
            [
              2818.781,
              797.603
            ],
            [
              2813.484,
              836.444
            ],
            [
              2776.586,
              831.412
            ],
            [
              2781.882,
              792.572
            ]
          ]
        ]
      }
    },
    {
      "type": "Feature",
      "properties": {
        "id": "B-149",
        "name": "城市商住楼 54",
        "zone": "市集区",
        "frontageRoad": "M-02",
        "description": "市集区沿街独立建筑。",
        "footprint": 1048.8,
        "scaleClass": "普通建筑",
        "layer": "buildings"
      },
      "geometry": {
        "type": "Polygon",
        "coordinates": [
          [
            [
              2785.95,
              748.235
            ],
            [
              2826.732,
              753.796
            ],
            [
              2823.29,
              779.042
            ],
            [
              2782.507,
              773.481
            ],
            [
              2785.95,
              748.235
            ]
          ]
        ]
      }
    },
    {
      "type": "Feature",
      "properties": {
        "id": "B-150",
        "name": "城市商住楼 55",
        "zone": "市集区",
        "frontageRoad": "M-02",
        "description": "市集区沿街独立建筑。",
        "footprint": 1303.3,
        "scaleClass": "普通建筑",
        "layer": "buildings"
      },
      "geometry": {
        "type": "Polygon",
        "coordinates": [
          [
            [
              2847.356,
              801.5
            ],
            [
              2892.023,
              807.591
            ],
            [
              2888.117,
              836.236
            ],
            [
              2843.45,
              830.145
            ],
            [
              2847.356,
              801.5
            ]
          ]
        ]
      }
    },
    {
      "type": "Feature",
      "properties": {
        "id": "B-151",
        "name": "城市商住楼 56",
        "zone": "市集区",
        "frontageRoad": "M-02",
        "description": "市集区沿街独立建筑。",
        "footprint": 1584.7,
        "scaleClass": "普通建筑",
        "layer": "buildings"
      },
      "geometry": {
        "type": "Polygon",
        "coordinates": [
          [
            [
              2852.351,
              750.366
            ],
            [
              2900.901,
              756.987
            ],
            [
              2896.532,
              789.03
            ],
            [
              2847.981,
              782.41
            ],
            [
              2852.351,
              750.366
            ]
          ]
        ]
      }
    },
    {
      "type": "Feature",
      "properties": {
        "id": "B-152",
        "name": "城市商住楼 57",
        "zone": "市集区",
        "frontageRoad": "M-02",
        "description": "市集区沿街独立建筑。",
        "footprint": 1892.9,
        "scaleClass": "普通建筑",
        "layer": "buildings"
      },
      "geometry": {
        "type": "Polygon",
        "coordinates": [
          [
            [
              2912.83,
              810.428
            ],
            [
              2965.265,
              817.579
            ],
            [
              2960.432,
              853.021
            ],
            [
              2907.997,
              845.87
            ],
            [
              2912.83,
              810.428
            ]
          ]
        ]
      }
    },
    {
      "type": "Feature",
      "properties": {
        "id": "B-153",
        "name": "城市商住楼 58",
        "zone": "市集区",
        "frontageRoad": "M-02",
        "description": "市集区沿街独立建筑。",
        "footprint": 1306.1,
        "scaleClass": "普通建筑",
        "layer": "buildings"
      },
      "geometry": {
        "type": "Polygon",
        "coordinates": [
          [
            [
              2930.404,
              754.086
            ],
            [
              2963.418,
              758.588
            ],
            [
              2958.122,
              797.429
            ],
            [
              2925.107,
              792.927
            ],
            [
              2930.404,
              754.086
            ]
          ]
        ]
      }
    },
    {
      "type": "Feature",
      "properties": {
        "id": "B-154",
        "name": "城市商住楼 59",
        "zone": "市集区",
        "frontageRoad": "M-02",
        "description": "市集区沿街独立建筑。",
        "footprint": 948.9,
        "scaleClass": "普通建筑",
        "layer": "buildings"
      },
      "geometry": {
        "type": "Polygon",
        "coordinates": [
          [
            [
              2989.956,
              820.946
            ],
            [
              3026.855,
              825.977
            ],
            [
              3023.412,
              851.224
            ],
            [
              2986.514,
              846.192
            ],
            [
              2989.956,
              820.946
            ]
          ]
        ]
      }
    },
    {
      "type": "Feature",
      "properties": {
        "id": "B-155",
        "name": "城市商住楼 60",
        "zone": "市集区",
        "frontageRoad": "M-02",
        "description": "市集区沿街独立建筑。",
        "footprint": 1189.9,
        "scaleClass": "普通建筑",
        "layer": "buildings"
      },
      "geometry": {
        "type": "Polygon",
        "coordinates": [
          [
            [
              2994.488,
              773.21
            ],
            [
              3035.27,
              778.771
            ],
            [
              3031.364,
              807.416
            ],
            [
              2990.581,
              801.855
            ],
            [
              2994.488,
              773.21
            ]
          ]
        ]
      }
    },
    {
      "type": "Feature",
      "properties": {
        "id": "B-156",
        "name": "城市商住楼 61",
        "zone": "市集区",
        "frontageRoad": "M-02",
        "description": "市集区沿街独立建筑。",
        "footprint": 1457.9,
        "scaleClass": "普通建筑",
        "layer": "buildings"
      },
      "geometry": {
        "type": "Polygon",
        "coordinates": [
          [
            [
              3055.43,
              829.874
            ],
            [
              3100.097,
              835.965
            ],
            [
              3095.727,
              868.008
            ],
            [
              3051.061,
              861.917
            ],
            [
              3055.43,
              829.874
            ]
          ]
        ]
      }
    },
    {
      "type": "Feature",
      "properties": {
        "id": "B-157",
        "name": "城市商住楼 62",
        "zone": "市集区",
        "frontageRoad": "M-02",
        "description": "市集区沿街独立建筑。",
        "footprint": 1752.7,
        "scaleClass": "普通建筑",
        "layer": "buildings"
      },
      "geometry": {
        "type": "Polygon",
        "coordinates": [
          [
            [
              3060.889,
              775.341
            ],
            [
              3109.439,
              781.962
            ],
            [
              3104.606,
              817.404
            ],
            [
              3056.056,
              810.783
            ],
            [
              3060.889,
              775.341
            ]
          ]
        ]
      }
    },
    {
      "type": "Feature",
      "properties": {
        "id": "B-158",
        "name": "城市商住楼 63",
        "zone": "市集区",
        "frontageRoad": "M-03",
        "description": "市集区沿街独立建筑。",
        "footprint": 1284,
        "scaleClass": "普通建筑",
        "layer": "buildings"
      },
      "geometry": {
        "type": "Polygon",
        "coordinates": [
          [
            [
              2215.358,
              843.619
            ],
            [
              2236.102,
              881.649
            ],
            [
              2210.081,
              895.842
            ],
            [
              2189.338,
              857.812
            ],
            [
              2215.358,
              843.619
            ]
          ]
        ]
      }
    },
    {
      "type": "Feature",
      "properties": {
        "id": "B-159",
        "name": "城市商住楼 64",
        "zone": "市集区",
        "frontageRoad": "M-03",
        "description": "市集区沿街独立建筑。",
        "footprint": 1802.5,
        "scaleClass": "普通建筑",
        "layer": "buildings"
      },
      "geometry": {
        "type": "Polygon",
        "coordinates": [
          [
            [
              2352.05,
              963.694
            ],
            [
              2379.482,
              997.222
            ],
            [
              2347.278,
              1023.571
            ],
            [
              2319.846,
              990.043
            ],
            [
              2352.05,
              963.694
            ]
          ]
        ]
      }
    },
    {
      "type": "Feature",
      "properties": {
        "id": "B-160",
        "name": "工坊生产楼 16",
        "zone": "工坊区",
        "frontageRoad": "W-01",
        "description": "工坊区沿街独立建筑。",
        "footprint": 1689.5,
        "scaleClass": "普通建筑",
        "layer": "buildings"
      },
      "geometry": {
        "type": "Polygon",
        "coordinates": [
          [
            [
              2323.197,
              1410.785
            ],
            [
              2379.221,
              1400.28
            ],
            [
              2384.683,
              1429.413
            ],
            [
              2328.659,
              1439.917
            ],
            [
              2323.197,
              1410.785
            ]
          ]
        ]
      }
    },
    {
      "type": "Feature",
      "properties": {
        "id": "B-161",
        "name": "工坊生产楼 17",
        "zone": "工坊区",
        "frontageRoad": "W-01",
        "description": "工坊区沿街独立建筑。",
        "footprint": 2070.3,
        "scaleClass": "普通建筑",
        "layer": "buildings"
      },
      "geometry": {
        "type": "Polygon",
        "coordinates": [
          [
            [
              2389.022,
              1394.383
            ],
            [
              2449.528,
              1383.038
            ],
            [
              2455.725,
              1416.092
            ],
            [
              2395.22,
              1427.437
            ],
            [
              2389.022,
              1394.383
            ]
          ]
        ]
      }
    },
    {
      "type": "Feature",
      "properties": {
        "id": "B-162",
        "name": "工坊生产楼 18",
        "zone": "工坊区",
        "frontageRoad": "W-01",
        "description": "工坊区沿街独立建筑。",
        "footprint": 2807.1,
        "scaleClass": "普通建筑",
        "layer": "buildings"
      },
      "geometry": {
        "type": "Polygon",
        "coordinates": [
          [
            [
              2579.104,
              1441.981
            ],
            [
              2640.189,
              1449.617
            ],
            [
              2634.533,
              1494.865
            ],
            [
              2573.448,
              1487.229
            ],
            [
              2579.104,
              1441.981
            ]
          ]
        ]
      }
    },
    {
      "type": "Feature",
      "properties": {
        "id": "B-163",
        "name": "工坊生产楼 19",
        "zone": "工坊区",
        "frontageRoad": "W-01",
        "description": "工坊区沿街独立建筑。",
        "footprint": 1148.8,
        "scaleClass": "普通建筑",
        "layer": "buildings"
      },
      "geometry": {
        "type": "Polygon",
        "coordinates": [
          [
            [
              2597.07,
              1390.17
            ],
            [
              2635.53,
              1394.977
            ],
            [
              2631.854,
              1424.388
            ],
            [
              2593.393,
              1419.581
            ],
            [
              2597.07,
              1390.17
            ]
          ]
        ]
      }
    },
    {
      "type": "Feature",
      "properties": {
        "id": "B-164",
        "name": "工坊生产楼 20",
        "zone": "工坊区",
        "frontageRoad": "W-01",
        "description": "工坊区沿街独立建筑。",
        "footprint": 1456.9,
        "scaleClass": "普通建筑",
        "layer": "buildings"
      },
      "geometry": {
        "type": "Polygon",
        "coordinates": [
          [
            [
              2657.613,
              1451.795
            ],
            [
              2700.599,
              1457.168
            ],
            [
              2696.428,
              1490.539
            ],
            [
              2653.442,
              1485.165
            ],
            [
              2657.613,
              1451.795
            ]
          ]
        ]
      }
    },
    {
      "type": "Feature",
      "properties": {
        "id": "B-165",
        "name": "工坊生产楼 21",
        "zone": "工坊区",
        "frontageRoad": "W-01",
        "description": "工坊区沿街独立建筑。",
        "footprint": 1801.2,
        "scaleClass": "普通建筑",
        "layer": "buildings"
      },
      "geometry": {
        "type": "Polygon",
        "coordinates": [
          [
            [
              2662.994,
              1390.368
            ],
            [
              2710.504,
              1396.307
            ],
            [
              2705.838,
              1433.636
            ],
            [
              2658.328,
              1427.698
            ],
            [
              2662.994,
              1390.368
            ]
          ]
        ]
      }
    },
    {
      "type": "Feature",
      "properties": {
        "id": "B-166",
        "name": "工坊生产楼 22",
        "zone": "工坊区",
        "frontageRoad": "W-01",
        "description": "工坊区沿街独立建筑。",
        "footprint": 2182,
        "scaleClass": "普通建筑",
        "layer": "buildings"
      },
      "geometry": {
        "type": "Polygon",
        "coordinates": [
          [
            [
              2722.548,
              1459.912
            ],
            [
              2774.583,
              1466.416
            ],
            [
              2769.422,
              1507.705
            ],
            [
              2717.387,
              1501.201
            ],
            [
              2722.548,
              1459.912
            ]
          ]
        ]
      }
    },
    {
      "type": "Feature",
      "properties": {
        "id": "B-167",
        "name": "工坊生产楼 23",
        "zone": "工坊区",
        "frontageRoad": "W-01",
        "description": "工坊区沿街独立建筑。",
        "footprint": 1303.3,
        "scaleClass": "普通建筑",
        "layer": "buildings"
      },
      "geometry": {
        "type": "Polygon",
        "coordinates": [
          [
            [
              2910.225,
              1462.569
            ],
            [
              2955.057,
              1457.85
            ],
            [
              2958.083,
              1486.601
            ],
            [
              2913.251,
              1491.32
            ],
            [
              2910.225,
              1462.569
            ]
          ]
        ]
      }
    },
    {
      "type": "Feature",
      "properties": {
        "id": "B-168",
        "name": "工坊生产楼 24",
        "zone": "工坊区",
        "frontageRoad": "W-01",
        "description": "工坊区沿街独立建筑。",
        "footprint": 1584.7,
        "scaleClass": "普通建筑",
        "layer": "buildings"
      },
      "geometry": {
        "type": "Polygon",
        "coordinates": [
          [
            [
              2902.378,
              1406.744
            ],
            [
              2951.108,
              1401.614
            ],
            [
              2954.494,
              1433.776
            ],
            [
              2905.763,
              1438.906
            ],
            [
              2902.378,
              1406.744
            ]
          ]
        ]
      }
    },
    {
      "type": "Feature",
      "properties": {
        "id": "B-169",
        "name": "工坊生产楼 25",
        "zone": "工坊区",
        "frontageRoad": "W-01",
        "description": "工坊区沿街独立建筑。",
        "footprint": 1892.9,
        "scaleClass": "普通建筑",
        "layer": "buildings"
      },
      "geometry": {
        "type": "Polygon",
        "coordinates": [
          [
            [
              2975.942,
              1455.651
            ],
            [
              3028.571,
              1450.111
            ],
            [
              3032.315,
              1485.685
            ],
            [
              2979.686,
              1491.225
            ],
            [
              2975.942,
              1455.651
            ]
          ]
        ]
      }
    },
    {
      "type": "Feature",
      "properties": {
        "id": "B-170",
        "name": "工坊生产楼 26",
        "zone": "工坊区",
        "frontageRoad": "W-01",
        "description": "工坊区沿街独立建筑。",
        "footprint": 1306.1,
        "scaleClass": "普通建筑",
        "layer": "buildings"
      },
      "geometry": {
        "type": "Polygon",
        "coordinates": [
          [
            [
              2979.072,
              1391.773
            ],
            [
              3012.209,
              1388.285
            ],
            [
              3016.312,
              1427.269
            ],
            [
              2983.175,
              1430.757
            ],
            [
              2979.072,
              1391.773
            ]
          ]
        ]
      }
    },
    {
      "type": "Feature",
      "properties": {
        "id": "B-171",
        "name": "工坊生产楼 27",
        "zone": "工坊区",
        "frontageRoad": "W-01",
        "description": "工坊区沿街独立建筑。",
        "footprint": 948.9,
        "scaleClass": "普通建筑",
        "layer": "buildings"
      },
      "geometry": {
        "type": "Polygon",
        "coordinates": [
          [
            [
              3053.354,
              1447.503
            ],
            [
              3090.389,
              1443.604
            ],
            [
              3093.057,
              1468.944
            ],
            [
              3056.021,
              1472.843
            ],
            [
              3053.354,
              1447.503
            ]
          ]
        ]
      }
    },
    {
      "type": "Feature",
      "properties": {
        "id": "B-172",
        "name": "工坊生产楼 28",
        "zone": "工坊区",
        "frontageRoad": "W-01",
        "description": "工坊区沿街独立建筑。",
        "footprint": 1189.9,
        "scaleClass": "普通建筑",
        "layer": "buildings"
      },
      "geometry": {
        "type": "Polygon",
        "coordinates": [
          [
            [
              3045.866,
              1395.089
            ],
            [
              3086.8,
              1390.78
            ],
            [
              3089.826,
              1419.531
            ],
            [
              3048.892,
              1423.84
            ],
            [
              3045.866,
              1395.089
            ]
          ]
        ]
      }
    },
    {
      "type": "Feature",
      "properties": {
        "id": "B-173",
        "name": "学院教学附属楼 48",
        "zone": "教学区",
        "frontageRoad": "T-01",
        "description": "教学区沿街独立建筑。",
        "footprint": 1325.3,
        "scaleClass": "普通建筑",
        "layer": "buildings"
      },
      "geometry": {
        "type": "Polygon",
        "coordinates": [
          [
            [
              90.045,
              366.908
            ],
            [
              134.313,
              365.879
            ],
            [
              135.009,
              395.801
            ],
            [
              90.741,
              396.83
            ],
            [
              90.045,
              366.908
            ]
          ]
        ]
      }
    },
    {
      "type": "Feature",
      "properties": {
        "id": "B-174",
        "name": "学院教学附属楼 49",
        "zone": "教学区",
        "frontageRoad": "T-01",
        "description": "教学区沿街独立建筑。",
        "footprint": 914.5,
        "scaleClass": "普通建筑",
        "layer": "buildings"
      },
      "geometry": {
        "type": "Polygon",
        "coordinates": [
          [
            [
              97.062,
              315.931
            ],
            [
              124.934,
              315.283
            ],
            [
              125.697,
              348.074
            ],
            [
              97.824,
              348.723
            ],
            [
              97.062,
              315.931
            ]
          ]
        ]
      }
    },
    {
      "type": "Feature",
      "properties": {
        "id": "B-175",
        "name": "学院教学附属楼 50",
        "zone": "教学区",
        "frontageRoad": "T-01",
        "description": "教学区沿街独立建筑。",
        "footprint": 664.3,
        "scaleClass": "普通建筑",
        "layer": "buildings"
      },
      "geometry": {
        "type": "Polygon",
        "coordinates": [
          [
            [
              166.584,
              365.128
            ],
            [
              197.736,
              364.404
            ],
            [
              198.232,
              385.718
            ],
            [
              167.08,
              386.443
            ],
            [
              166.584,
              365.128
            ]
          ]
        ]
      }
    },
    {
      "type": "Feature",
      "properties": {
        "id": "B-176",
        "name": "学院教学附属楼 51",
        "zone": "教学区",
        "frontageRoad": "T-01",
        "description": "教学区沿街独立建筑。",
        "footprint": 833.1,
        "scaleClass": "普通建筑",
        "layer": "buildings"
      },
      "geometry": {
        "type": "Polygon",
        "coordinates": [
          [
            [
              163.964,
              322.988
            ],
            [
              198.394,
              322.187
            ],
            [
              198.957,
              346.371
            ],
            [
              164.526,
              347.171
            ],
            [
              163.964,
              322.988
            ]
          ]
        ]
      }
    },
    {
      "type": "Feature",
      "properties": {
        "id": "B-177",
        "name": "学院教学附属楼 52",
        "zone": "教学区",
        "frontageRoad": "T-01",
        "description": "教学区沿街独立建筑。",
        "footprint": 1020.7,
        "scaleClass": "普通建筑",
        "layer": "buildings"
      },
      "geometry": {
        "type": "Polygon",
        "coordinates": [
          [
            [
              233.286,
              363.577
            ],
            [
              270.996,
              362.7
            ],
            [
              271.625,
              389.753
            ],
            [
              233.915,
              390.63
            ],
            [
              233.286,
              363.577
            ]
          ]
        ]
      }
    },
    {
      "type": "Feature",
      "properties": {
        "id": "B-178",
        "name": "学院教学附属楼 53",
        "zone": "教学区",
        "frontageRoad": "T-01",
        "description": "教学区沿街独立建筑。",
        "footprint": 1227.1,
        "scaleClass": "普通建筑",
        "layer": "buildings"
      },
      "geometry": {
        "type": "Polygon",
        "coordinates": [
          [
            [
              230.532,
              315.698
            ],
            [
              271.521,
              314.745
            ],
            [
              272.217,
              344.667
            ],
            [
              231.228,
              345.62
            ],
            [
              230.532,
              315.698
            ]
          ]
        ]
      }
    },
    {
      "type": "Feature",
      "properties": {
        "id": "B-179",
        "name": "学院教学附属楼 54",
        "zone": "教学区",
        "frontageRoad": "T-01",
        "description": "教学区沿街独立建筑。",
        "footprint": 1452.4,
        "scaleClass": "普通建筑",
        "layer": "buildings"
      },
      "geometry": {
        "type": "Polygon",
        "coordinates": [
          [
            [
              299.988,
              362.026
            ],
            [
              344.256,
              360.996
            ],
            [
              345.019,
              393.788
            ],
            [
              300.751,
              394.817
            ],
            [
              299.988,
              362.026
            ]
          ]
        ]
      }
    },
    {
      "type": "Feature",
      "properties": {
        "id": "B-180",
        "name": "学院教学附属楼 55",
        "zone": "教学区",
        "frontageRoad": "T-01",
        "description": "教学区沿街独立建筑。",
        "footprint": 594.4,
        "scaleClass": "普通建筑",
        "layer": "buildings"
      },
      "geometry": {
        "type": "Polygon",
        "coordinates": [
          [
            [
              307.272,
              322.526
            ],
            [
              335.144,
              321.878
            ],
            [
              335.64,
              343.192
            ],
            [
              307.767,
              343.84
            ],
            [
              307.272,
              322.526
            ]
          ]
        ]
      }
    },
    {
      "type": "Feature",
      "properties": {
        "id": "B-181",
        "name": "学院教学附属楼 56",
        "zone": "教学区",
        "frontageRoad": "T-01",
        "description": "教学区沿街独立建筑。",
        "footprint": 1191.9,
        "scaleClass": "普通建筑",
        "layer": "buildings"
      },
      "geometry": {
        "type": "Polygon",
        "coordinates": [
          [
            [
              454.073,
              361.984
            ],
            [
              487.151,
              365.993
            ],
            [
              482.847,
              401.503
            ],
            [
              449.769,
              397.494
            ],
            [
              454.073,
              361.984
            ]
          ]
        ]
      }
    },
    {
      "type": "Feature",
      "properties": {
        "id": "B-182",
        "name": "学院教学附属楼 57",
        "zone": "教学区",
        "frontageRoad": "T-01",
        "description": "教学区沿街独立建筑。",
        "footprint": 1459.8,
        "scaleClass": "普通建筑",
        "layer": "buildings"
      },
      "geometry": {
        "type": "Polygon",
        "coordinates": [
          [
            [
              459.01,
              304.964
            ],
            [
              495.979,
              309.445
            ],
            [
              491.263,
              348.36
            ],
            [
              454.293,
              343.879
            ],
            [
              459.01,
              304.964
            ]
          ]
        ]
      }
    },
    {
      "type": "Feature",
      "properties": {
        "id": "B-183",
        "name": "学院教学附属楼 58",
        "zone": "教学区",
        "frontageRoad": "T-01",
        "description": "教学区沿街独立建筑。",
        "footprint": 1048.8,
        "scaleClass": "普通建筑",
        "layer": "buildings"
      },
      "geometry": {
        "type": "Polygon",
        "coordinates": [
          [
            [
              519.673,
              369.935
            ],
            [
              560.534,
              374.888
            ],
            [
              557.468,
              400.183
            ],
            [
              516.607,
              395.23
            ],
            [
              519.673,
              369.935
            ]
          ]
        ]
      }
    },
    {
      "type": "Feature",
      "properties": {
        "id": "B-184",
        "name": "学院教学附属楼 59",
        "zone": "教学区",
        "frontageRoad": "T-01",
        "description": "教学区沿街独立建筑。",
        "footprint": 1303.3,
        "scaleClass": "普通建筑",
        "layer": "buildings"
      },
      "geometry": {
        "type": "Polygon",
        "coordinates": [
          [
            [
              523.372,
              323.13
            ],
            [
              568.124,
              328.555
            ],
            [
              564.645,
              357.255
            ],
            [
              519.893,
              351.83
            ],
            [
              523.372,
              323.13
            ]
          ]
        ]
      }
    },
    {
      "type": "Feature",
      "properties": {
        "id": "B-185",
        "name": "学院教学附属楼 60",
        "zone": "教学区",
        "frontageRoad": "T-01",
        "description": "教学区沿街独立建筑。",
        "footprint": 1584.7,
        "scaleClass": "普通建筑",
        "layer": "buildings"
      },
      "geometry": {
        "type": "Polygon",
        "coordinates": [
          [
            [
              591.33,
              327.913
            ],
            [
              639.974,
              333.809
            ],
            [
              636.083,
              365.914
            ],
            [
              587.439,
              360.018
            ],
            [
              591.33,
              327.913
            ]
          ]
        ]
      }
    },
    {
      "type": "Feature",
      "properties": {
        "id": "B-186",
        "name": "学院教学附属楼 61",
        "zone": "教学区",
        "frontageRoad": "T-01",
        "description": "教学区沿街独立建筑。",
        "footprint": 1892.9,
        "scaleClass": "普通建筑",
        "layer": "buildings"
      },
      "geometry": {
        "type": "Polygon",
        "coordinates": [
          [
            [
              659.288,
              332.695
            ],
            [
              711.824,
              339.063
            ],
            [
              707.52,
              374.573
            ],
            [
              654.984,
              368.205
            ],
            [
              659.288,
              332.695
            ]
          ]
        ]
      }
    },
    {
      "type": "Feature",
      "properties": {
        "id": "B-187",
        "name": "学院教学附属楼 62",
        "zone": "教学区",
        "frontageRoad": "T-01",
        "description": "教学区沿街独立建筑。",
        "footprint": 1529.9,
        "scaleClass": "普通建筑",
        "layer": "buildings"
      },
      "geometry": {
        "type": "Polygon",
        "coordinates": [
          [
            [
              776.312,
              397.51
            ],
            [
              829.001,
              392.571
            ],
            [
              831.7,
              421.354
            ],
            [
              779.011,
              426.294
            ],
            [
              776.312,
              397.51
            ]
          ]
        ]
      }
    },
    {
      "type": "Feature",
      "properties": {
        "id": "B-188",
        "name": "学院教学附属楼 63",
        "zone": "教学区",
        "frontageRoad": "T-01",
        "description": "教学区沿街独立建筑。",
        "footprint": 1077.6,
        "scaleClass": "普通建筑",
        "layer": "buildings"
      },
      "geometry": {
        "type": "Polygon",
        "coordinates": [
          [
            [
              781.371,
              346.475
            ],
            [
              814.545,
              343.365
            ],
            [
              817.564,
              375.564
            ],
            [
              784.389,
              378.674
            ],
            [
              781.371,
              346.475
            ]
          ]
        ]
      }
    },
    {
      "type": "Feature",
      "properties": {
        "id": "B-189",
        "name": "学院教学附属楼 64",
        "zone": "教学区",
        "frontageRoad": "T-01",
        "description": "教学区沿街独立建筑。",
        "footprint": 1332.1,
        "scaleClass": "普通建筑",
        "layer": "buildings"
      },
      "geometry": {
        "type": "Polygon",
        "coordinates": [
          [
            [
              853.812,
              390.245
            ],
            [
              890.89,
              386.769
            ],
            [
              894.229,
              422.382
            ],
            [
              857.151,
              425.858
            ],
            [
              853.812,
              390.245
            ]
          ]
        ]
      }
    },
    {
      "type": "Feature",
      "properties": {
        "id": "B-190",
        "name": "学院教学附属楼 65",
        "zone": "教学区",
        "frontageRoad": "T-01",
        "description": "教学区沿街独立建筑。",
        "footprint": 1613.5,
        "scaleClass": "普通建筑",
        "layer": "buildings"
      },
      "geometry": {
        "type": "Polygon",
        "coordinates": [
          [
            [
              846.522,
              333.477
            ],
            [
              887.502,
              329.635
            ],
            [
              891.161,
              368.664
            ],
            [
              850.181,
              372.506
            ],
            [
              846.522,
              333.477
            ]
          ]
        ]
      }
    },
    {
      "type": "Feature",
      "properties": {
        "id": "B-191",
        "name": "学院教学附属楼 66",
        "zone": "教学区",
        "frontageRoad": "T-01",
        "description": "教学区沿街独立建筑。",
        "footprint": 1148.6,
        "scaleClass": "普通建筑",
        "layer": "buildings"
      },
      "geometry": {
        "type": "Polygon",
        "coordinates": [
          [
            [
              919.604,
              384.077
            ],
            [
              964.487,
              379.869
            ],
            [
              966.865,
              405.238
            ],
            [
              921.982,
              409.445
            ],
            [
              919.604,
              384.077
            ]
          ]
        ]
      }
    },
    {
      "type": "Feature",
      "properties": {
        "id": "B-192",
        "name": "学院教学附属楼 67",
        "zone": "教学区",
        "frontageRoad": "T-01",
        "description": "教学区沿街独立建筑。",
        "footprint": 1416.6,
        "scaleClass": "普通建筑",
        "layer": "buildings"
      },
      "geometry": {
        "type": "Polygon",
        "coordinates": [
          [
            [
              913.274,
              337.554
            ],
            [
              962.06,
              332.981
            ],
            [
              964.758,
              361.764
            ],
            [
              915.972,
              366.338
            ],
            [
              913.274,
              337.554
            ]
          ]
        ]
      }
    },
    {
      "type": "Feature",
      "properties": {
        "id": "B-193",
        "name": "学院教学附属楼 68",
        "zone": "教学区",
        "frontageRoad": "T-01",
        "description": "教学区沿街独立建筑。",
        "footprint": 1711.4,
        "scaleClass": "普通建筑",
        "layer": "buildings"
      },
      "geometry": {
        "type": "Polygon",
        "coordinates": [
          [
            [
              985.395,
              377.909
            ],
            [
              1038.084,
              372.969
            ],
            [
              1041.103,
              405.168
            ],
            [
              988.414,
              410.107
            ],
            [
              985.395,
              377.909
            ]
          ]
        ]
      }
    },
    {
      "type": "Feature",
      "properties": {
        "id": "B-194",
        "name": "学院教学附属楼 69",
        "zone": "教学区",
        "frontageRoad": "T-01",
        "description": "教学区沿街独立建筑。",
        "footprint": 1191.9,
        "scaleClass": "普通建筑",
        "layer": "buildings"
      },
      "geometry": {
        "type": "Polygon",
        "coordinates": [
          [
            [
              990.134,
              323.459
            ],
            [
              1023.308,
              320.349
            ],
            [
              1026.647,
              355.962
            ],
            [
              993.472,
              359.072
            ],
            [
              990.134,
              323.459
            ]
          ]
        ]
      }
    },
    {
      "type": "Feature",
      "properties": {
        "id": "B-195",
        "name": "学院教学附属楼 70",
        "zone": "教学区",
        "frontageRoad": "T-01",
        "description": "教学区沿街独立建筑。",
        "footprint": 963.3,
        "scaleClass": "普通建筑",
        "layer": "buildings"
      },
      "geometry": {
        "type": "Polygon",
        "coordinates": [
          [
            [
              1173.195,
              382.03
            ],
            [
              1206.199,
              386.614
            ],
            [
              1202.222,
              415.249
            ],
            [
              1169.218,
              410.665
            ],
            [
              1173.195,
              382.03
            ]
          ]
        ]
      }
    },
    {
      "type": "Feature",
      "properties": {
        "id": "B-196",
        "name": "学院教学附属楼 71",
        "zone": "教学区",
        "frontageRoad": "T-01",
        "description": "教学区沿街独立建筑。",
        "footprint": 1204.3,
        "scaleClass": "普通建筑",
        "layer": "buildings"
      },
      "geometry": {
        "type": "Polygon",
        "coordinates": [
          [
            [
              1178.179,
              331.899
            ],
            [
              1215.065,
              337.022
            ],
            [
              1210.616,
              369.055
            ],
            [
              1173.73,
              363.932
            ],
            [
              1178.179,
              331.899
            ]
          ]
        ]
      }
    },
    {
      "type": "Feature",
      "properties": {
        "id": "B-197",
        "name": "学院教学附属楼 72",
        "zone": "教学区",
        "frontageRoad": "T-01",
        "description": "教学区沿街独立建筑。",
        "footprint": 1472.3,
        "scaleClass": "普通建筑",
        "layer": "buildings"
      },
      "geometry": {
        "type": "Polygon",
        "coordinates": [
          [
            [
              1246.044,
              337.862
            ],
            [
              1286.813,
              343.524
            ],
            [
              1281.892,
              378.954
            ],
            [
              1241.123,
              373.292
            ],
            [
              1246.044,
              337.862
            ]
          ]
        ]
      }
    },
    {
      "type": "Feature",
      "properties": {
        "id": "B-198",
        "name": "学院教学附属楼 73",
        "zone": "教学区",
        "frontageRoad": "T-01",
        "description": "教学区沿街独立建筑。",
        "footprint": 1767.1,
        "scaleClass": "普通建筑",
        "layer": "buildings"
      },
      "geometry": {
        "type": "Polygon",
        "coordinates": [
          [
            [
              1313.909,
              343.825
            ],
            [
              1358.561,
              350.026
            ],
            [
              1353.168,
              388.854
            ],
            [
              1308.516,
              382.652
            ],
            [
              1313.909,
              343.825
            ]
          ]
        ]
      }
    },
    {
      "type": "Feature",
      "properties": {
        "id": "B-199",
        "name": "学院教学附属楼 74",
        "zone": "教学区",
        "frontageRoad": "T-01",
        "description": "教学区沿街独立建筑。",
        "footprint": 1248.5,
        "scaleClass": "普通建筑",
        "layer": "buildings"
      },
      "geometry": {
        "type": "Polygon",
        "coordinates": [
          [
            [
              1373.433,
              409.841
            ],
            [
              1421.967,
              416.582
            ],
            [
              1418.462,
              441.82
            ],
            [
              1369.928,
              435.079
            ],
            [
              1373.433,
              409.841
            ]
          ]
        ]
      }
    },
    {
      "type": "Feature",
      "properties": {
        "id": "B-200",
        "name": "学院教学附属楼 75",
        "zone": "教学区",
        "frontageRoad": "T-01",
        "description": "教学区沿街独立建筑。",
        "footprint": 1529.9,
        "scaleClass": "普通建筑",
        "layer": "buildings"
      },
      "geometry": {
        "type": "Polygon",
        "coordinates": [
          [
            [
              1377.945,
              363.107
            ],
            [
              1430.362,
              370.388
            ],
            [
              1426.385,
              399.023
            ],
            [
              1373.968,
              391.743
            ],
            [
              1377.945,
              363.107
            ]
          ]
        ]
      }
    },
    {
      "type": "Feature",
      "properties": {
        "id": "B-201",
        "name": "学院教学附属楼 76",
        "zone": "教学区",
        "frontageRoad": "T-03",
        "description": "教学区沿街独立建筑。",
        "footprint": 1303.3,
        "scaleClass": "普通建筑",
        "layer": "buildings"
      },
      "geometry": {
        "type": "Polygon",
        "coordinates": [
          [
            [
              514.681,
              620.559
            ],
            [
              521.803,
              665.072
            ],
            [
              493.257,
              669.64
            ],
            [
              486.134,
              625.126
            ],
            [
              514.681,
              620.559
            ]
          ]
        ]
      }
    },
    {
      "type": "Feature",
      "properties": {
        "id": "B-202",
        "name": "学院教学附属楼 77",
        "zone": "教学区",
        "frontageRoad": "T-03",
        "description": "教学区沿街独立建筑。",
        "footprint": 1584.7,
        "scaleClass": "普通建筑",
        "layer": "buildings"
      },
      "geometry": {
        "type": "Polygon",
        "coordinates": [
          [
            [
              525.431,
              687.744
            ],
            [
              533.172,
              736.129
            ],
            [
              501.239,
              741.238
            ],
            [
              493.497,
              692.853
            ],
            [
              525.431,
              687.744
            ]
          ]
        ]
      }
    },
    {
      "type": "Feature",
      "properties": {
        "id": "B-203",
        "name": "学院教学附属楼 78",
        "zone": "教学区",
        "frontageRoad": "T-03",
        "description": "教学区沿街独立建筑。",
        "footprint": 1689.5,
        "scaleClass": "普通建筑",
        "layer": "buildings"
      },
      "geometry": {
        "type": "Polygon",
        "coordinates": [
          [
            [
              607.284,
              919.345
            ],
            [
              643.999,
              962.945
            ],
            [
              621.327,
              982.037
            ],
            [
              584.612,
              938.437
            ],
            [
              607.284,
              919.345
            ]
          ]
        ]
      }
    },
    {
      "type": "Feature",
      "properties": {
        "id": "B-204",
        "name": "学院教学附属楼 79",
        "zone": "教学区",
        "frontageRoad": "T-03",
        "description": "教学区沿街独立建筑。",
        "footprint": 2070.3,
        "scaleClass": "普通建筑",
        "layer": "buildings"
      },
      "geometry": {
        "type": "Polygon",
        "coordinates": [
          [
            [
              644.542,
              884.989
            ],
            [
              684.195,
              932.077
            ],
            [
              658.471,
              953.739
            ],
            [
              618.818,
              906.651
            ],
            [
              644.542,
              884.989
            ]
          ]
        ]
      }
    },
    {
      "type": "Feature",
      "properties": {
        "id": "B-205",
        "name": "学院教学附属楼 80",
        "zone": "教学区",
        "frontageRoad": "T-03",
        "description": "教学区沿街独立建筑。",
        "footprint": 1458.2,
        "scaleClass": "普通建筑",
        "layer": "buildings"
      },
      "geometry": {
        "type": "Polygon",
        "coordinates": [
          [
            [
              658.248,
              979.865
            ],
            [
              683.214,
              1009.513
            ],
            [
              654.438,
              1033.745
            ],
            [
              629.472,
              1004.097
            ],
            [
              658.248,
              979.865
            ]
          ]
        ]
      }
    },
    {
      "type": "Feature",
      "properties": {
        "id": "B-206",
        "name": "学院教学附属楼 81",
        "zone": "教学区",
        "frontageRoad": "T-03",
        "description": "教学区沿街独立建筑。",
        "footprint": 1802.5,
        "scaleClass": "普通建筑",
        "layer": "buildings"
      },
      "geometry": {
        "type": "Polygon",
        "coordinates": [
          [
            [
              701.61,
              940.368
            ],
            [
              729.514,
              973.504
            ],
            [
              697.686,
              1000.307
            ],
            [
              669.782,
              967.171
            ],
            [
              701.61,
              940.368
            ]
          ]
        ]
      }
    },
    {
      "type": "Feature",
      "properties": {
        "id": "B-207",
        "name": "学院教学附属楼 82",
        "zone": "教学区",
        "frontageRoad": "T-03",
        "description": "教学区沿街独立建筑。",
        "footprint": 1456.9,
        "scaleClass": "普通建筑",
        "layer": "buildings"
      },
      "geometry": {
        "type": "Polygon",
        "coordinates": [
          [
            [
              737.323,
              1053.634
            ],
            [
              779.063,
              1065.228
            ],
            [
              770.062,
              1097.631
            ],
            [
              728.322,
              1086.037
            ],
            [
              737.323,
              1053.634
            ]
          ]
        ]
      }
    },
    {
      "type": "Feature",
      "properties": {
        "id": "B-208",
        "name": "学院教学附属楼 83",
        "zone": "教学区",
        "frontageRoad": "T-03",
        "description": "教学区沿街独立建筑。",
        "footprint": 1801.2,
        "scaleClass": "普通建筑",
        "layer": "buildings"
      },
      "geometry": {
        "type": "Polygon",
        "coordinates": [
          [
            [
              749.745,
              1000.396
            ],
            [
              795.878,
              1013.211
            ],
            [
              785.809,
              1049.459
            ],
            [
              739.676,
              1036.644
            ],
            [
              749.745,
              1000.396
            ]
          ]
        ]
      }
    },
    {
      "type": "Feature",
      "properties": {
        "id": "B-209",
        "name": "学院教学附属楼 84",
        "zone": "教学区",
        "frontageRoad": "T-04",
        "description": "教学区沿街独立建筑。",
        "footprint": 2074.5,
        "scaleClass": "普通建筑",
        "layer": "buildings"
      },
      "geometry": {
        "type": "Polygon",
        "coordinates": [
          [
            [
              396.04,
              527.514
            ],
            [
              448.857,
              524.213
            ],
            [
              451.302,
              563.337
            ],
            [
              398.485,
              566.638
            ],
            [
              396.04,
              527.514
            ]
          ]
        ]
      }
    },
    {
      "type": "Feature",
      "properties": {
        "id": "B-210",
        "name": "学院教学附属楼 85",
        "zone": "教学区",
        "frontageRoad": "T-04",
        "description": "教学区沿街独立建筑。",
        "footprint": 849,
        "scaleClass": "普通建筑",
        "layer": "buildings"
      },
      "geometry": {
        "type": "Polygon",
        "coordinates": [
          [
            [
              403.171,
              484.506
            ],
            [
              436.426,
              482.427
            ],
            [
              438.016,
              507.857
            ],
            [
              404.76,
              509.936
            ],
            [
              403.171,
              484.506
            ]
          ]
        ]
      }
    },
    {
      "type": "Feature",
      "properties": {
        "id": "B-211",
        "name": "学院教学附属楼 86",
        "zone": "教学区",
        "frontageRoad": "T-04",
        "description": "教学区沿街独立建筑。",
        "footprint": 1076.6,
        "scaleClass": "普通建筑",
        "layer": "buildings"
      },
      "geometry": {
        "type": "Polygon",
        "coordinates": [
          [
            [
              473.728,
              522.659
            ],
            [
              510.896,
              520.336
            ],
            [
              512.699,
              549.189
            ],
            [
              475.532,
              551.512
            ],
            [
              473.728,
              522.659
            ]
          ]
        ]
      }
    },
    {
      "type": "Feature",
      "properties": {
        "id": "B-212",
        "name": "学院教学附属楼 87",
        "zone": "教学区",
        "frontageRoad": "T-04",
        "description": "教学区沿街独立建筑。",
        "footprint": 1331.1,
        "scaleClass": "普通建筑",
        "layer": "buildings"
      },
      "geometry": {
        "type": "Polygon",
        "coordinates": [
          [
            [
              468.694,
              473.537
            ],
            [
              509.774,
              470.969
            ],
            [
              511.792,
              503.246
            ],
            [
              470.712,
              505.814
            ],
            [
              468.694,
              473.537
            ]
          ]
        ]
      }
    },
    {
      "type": "Feature",
      "properties": {
        "id": "B-213",
        "name": "学院教学附属楼 88",
        "zone": "教学区",
        "frontageRoad": "T-04",
        "description": "教学区沿街独立建筑。",
        "footprint": 1612.5,
        "scaleClass": "普通建筑",
        "layer": "buildings"
      },
      "geometry": {
        "type": "Polygon",
        "coordinates": [
          [
            [
              539.68,
              518.537
            ],
            [
              584.672,
              515.725
            ],
            [
              586.903,
              551.425
            ],
            [
              541.911,
              554.237
            ],
            [
              539.68,
              518.537
            ]
          ]
        ]
      }
    },
    {
      "type": "Feature",
      "properties": {
        "id": "B-214",
        "name": "学院教学附属楼 89",
        "zone": "教学区",
        "frontageRoad": "T-04",
        "description": "教学区沿街独立建筑。",
        "footprint": 1920.8,
        "scaleClass": "普通建筑",
        "layer": "buildings"
      },
      "geometry": {
        "type": "Polygon",
        "coordinates": [
          [
            [
              607.587,
              514.292
            ],
            [
              656.492,
              511.236
            ],
            [
              658.937,
              550.36
            ],
            [
              610.032,
              553.416
            ],
            [
              607.587,
              514.292
            ]
          ]
        ]
      }
    },
    {
      "type": "Feature",
      "properties": {
        "id": "B-215",
        "name": "学院教学附属楼 90",
        "zone": "教学区",
        "frontageRoad": "T-04",
        "description": "教学区沿街独立建筑。",
        "footprint": 1584.7,
        "scaleClass": "普通建筑",
        "layer": "buildings"
      },
      "geometry": {
        "type": "Polygon",
        "coordinates": [
          [
            [
              786.59,
              515.186
            ],
            [
              835.446,
              518.944
            ],
            [
              832.966,
              551.189
            ],
            [
              784.11,
              547.431
            ],
            [
              786.59,
              515.186
            ]
          ]
        ]
      }
    },
    {
      "type": "Feature",
      "properties": {
        "id": "B-216",
        "name": "学院教学附属楼 91",
        "zone": "教学区",
        "frontageRoad": "T-04",
        "description": "教学区沿街独立建筑。",
        "footprint": 1892.9,
        "scaleClass": "普通建筑",
        "layer": "buildings"
      },
      "geometry": {
        "type": "Polygon",
        "coordinates": [
          [
            [
              788.683,
              462.421
            ],
            [
              841.448,
              466.48
            ],
            [
              838.704,
              502.144
            ],
            [
              785.94,
              498.086
            ],
            [
              788.683,
              462.421
            ]
          ]
        ]
      }
    },
    {
      "type": "Feature",
      "properties": {
        "id": "B-217",
        "name": "学院教学附属楼 92",
        "zone": "教学区",
        "frontageRoad": "T-04",
        "description": "教学区沿街独立建筑。",
        "footprint": 1306.1,
        "scaleClass": "普通建筑",
        "layer": "buildings"
      },
      "geometry": {
        "type": "Polygon",
        "coordinates": [
          [
            [
              864.201,
              521.156
            ],
            [
              897.423,
              523.711
            ],
            [
              894.416,
              562.796
            ],
            [
              861.195,
              560.24
            ],
            [
              864.201,
              521.156
            ]
          ]
        ]
      }
    },
    {
      "type": "Feature",
      "properties": {
        "id": "B-218",
        "name": "城邦生活街屋 26",
        "zone": "生活区",
        "frontageRoad": "L-02",
        "description": "生活区沿街独立建筑。",
        "footprint": 1030.8,
        "scaleClass": "普通建筑",
        "layer": "buildings"
      },
      "geometry": {
        "type": "Polygon",
        "coordinates": [
          [
            [
              105.804,
              1765.405
            ],
            [
              139.898,
              1760.535
            ],
            [
              144.13,
              1790.164
            ],
            [
              110.036,
              1795.034
            ],
            [
              105.804,
              1765.405
            ]
          ]
        ]
      }
    },
    {
      "type": "Feature",
      "properties": {
        "id": "B-219",
        "name": "城邦生活街屋 27",
        "zone": "生活区",
        "frontageRoad": "L-02",
        "description": "生活区沿街独立建筑。",
        "footprint": 1237.2,
        "scaleClass": "普通建筑",
        "layer": "buildings"
      },
      "geometry": {
        "type": "Polygon",
        "coordinates": [
          [
            [
              96.996,
              1715.348
            ],
            [
              134.337,
              1710.013
            ],
            [
              138.976,
              1742.484
            ],
            [
              101.635,
              1747.818
            ],
            [
              96.996,
              1715.348
            ]
          ]
        ]
      }
    },
    {
      "type": "Feature",
      "properties": {
        "id": "B-220",
        "name": "城邦生活街屋 28",
        "zone": "生活区",
        "frontageRoad": "L-02",
        "description": "生活区沿街独立建筑。",
        "footprint": 1248.5,
        "scaleClass": "普通建筑",
        "layer": "buildings"
      },
      "geometry": {
        "type": "Polygon",
        "coordinates": [
          [
            [
              167.893,
              1756.535
            ],
            [
              216.401,
              1749.606
            ],
            [
              220.004,
              1774.829
            ],
            [
              171.497,
              1781.759
            ],
            [
              167.893,
              1756.535
            ]
          ]
        ]
      }
    },
    {
      "type": "Feature",
      "properties": {
        "id": "B-221",
        "name": "城邦生活街屋 29",
        "zone": "生活区",
        "frontageRoad": "L-02",
        "description": "生活区沿街独立建筑。",
        "footprint": 1529.9,
        "scaleClass": "普通建筑",
        "layer": "buildings"
      },
      "geometry": {
        "type": "Polygon",
        "coordinates": [
          [
            [
              159.319,
              1710.374
            ],
            [
              211.707,
              1702.89
            ],
            [
              215.796,
              1731.509
            ],
            [
              163.407,
              1738.993
            ],
            [
              159.319,
              1710.374
            ]
          ]
        ]
      }
    },
    {
      "type": "Feature",
      "properties": {
        "id": "B-222",
        "name": "城邦生活街屋 30",
        "zone": "生活区",
        "frontageRoad": "L-02",
        "description": "生活区沿街独立建筑。",
        "footprint": 1077.6,
        "scaleClass": "普通建筑",
        "layer": "buildings"
      },
      "geometry": {
        "type": "Polygon",
        "coordinates": [
          [
            [
              244.951,
              1745.527
            ],
            [
              277.936,
              1740.815
            ],
            [
              282.51,
              1772.83
            ],
            [
              249.525,
              1777.542
            ],
            [
              244.951,
              1745.527
            ]
          ]
        ]
      }
    },
    {
      "type": "Feature",
      "properties": {
        "id": "B-223",
        "name": "城邦生活街屋 31",
        "zone": "生活区",
        "frontageRoad": "L-02",
        "description": "生活区沿街独立建筑。",
        "footprint": 1332.1,
        "scaleClass": "普通建筑",
        "layer": "buildings"
      },
      "geometry": {
        "type": "Polygon",
        "coordinates": [
          [
            [
              235.407,
              1692.575
            ],
            [
              272.272,
              1687.308
            ],
            [
              277.331,
              1722.719
            ],
            [
              240.465,
              1727.985
            ],
            [
              235.407,
              1692.575
            ]
          ]
        ]
      }
    },
    {
      "type": "Feature",
      "properties": {
        "id": "B-224",
        "name": "城邦生活街屋 32",
        "zone": "生活区",
        "frontageRoad": "L-02",
        "description": "生活区沿街独立建筑。",
        "footprint": 1613.5,
        "scaleClass": "普通建筑",
        "layer": "buildings"
      },
      "geometry": {
        "type": "Polygon",
        "coordinates": [
          [
            [
              310.367,
              1736.182
            ],
            [
              351.113,
              1730.361
            ],
            [
              356.657,
              1769.167
            ],
            [
              315.911,
              1774.988
            ],
            [
              310.367,
              1736.182
            ]
          ]
        ]
      }
    },
    {
      "type": "Feature",
      "properties": {
        "id": "B-225",
        "name": "城邦生活街屋 33",
        "zone": "生活区",
        "frontageRoad": "L-02",
        "description": "生活区沿街独立建筑。",
        "footprint": 1148.6,
        "scaleClass": "普通建筑",
        "layer": "buildings"
      },
      "geometry": {
        "type": "Polygon",
        "coordinates": [
          [
            [
              302.278,
              1693.416
            ],
            [
              346.905,
              1687.041
            ],
            [
              350.508,
              1712.265
            ],
            [
              305.881,
              1718.64
            ],
            [
              302.278,
              1693.416
            ]
          ]
        ]
      }
    },
    {
      "type": "Feature",
      "properties": {
        "id": "B-226",
        "name": "城邦生活街屋 34",
        "zone": "生活区",
        "frontageRoad": "L-02",
        "description": "生活区沿街独立建筑。",
        "footprint": 1612.5,
        "scaleClass": "普通建筑",
        "layer": "buildings"
      },
      "geometry": {
        "type": "Polygon",
        "coordinates": [
          [
            [
              448.236,
              1721.276
            ],
            [
              492.988,
              1726.701
            ],
            [
              488.684,
              1762.211
            ],
            [
              443.931,
              1756.786
            ],
            [
              448.236,
              1721.276
            ]
          ]
        ]
      }
    },
    {
      "type": "Feature",
      "properties": {
        "id": "B-227",
        "name": "城邦生活街屋 35",
        "zone": "生活区",
        "frontageRoad": "L-02",
        "description": "生活区沿街独立建筑。",
        "footprint": 1920.8,
        "scaleClass": "普通建筑",
        "layer": "buildings"
      },
      "geometry": {
        "type": "Polygon",
        "coordinates": [
          [
            [
              453.173,
              1664.256
            ],
            [
              501.817,
              1670.152
            ],
            [
              497.1,
              1709.067
            ],
            [
              448.456,
              1703.171
            ],
            [
              453.173,
              1664.256
            ]
          ]
        ]
      }
    },
    {
      "type": "Feature",
      "properties": {
        "id": "B-228",
        "name": "城邦生活街屋 36",
        "zone": "生活区",
        "frontageRoad": "L-02",
        "description": "生活区沿街独立建筑。",
        "footprint": 1348.4,
        "scaleClass": "普通建筑",
        "layer": "buildings"
      },
      "geometry": {
        "type": "Polygon",
        "coordinates": [
          [
            [
              652.818,
              1746.074
            ],
            [
              705.354,
              1752.442
            ],
            [
              702.288,
              1777.737
            ],
            [
              649.752,
              1771.369
            ],
            [
              652.818,
              1746.074
            ]
          ]
        ]
      }
    },
    {
      "type": "Feature",
      "properties": {
        "id": "B-229",
        "name": "城邦生活街屋 37",
        "zone": "生活区",
        "frontageRoad": "L-02",
        "description": "生活区沿街独立建筑。",
        "footprint": 963.3,
        "scaleClass": "普通建筑",
        "layer": "buildings"
      },
      "geometry": {
        "type": "Polygon",
        "coordinates": [
          [
            [
              668.192,
              1700.684
            ],
            [
              701.27,
              1704.694
            ],
            [
              697.791,
              1733.394
            ],
            [
              664.713,
              1729.384
            ],
            [
              668.192,
              1700.684
            ]
          ]
        ]
      }
    },
    {
      "type": "Feature",
      "properties": {
        "id": "B-230",
        "name": "城邦生活街屋 38",
        "zone": "生活区",
        "frontageRoad": "L-02",
        "description": "生活区沿街独立建筑。",
        "footprint": 1767.5,
        "scaleClass": "普通建筑",
        "layer": "buildings"
      },
      "geometry": {
        "type": "Polygon",
        "coordinates": [
          [
            [
              784.1,
              1753.441
            ],
            [
              821.778,
              1744.347
            ],
            [
              832.478,
              1788.673
            ],
            [
              794.8,
              1797.768
            ],
            [
              784.1,
              1753.441
            ]
          ]
        ]
      }
    },
    {
      "type": "Feature",
      "properties": {
        "id": "B-231",
        "name": "城邦生活街屋 39",
        "zone": "生活区",
        "frontageRoad": "L-02",
        "description": "生活区沿街独立建筑。",
        "footprint": 1284,
        "scaleClass": "普通建筑",
        "layer": "buildings"
      },
      "geometry": {
        "type": "Polygon",
        "coordinates": [
          [
            [
              849.93,
              1737.551
            ],
            [
              892.04,
              1727.387
            ],
            [
              898.995,
              1756.199
            ],
            [
              856.884,
              1766.364
            ],
            [
              849.93,
              1737.551
            ]
          ]
        ]
      }
    },
    {
      "type": "Feature",
      "properties": {
        "id": "B-232",
        "name": "城邦生活街屋 40",
        "zone": "生活区",
        "frontageRoad": "L-02",
        "description": "生活区沿街独立建筑。",
        "footprint": 1610.2,
        "scaleClass": "普通建筑",
        "layer": "buildings"
      },
      "geometry": {
        "type": "Polygon",
        "coordinates": [
          [
            [
              835.599,
              1687.898
            ],
            [
              882.142,
              1676.663
            ],
            [
              890.033,
              1709.354
            ],
            [
              843.49,
              1720.589
            ],
            [
              835.599,
              1687.898
            ]
          ]
        ]
      }
    },
    {
      "type": "Feature",
      "properties": {
        "id": "B-233",
        "name": "城邦生活街屋 41",
        "zone": "生活区",
        "frontageRoad": "L-02",
        "description": "生活区沿街独立建筑。",
        "footprint": 1972.8,
        "scaleClass": "普通建筑",
        "layer": "buildings"
      },
      "geometry": {
        "type": "Polygon",
        "coordinates": [
          [
            [
              913.543,
              1722.196
            ],
            [
              964.519,
              1709.892
            ],
            [
              973.346,
              1746.462
            ],
            [
              922.37,
              1758.766
            ],
            [
              913.543,
              1722.196
            ]
          ]
        ]
      }
    },
    {
      "type": "Feature",
      "properties": {
        "id": "B-234",
        "name": "城邦生活街屋 42",
        "zone": "生活区",
        "frontageRoad": "L-02",
        "description": "生活区沿街独立建筑。",
        "footprint": 2371.8,
        "scaleClass": "普通建筑",
        "layer": "buildings"
      },
      "geometry": {
        "type": "Polygon",
        "coordinates": [
          [
            [
              897.339,
              1664.786
            ],
            [
              952.748,
              1651.411
            ],
            [
              962.512,
              1691.859
            ],
            [
              907.103,
              1705.234
            ],
            [
              897.339,
              1664.786
            ]
          ]
        ]
      }
    },
    {
      "type": "Feature",
      "properties": {
        "id": "B-235",
        "name": "城邦生活街屋 43",
        "zone": "生活区",
        "frontageRoad": "L-02",
        "description": "生活区沿街独立建筑。",
        "footprint": 2807.1,
        "scaleClass": "普通建筑",
        "layer": "buildings"
      },
      "geometry": {
        "type": "Polygon",
        "coordinates": [
          [
            [
              977.156,
              1706.842
            ],
            [
              1036.997,
              1692.397
            ],
            [
              1047.697,
              1736.724
            ],
            [
              987.855,
              1751.169
            ],
            [
              977.156,
              1706.842
            ]
          ]
        ]
      }
    },
    {
      "type": "Feature",
      "properties": {
        "id": "B-236",
        "name": "城邦生活街屋 44",
        "zone": "生活区",
        "frontageRoad": "L-02",
        "description": "生活区沿街独立建筑。",
        "footprint": 1148.8,
        "scaleClass": "普通建筑",
        "layer": "buildings"
      },
      "geometry": {
        "type": "Polygon",
        "coordinates": [
          [
            [
              977.059,
              1657.857
            ],
            [
              1014.737,
              1648.762
            ],
            [
              1021.692,
              1677.575
            ],
            [
              984.014,
              1686.669
            ],
            [
              977.059,
              1657.857
            ]
          ]
        ]
      }
    },
    {
      "type": "Feature",
      "properties": {
        "id": "B-237",
        "name": "城邦生活街屋 45",
        "zone": "生活区",
        "frontageRoad": "L-02",
        "description": "生活区沿街独立建筑。",
        "footprint": 1612.8,
        "scaleClass": "普通建筑",
        "layer": "buildings"
      },
      "geometry": {
        "type": "Polygon",
        "coordinates": [
          [
            [
              1142.668,
              1671.511
            ],
            [
              1180.744,
              1664.258
            ],
            [
              1188.529,
              1705.133
            ],
            [
              1150.454,
              1712.386
            ],
            [
              1142.668,
              1671.511
            ]
          ]
        ]
      }
    },
    {
      "type": "Feature",
      "properties": {
        "id": "B-238",
        "name": "城邦生活街屋 46",
        "zone": "生活区",
        "frontageRoad": "L-02",
        "description": "生活区沿街独立建筑。",
        "footprint": 1975.4,
        "scaleClass": "普通建筑",
        "layer": "buildings"
      },
      "geometry": {
        "type": "Polygon",
        "coordinates": [
          [
            [
              1128.528,
              1609.461
            ],
            [
              1171.083,
              1601.355
            ],
            [
              1179.615,
              1646.15
            ],
            [
              1137.06,
              1654.255
            ],
            [
              1128.528,
              1609.461
            ]
          ]
        ]
      }
    },
    {
      "type": "Feature",
      "properties": {
        "id": "B-239",
        "name": "城邦生活街屋 47",
        "zone": "生活区",
        "frontageRoad": "L-03",
        "description": "生活区沿街独立建筑。",
        "footprint": 1452.4,
        "scaleClass": "普通建筑",
        "layer": "buildings"
      },
      "geometry": {
        "type": "Polygon",
        "coordinates": [
          [
            [
              140.984,
              2245.923
            ],
            [
              184.764,
              2239.29
            ],
            [
              189.678,
              2271.72
            ],
            [
              145.898,
              2278.353
            ],
            [
              140.984,
              2245.923
            ]
          ]
        ]
      }
    },
    {
      "type": "Feature",
      "properties": {
        "id": "B-240",
        "name": "城邦生活街屋 48",
        "zone": "生活区",
        "frontageRoad": "L-03",
        "description": "生活区沿街独立建筑。",
        "footprint": 594.4,
        "scaleClass": "普通建筑",
        "layer": "buildings"
      },
      "geometry": {
        "type": "Polygon",
        "coordinates": [
          [
            [
              143.201,
              2205.819
            ],
            [
              170.767,
              2201.642
            ],
            [
              173.96,
              2222.721
            ],
            [
              146.395,
              2226.898
            ],
            [
              143.201,
              2205.819
            ]
          ]
        ]
      }
    },
    {
      "type": "Feature",
      "properties": {
        "id": "B-241",
        "name": "城邦生活街屋 49",
        "zone": "生活区",
        "frontageRoad": "L-03",
        "description": "生活区沿街独立建筑。",
        "footprint": 753.8,
        "scaleClass": "普通建筑",
        "layer": "buildings"
      },
      "geometry": {
        "type": "Polygon",
        "coordinates": [
          [
            [
              216.68,
              2234.454
            ],
            [
              247.489,
              2229.786
            ],
            [
              251.112,
              2253.703
            ],
            [
              220.304,
              2258.371
            ],
            [
              216.68,
              2234.454
            ]
          ]
        ]
      }
    },
    {
      "type": "Feature",
      "properties": {
        "id": "B-242",
        "name": "城邦生活街屋 50",
        "zone": "生活区",
        "frontageRoad": "L-03",
        "description": "生活区沿街独立建筑。",
        "footprint": 931.9,
        "scaleClass": "普通建筑",
        "layer": "buildings"
      },
      "geometry": {
        "type": "Polygon",
        "coordinates": [
          [
            [
              208.308,
              2190.148
            ],
            [
              242.36,
              2184.989
            ],
            [
              246.414,
              2211.744
            ],
            [
              212.362,
              2216.903
            ],
            [
              208.308,
              2190.148
            ]
          ]
        ]
      }
    },
    {
      "type": "Feature",
      "properties": {
        "id": "B-243",
        "name": "城邦生活街屋 51",
        "zone": "生活区",
        "frontageRoad": "L-03",
        "description": "生活区沿街独立建筑。",
        "footprint": 1129,
        "scaleClass": "普通建筑",
        "layer": "buildings"
      },
      "geometry": {
        "type": "Polygon",
        "coordinates": [
          [
            [
              282.647,
              2224.459
            ],
            [
              319.942,
              2218.809
            ],
            [
              324.425,
              2248.401
            ],
            [
              287.131,
              2254.051
            ],
            [
              282.647,
              2224.459
            ]
          ]
        ]
      }
    },
    {
      "type": "Feature",
      "properties": {
        "id": "B-244",
        "name": "城邦生活街屋 52",
        "zone": "生活区",
        "frontageRoad": "L-03",
        "description": "生活区沿街独立建筑。",
        "footprint": 1344.8,
        "scaleClass": "普通建筑",
        "layer": "buildings"
      },
      "geometry": {
        "type": "Polygon",
        "coordinates": [
          [
            [
              273.416,
              2174.478
            ],
            [
              313.953,
              2168.336
            ],
            [
              318.867,
              2200.766
            ],
            [
              278.329,
              2206.908
            ],
            [
              273.416,
              2174.478
            ]
          ]
        ]
      }
    },
    {
      "type": "Feature",
      "properties": {
        "id": "B-245",
        "name": "城邦生活街屋 53",
        "zone": "生活区",
        "frontageRoad": "L-03",
        "description": "生活区沿街独立建筑。",
        "footprint": 944,
        "scaleClass": "普通建筑",
        "layer": "buildings"
      },
      "geometry": {
        "type": "Polygon",
        "coordinates": [
          [
            [
              342.724,
              2175.588
            ],
            [
              386.504,
              2168.954
            ],
            [
              389.698,
              2190.034
            ],
            [
              345.918,
              2196.667
            ],
            [
              342.724,
              2175.588
            ]
          ]
        ]
      }
    },
    {
      "type": "Feature",
      "properties": {
        "id": "B-246",
        "name": "城邦生活街屋 54",
        "zone": "生活区",
        "frontageRoad": "L-03",
        "description": "生活区沿街独立建筑。",
        "footprint": 1325.3,
        "scaleClass": "普通建筑",
        "layer": "buildings"
      },
      "geometry": {
        "type": "Polygon",
        "coordinates": [
          [
            [
              469.279,
              2200.185
            ],
            [
              513.478,
              2202.864
            ],
            [
              511.667,
              2232.739
            ],
            [
              467.469,
              2230.06
            ],
            [
              469.279,
              2200.185
            ]
          ]
        ]
      }
    },
    {
      "type": "Feature",
      "properties": {
        "id": "B-247",
        "name": "城邦生活街屋 55",
        "zone": "生活区",
        "frontageRoad": "L-03",
        "description": "生活区沿街独立建筑。",
        "footprint": 914.5,
        "scaleClass": "普通建筑",
        "layer": "buildings"
      },
      "geometry": {
        "type": "Polygon",
        "coordinates": [
          [
            [
              480.537,
              2149.974
            ],
            [
              508.366,
              2151.661
            ],
            [
              506.382,
              2184.401
            ],
            [
              478.553,
              2182.714
            ],
            [
              480.537,
              2149.974
            ]
          ]
        ]
      }
    },
    {
      "type": "Feature",
      "properties": {
        "id": "B-248",
        "name": "城邦生活街屋 56",
        "zone": "生活区",
        "frontageRoad": "L-03",
        "description": "生活区沿街独立建筑。",
        "footprint": 664.3,
        "scaleClass": "普通建筑",
        "layer": "buildings"
      },
      "geometry": {
        "type": "Polygon",
        "coordinates": [
          [
            [
              545.699,
              2204.816
            ],
            [
              576.802,
              2206.701
            ],
            [
              575.512,
              2227.982
            ],
            [
              544.409,
              2226.097
            ],
            [
              545.699,
              2204.816
            ]
          ]
        ]
      }
    },
    {
      "type": "Feature",
      "properties": {
        "id": "B-249",
        "name": "城邦生活街屋 57",
        "zone": "生活区",
        "frontageRoad": "L-03",
        "description": "生活区沿街独立建筑。",
        "footprint": 833.1,
        "scaleClass": "普通建筑",
        "layer": "buildings"
      },
      "geometry": {
        "type": "Polygon",
        "coordinates": [
          [
            [
              546.614,
              2162.605
            ],
            [
              580.991,
              2164.688
            ],
            [
              579.528,
              2188.834
            ],
            [
              545.151,
              2186.75
            ],
            [
              546.614,
              2162.605
            ]
          ]
        ]
      }
    },
    {
      "type": "Feature",
      "properties": {
        "id": "B-250",
        "name": "城邦生活街屋 58",
        "zone": "生活区",
        "frontageRoad": "L-03",
        "description": "生活区沿街独立建筑。",
        "footprint": 1457.9,
        "scaleClass": "普通建筑",
        "layer": "buildings"
      },
      "geometry": {
        "type": "Polygon",
        "coordinates": [
          [
            [
              608.623,
              2208.63
            ],
            [
              653.621,
              2211.357
            ],
            [
              651.665,
              2243.638
            ],
            [
              606.667,
              2240.911
            ],
            [
              608.623,
              2208.63
            ]
          ]
        ]
      }
    },
    {
      "type": "Feature",
      "properties": {
        "id": "B-251",
        "name": "城邦生活街屋 59",
        "zone": "生活区",
        "frontageRoad": "L-03",
        "description": "生活区沿街独立建筑。",
        "footprint": 1752.7,
        "scaleClass": "普通建筑",
        "layer": "buildings"
      },
      "geometry": {
        "type": "Polygon",
        "coordinates": [
          [
            [
              609.92,
              2154.84
            ],
            [
              658.83,
              2157.804
            ],
            [
              656.666,
              2193.509
            ],
            [
              607.756,
              2190.544
            ],
            [
              609.92,
              2154.84
            ]
          ]
        ]
      }
    },
    {
      "type": "Feature",
      "properties": {
        "id": "B-252",
        "name": "城邦生活街屋 60",
        "zone": "生活区",
        "frontageRoad": "L-03",
        "description": "生活区沿街独立建筑。",
        "footprint": 2074.5,
        "scaleClass": "普通建筑",
        "layer": "buildings"
      },
      "geometry": {
        "type": "Polygon",
        "coordinates": [
          [
            [
              674.582,
              2212.628
            ],
            [
              727.406,
              2215.829
            ],
            [
              725.034,
              2254.957
            ],
            [
              672.211,
              2251.756
            ],
            [
              674.582,
              2212.628
            ]
          ]
        ]
      }
    },
    {
      "type": "Feature",
      "properties": {
        "id": "B-253",
        "name": "城邦生活街屋 61",
        "zone": "生活区",
        "frontageRoad": "L-03",
        "description": "生活区沿街独立建筑。",
        "footprint": 849,
        "scaleClass": "普通建筑",
        "layer": "buildings"
      },
      "geometry": {
        "type": "Polygon",
        "coordinates": [
          [
            [
              686.995,
              2169.82
            ],
            [
              720.254,
              2171.836
            ],
            [
              718.712,
              2197.269
            ],
            [
              685.453,
              2195.253
            ],
            [
              686.995,
              2169.82
            ]
          ]
        ]
      }
    },
    {
      "type": "Feature",
      "properties": {
        "id": "B-254",
        "name": "城邦生活街屋 62",
        "zone": "生活区",
        "frontageRoad": "L-03",
        "description": "生活区沿街独立建筑。",
        "footprint": 1191.9,
        "scaleClass": "普通建筑",
        "layer": "buildings"
      },
      "geometry": {
        "type": "Polygon",
        "coordinates": [
          [
            [
              875.635,
              2205.033
            ],
            [
              908.6,
              2200.185
            ],
            [
              913.805,
              2235.574
            ],
            [
              880.839,
              2240.422
            ],
            [
              875.635,
              2205.033
            ]
          ]
        ]
      }
    },
    {
      "type": "Feature",
      "properties": {
        "id": "B-255",
        "name": "城邦生活街屋 63",
        "zone": "生活区",
        "frontageRoad": "L-03",
        "description": "生活区沿街独立建筑。",
        "footprint": 1459.8,
        "scaleClass": "普通建筑",
        "layer": "buildings"
      },
      "geometry": {
        "type": "Polygon",
        "coordinates": [
          [
            [
              865.374,
              2148.727
            ],
            [
              902.217,
              2143.308
            ],
            [
              907.921,
              2182.091
            ],
            [
              871.077,
              2187.51
            ],
            [
              865.374,
              2148.727
            ]
          ]
        ]
      }
    },
    {
      "type": "Feature",
      "properties": {
        "id": "B-256",
        "name": "城邦生活街屋 64",
        "zone": "生活区",
        "frontageRoad": "L-03",
        "description": "生活区沿街独立建筑。",
        "footprint": 1048.8,
        "scaleClass": "普通建筑",
        "layer": "buildings"
      },
      "geometry": {
        "type": "Polygon",
        "coordinates": [
          [
            [
              941.012,
              2195.419
            ],
            [
              981.734,
              2189.43
            ],
            [
              985.441,
              2214.639
            ],
            [
              944.719,
              2220.627
            ],
            [
              941.012,
              2195.419
            ]
          ]
        ]
      }
    },
    {
      "type": "Feature",
      "properties": {
        "id": "B-257",
        "name": "城邦生活街屋 65",
        "zone": "生活区",
        "frontageRoad": "L-03",
        "description": "生活区沿街独立建筑。",
        "footprint": 1303.3,
        "scaleClass": "普通建筑",
        "layer": "buildings"
      },
      "geometry": {
        "type": "Polygon",
        "coordinates": [
          [
            [
              932.248,
              2149.293
            ],
            [
              976.848,
              2142.734
            ],
            [
              981.054,
              2171.336
            ],
            [
              936.454,
              2177.895
            ],
            [
              932.248,
              2149.293
            ]
          ]
        ]
      }
    },
    {
      "type": "Feature",
      "properties": {
        "id": "B-258",
        "name": "城邦生活街屋 66",
        "zone": "生活区",
        "frontageRoad": "L-03",
        "description": "生活区沿街独立建筑。",
        "footprint": 1584.7,
        "scaleClass": "普通建筑",
        "layer": "buildings"
      },
      "geometry": {
        "type": "Polygon",
        "coordinates": [
          [
            [
              1006.389,
              2185.804
            ],
            [
              1054.867,
              2178.675
            ],
            [
              1059.573,
              2210.671
            ],
            [
              1011.094,
              2217.8
            ],
            [
              1006.389,
              2185.804
            ]
          ]
        ]
      }
    },
    {
      "type": "Feature",
      "properties": {
        "id": "B-259",
        "name": "城邦生活街屋 67",
        "zone": "生活区",
        "frontageRoad": "L-03",
        "description": "生活区沿街独立建筑。",
        "footprint": 1892.9,
        "scaleClass": "普通建筑",
        "layer": "buildings"
      },
      "geometry": {
        "type": "Polygon",
        "coordinates": [
          [
            [
              996.626,
              2132.892
            ],
            [
              1048.983,
              2125.192
            ],
            [
              1054.187,
              2160.582
            ],
            [
              1001.831,
              2168.281
            ],
            [
              996.626,
              2132.892
            ]
          ]
        ]
      }
    },
    {
      "type": "Feature",
      "properties": {
        "id": "B-260",
        "name": "城邦生活街屋 68",
        "zone": "生活区",
        "frontageRoad": "L-03",
        "description": "生活区沿街独立建筑。",
        "footprint": 1529.9,
        "scaleClass": "普通建筑",
        "layer": "buildings"
      },
      "geometry": {
        "type": "Polygon",
        "coordinates": [
          [
            [
              1203.685,
              2179.873
            ],
            [
              1256.17,
              2186.645
            ],
            [
              1252.47,
              2215.317
            ],
            [
              1199.985,
              2208.545
            ],
            [
              1203.685,
              2179.873
            ]
          ]
        ]
      }
    },
    {
      "type": "Feature",
      "properties": {
        "id": "B-261",
        "name": "城邦生活街屋 69",
        "zone": "生活区",
        "frontageRoad": "L-03",
        "description": "生活区沿街独立建筑。",
        "footprint": 1077.6,
        "scaleClass": "普通建筑",
        "layer": "buildings"
      },
      "geometry": {
        "type": "Polygon",
        "coordinates": [
          [
            [
              1219.846,
              2131.201
            ],
            [
              1252.892,
              2135.465
            ],
            [
              1248.754,
              2167.539
            ],
            [
              1215.708,
              2163.275
            ],
            [
              1219.846,
              2131.201
            ]
          ]
        ]
      }
    },
    {
      "type": "Feature",
      "properties": {
        "id": "B-262",
        "name": "城邦生活街屋 70",
        "zone": "生活区",
        "frontageRoad": "L-03",
        "description": "生活区沿街独立建筑。",
        "footprint": 1332.1,
        "scaleClass": "普通建筑",
        "layer": "buildings"
      },
      "geometry": {
        "type": "Polygon",
        "coordinates": [
          [
            [
              1280.885,
              2189.834
            ],
            [
              1317.819,
              2194.6
            ],
            [
              1313.241,
              2230.076
            ],
            [
              1276.307,
              2225.31
            ],
            [
              1280.885,
              2189.834
            ]
          ]
        ]
      }
    },
    {
      "type": "Feature",
      "properties": {
        "id": "B-263",
        "name": "城邦生活街屋 71",
        "zone": "生活区",
        "frontageRoad": "L-03",
        "description": "生活区沿街独立建筑。",
        "footprint": 1613.5,
        "scaleClass": "普通建筑",
        "layer": "buildings"
      },
      "geometry": {
        "type": "Polygon",
        "coordinates": [
          [
            [
              1286.261,
              2132.853
            ],
            [
              1327.083,
              2138.121
            ],
            [
              1322.066,
              2176.998
            ],
            [
              1281.245,
              2171.731
            ],
            [
              1286.261,
              2132.853
            ]
          ]
        ]
      }
    },
    {
      "type": "Feature",
      "properties": {
        "id": "B-264",
        "name": "城邦生活街屋 72",
        "zone": "生活区",
        "frontageRoad": "L-03",
        "description": "生活区沿街独立建筑。",
        "footprint": 1148.6,
        "scaleClass": "普通建筑",
        "layer": "buildings"
      },
      "geometry": {
        "type": "Polygon",
        "coordinates": [
          [
            [
              1346.422,
              2198.29
            ],
            [
              1391.131,
              2204.059
            ],
            [
              1387.87,
              2229.33
            ],
            [
              1343.161,
              2223.561
            ],
            [
              1346.422,
              2198.29
            ]
          ]
        ]
      }
    },
    {
      "type": "Feature",
      "properties": {
        "id": "B-265",
        "name": "城邦生活街屋 73",
        "zone": "生活区",
        "frontageRoad": "L-03",
        "description": "生活区沿街独立建筑。",
        "footprint": 1416.6,
        "scaleClass": "普通建筑",
        "layer": "buildings"
      },
      "geometry": {
        "type": "Polygon",
        "coordinates": [
          [
            [
              1350.481,
              2151.515
            ],
            [
              1399.078,
              2157.786
            ],
            [
              1395.378,
              2186.458
            ],
            [
              1346.781,
              2180.187
            ],
            [
              1350.481,
              2151.515
            ]
          ]
        ]
      }
    },
    {
      "type": "Feature",
      "properties": {
        "id": "B-266",
        "name": "城邦生活街屋 74",
        "zone": "生活区",
        "frontageRoad": "L-04",
        "description": "生活区沿街独立建筑。",
        "footprint": 1802.5,
        "scaleClass": "普通建筑",
        "layer": "buildings"
      },
      "geometry": {
        "type": "Polygon",
        "coordinates": [
          [
            [
              520.841,
              1450.735
            ],
            [
              525.299,
              1493.825
            ],
            [
              483.909,
              1498.107
            ],
            [
              479.452,
              1455.017
            ],
            [
              520.841,
              1450.735
            ]
          ]
        ]
      }
    },
    {
      "type": "Feature",
      "properties": {
        "id": "B-267",
        "name": "城邦生活街屋 75",
        "zone": "生活区",
        "frontageRoad": "L-04",
        "description": "生活区沿街独立建筑。",
        "footprint": 2183.3,
        "scaleClass": "普通建筑",
        "layer": "buildings"
      },
      "geometry": {
        "type": "Polygon",
        "coordinates": [
          [
            [
              527.809,
              1518.096
            ],
            [
              532.736,
              1565.721
            ],
            [
              487.378,
              1570.414
            ],
            [
              482.451,
              1522.788
            ],
            [
              527.809,
              1518.096
            ]
          ]
        ]
      }
    },
    {
      "type": "Feature",
      "properties": {
        "id": "B-268",
        "name": "城邦生活街屋 76",
        "zone": "生活区",
        "frontageRoad": "L-04",
        "description": "生活区沿街独立建筑。",
        "footprint": 1148.6,
        "scaleClass": "普通建筑",
        "layer": "buildings"
      },
      "geometry": {
        "type": "Polygon",
        "coordinates": [
          [
            [
              535.156,
              1589.117
            ],
            [
              539.795,
              1633.957
            ],
            [
              514.45,
              1636.579
            ],
            [
              509.812,
              1591.738
            ],
            [
              535.156,
              1589.117
            ]
          ]
        ]
      }
    },
    {
      "type": "Feature",
      "properties": {
        "id": "B-269",
        "name": "城邦生活街屋 77",
        "zone": "生活区",
        "frontageRoad": "L-04",
        "description": "生活区沿街独立建筑。",
        "footprint": 1612.5,
        "scaleClass": "普通建筑",
        "layer": "buildings"
      },
      "geometry": {
        "type": "Polygon",
        "coordinates": [
          [
            [
              540.033,
              1668.751
            ],
            [
              536.575,
              1713.698
            ],
            [
              500.91,
              1710.955
            ],
            [
              504.368,
              1666.007
            ],
            [
              540.033,
              1668.751
            ]
          ]
        ]
      }
    },
    {
      "type": "Feature",
      "properties": {
        "id": "B-270",
        "name": "城邦生活街屋 78",
        "zone": "生活区",
        "frontageRoad": "L-04",
        "description": "生活区沿街独立建筑。",
        "footprint": 1920.8,
        "scaleClass": "普通建筑",
        "layer": "buildings"
      },
      "geometry": {
        "type": "Polygon",
        "coordinates": [
          [
            [
              534.814,
              1736.59
            ],
            [
              531.056,
              1785.446
            ],
            [
              491.971,
              1782.44
            ],
            [
              495.73,
              1733.584
            ],
            [
              534.814,
              1736.59
            ]
          ]
        ]
      }
    },
    {
      "type": "Feature",
      "properties": {
        "id": "B-271",
        "name": "城邦生活街屋 79",
        "zone": "生活区",
        "frontageRoad": "L-04",
        "description": "生活区沿街独立建筑。",
        "footprint": 1348.4,
        "scaleClass": "普通建筑",
        "layer": "buildings"
      },
      "geometry": {
        "type": "Polygon",
        "coordinates": [
          [
            [
              577.319,
              1737.894
            ],
            [
              573.261,
              1790.658
            ],
            [
              547.856,
              1788.704
            ],
            [
              551.914,
              1735.94
            ],
            [
              577.319,
              1737.894
            ]
          ]
        ]
      }
    },
    {
      "type": "Feature",
      "properties": {
        "id": "B-272",
        "name": "城邦生活街屋 80",
        "zone": "生活区",
        "frontageRoad": "L-04",
        "description": "生活区沿街独立建筑。",
        "footprint": 963.3,
        "scaleClass": "普通建筑",
        "layer": "buildings"
      },
      "geometry": {
        "type": "Polygon",
        "coordinates": [
          [
            [
              528.844,
              1814.201
            ],
            [
              526.289,
              1847.423
            ],
            [
              497.464,
              1845.206
            ],
            [
              500.019,
              1811.984
            ],
            [
              528.844,
              1814.201
            ]
          ]
        ]
      }
    },
    {
      "type": "Feature",
      "properties": {
        "id": "B-273",
        "name": "城邦生活街屋 81",
        "zone": "生活区",
        "frontageRoad": "L-04",
        "description": "生活区沿街独立建筑。",
        "footprint": 1204.3,
        "scaleClass": "普通建筑",
        "layer": "buildings"
      },
      "geometry": {
        "type": "Polygon",
        "coordinates": [
          [
            [
              578.189,
              1816.031
            ],
            [
              575.333,
              1853.161
            ],
            [
              543.088,
              1850.681
            ],
            [
              545.944,
              1813.551
            ],
            [
              578.189,
              1816.031
            ]
          ]
        ]
      }
    },
    {
      "type": "Feature",
      "properties": {
        "id": "B-274",
        "name": "城邦生活街屋 82",
        "zone": "生活区",
        "frontageRoad": "L-04",
        "description": "生活区沿街独立建筑。",
        "footprint": 1472.3,
        "scaleClass": "普通建筑",
        "layer": "buildings"
      },
      "geometry": {
        "type": "Polygon",
        "coordinates": [
          [
            [
              523.776,
              1880.086
            ],
            [
              520.619,
              1921.125
            ],
            [
              484.954,
              1918.382
            ],
            [
              488.111,
              1877.343
            ],
            [
              523.776,
              1880.086
            ]
          ]
        ]
      }
    },
    {
      "type": "Feature",
      "properties": {
        "id": "B-275",
        "name": "城邦生活街屋 83",
        "zone": "生活区",
        "frontageRoad": "L-04",
        "description": "生活区沿街独立建筑。",
        "footprint": 1767.1,
        "scaleClass": "普通建筑",
        "layer": "buildings"
      },
      "geometry": {
        "type": "Polygon",
        "coordinates": [
          [
            [
              579.961,
              1882.443
            ],
            [
              576.503,
              1927.39
            ],
            [
              537.419,
              1924.383
            ],
            [
              540.876,
              1879.436
            ],
            [
              579.961,
              1882.443
            ]
          ]
        ]
      }
    },
    {
      "type": "Feature",
      "properties": {
        "id": "B-276",
        "name": "城邦生活街屋 84",
        "zone": "生活区",
        "frontageRoad": "L-04",
        "description": "生活区沿街独立建筑。",
        "footprint": 1248.5,
        "scaleClass": "普通建筑",
        "layer": "buildings"
      },
      "geometry": {
        "type": "Polygon",
        "coordinates": [
          [
            [
              518.708,
              1945.972
            ],
            [
              514.95,
              1994.827
            ],
            [
              489.545,
              1992.873
            ],
            [
              493.303,
              1944.018
            ],
            [
              518.708,
              1945.972
            ]
          ]
        ]
      }
    },
    {
      "type": "Feature",
      "properties": {
        "id": "B-277",
        "name": "城邦生活街屋 85",
        "zone": "生活区",
        "frontageRoad": "L-04",
        "description": "生活区沿街独立建筑。",
        "footprint": 1529.9,
        "scaleClass": "普通建筑",
        "layer": "buildings"
      },
      "geometry": {
        "type": "Polygon",
        "coordinates": [
          [
            [
              564.633,
              1947.539
            ],
            [
              560.574,
              2000.303
            ],
            [
              531.749,
              1998.086
            ],
            [
              535.808,
              1945.321
            ],
            [
              564.633,
              1947.539
            ]
          ]
        ]
      }
    },
    {
      "type": "Feature",
      "properties": {
        "id": "B-278",
        "name": "城市商住楼 65",
        "zone": "市集区",
        "frontageRoad": "M-01",
        "description": "市集区沿街独立建筑。",
        "footprint": 1472.3,
        "scaleClass": "普通建筑",
        "layer": "buildings"
      },
      "geometry": {
        "type": "Polygon",
        "coordinates": [
          [
            [
              1802.283,
              396.58
            ],
            [
              1843.191,
              392.034
            ],
            [
              1847.141,
              427.585
            ],
            [
              1806.233,
              432.131
            ],
            [
              1802.283,
              396.58
            ]
          ]
        ]
      }
    },
    {
      "type": "Feature",
      "properties": {
        "id": "B-279",
        "name": "城市商住楼 66",
        "zone": "市集区",
        "frontageRoad": "M-01",
        "description": "市集区沿街独立建筑。",
        "footprint": 1767.1,
        "scaleClass": "普通建筑",
        "layer": "buildings"
      },
      "geometry": {
        "type": "Polygon",
        "coordinates": [
          [
            [
              1794.018,
              339.946
            ],
            [
              1838.822,
              334.968
            ],
            [
              1843.151,
              373.928
            ],
            [
              1798.347,
              378.906
            ],
            [
              1794.018,
              339.946
            ]
          ]
        ]
      }
    },
    {
      "type": "Feature",
      "properties": {
        "id": "B-280",
        "name": "城市商住楼 67",
        "zone": "市集区",
        "frontageRoad": "M-01",
        "description": "市集区沿街独立建筑。",
        "footprint": 1248.5,
        "scaleClass": "普通建筑",
        "layer": "buildings"
      },
      "geometry": {
        "type": "Polygon",
        "coordinates": [
          [
            [
              1867.959,
              389.282
            ],
            [
              1916.659,
              383.871
            ],
            [
              1919.473,
              409.195
            ],
            [
              1870.773,
              414.606
            ],
            [
              1867.959,
              389.282
            ]
          ]
        ]
      }
    },
    {
      "type": "Feature",
      "properties": {
        "id": "B-281",
        "name": "城市商住楼 68",
        "zone": "市集区",
        "frontageRoad": "M-01",
        "description": "市集区沿街独立建筑。",
        "footprint": 1529.9,
        "scaleClass": "普通建筑",
        "layer": "buildings"
      },
      "geometry": {
        "type": "Polygon",
        "coordinates": [
          [
            [
              1860.83,
              342.876
            ],
            [
              1913.427,
              337.032
            ],
            [
              1916.619,
              365.765
            ],
            [
              1864.023,
              371.609
            ],
            [
              1860.83,
              342.876
            ]
          ]
        ]
      }
    },
    {
      "type": "Feature",
      "properties": {
        "id": "B-282",
        "name": "城市商住楼 69",
        "zone": "市集区",
        "frontageRoad": "M-01",
        "description": "市集区沿街独立建筑。",
        "footprint": 1077.6,
        "scaleClass": "普通建筑",
        "layer": "buildings"
      },
      "geometry": {
        "type": "Polygon",
        "coordinates": [
          [
            [
              1945.323,
              380.686
            ],
            [
              1978.439,
              377.007
            ],
            [
              1982.01,
              409.149
            ],
            [
              1948.894,
              412.828
            ],
            [
              1945.323,
              380.686
            ]
          ]
        ]
      }
    },
    {
      "type": "Feature",
      "properties": {
        "id": "B-283",
        "name": "城市商住楼 70",
        "zone": "市集区",
        "frontageRoad": "M-01",
        "description": "市集区沿街独立建筑。",
        "footprint": 1332.1,
        "scaleClass": "普通建筑",
        "layer": "buildings"
      },
      "geometry": {
        "type": "Polygon",
        "coordinates": [
          [
            [
              1937.437,
              327.462
            ],
            [
              1974.449,
              323.349
            ],
            [
              1978.399,
              358.9
            ],
            [
              1941.387,
              363.013
            ],
            [
              1937.437,
              327.462
            ]
          ]
        ]
      }
    },
    {
      "type": "Feature",
      "properties": {
        "id": "B-284",
        "name": "城市商住楼 71",
        "zone": "市集区",
        "frontageRoad": "M-01",
        "description": "市集区沿街独立建筑。",
        "footprint": 1076.6,
        "scaleClass": "普通建筑",
        "layer": "buildings"
      },
      "geometry": {
        "type": "Polygon",
        "coordinates": [
          [
            [
              2078.185,
              325.513
            ],
            [
              2115.099,
              330.434
            ],
            [
              2111.278,
              359.091
            ],
            [
              2074.364,
              354.169
            ],
            [
              2078.185,
              325.513
            ]
          ]
        ]
      }
    },
    {
      "type": "Feature",
      "properties": {
        "id": "B-285",
        "name": "城市商住楼 72",
        "zone": "市集区",
        "frontageRoad": "M-01",
        "description": "市集区沿街独立建筑。",
        "footprint": 1331.1,
        "scaleClass": "普通建筑",
        "layer": "buildings"
      },
      "geometry": {
        "type": "Polygon",
        "coordinates": [
          [
            [
              2139.429,
              381.003
            ],
            [
              2180.228,
              386.443
            ],
            [
              2175.953,
              418.5
            ],
            [
              2135.154,
              413.06
            ],
            [
              2139.429,
              381.003
            ]
          ]
        ]
      }
    },
    {
      "type": "Feature",
      "properties": {
        "id": "B-286",
        "name": "城市商住楼 73",
        "zone": "市集区",
        "frontageRoad": "M-01",
        "description": "市集区沿街独立建筑。",
        "footprint": 1612.5,
        "scaleClass": "普通建筑",
        "layer": "buildings"
      },
      "geometry": {
        "type": "Polygon",
        "coordinates": [
          [
            [
              2144.592,
              327.446
            ],
            [
              2189.277,
              333.404
            ],
            [
              2184.549,
              368.86
            ],
            [
              2139.865,
              362.902
            ],
            [
              2144.592,
              327.446
            ]
          ]
        ]
      }
    },
    {
      "type": "Feature",
      "properties": {
        "id": "B-287",
        "name": "城市商住楼 74",
        "zone": "市集区",
        "frontageRoad": "M-01",
        "description": "市集区沿街独立建筑。",
        "footprint": 1920.8,
        "scaleClass": "普通建筑",
        "layer": "buildings"
      },
      "geometry": {
        "type": "Polygon",
        "coordinates": [
          [
            [
              2204.929,
              389.737
            ],
            [
              2253.499,
              396.213
            ],
            [
              2248.318,
              435.069
            ],
            [
              2199.748,
              428.593
            ],
            [
              2204.929,
              389.737
            ]
          ]
        ]
      }
    },
    {
      "type": "Feature",
      "properties": {
        "id": "B-288",
        "name": "城市商住楼 75",
        "zone": "市集区",
        "frontageRoad": "M-01",
        "description": "市集区沿街独立建筑。",
        "footprint": 1348.4,
        "scaleClass": "普通建筑",
        "layer": "buildings"
      },
      "geometry": {
        "type": "Polygon",
        "coordinates": [
          [
            [
              2208.733,
              346.379
            ],
            [
              2261.188,
              353.373
            ],
            [
              2257.821,
              378.63
            ],
            [
              2205.365,
              371.636
            ],
            [
              2208.733,
              346.379
            ]
          ]
        ]
      }
    },
    {
      "type": "Feature",
      "properties": {
        "id": "B-289",
        "name": "城市商住楼 76",
        "zone": "市集区",
        "frontageRoad": "M-01",
        "description": "市集区沿街独立建筑。",
        "footprint": 963.3,
        "scaleClass": "普通建筑",
        "layer": "buildings"
      },
      "geometry": {
        "type": "Polygon",
        "coordinates": [
          [
            [
              2282.086,
              400.024
            ],
            [
              2315.114,
              404.428
            ],
            [
              2311.293,
              433.085
            ],
            [
              2278.265,
              428.681
            ],
            [
              2282.086,
              400.024
            ]
          ]
        ]
      }
    },
    {
      "type": "Feature",
      "properties": {
        "id": "B-290",
        "name": "城市商住楼 77",
        "zone": "市集区",
        "frontageRoad": "M-01",
        "description": "市集区沿街独立建筑。",
        "footprint": 1204.3,
        "scaleClass": "普通建筑",
        "layer": "buildings"
      },
      "geometry": {
        "type": "Polygon",
        "coordinates": [
          [
            [
              2286.796,
              349.867
            ],
            [
              2323.71,
              354.789
            ],
            [
              2319.436,
              386.845
            ],
            [
              2282.522,
              381.923
            ],
            [
              2286.796,
              349.867
            ]
          ]
        ]
      }
    },
    {
      "type": "Feature",
      "properties": {
        "id": "B-291",
        "name": "城市商住楼 78",
        "zone": "市集区",
        "frontageRoad": "M-01",
        "description": "市集区沿街独立建筑。",
        "footprint": 948.9,
        "scaleClass": "普通建筑",
        "layer": "buildings"
      },
      "geometry": {
        "type": "Polygon",
        "coordinates": [
          [
            [
              2374.143,
              406.687
            ],
            [
              2411.207,
              403.071
            ],
            [
              2413.682,
              428.431
            ],
            [
              2376.618,
              432.047
            ],
            [
              2374.143,
              406.687
            ]
          ]
        ]
      }
    },
    {
      "type": "Feature",
      "properties": {
        "id": "B-292",
        "name": "城市商住楼 79",
        "zone": "市集区",
        "frontageRoad": "M-01",
        "description": "市集区沿街独立建筑。",
        "footprint": 1189.9,
        "scaleClass": "普通建筑",
        "layer": "buildings"
      },
      "geometry": {
        "type": "Polygon",
        "coordinates": [
          [
            [
              2367.638,
              360.189
            ],
            [
              2408.603,
              356.193
            ],
            [
              2411.41,
              384.966
            ],
            [
              2370.445,
              388.963
            ],
            [
              2367.638,
              360.189
            ]
          ]
        ]
      }
    },
    {
      "type": "Feature",
      "properties": {
        "id": "B-293",
        "name": "城市商住楼 80",
        "zone": "市集区",
        "frontageRoad": "M-01",
        "description": "市集区沿街独立建筑。",
        "footprint": 1457.9,
        "scaleClass": "普通建筑",
        "layer": "buildings"
      },
      "geometry": {
        "type": "Polygon",
        "coordinates": [
          [
            [
              2439.911,
              400.271
            ],
            [
              2484.778,
              395.894
            ],
            [
              2487.918,
              428.081
            ],
            [
              2443.051,
              432.458
            ],
            [
              2439.911,
              400.271
            ]
          ]
        ]
      }
    },
    {
      "type": "Feature",
      "properties": {
        "id": "B-294",
        "name": "城市商住楼 81",
        "zone": "市集区",
        "frontageRoad": "M-01",
        "description": "市集区沿街独立建筑。",
        "footprint": 1752.7,
        "scaleClass": "普通建筑",
        "layer": "buildings"
      },
      "geometry": {
        "type": "Polygon",
        "coordinates": [
          [
            [
              2432.739,
              346.945
            ],
            [
              2481.508,
              342.187
            ],
            [
              2484.981,
              377.788
            ],
            [
              2436.213,
              382.546
            ],
            [
              2432.739,
              346.945
            ]
          ]
        ]
      }
    },
    {
      "type": "Feature",
      "properties": {
        "id": "B-295",
        "name": "城市商住楼 82",
        "zone": "市集区",
        "frontageRoad": "M-01",
        "description": "市集区沿街独立建筑。",
        "footprint": 2074.5,
        "scaleClass": "普通建筑",
        "layer": "buildings"
      },
      "geometry": {
        "type": "Polygon",
        "coordinates": [
          [
            [
              2505.679,
              393.855
            ],
            [
              2558.349,
              388.716
            ],
            [
              2562.155,
              427.731
            ],
            [
              2509.485,
              432.869
            ],
            [
              2505.679,
              393.855
            ]
          ]
        ]
      }
    },
    {
      "type": "Feature",
      "properties": {
        "id": "B-296",
        "name": "城市商住楼 83",
        "zone": "市集区",
        "frontageRoad": "M-01",
        "description": "市集区沿街独立建筑。",
        "footprint": 849,
        "scaleClass": "普通建筑",
        "layer": "buildings"
      },
      "geometry": {
        "type": "Polygon",
        "coordinates": [
          [
            [
              2511.211,
              349.628
            ],
            [
              2544.373,
              346.393
            ],
            [
              2546.847,
              371.753
            ],
            [
              2513.685,
              374.988
            ],
            [
              2511.211,
              349.628
            ]
          ]
        ]
      }
    },
    {
      "type": "Feature",
      "properties": {
        "id": "B-297",
        "name": "城市商住楼 84",
        "zone": "市集区",
        "frontageRoad": "M-01",
        "description": "市集区沿街独立建筑。",
        "footprint": 1076.6,
        "scaleClass": "普通建筑",
        "layer": "buildings"
      },
      "geometry": {
        "type": "Polygon",
        "coordinates": [
          [
            [
              2583.151,
              386.296
            ],
            [
              2620.215,
              382.68
            ],
            [
              2623.022,
              411.454
            ],
            [
              2585.958,
              415.07
            ],
            [
              2583.151,
              386.296
            ]
          ]
        ]
      }
    },
    {
      "type": "Feature",
      "properties": {
        "id": "B-298",
        "name": "城市商住楼 85",
        "zone": "市集区",
        "frontageRoad": "M-01",
        "description": "市集区沿街独立建筑。",
        "footprint": 1331.1,
        "scaleClass": "普通建筑",
        "layer": "buildings"
      },
      "geometry": {
        "type": "Polygon",
        "coordinates": [
          [
            [
              2576.312,
              336.384
            ],
            [
              2617.278,
              332.388
            ],
            [
              2620.418,
              364.575
            ],
            [
              2579.453,
              368.572
            ],
            [
              2576.312,
              336.384
            ]
          ]
        ]
      }
    },
    {
      "type": "Feature",
      "properties": {
        "id": "B-299",
        "name": "城市商住楼 86",
        "zone": "市集区",
        "frontageRoad": "M-01",
        "description": "市集区沿街独立建筑。",
        "footprint": 1612.5,
        "scaleClass": "普通建筑",
        "layer": "buildings"
      },
      "geometry": {
        "type": "Polygon",
        "coordinates": [
          [
            [
              2648.919,
              379.88
            ],
            [
              2693.786,
              375.503
            ],
            [
              2697.259,
              411.104
            ],
            [
              2652.392,
              415.481
            ],
            [
              2648.919,
              379.88
            ]
          ]
        ]
      }
    },
    {
      "type": "Feature",
      "properties": {
        "id": "B-300",
        "name": "城市商住楼 87",
        "zone": "市集区",
        "frontageRoad": "M-01",
        "description": "市集区沿街独立建筑。",
        "footprint": 1920.8,
        "scaleClass": "普通建筑",
        "layer": "buildings"
      },
      "geometry": {
        "type": "Polygon",
        "coordinates": [
          [
            [
              2641.414,
              323.141
            ],
            [
              2690.182,
              318.383
            ],
            [
              2693.989,
              357.397
            ],
            [
              2645.22,
              362.155
            ],
            [
              2641.414,
              323.141
            ]
          ]
        ]
      }
    },
    {
      "type": "Feature",
      "properties": {
        "id": "B-301",
        "name": "城市商住楼 88",
        "zone": "市集区",
        "frontageRoad": "M-01",
        "description": "市集区沿街独立建筑。",
        "footprint": 1584.7,
        "scaleClass": "普通建筑",
        "layer": "buildings"
      },
      "geometry": {
        "type": "Polygon",
        "coordinates": [
          [
            [
              2776.124,
              371.282
            ],
            [
              2824.674,
              377.902
            ],
            [
              2820.305,
              409.946
            ],
            [
              2771.754,
              403.325
            ],
            [
              2776.124,
              371.282
            ]
          ]
        ]
      }
    },
    {
      "type": "Feature",
      "properties": {
        "id": "B-302",
        "name": "城市商住楼 89",
        "zone": "市集区",
        "frontageRoad": "M-01",
        "description": "市集区沿街独立建筑。",
        "footprint": 1892.9,
        "scaleClass": "普通建筑",
        "layer": "buildings"
      },
      "geometry": {
        "type": "Polygon",
        "coordinates": [
          [
            [
              2781.447,
              317.74
            ],
            [
              2833.881,
              324.89
            ],
            [
              2829.048,
              360.332
            ],
            [
              2776.614,
              353.182
            ],
            [
              2781.447,
              317.74
            ]
          ]
        ]
      }
    },
    {
      "type": "Feature",
      "properties": {
        "id": "B-303",
        "name": "城市商住楼 90",
        "zone": "市集区",
        "frontageRoad": "M-01",
        "description": "市集区沿街独立建筑。",
        "footprint": 1306.1,
        "scaleClass": "普通建筑",
        "layer": "buildings"
      },
      "geometry": {
        "type": "Polygon",
        "coordinates": [
          [
            [
              2853.25,
              381.799
            ],
            [
              2886.264,
              386.301
            ],
            [
              2880.968,
              425.142
            ],
            [
              2847.953,
              420.64
            ],
            [
              2853.25,
              381.799
            ]
          ]
        ]
      }
    },
    {
      "type": "Feature",
      "properties": {
        "id": "B-304",
        "name": "城市商住楼 91",
        "zone": "市集区",
        "frontageRoad": "M-01",
        "description": "市集区沿街独立建筑。",
        "footprint": 948.9,
        "scaleClass": "普通建筑",
        "layer": "buildings"
      },
      "geometry": {
        "type": "Polygon",
        "coordinates": [
          [
            [
              2857.182,
              338.453
            ],
            [
              2894.081,
              343.485
            ],
            [
              2890.638,
              368.731
            ],
            [
              2853.74,
              363.699
            ],
            [
              2857.182,
              338.453
            ]
          ]
        ]
      }
    },
    {
      "type": "Feature",
      "properties": {
        "id": "B-305",
        "name": "城市商住楼 92",
        "zone": "市集区",
        "frontageRoad": "M-01",
        "description": "市集区沿街独立建筑。",
        "footprint": 1189.9,
        "scaleClass": "普通建筑",
        "layer": "buildings"
      },
      "geometry": {
        "type": "Polygon",
        "coordinates": [
          [
            [
              2918.724,
              390.727
            ],
            [
              2959.506,
              396.289
            ],
            [
              2955.6,
              424.934
            ],
            [
              2914.818,
              419.372
            ],
            [
              2918.724,
              390.727
            ]
          ]
        ]
      }
    },
    {
      "type": "Feature",
      "properties": {
        "id": "B-306",
        "name": "城市商住楼 93",
        "zone": "市集区",
        "frontageRoad": "M-01",
        "description": "市集区沿街独立建筑。",
        "footprint": 1457.9,
        "scaleClass": "普通建筑",
        "layer": "buildings"
      },
      "geometry": {
        "type": "Polygon",
        "coordinates": [
          [
            [
              2923.583,
              340.584
            ],
            [
              2968.25,
              346.675
            ],
            [
              2963.88,
              378.719
            ],
            [
              2919.214,
              372.628
            ],
            [
              2923.583,
              340.584
            ]
          ]
        ]
      }
    },
    {
      "type": "Feature",
      "properties": {
        "id": "B-307",
        "name": "城市商住楼 94",
        "zone": "市集区",
        "frontageRoad": "M-01",
        "description": "市集区沿街独立建筑。",
        "footprint": 1227.1,
        "scaleClass": "普通建筑",
        "layer": "buildings"
      },
      "geometry": {
        "type": "Polygon",
        "coordinates": [
          [
            [
              2988.161,
              400.196
            ],
            [
              3028.785,
              405.736
            ],
            [
              3024.741,
              435.391
            ],
            [
              2984.117,
              429.852
            ],
            [
              2988.161,
              400.196
            ]
          ]
        ]
      }
    },
    {
      "type": "Feature",
      "properties": {
        "id": "B-308",
        "name": "城市商住楼 95",
        "zone": "市集区",
        "frontageRoad": "M-01",
        "description": "市集区沿街独立建筑。",
        "footprint": 1452.4,
        "scaleClass": "普通建筑",
        "layer": "buildings"
      },
      "geometry": {
        "type": "Polygon",
        "coordinates": [
          [
            [
              2993.4,
              349.64
            ],
            [
              3037.274,
              355.623
            ],
            [
              3032.842,
              388.122
            ],
            [
              2988.968,
              382.14
            ],
            [
              2993.4,
              349.64
            ]
          ]
        ]
      }
    },
    {
      "type": "Feature",
      "properties": {
        "id": "B-309",
        "name": "城市商住楼 96",
        "zone": "市集区",
        "frontageRoad": "M-01",
        "description": "市集区沿街独立建筑。",
        "footprint": 594.4,
        "scaleClass": "普通建筑",
        "layer": "buildings"
      },
      "geometry": {
        "type": "Polygon",
        "coordinates": [
          [
            [
              3064.019,
              410.54
            ],
            [
              3091.643,
              414.307
            ],
            [
              3088.763,
              435.432
            ],
            [
              3061.139,
              431.665
            ],
            [
              3064.019,
              410.54
            ]
          ]
        ]
      }
    },
    {
      "type": "Feature",
      "properties": {
        "id": "B-310",
        "name": "城市商住楼 97",
        "zone": "市集区",
        "frontageRoad": "M-01",
        "description": "市集区沿街独立建筑。",
        "footprint": 753.8,
        "scaleClass": "普通建筑",
        "layer": "buildings"
      },
      "geometry": {
        "type": "Polygon",
        "coordinates": [
          [
            [
              3068.095,
              368.516
            ],
            [
              3098.969,
              372.726
            ],
            [
              3095.7,
              396.694
            ],
            [
              3064.826,
              392.484
            ],
            [
              3068.095,
              368.516
            ]
          ]
        ]
      }
    },
    {
      "type": "Feature",
      "properties": {
        "id": "B-311",
        "name": "城市商住楼 98",
        "zone": "市集区",
        "frontageRoad": "M-01",
        "description": "市集区沿街独立建筑。",
        "footprint": 931.9,
        "scaleClass": "普通建筑",
        "layer": "buildings"
      },
      "geometry": {
        "type": "Polygon",
        "coordinates": [
          [
            [
              3136.216,
              374.908
            ],
            [
              3170.34,
              379.562
            ],
            [
              3166.684,
              406.374
            ],
            [
              3132.559,
              401.72
            ],
            [
              3136.216,
              374.908
            ]
          ]
        ]
      }
    },
    {
      "type": "Feature",
      "properties": {
        "id": "B-312",
        "name": "城市商住楼 99",
        "zone": "市集区",
        "frontageRoad": "M-04",
        "description": "市集区沿街独立建筑。",
        "footprint": 1458.2,
        "scaleClass": "普通建筑",
        "layer": "buildings"
      },
      "geometry": {
        "type": "Polygon",
        "coordinates": [
          [
            [
              2413.762,
              1094.391
            ],
            [
              2451.918,
              1087.578
            ],
            [
              2458.532,
              1124.612
            ],
            [
              2420.375,
              1131.425
            ],
            [
              2413.762,
              1094.391
            ]
          ]
        ]
      }
    },
    {
      "type": "Feature",
      "properties": {
        "id": "B-313",
        "name": "城市商住楼 100",
        "zone": "市集区",
        "frontageRoad": "M-04",
        "description": "市集区沿街独立建筑。",
        "footprint": 1802.5,
        "scaleClass": "普通建筑",
        "layer": "buildings"
      },
      "geometry": {
        "type": "Polygon",
        "coordinates": [
          [
            [
              2401.214,
              1037.095
            ],
            [
              2443.86,
              1029.48
            ],
            [
              2451.174,
              1070.442
            ],
            [
              2408.529,
              1078.057
            ],
            [
              2401.214,
              1037.095
            ]
          ]
        ]
      }
    },
    {
      "type": "Feature",
      "properties": {
        "id": "B-314",
        "name": "城市商住楼 101",
        "zone": "市集区",
        "frontageRoad": "M-04",
        "description": "市集区沿街独立建筑。",
        "footprint": 2183.3,
        "scaleClass": "普通建筑",
        "layer": "buildings"
      },
      "geometry": {
        "type": "Polygon",
        "coordinates": [
          [
            [
              2478.183,
              1082.888
            ],
            [
              2525.317,
              1074.471
            ],
            [
              2533.333,
              1119.361
            ],
            [
              2486.199,
              1127.777
            ],
            [
              2478.183,
              1082.888
            ]
          ]
        ]
      }
    },
    {
      "type": "Feature",
      "properties": {
        "id": "B-315",
        "name": "城市商住楼 102",
        "zone": "市集区",
        "frontageRoad": "M-04",
        "description": "市集区沿街独立建筑。",
        "footprint": 1554.3,
        "scaleClass": "普通建筑",
        "layer": "buildings"
      },
      "geometry": {
        "type": "Polygon",
        "coordinates": [
          [
            [
              2467.74,
              1037.375
            ],
            [
              2519.363,
              1028.156
            ],
            [
              2524.573,
              1057.335
            ],
            [
              2472.95,
              1066.553
            ],
            [
              2467.74,
              1037.375
            ]
          ]
        ]
      }
    },
    {
      "type": "Feature",
      "properties": {
        "id": "B-316",
        "name": "城市商住楼 103",
        "zone": "市集区",
        "frontageRoad": "M-04",
        "description": "市集区沿街独立建筑。",
        "footprint": 1916.9,
        "scaleClass": "普通建筑",
        "layer": "buildings"
      },
      "geometry": {
        "type": "Polygon",
        "coordinates": [
          [
            [
              2542.604,
              1071.384
            ],
            [
              2598.716,
              1061.364
            ],
            [
              2604.628,
              1094.47
            ],
            [
              2548.516,
              1104.49
            ],
            [
              2542.604,
              1071.384
            ]
          ]
        ]
      }
    },
    {
      "type": "Feature",
      "properties": {
        "id": "B-317",
        "name": "城市商住楼 104",
        "zone": "市集区",
        "frontageRoad": "M-04",
        "description": "市集区沿街独立建筑。",
        "footprint": 2315.9,
        "scaleClass": "普通建筑",
        "layer": "buildings"
      },
      "geometry": {
        "type": "Polygon",
        "coordinates": [
          [
            [
              2530.758,
              1018.015
            ],
            [
              2591.359,
              1007.193
            ],
            [
              2597.972,
              1044.228
            ],
            [
              2537.371,
              1055.049
            ],
            [
              2530.758,
              1018.015
            ]
          ]
        ]
      }
    },
    {
      "type": "Feature",
      "properties": {
        "id": "B-318",
        "name": "城市商住楼 105",
        "zone": "市集区",
        "frontageRoad": "M-04",
        "description": "市集区沿街独立建筑。",
        "footprint": 1824.6,
        "scaleClass": "普通建筑",
        "layer": "buildings"
      },
      "geometry": {
        "type": "Polygon",
        "coordinates": [
          [
            [
              2679.736,
              1050.166
            ],
            [
              2740.523,
              1059.892
            ],
            [
              2735.84,
              1089.16
            ],
            [
              2675.053,
              1079.434
            ],
            [
              2679.736,
              1050.166
            ]
          ]
        ]
      }
    },
    {
      "type": "Feature",
      "properties": {
        "id": "B-319",
        "name": "城市商住楼 106",
        "zone": "市集区",
        "frontageRoad": "M-04",
        "description": "市集区沿街独立建筑。",
        "footprint": 1303.5,
        "scaleClass": "普通建筑",
        "layer": "buildings"
      },
      "geometry": {
        "type": "Polygon",
        "coordinates": [
          [
            [
              2698.992,
              1001.973
            ],
            [
              2737.265,
              1008.097
            ],
            [
              2731.952,
              1041.304
            ],
            [
              2693.679,
              1035.18
            ],
            [
              2698.992,
              1001.973
            ]
          ]
        ]
      }
    },
    {
      "type": "Feature",
      "properties": {
        "id": "B-320",
        "name": "城市商住楼 107",
        "zone": "市集区",
        "frontageRoad": "M-04",
        "description": "市集区沿街独立建筑。",
        "footprint": 1629.7,
        "scaleClass": "普通建筑",
        "layer": "buildings"
      },
      "geometry": {
        "type": "Polygon",
        "coordinates": [
          [
            [
              2826.983,
              1073.725
            ],
            [
              2869.759,
              1080.57
            ],
            [
              2863.816,
              1117.717
            ],
            [
              2821.04,
              1110.873
            ],
            [
              2826.983,
              1073.725
            ]
          ]
        ]
      }
    },
    {
      "type": "Feature",
      "properties": {
        "id": "B-321",
        "name": "城市商住楼 108",
        "zone": "市集区",
        "frontageRoad": "M-04",
        "description": "市集区沿街独立建筑。",
        "footprint": 948.9,
        "scaleClass": "普通建筑",
        "layer": "buildings"
      },
      "geometry": {
        "type": "Polygon",
        "coordinates": [
          [
            [
              2944.51,
              1084.258
            ],
            [
              2981.17,
              1077.711
            ],
            [
              2985.649,
              1102.794
            ],
            [
              2948.989,
              1109.341
            ],
            [
              2944.51,
              1084.258
            ]
          ]
        ]
      }
    },
    {
      "type": "Feature",
      "properties": {
        "id": "B-322",
        "name": "城市商住楼 109",
        "zone": "市集区",
        "frontageRoad": "M-04",
        "description": "市集区沿街独立建筑。",
        "footprint": 1189.9,
        "scaleClass": "普通建筑",
        "layer": "buildings"
      },
      "geometry": {
        "type": "Polygon",
        "coordinates": [
          [
            [
              2934.51,
              1039.407
            ],
            [
              2975.029,
              1032.172
            ],
            [
              2980.111,
              1060.631
            ],
            [
              2939.592,
              1067.867
            ],
            [
              2934.51,
              1039.407
            ]
          ]
        ]
      }
    },
    {
      "type": "Feature",
      "properties": {
        "id": "B-323",
        "name": "城市商住楼 110",
        "zone": "市集区",
        "frontageRoad": "M-04",
        "description": "市集区沿街独立建筑。",
        "footprint": 1457.9,
        "scaleClass": "普通建筑",
        "layer": "buildings"
      },
      "geometry": {
        "type": "Polygon",
        "coordinates": [
          [
            [
              3009.561,
              1072.641
            ],
            [
              3053.939,
              1064.717
            ],
            [
              3059.624,
              1096.553
            ],
            [
              3015.246,
              1104.478
            ],
            [
              3009.561,
              1072.641
            ]
          ]
        ]
      }
    },
    {
      "type": "Feature",
      "properties": {
        "id": "B-324",
        "name": "城市商住楼 111",
        "zone": "市集区",
        "frontageRoad": "M-04",
        "description": "市集区沿街独立建筑。",
        "footprint": 1752.7,
        "scaleClass": "普通建筑",
        "layer": "buildings"
      },
      "geometry": {
        "type": "Polygon",
        "coordinates": [
          [
            [
              2998.355,
              1021.038
            ],
            [
              3046.592,
              1012.424
            ],
            [
              3052.88,
              1047.637
            ],
            [
              3004.643,
              1056.251
            ],
            [
              2998.355,
              1021.038
            ]
          ]
        ]
      }
    },
    {
      "type": "Feature",
      "properties": {
        "id": "B-325",
        "name": "工坊生产楼 29",
        "zone": "工坊区",
        "frontageRoad": "W-02",
        "description": "工坊区沿街独立建筑。",
        "footprint": 1284,
        "scaleClass": "普通建筑",
        "layer": "buildings"
      },
      "geometry": {
        "type": "Polygon",
        "coordinates": [
          [
            [
              2265.734,
              1735.653
            ],
            [
              2308.55,
              1729.066
            ],
            [
              2313.057,
              1758.361
            ],
            [
              2270.241,
              1764.948
            ],
            [
              2265.734,
              1735.653
            ]
          ]
        ]
      }
    },
    {
      "type": "Feature",
      "properties": {
        "id": "B-326",
        "name": "工坊生产楼 30",
        "zone": "工坊区",
        "frontageRoad": "W-02",
        "description": "工坊区沿街独立建筑。",
        "footprint": 1610.2,
        "scaleClass": "普通建筑",
        "layer": "buildings"
      },
      "geometry": {
        "type": "Polygon",
        "coordinates": [
          [
            [
              2401.853,
              1714.711
            ],
            [
              2449.176,
              1707.431
            ],
            [
              2454.29,
              1740.67
            ],
            [
              2406.966,
              1747.95
            ],
            [
              2401.853,
              1714.711
            ]
          ]
        ]
      }
    },
    {
      "type": "Feature",
      "properties": {
        "id": "B-327",
        "name": "工坊生产楼 31",
        "zone": "工坊区",
        "frontageRoad": "W-02",
        "description": "工坊区沿街独立建筑。",
        "footprint": 1972.8,
        "scaleClass": "普通建筑",
        "layer": "buildings"
      },
      "geometry": {
        "type": "Polygon",
        "coordinates": [
          [
            [
              2390.99,
              1659.096
            ],
            [
              2442.82,
              1651.123
            ],
            [
              2448.54,
              1688.305
            ],
            [
              2396.71,
              1696.279
            ],
            [
              2390.99,
              1659.096
            ]
          ]
        ]
      }
    },
    {
      "type": "Feature",
      "properties": {
        "id": "B-328",
        "name": "工坊生产楼 32",
        "zone": "工坊区",
        "frontageRoad": "W-02",
        "description": "工坊区沿街独立建筑。",
        "footprint": 1554.3,
        "scaleClass": "普通建筑",
        "layer": "buildings"
      },
      "geometry": {
        "type": "Polygon",
        "coordinates": [
          [
            [
              2514.522,
              1701.33
            ],
            [
              2566.581,
              1707.64
            ],
            [
              2563.015,
              1737.065
            ],
            [
              2510.956,
              1730.754
            ],
            [
              2514.522,
              1701.33
            ]
          ]
        ]
      }
    },
    {
      "type": "Feature",
      "properties": {
        "id": "B-329",
        "name": "工坊生产楼 33",
        "zone": "工坊区",
        "frontageRoad": "W-02",
        "description": "工坊区沿街独立建筑。",
        "footprint": 1416.6,
        "scaleClass": "普通建筑",
        "layer": "buildings"
      },
      "geometry": {
        "type": "Polygon",
        "coordinates": [
          [
            [
              2655.212,
              1718.383
            ],
            [
              2703.856,
              1724.279
            ],
            [
              2700.378,
              1752.979
            ],
            [
              2651.734,
              1747.083
            ],
            [
              2655.212,
              1718.383
            ]
          ]
        ]
      }
    },
    {
      "type": "Feature",
      "properties": {
        "id": "B-330",
        "name": "工坊生产楼 34",
        "zone": "工坊区",
        "frontageRoad": "W-02",
        "description": "工坊区沿街独立建筑。",
        "footprint": 1711.4,
        "scaleClass": "普通建筑",
        "layer": "buildings"
      },
      "geometry": {
        "type": "Polygon",
        "coordinates": [
          [
            [
              2659.444,
              1667.18
            ],
            [
              2711.98,
              1673.548
            ],
            [
              2708.088,
              1705.653
            ],
            [
              2655.553,
              1699.285
            ],
            [
              2659.444,
              1667.18
            ]
          ]
        ]
      }
    },
    {
      "type": "Feature",
      "properties": {
        "id": "B-331",
        "name": "工坊生产楼 35",
        "zone": "工坊区",
        "frontageRoad": "W-02",
        "description": "工坊区沿街独立建筑。",
        "footprint": 1191.9,
        "scaleClass": "普通建筑",
        "layer": "buildings"
      },
      "geometry": {
        "type": "Polygon",
        "coordinates": [
          [
            [
              2739.077,
              1673.378
            ],
            [
              2772.155,
              1677.387
            ],
            [
              2767.851,
              1712.897
            ],
            [
              2734.773,
              1708.888
            ],
            [
              2739.077,
              1673.378
            ]
          ]
        ]
      }
    },
    {
      "type": "Feature",
      "properties": {
        "id": "B-332",
        "name": "工坊生产楼 36",
        "zone": "工坊区",
        "frontageRoad": "W-02",
        "description": "工坊区沿街独立建筑。",
        "footprint": 963.3,
        "scaleClass": "普通建筑",
        "layer": "buildings"
      },
      "geometry": {
        "type": "Polygon",
        "coordinates": [
          [
            [
              2856.384,
              1736.021
            ],
            [
              2889.404,
              1731.559
            ],
            [
              2893.275,
              1760.208
            ],
            [
              2860.256,
              1764.671
            ],
            [
              2856.384,
              1736.021
            ]
          ]
        ]
      }
    },
    {
      "type": "Feature",
      "properties": {
        "id": "B-333",
        "name": "工坊生产楼 37",
        "zone": "工坊区",
        "frontageRoad": "W-02",
        "description": "工坊区沿街独立建筑。",
        "footprint": 1204.3,
        "scaleClass": "普通建筑",
        "layer": "buildings"
      },
      "geometry": {
        "type": "Polygon",
        "coordinates": [
          [
            [
              2847.566,
              1685.406
            ],
            [
              2884.471,
              1680.419
            ],
            [
              2888.802,
              1712.467
            ],
            [
              2851.897,
              1717.455
            ],
            [
              2847.566,
              1685.406
            ]
          ]
        ]
      }
    },
    {
      "type": "Feature",
      "properties": {
        "id": "B-334",
        "name": "工坊生产楼 38",
        "zone": "工坊区",
        "frontageRoad": "W-02",
        "description": "工坊区沿街独立建筑。",
        "footprint": 1472.3,
        "scaleClass": "普通建筑",
        "layer": "buildings"
      },
      "geometry": {
        "type": "Polygon",
        "coordinates": [
          [
            [
              2991.238,
              1717.797
            ],
            [
              3032.027,
              1712.285
            ],
            [
              3036.818,
              1747.733
            ],
            [
              2996.028,
              1753.245
            ],
            [
              2991.238,
              1717.797
            ]
          ]
        ]
      }
    },
    {
      "type": "Feature",
      "properties": {
        "id": "B-335",
        "name": "工坊生产楼 39",
        "zone": "工坊区",
        "frontageRoad": "W-02",
        "description": "工坊区沿街独立建筑。",
        "footprint": 1767.1,
        "scaleClass": "普通建筑",
        "layer": "buildings"
      },
      "geometry": {
        "type": "Polygon",
        "coordinates": [
          [
            [
              3058.665,
              1708.686
            ],
            [
              3103.339,
              1702.649
            ],
            [
              3108.589,
              1741.496
            ],
            [
              3063.915,
              1747.533
            ],
            [
              3058.665,
              1708.686
            ]
          ]
        ]
      }
    },
    {
      "type": "Feature",
      "properties": {
        "id": "B-336",
        "name": "工坊生产楼 40",
        "zone": "工坊区",
        "frontageRoad": "W-03",
        "description": "工坊区沿街独立建筑。",
        "footprint": 963.3,
        "scaleClass": "普通建筑",
        "layer": "buildings"
      },
      "geometry": {
        "type": "Polygon",
        "coordinates": [
          [
            [
              2226.323,
              2246.284
            ],
            [
              2259.385,
              2242.151
            ],
            [
              2262.971,
              2270.838
            ],
            [
              2229.908,
              2274.97
            ],
            [
              2226.323,
              2246.284
            ]
          ]
        ]
      }
    },
    {
      "type": "Feature",
      "properties": {
        "id": "B-337",
        "name": "工坊生产楼 41",
        "zone": "工坊区",
        "frontageRoad": "W-03",
        "description": "工坊区沿街独立建筑。",
        "footprint": 1204.3,
        "scaleClass": "普通建筑",
        "layer": "buildings"
      },
      "geometry": {
        "type": "Polygon",
        "coordinates": [
          [
            [
              2218.01,
              2195.583
            ],
            [
              2254.962,
              2190.964
            ],
            [
              2258.974,
              2223.054
            ],
            [
              2222.021,
              2227.673
            ],
            [
              2218.01,
              2195.583
            ]
          ]
        ]
      }
    },
    {
      "type": "Feature",
      "properties": {
        "id": "B-338",
        "name": "工坊生产楼 42",
        "zone": "工坊区",
        "frontageRoad": "W-03",
        "description": "工坊区沿街独立建筑。",
        "footprint": 1472.3,
        "scaleClass": "普通建筑",
        "layer": "buildings"
      },
      "geometry": {
        "type": "Polygon",
        "coordinates": [
          [
            [
              2291.892,
              2238.087
            ],
            [
              2332.735,
              2232.982
            ],
            [
              2337.171,
              2268.476
            ],
            [
              2296.329,
              2273.581
            ],
            [
              2291.892,
              2238.087
            ]
          ]
        ]
      }
    },
    {
      "type": "Feature",
      "properties": {
        "id": "B-339",
        "name": "工坊生产楼 43",
        "zone": "工坊区",
        "frontageRoad": "W-03",
        "description": "工坊区沿街独立建筑。",
        "footprint": 1767.1,
        "scaleClass": "普通建筑",
        "layer": "buildings"
      },
      "geometry": {
        "type": "Polygon",
        "coordinates": [
          [
            [
              2282.729,
              2180.58
            ],
            [
              2327.461,
              2174.988
            ],
            [
              2332.323,
              2213.886
            ],
            [
              2287.591,
              2219.477
            ],
            [
              2282.729,
              2180.58
            ]
          ]
        ]
      }
    },
    {
      "type": "Feature",
      "properties": {
        "id": "B-340",
        "name": "工坊生产楼 44",
        "zone": "工坊区",
        "frontageRoad": "W-03",
        "description": "工坊区沿街独立建筑。",
        "footprint": 1248.5,
        "scaleClass": "普通建筑",
        "layer": "buildings"
      },
      "geometry": {
        "type": "Polygon",
        "coordinates": [
          [
            [
              2426.922,
              2221.209
            ],
            [
              2475.543,
              2215.131
            ],
            [
              2478.704,
              2240.414
            ],
            [
              2430.082,
              2246.492
            ],
            [
              2426.922,
              2221.209
            ]
          ]
        ]
      }
    },
    {
      "type": "Feature",
      "properties": {
        "id": "B-341",
        "name": "工坊生产楼 45",
        "zone": "工坊区",
        "frontageRoad": "W-03",
        "description": "工坊区沿街独立建筑。",
        "footprint": 1529.9,
        "scaleClass": "普通建筑",
        "layer": "buildings"
      },
      "geometry": {
        "type": "Polygon",
        "coordinates": [
          [
            [
              2419.034,
              2173.912
            ],
            [
              2471.546,
              2167.348
            ],
            [
              2475.131,
              2196.035
            ],
            [
              2422.62,
              2202.599
            ],
            [
              2419.034,
              2173.912
            ]
          ]
        ]
      }
    },
    {
      "type": "Feature",
      "properties": {
        "id": "B-342",
        "name": "工坊生产楼 46",
        "zone": "工坊区",
        "frontageRoad": "W-03",
        "description": "工坊区沿街独立建筑。",
        "footprint": 2074.5,
        "scaleClass": "普通建筑",
        "layer": "buildings"
      },
      "geometry": {
        "type": "Polygon",
        "coordinates": [
          [
            [
              2603.621,
              2220.369
            ],
            [
              2656.106,
              2227.141
            ],
            [
              2651.089,
              2266.018
            ],
            [
              2598.604,
              2259.246
            ],
            [
              2603.621,
              2220.369
            ]
          ]
        ]
      }
    },
    {
      "type": "Feature",
      "properties": {
        "id": "B-343",
        "name": "工坊生产楼 47",
        "zone": "工坊区",
        "frontageRoad": "W-03",
        "description": "工坊区沿街独立建筑。",
        "footprint": 849,
        "scaleClass": "普通建筑",
        "layer": "buildings"
      },
      "geometry": {
        "type": "Polygon",
        "coordinates": [
          [
            [
              2619.033,
              2177.508
            ],
            [
              2652.079,
              2181.772
            ],
            [
              2648.818,
              2207.043
            ],
            [
              2615.772,
              2202.779
            ],
            [
              2619.033,
              2177.508
            ]
          ]
        ]
      }
    },
    {
      "type": "Feature",
      "properties": {
        "id": "B-344",
        "name": "工坊生产楼 48",
        "zone": "工坊区",
        "frontageRoad": "W-03",
        "description": "工坊区沿街独立建筑。",
        "footprint": 753.8,
        "scaleClass": "普通建筑",
        "layer": "buildings"
      },
      "geometry": {
        "type": "Polygon",
        "coordinates": [
          [
            [
              2683.836,
              2230.719
            ],
            [
              2714.74,
              2234.706
            ],
            [
              2711.644,
              2258.698
            ],
            [
              2680.74,
              2254.71
            ],
            [
              2683.836,
              2230.719
            ]
          ]
        ]
      }
    },
    {
      "type": "Feature",
      "properties": {
        "id": "B-345",
        "name": "工坊生产楼 49",
        "zone": "工坊区",
        "frontageRoad": "W-03",
        "description": "工坊区沿街独立建筑。",
        "footprint": 931.9,
        "scaleClass": "普通建筑",
        "layer": "buildings"
      },
      "geometry": {
        "type": "Polygon",
        "coordinates": [
          [
            [
              2688.104,
              2184.828
            ],
            [
              2722.261,
              2189.235
            ],
            [
              2718.798,
              2216.073
            ],
            [
              2684.641,
              2211.665
            ],
            [
              2688.104,
              2184.828
            ]
          ]
        ]
      }
    },
    {
      "type": "Feature",
      "properties": {
        "id": "B-346",
        "name": "工坊生产楼 50",
        "zone": "工坊区",
        "frontageRoad": "W-03",
        "description": "工坊区沿街独立建筑。",
        "footprint": 1129,
        "scaleClass": "普通建筑",
        "layer": "buildings"
      },
      "geometry": {
        "type": "Polygon",
        "coordinates": [
          [
            [
              2750.007,
              2239.257
            ],
            [
              2787.417,
              2244.084
            ],
            [
              2783.587,
              2273.768
            ],
            [
              2746.177,
              2268.941
            ],
            [
              2750.007,
              2239.257
            ]
          ]
        ]
      }
    },
    {
      "type": "Feature",
      "properties": {
        "id": "B-347",
        "name": "工坊生产楼 51",
        "zone": "工坊区",
        "frontageRoad": "W-03",
        "description": "工坊区沿街独立建筑。",
        "footprint": 912.4,
        "scaleClass": "普通建筑",
        "layer": "buildings"
      },
      "geometry": {
        "type": "Polygon",
        "coordinates": [
          [
            [
              2847.449,
              2203.04
            ],
            [
              2884.682,
              2197.002
            ],
            [
              2888.555,
              2220.881
            ],
            [
              2851.321,
              2226.918
            ],
            [
              2847.449,
              2203.04
            ]
          ]
        ]
      }
    },
    {
      "type": "Feature",
      "properties": {
        "id": "B-348",
        "name": "工坊生产楼 52",
        "zone": "工坊区",
        "frontageRoad": "W-03",
        "description": "工坊区沿街独立建筑。",
        "footprint": 1109.5,
        "scaleClass": "普通建筑",
        "layer": "buildings"
      },
      "geometry": {
        "type": "Polygon",
        "coordinates": [
          [
            [
              2921.841,
              2234.731
            ],
            [
              2962.312,
              2228.168
            ],
            [
              2966.644,
              2254.879
            ],
            [
              2926.172,
              2261.442
            ],
            [
              2921.841,
              2234.731
            ]
          ]
        ]
      }
    },
    {
      "type": "Feature",
      "properties": {
        "id": "B-349",
        "name": "工坊生产楼 53",
        "zone": "工坊区",
        "frontageRoad": "W-03",
        "description": "工坊区沿街独立建筑。",
        "footprint": 1325.3,
        "scaleClass": "普通建筑",
        "layer": "buildings"
      },
      "geometry": {
        "type": "Polygon",
        "coordinates": [
          [
            [
              2912.39,
              2186.694
            ],
            [
              2956.099,
              2179.606
            ],
            [
              2960.89,
              2209.151
            ],
            [
              2917.181,
              2216.239
            ],
            [
              2912.39,
              2186.694
            ]
          ]
        ]
      }
    },
    {
      "type": "Feature",
      "properties": {
        "id": "B-350",
        "name": "工坊生产楼 54",
        "zone": "工坊区",
        "frontageRoad": "W-03",
        "description": "工坊区沿街独立建筑。",
        "footprint": 914.5,
        "scaleClass": "普通建筑",
        "layer": "buildings"
      },
      "geometry": {
        "type": "Polygon",
        "coordinates": [
          [
            [
              2997.414,
              2222.476
            ],
            [
              3024.934,
              2218.013
            ],
            [
              3030.184,
              2250.39
            ],
            [
              3002.664,
              2254.853
            ],
            [
              2997.414,
              2222.476
            ]
          ]
        ]
      }
    },
    {
      "type": "Feature",
      "properties": {
        "id": "B-351",
        "name": "工坊生产楼 55",
        "zone": "工坊区",
        "frontageRoad": "W-03",
        "description": "工坊区沿街独立建筑。",
        "footprint": 664.3,
        "scaleClass": "普通建筑",
        "layer": "buildings"
      },
      "geometry": {
        "type": "Polygon",
        "coordinates": [
          [
            [
              2989.341,
              2182.938
            ],
            [
              3020.099,
              2177.951
            ],
            [
              3023.512,
              2198.996
            ],
            [
              2992.753,
              2203.983
            ],
            [
              2989.341,
              2182.938
            ]
          ]
        ]
      }
    },
    {
      "type": "Feature",
      "properties": {
        "id": "B-352",
        "name": "工坊生产楼 56",
        "zone": "工坊区",
        "frontageRoad": "W-03",
        "description": "工坊区沿街独立建筑。",
        "footprint": 833.1,
        "scaleClass": "普通建筑",
        "layer": "buildings"
      },
      "geometry": {
        "type": "Polygon",
        "coordinates": [
          [
            [
              3063.273,
              2211.796
            ],
            [
              3097.269,
              2206.283
            ],
            [
              3101.141,
              2230.161
            ],
            [
              3067.145,
              2235.674
            ],
            [
              3063.273,
              2211.796
            ]
          ]
        ]
      }
    },
    {
      "type": "Feature",
      "properties": {
        "id": "B-353",
        "name": "工坊生产楼 57",
        "zone": "工坊区",
        "frontageRoad": "W-03",
        "description": "工坊区沿街独立建筑。",
        "footprint": 1020.7,
        "scaleClass": "普通建筑",
        "layer": "buildings"
      },
      "geometry": {
        "type": "Polygon",
        "coordinates": [
          [
            [
              3054.282,
              2166.592
            ],
            [
              3091.515,
              2160.555
            ],
            [
              3095.847,
              2187.266
            ],
            [
              3058.613,
              2193.304
            ],
            [
              3054.282,
              2166.592
            ]
          ]
        ]
      }
    },
    {
      "type": "Feature",
      "properties": {
        "id": "B-354",
        "name": "工坊生产楼 58",
        "zone": "工坊区",
        "frontageRoad": "W-03",
        "description": "工坊区沿街独立建筑。",
        "footprint": 1227.1,
        "scaleClass": "普通建筑",
        "layer": "buildings"
      },
      "geometry": {
        "type": "Polygon",
        "coordinates": [
          [
            [
              3129.133,
              2201.116
            ],
            [
              3169.604,
              2194.553
            ],
            [
              3174.395,
              2224.097
            ],
            [
              3133.924,
              2230.66
            ],
            [
              3129.133,
              2201.116
            ]
          ]
        ]
      }
    },
    {
      "type": "Feature",
      "properties": {
        "id": "B-355",
        "name": "城市商住楼 112",
        "zone": "市集区",
        "frontageRoad": "W-04",
        "description": "市集区沿街独立建筑。",
        "footprint": 1284,
        "scaleClass": "普通建筑",
        "layer": "buildings"
      },
      "geometry": {
        "type": "Polygon",
        "coordinates": [
          [
            [
              2586.424,
              1274.084
            ],
            [
              2582.114,
              1317.189
            ],
            [
              2552.621,
              1314.24
            ],
            [
              2556.931,
              1271.135
            ],
            [
              2586.424,
              1274.084
            ]
          ]
        ]
      }
    },
    {
      "type": "Feature",
      "properties": {
        "id": "B-356",
        "name": "工坊生产楼 59",
        "zone": "工坊区",
        "frontageRoad": "W-04",
        "description": "工坊区沿街独立建筑。",
        "footprint": 1802.5,
        "scaleClass": "普通建筑",
        "layer": "buildings"
      },
      "geometry": {
        "type": "Polygon",
        "coordinates": [
          [
            [
              2538.892,
              1540.351
            ],
            [
              2547.388,
              1582.829
            ],
            [
              2506.586,
              1590.99
            ],
            [
              2498.09,
              1548.511
            ],
            [
              2538.892,
              1540.351
            ]
          ]
        ]
      }
    },
    {
      "type": "Feature",
      "properties": {
        "id": "B-357",
        "name": "工坊生产楼 60",
        "zone": "工坊区",
        "frontageRoad": "W-04",
        "description": "工坊区沿街独立建筑。",
        "footprint": 2183.3,
        "scaleClass": "普通建筑",
        "layer": "buildings"
      },
      "geometry": {
        "type": "Polygon",
        "coordinates": [
          [
            [
              2600.81,
              1525.642
            ],
            [
              2610.2,
              1572.592
            ],
            [
              2565.485,
              1581.535
            ],
            [
              2556.095,
              1534.585
            ],
            [
              2600.81,
              1525.642
            ]
          ]
        ]
      }
    },
    {
      "type": "Feature",
      "properties": {
        "id": "B-358",
        "name": "工坊生产楼 61",
        "zone": "工坊区",
        "frontageRoad": "W-04",
        "description": "工坊区沿街独立建筑。",
        "footprint": 1554.3,
        "scaleClass": "普通建筑",
        "layer": "buildings"
      },
      "geometry": {
        "type": "Polygon",
        "coordinates": [
          [
            [
              2551.726,
              1604.52
            ],
            [
              2562.01,
              1655.942
            ],
            [
              2532.946,
              1661.754
            ],
            [
              2522.661,
              1610.333
            ],
            [
              2551.726,
              1604.52
            ]
          ]
        ]
      }
    },
    {
      "type": "Feature",
      "properties": {
        "id": "B-359",
        "name": "工坊生产楼 62",
        "zone": "工坊区",
        "frontageRoad": "W-04",
        "description": "工坊区沿街独立建筑。",
        "footprint": 1916.9,
        "scaleClass": "普通建筑",
        "layer": "buildings"
      },
      "geometry": {
        "type": "Polygon",
        "coordinates": [
          [
            [
              2601.906,
              1592.159
            ],
            [
              2613.085,
              1648.052
            ],
            [
              2580.108,
              1654.647
            ],
            [
              2568.929,
              1598.754
            ],
            [
              2601.906,
              1592.159
            ]
          ]
        ]
      }
    },
    {
      "type": "Feature",
      "properties": {
        "id": "B-360",
        "name": "工坊生产楼 63",
        "zone": "工坊区",
        "frontageRoad": "W-04",
        "description": "工坊区沿街独立建筑。",
        "footprint": 2599.2,
        "scaleClass": "普通建筑",
        "layer": "buildings"
      },
      "geometry": {
        "type": "Polygon",
        "coordinates": [
          [
            [
              2633.202,
              1718.247
            ],
            [
              2628.192,
              1775.026
            ],
            [
              2582.769,
              1771.018
            ],
            [
              2587.779,
              1714.239
            ],
            [
              2633.202,
              1718.247
            ]
          ]
        ]
      }
    },
    {
      "type": "Feature",
      "properties": {
        "id": "B-361",
        "name": "工坊生产楼 64",
        "zone": "工坊区",
        "frontageRoad": "W-04",
        "description": "工坊区沿街独立建筑。",
        "footprint": 1348.4,
        "scaleClass": "普通建筑",
        "layer": "buildings"
      },
      "geometry": {
        "type": "Polygon",
        "coordinates": [
          [
            [
              2557.364,
              1854.147
            ],
            [
              2552.712,
              1906.862
            ],
            [
              2527.331,
              1904.623
            ],
            [
              2531.982,
              1851.907
            ],
            [
              2557.364,
              1854.147
            ]
          ]
        ]
      }
    },
    {
      "type": "Feature",
      "properties": {
        "id": "B-362",
        "name": "工坊生产楼 65",
        "zone": "工坊区",
        "frontageRoad": "W-04",
        "description": "工坊区沿街独立建筑。",
        "footprint": 963.3,
        "scaleClass": "普通建筑",
        "layer": "buildings"
      },
      "geometry": {
        "type": "Polygon",
        "coordinates": [
          [
            [
              2603.231,
              1868.032
            ],
            [
              2600.302,
              1901.223
            ],
            [
              2571.504,
              1898.682
            ],
            [
              2574.433,
              1865.491
            ],
            [
              2603.231,
              1868.032
            ]
          ]
        ]
      }
    },
    {
      "type": "Feature",
      "properties": {
        "id": "B-363",
        "name": "工坊生产楼 66",
        "zone": "工坊区",
        "frontageRoad": "W-04",
        "description": "工坊区沿街独立建筑。",
        "footprint": 1204.3,
        "scaleClass": "普通建筑",
        "layer": "buildings"
      },
      "geometry": {
        "type": "Polygon",
        "coordinates": [
          [
            [
              2550.522,
              1931.686
            ],
            [
              2547.249,
              1968.782
            ],
            [
              2515.034,
              1965.939
            ],
            [
              2518.307,
              1928.843
            ],
            [
              2550.522,
              1931.686
            ]
          ]
        ]
      }
    },
    {
      "type": "Feature",
      "properties": {
        "id": "B-364",
        "name": "工坊生产楼 67",
        "zone": "工坊区",
        "frontageRoad": "W-04",
        "description": "工坊区沿街独立建筑。",
        "footprint": 1472.3,
        "scaleClass": "普通建筑",
        "layer": "buildings"
      },
      "geometry": {
        "type": "Polygon",
        "coordinates": [
          [
            [
              2604.256,
              1934.459
            ],
            [
              2600.639,
              1975.46
            ],
            [
              2565.007,
              1972.316
            ],
            [
              2568.625,
              1931.315
            ],
            [
              2604.256,
              1934.459
            ]
          ]
        ]
      }
    },
    {
      "type": "Feature",
      "properties": {
        "id": "B-365",
        "name": "工坊生产楼 68",
        "zone": "工坊区",
        "frontageRoad": "W-04",
        "description": "工坊区沿街独立建筑。",
        "footprint": 1189.9,
        "scaleClass": "普通建筑",
        "layer": "buildings"
      },
      "geometry": {
        "type": "Polygon",
        "coordinates": [
          [
            [
              2532.829,
              2130.243
            ],
            [
              2529.133,
              2171.237
            ],
            [
              2500.34,
              2168.641
            ],
            [
              2504.035,
              2127.647
            ],
            [
              2532.829,
              2130.243
            ]
          ]
        ]
      }
    },
    {
      "type": "Feature",
      "properties": {
        "id": "B-366",
        "name": "工坊生产楼 69",
        "zone": "工坊区",
        "frontageRoad": "W-04",
        "description": "工坊区沿街独立建筑。",
        "footprint": 1457.9,
        "scaleClass": "普通建筑",
        "layer": "buildings"
      },
      "geometry": {
        "type": "Polygon",
        "coordinates": [
          [
            [
              2583.141,
              2132.81
            ],
            [
              2579.094,
              2177.708
            ],
            [
              2546.885,
              2174.805
            ],
            [
              2550.932,
              2129.907
            ],
            [
              2583.141,
              2132.81
            ]
          ]
        ]
      }
    },
    {
      "type": "Feature",
      "properties": {
        "id": "B-367",
        "name": "工坊生产楼 70",
        "zone": "工坊区",
        "frontageRoad": "W-04",
        "description": "工坊区沿街独立建筑。",
        "footprint": 1227.1,
        "scaleClass": "普通建筑",
        "layer": "buildings"
      },
      "geometry": {
        "type": "Polygon",
        "coordinates": [
          [
            [
              2520.252,
              2269.757
            ],
            [
              2516.571,
              2310.592
            ],
            [
              2486.762,
              2307.904
            ],
            [
              2490.443,
              2267.07
            ],
            [
              2520.252,
              2269.757
            ]
          ]
        ]
      }
    },
    {
      "type": "Feature",
      "properties": {
        "id": "B-368",
        "name": "工坊生产楼 71",
        "zone": "工坊区",
        "frontageRoad": "W-04",
        "description": "工坊区沿街独立建筑。",
        "footprint": 1452.4,
        "scaleClass": "普通建筑",
        "layer": "buildings"
      },
      "geometry": {
        "type": "Polygon",
        "coordinates": [
          [
            [
              2570.994,
              2272.685
            ],
            [
              2567.019,
              2316.786
            ],
            [
              2534.351,
              2313.841
            ],
            [
              2538.327,
              2269.74
            ],
            [
              2570.994,
              2272.685
            ]
          ]
        ]
      }
    },
    {
      "type": "Feature",
      "properties": {
        "id": "B-369",
        "name": "工坊生产楼 72",
        "zone": "工坊区",
        "frontageRoad": "W-05",
        "description": "工坊区沿街独立建筑。",
        "footprint": 1189.9,
        "scaleClass": "普通建筑",
        "layer": "buildings"
      },
      "geometry": {
        "type": "Polygon",
        "coordinates": [
          [
            [
              2888.802,
              1512.072
            ],
            [
              2893.187,
              1552.997
            ],
            [
              2864.441,
              1556.077
            ],
            [
              2860.056,
              1515.151
            ],
            [
              2888.802,
              1512.072
            ]
          ]
        ]
      }
    },
    {
      "type": "Feature",
      "properties": {
        "id": "B-370",
        "name": "工坊生产楼 73",
        "zone": "工坊区",
        "frontageRoad": "W-05",
        "description": "工坊区沿街独立建筑。",
        "footprint": 1457.9,
        "scaleClass": "普通建筑",
        "layer": "buildings"
      },
      "geometry": {
        "type": "Polygon",
        "coordinates": [
          [
            [
              2942.624,
              1504.334
            ],
            [
              2947.426,
              1549.157
            ],
            [
              2915.27,
              1552.602
            ],
            [
              2910.468,
              1507.779
            ],
            [
              2942.624,
              1504.334
            ]
          ]
        ]
      }
    },
    {
      "type": "Feature",
      "properties": {
        "id": "B-371",
        "name": "工坊生产楼 74",
        "zone": "工坊区",
        "frontageRoad": "W-05",
        "description": "工坊区沿街独立建筑。",
        "footprint": 1752.7,
        "scaleClass": "普通建筑",
        "layer": "buildings"
      },
      "geometry": {
        "type": "Polygon",
        "coordinates": [
          [
            [
              2895.842,
              1577.776
            ],
            [
              2901.062,
              1626.497
            ],
            [
              2865.495,
              1630.307
            ],
            [
              2860.275,
              1581.586
            ],
            [
              2895.842,
              1577.776
            ]
          ]
        ]
      }
    },
    {
      "type": "Feature",
      "properties": {
        "id": "B-372",
        "name": "工坊生产楼 75",
        "zone": "工坊区",
        "frontageRoad": "W-05",
        "description": "工坊区沿街独立建筑。",
        "footprint": 1416.6,
        "scaleClass": "普通建筑",
        "layer": "buildings"
      },
      "geometry": {
        "type": "Polygon",
        "coordinates": [
          [
            [
              2906.506,
              1787.15
            ],
            [
              2905.106,
              1836.13
            ],
            [
              2876.208,
              1835.304
            ],
            [
              2877.607,
              1786.324
            ],
            [
              2906.506,
              1787.15
            ]
          ]
        ]
      }
    },
    {
      "type": "Feature",
      "properties": {
        "id": "B-373",
        "name": "工坊生产楼 76",
        "zone": "工坊区",
        "frontageRoad": "W-05",
        "description": "工坊区沿街独立建筑。",
        "footprint": 1711.4,
        "scaleClass": "普通建筑",
        "layer": "buildings"
      },
      "geometry": {
        "type": "Polygon",
        "coordinates": [
          [
            [
              2960.879,
              1786.743
            ],
            [
              2959.368,
              1839.641
            ],
            [
              2927.041,
              1838.718
            ],
            [
              2928.553,
              1785.819
            ],
            [
              2960.879,
              1786.743
            ]
          ]
        ]
      }
    },
    {
      "type": "Feature",
      "properties": {
        "id": "B-374",
        "name": "工坊生产楼 77",
        "zone": "工坊区",
        "frontageRoad": "W-05",
        "description": "工坊区沿街独立建筑。",
        "footprint": 1191.9,
        "scaleClass": "普通建筑",
        "layer": "buildings"
      },
      "geometry": {
        "type": "Polygon",
        "coordinates": [
          [
            [
              2904.282,
              1864.958
            ],
            [
              2903.331,
              1898.265
            ],
            [
              2867.575,
              1897.243
            ],
            [
              2868.527,
              1863.937
            ],
            [
              2904.282,
              1864.958
            ]
          ]
        ]
      }
    },
    {
      "type": "Feature",
      "properties": {
        "id": "B-375",
        "name": "工坊生产楼 78",
        "zone": "工坊区",
        "frontageRoad": "W-05",
        "description": "工坊区沿街独立建筑。",
        "footprint": 1459.8,
        "scaleClass": "普通建筑",
        "layer": "buildings"
      },
      "geometry": {
        "type": "Polygon",
        "coordinates": [
          [
            [
              2965.513,
              1864.747
            ],
            [
              2964.45,
              1901.972
            ],
            [
              2925.266,
              1900.852
            ],
            [
              2926.329,
              1863.628
            ],
            [
              2965.513,
              1864.747
            ]
          ]
        ]
      }
    },
    {
      "type": "Feature",
      "properties": {
        "id": "B-376",
        "name": "工坊生产楼 79",
        "zone": "工坊区",
        "frontageRoad": "W-05",
        "description": "工坊区沿街独立建筑。",
        "footprint": 1048.8,
        "scaleClass": "普通建筑",
        "layer": "buildings"
      },
      "geometry": {
        "type": "Polygon",
        "coordinates": [
          [
            [
              2902.395,
              1931.011
            ],
            [
              2901.22,
              1972.155
            ],
            [
              2875.75,
              1971.427
            ],
            [
              2876.926,
              1930.284
            ],
            [
              2902.395,
              1931.011
            ]
          ]
        ]
      }
    },
    {
      "type": "Feature",
      "properties": {
        "id": "B-377",
        "name": "工坊生产楼 80",
        "zone": "工坊区",
        "frontageRoad": "W-05",
        "description": "工坊区沿街独立建筑。",
        "footprint": 1303.3,
        "scaleClass": "普通建筑",
        "layer": "buildings"
      },
      "geometry": {
        "type": "Polygon",
        "coordinates": [
          [
            [
              2953.34,
              1930.506
            ],
            [
              2952.053,
              1975.568
            ],
            [
              2923.155,
              1974.742
            ],
            [
              2924.442,
              1929.681
            ],
            [
              2953.34,
              1930.506
            ]
          ]
        ]
      }
    },
    {
      "type": "Feature",
      "properties": {
        "id": "B-378",
        "name": "工坊生产楼 81",
        "zone": "工坊区",
        "frontageRoad": "W-05",
        "description": "工坊区沿街独立建筑。",
        "footprint": 1237.2,
        "scaleClass": "普通建筑",
        "layer": "buildings"
      },
      "geometry": {
        "type": "Polygon",
        "coordinates": [
          [
            [
              2897.588,
              2072.415
            ],
            [
              2895.253,
              2110.062
            ],
            [
              2862.516,
              2108.031
            ],
            [
              2864.851,
              2070.384
            ],
            [
              2897.588,
              2072.415
            ]
          ]
        ]
      }
    },
    {
      "type": "Feature",
      "properties": {
        "id": "B-379",
        "name": "工坊生产楼 82",
        "zone": "工坊区",
        "frontageRoad": "W-05",
        "description": "工坊区沿街独立建筑。",
        "footprint": 874.1,
        "scaleClass": "普通建筑",
        "layer": "buildings"
      },
      "geometry": {
        "type": "Polygon",
        "coordinates": [
          [
            [
              2940.927,
              2073.46
            ],
            [
              2938.388,
              2114.381
            ],
            [
              2917.109,
              2113.061
            ],
            [
              2919.648,
              2072.14
            ],
            [
              2940.927,
              2073.46
            ]
          ]
        ]
      }
    },
    {
      "type": "Feature",
      "properties": {
        "id": "B-380",
        "name": "工坊生产楼 83",
        "zone": "工坊区",
        "frontageRoad": "W-05",
        "description": "工坊区沿街独立建筑。",
        "footprint": 1071.1,
        "scaleClass": "普通建筑",
        "layer": "buildings"
      },
      "geometry": {
        "type": "Polygon",
        "coordinates": [
          [
            [
              2893.457,
              2139.007
            ],
            [
              2890.716,
              2183.202
            ],
            [
              2866.572,
              2181.704
            ],
            [
              2869.314,
              2137.509
            ],
            [
              2893.457,
              2139.007
            ]
          ]
        ]
      }
    },
    {
      "type": "Feature",
      "properties": {
        "id": "B-381",
        "name": "工坊生产楼 84",
        "zone": "工坊区",
        "frontageRoad": "W-05",
        "description": "工坊区沿街独立建筑。",
        "footprint": 754.4,
        "scaleClass": "普通建筑",
        "layer": "buildings"
      },
      "geometry": {
        "type": "Polygon",
        "coordinates": [
          [
            [
              2941.916,
              2150.228
            ],
            [
              2940.189,
              2178.055
            ],
            [
              2913.181,
              2176.379
            ],
            [
              2914.907,
              2148.553
            ],
            [
              2941.916,
              2150.228
            ]
          ]
        ]
      }
    },
    {
      "type": "Feature",
      "properties": {
        "id": "B-382",
        "name": "工坊生产楼 85",
        "zone": "工坊区",
        "frontageRoad": "W-05",
        "description": "工坊区沿街独立建筑。",
        "footprint": 932.6,
        "scaleClass": "普通建筑",
        "layer": "buildings"
      },
      "geometry": {
        "type": "Polygon",
        "coordinates": [
          [
            [
              2884.383,
              2285.285
            ],
            [
              2882.454,
              2316.386
            ],
            [
              2852.581,
              2314.532
            ],
            [
              2854.51,
              2283.432
            ],
            [
              2884.383,
              2285.285
            ]
          ]
        ]
      }
    },
    {
      "type": "Feature",
      "properties": {
        "id": "B-383",
        "name": "工坊生产楼 86",
        "zone": "工坊区",
        "frontageRoad": "W-05",
        "description": "工坊区沿街独立建筑。",
        "footprint": 1129.6,
        "scaleClass": "普通建筑",
        "layer": "buildings"
      },
      "geometry": {
        "type": "Polygon",
        "coordinates": [
          [
            [
              2939.179,
              2287.041
            ],
            [
              2937.047,
              2321.415
            ],
            [
              2904.31,
              2319.385
            ],
            [
              2906.442,
              2285.011
            ],
            [
              2939.179,
              2287.041
            ]
          ]
        ]
      }
    },
    {
      "type": "Feature",
      "properties": {
        "id": "B-384",
        "name": "封存值守楼 5",
        "zone": "封存区",
        "frontageRoad": "S-03",
        "description": "封存区沿街独立建筑。",
        "footprint": 914.5,
        "scaleClass": "普通建筑",
        "layer": "buildings"
      },
      "geometry": {
        "type": "Polygon",
        "coordinates": [
          [
            [
              1797.075,
              2271.25
            ],
            [
              1824.817,
              2274.024
            ],
            [
              1821.553,
              2306.661
            ],
            [
              1793.811,
              2303.887
            ],
            [
              1797.075,
              2271.25
            ]
          ]
        ]
      }
    },
    {
      "type": "Feature",
      "properties": {
        "id": "B-385",
        "name": "封存值守楼 6",
        "zone": "封存区",
        "frontageRoad": "S-03",
        "description": "封存区沿街独立建筑。",
        "footprint": 664.3,
        "scaleClass": "普通建筑",
        "layer": "buildings"
      },
      "geometry": {
        "type": "Polygon",
        "coordinates": [
          [
            [
              1799.256,
              2232.957
            ],
            [
              1830.261,
              2236.057
            ],
            [
              1828.14,
              2257.272
            ],
            [
              1797.135,
              2254.171
            ],
            [
              1799.256,
              2232.957
            ]
          ]
        ]
      }
    },
    {
      "type": "Feature",
      "properties": {
        "id": "B-386",
        "name": "封存值守楼 7",
        "zone": "封存区",
        "frontageRoad": "S-03",
        "description": "封存区沿街独立建筑。",
        "footprint": 833.1,
        "scaleClass": "普通建筑",
        "layer": "buildings"
      },
      "geometry": {
        "type": "Polygon",
        "coordinates": [
          [
            [
              1863.464,
              2277.889
            ],
            [
              1897.733,
              2281.316
            ],
            [
              1895.326,
              2305.386
            ],
            [
              1861.057,
              2301.959
            ],
            [
              1863.464,
              2277.889
            ]
          ]
        ]
      }
    },
    {
      "type": "Feature",
      "properties": {
        "id": "B-387",
        "name": "封存值守楼 8",
        "zone": "封存区",
        "frontageRoad": "S-03",
        "description": "封存区沿街独立建筑。",
        "footprint": 1613.5,
        "scaleClass": "普通建筑",
        "layer": "buildings"
      },
      "geometry": {
        "type": "Polygon",
        "coordinates": [
          [
            [
              1992.56,
              2284.704
            ],
            [
              2033.111,
              2277.652
            ],
            [
              2039.828,
              2316.272
            ],
            [
              1999.276,
              2323.324
            ],
            [
              1992.56,
              2284.704
            ]
          ]
        ]
      }
    },
    {
      "type": "Feature",
      "properties": {
        "id": "B-388",
        "name": "封存值守楼 9",
        "zone": "封存区",
        "frontageRoad": "S-03",
        "description": "封存区沿街独立建筑。",
        "footprint": 1148.6,
        "scaleClass": "普通建筑",
        "layer": "buildings"
      },
      "geometry": {
        "type": "Polygon",
        "coordinates": [
          [
            [
              1983.35,
              2243.188
            ],
            [
              2027.763,
              2235.464
            ],
            [
              2032.129,
              2260.567
            ],
            [
              1987.716,
              2268.291
            ],
            [
              1983.35,
              2243.188
            ]
          ]
        ]
      }
    },
    {
      "type": "Feature",
      "properties": {
        "id": "B-389",
        "name": "封存值守楼 10",
        "zone": "封存区",
        "frontageRoad": "S-03",
        "description": "封存区沿街独立建筑。",
        "footprint": 1416.6,
        "scaleClass": "普通建筑",
        "layer": "buildings"
      },
      "geometry": {
        "type": "Polygon",
        "coordinates": [
          [
            [
              2057.662,
              2273.382
            ],
            [
              2105.938,
              2264.986
            ],
            [
              2110.891,
              2293.469
            ],
            [
              2062.616,
              2301.864
            ],
            [
              2057.662,
              2273.382
            ]
          ]
        ]
      }
    },
    {
      "type": "Feature",
      "properties": {
        "id": "B-390",
        "name": "封存值守楼 11",
        "zone": "封存区",
        "frontageRoad": "S-03",
        "description": "封存区沿街独立建筑。",
        "footprint": 1711.4,
        "scaleClass": "普通建筑",
        "layer": "buildings"
      },
      "geometry": {
        "type": "Polygon",
        "coordinates": [
          [
            [
              2047.277,
              2225.107
            ],
            [
              2099.415,
              2216.04
            ],
            [
              2104.956,
              2247.902
            ],
            [
              2052.819,
              2256.969
            ],
            [
              2047.277,
              2225.107
            ]
          ]
        ]
      }
    },
    {
      "type": "Feature",
      "properties": {
        "id": "B-391",
        "name": "城市商住楼 113",
        "zone": "市集区",
        "frontageRoad": "R-NE",
        "description": "市集区沿街独立建筑。",
        "footprint": 1076.6,
        "scaleClass": "普通建筑",
        "layer": "buildings"
      },
      "geometry": {
        "type": "Polygon",
        "coordinates": [
          [
            [
              1797.897,
              628.501
            ],
            [
              1835.094,
              626.712
            ],
            [
              1836.482,
              655.589
            ],
            [
              1799.285,
              657.377
            ],
            [
              1797.897,
              628.501
            ]
          ]
        ]
      }
    },
    {
      "type": "Feature",
      "properties": {
        "id": "B-392",
        "name": "城市商住楼 114",
        "zone": "市集区",
        "frontageRoad": "R-NE",
        "description": "市集区沿街独立建筑。",
        "footprint": 1331.1,
        "scaleClass": "普通建筑",
        "layer": "buildings"
      },
      "geometry": {
        "type": "Polygon",
        "coordinates": [
          [
            [
              1793.137,
              570.322
            ],
            [
              1834.25,
              568.346
            ],
            [
              1835.803,
              600.648
            ],
            [
              1794.69,
              602.625
            ],
            [
              1793.137,
              570.322
            ]
          ]
        ]
      }
    },
    {
      "type": "Feature",
      "properties": {
        "id": "B-393",
        "name": "城市商住楼 115",
        "zone": "市集区",
        "frontageRoad": "R-NE",
        "description": "市集区沿街独立建筑。",
        "footprint": 1612.5,
        "scaleClass": "普通建筑",
        "layer": "buildings"
      },
      "geometry": {
        "type": "Polygon",
        "coordinates": [
          [
            [
              1863.9,
              625.328
            ],
            [
              1908.928,
              623.163
            ],
            [
              1910.646,
              658.891
            ],
            [
              1865.618,
              661.056
            ],
            [
              1863.9,
              625.328
            ]
          ]
        ]
      }
    },
    {
      "type": "Feature",
      "properties": {
        "id": "B-394",
        "name": "城市商住楼 116",
        "zone": "市集区",
        "frontageRoad": "R-NE",
        "description": "市集区沿街独立建筑。",
        "footprint": 1920.8,
        "scaleClass": "普通建筑",
        "layer": "buildings"
      },
      "geometry": {
        "type": "Polygon",
        "coordinates": [
          [
            [
              1858.812,
              560.297
            ],
            [
              1907.755,
              557.944
            ],
            [
              1909.637,
              597.099
            ],
            [
              1860.694,
              599.452
            ],
            [
              1858.812,
              560.297
            ]
          ]
        ]
      }
    },
    {
      "type": "Feature",
      "properties": {
        "id": "B-395",
        "name": "城市商住楼 117",
        "zone": "市集区",
        "frontageRoad": "R-NE",
        "description": "市集区沿街独立建筑。",
        "footprint": 1824.6,
        "scaleClass": "普通建筑",
        "layer": "buildings"
      },
      "geometry": {
        "type": "Polygon",
        "coordinates": [
          [
            [
              1925.589,
              622.362
            ],
            [
              1987.078,
              619.405
            ],
            [
              1988.501,
              649.011
            ],
            [
              1927.012,
              651.967
            ],
            [
              1925.589,
              622.362
            ]
          ]
        ]
      }
    },
    {
      "type": "Feature",
      "properties": {
        "id": "B-396",
        "name": "城市商住楼 118",
        "zone": "市集区",
        "frontageRoad": "R-NE",
        "description": "市集区沿街独立建筑。",
        "footprint": 1303.5,
        "scaleClass": "普通建筑",
        "layer": "buildings"
      },
      "geometry": {
        "type": "Polygon",
        "coordinates": [
          [
            [
              1934.112,
              562.253
            ],
            [
              1972.828,
              560.392
            ],
            [
              1974.443,
              593.983
            ],
            [
              1935.727,
              595.844
            ],
            [
              1934.112,
              562.253
            ]
          ]
        ]
      }
    },
    {
      "type": "Feature",
      "properties": {
        "id": "B-397",
        "name": "城市商住楼 119",
        "zone": "市集区",
        "frontageRoad": "R-NE",
        "description": "市集区沿街独立建筑。",
        "footprint": 1767.5,
        "scaleClass": "普通建筑",
        "layer": "buildings"
      },
      "geometry": {
        "type": "Polygon",
        "coordinates": [
          [
            [
              2144.855,
              542.313
            ],
            [
              2183.587,
              543.802
            ],
            [
              2181.834,
              589.369
            ],
            [
              2143.103,
              587.879
            ],
            [
              2144.855,
              542.313
            ]
          ]
        ]
      }
    },
    {
      "type": "Feature",
      "properties": {
        "id": "B-398",
        "name": "城市商住楼 120",
        "zone": "市集区",
        "frontageRoad": "R-NE",
        "description": "市集区沿街独立建筑。",
        "footprint": 1284,
        "scaleClass": "普通建筑",
        "layer": "buildings"
      },
      "geometry": {
        "type": "Polygon",
        "coordinates": [
          [
            [
              2211.912,
              560.864
            ],
            [
              2255.2,
              562.528
            ],
            [
              2254.061,
              592.147
            ],
            [
              2210.773,
              590.482
            ],
            [
              2211.912,
              560.864
            ]
          ]
        ]
      }
    },
    {
      "type": "Feature",
      "properties": {
        "id": "B-399",
        "name": "城市商住楼 121",
        "zone": "市集区",
        "frontageRoad": "R-NE",
        "description": "市集区沿街独立建筑。",
        "footprint": 1610.2,
        "scaleClass": "普通建筑",
        "layer": "buildings"
      },
      "geometry": {
        "type": "Polygon",
        "coordinates": [
          [
            [
              2349.684,
              562.17
            ],
            [
              2397.528,
              564.01
            ],
            [
              2396.236,
              597.615
            ],
            [
              2348.391,
              595.775
            ],
            [
              2349.684,
              562.17
            ]
          ]
        ]
      }
    },
    {
      "type": "Feature",
      "properties": {
        "id": "B-400",
        "name": "城市商住楼 122",
        "zone": "市集区",
        "frontageRoad": "R-NE",
        "description": "市集区沿街独立建筑。",
        "footprint": 1972.8,
        "scaleClass": "普通建筑",
        "layer": "buildings"
      },
      "geometry": {
        "type": "Polygon",
        "coordinates": [
          [
            [
              2415.062,
              624.358
            ],
            [
              2467.463,
              626.374
            ],
            [
              2466.017,
              663.966
            ],
            [
              2413.616,
              661.95
            ],
            [
              2415.062,
              624.358
            ]
          ]
        ]
      }
    },
    {
      "type": "Feature",
      "properties": {
        "id": "B-401",
        "name": "城市商住楼 123",
        "zone": "市集区",
        "frontageRoad": "R-NE",
        "description": "市集区沿街独立建筑。",
        "footprint": 2371.8,
        "scaleClass": "普通建筑",
        "layer": "buildings"
      },
      "geometry": {
        "type": "Polygon",
        "coordinates": [
          [
            [
              2415.382,
              556.71
            ],
            [
              2472.34,
              558.901
            ],
            [
              2470.741,
              600.48
            ],
            [
              2413.783,
              598.29
            ],
            [
              2415.382,
              556.71
            ]
          ]
        ]
      }
    },
    {
      "type": "Feature",
      "properties": {
        "id": "B-402",
        "name": "城市商住楼 124",
        "zone": "市集区",
        "frontageRoad": "R-NE",
        "description": "市集区沿街独立建筑。",
        "footprint": 2074.5,
        "scaleClass": "普通建筑",
        "layer": "buildings"
      },
      "geometry": {
        "type": "Polygon",
        "coordinates": [
          [
            [
              2484.77,
              627.039
            ],
            [
              2537.651,
              629.073
            ],
            [
              2536.145,
              668.244
            ],
            [
              2483.264,
              666.21
            ],
            [
              2484.77,
              627.039
            ]
          ]
        ]
      }
    },
    {
      "type": "Feature",
      "properties": {
        "id": "B-403",
        "name": "城市商住楼 125",
        "zone": "市集区",
        "frontageRoad": "R-NE",
        "description": "市集区沿街独立建筑。",
        "footprint": 849,
        "scaleClass": "普通建筑",
        "layer": "buildings"
      },
      "geometry": {
        "type": "Polygon",
        "coordinates": [
          [
            [
              2496.542,
              575.974
            ],
            [
              2529.837,
              577.255
            ],
            [
              2528.858,
              602.716
            ],
            [
              2495.562,
              601.435
            ],
            [
              2496.542,
              575.974
            ]
          ]
        ]
      }
    },
    {
      "type": "Feature",
      "properties": {
        "id": "B-404",
        "name": "城邦生活街屋 86",
        "zone": "生活区",
        "frontageRoad": "R-SW",
        "description": "生活区沿街独立建筑。",
        "footprint": 1129.6,
        "scaleClass": "普通建筑",
        "layer": "buildings"
      },
      "geometry": {
        "type": "Polygon",
        "coordinates": [
          [
            [
              25.025,
              2062.521
            ],
            [
              59.459,
              2061.859
            ],
            [
              60.09,
              2094.653
            ],
            [
              25.656,
              2095.315
            ],
            [
              25.025,
              2062.521
            ]
          ]
        ]
      }
    },
    {
      "type": "Feature",
      "properties": {
        "id": "B-405",
        "name": "城邦生活街屋 87",
        "zone": "生活区",
        "frontageRoad": "R-SW",
        "description": "生活区沿街独立建筑。",
        "footprint": 804.2,
        "scaleClass": "普通建筑",
        "layer": "buildings"
      },
      "geometry": {
        "type": "Polygon",
        "coordinates": [
          [
            [
              93.373,
              2061.207
            ],
            [
              131.086,
              2060.482
            ],
            [
              131.496,
              2081.798
            ],
            [
              93.783,
              2082.523
            ],
            [
              93.373,
              2061.207
            ]
          ]
        ]
      }
    },
    {
      "type": "Feature",
      "properties": {
        "id": "B-406",
        "name": "城邦生活街屋 88",
        "zone": "生活区",
        "frontageRoad": "R-SW",
        "description": "生活区沿街独立建筑。",
        "footprint": 991.8,
        "scaleClass": "普通建筑",
        "layer": "buildings"
      },
      "geometry": {
        "type": "Polygon",
        "coordinates": [
          [
            [
              90.768,
              2011.058
            ],
            [
              131.76,
              2010.269
            ],
            [
              132.226,
              2034.455
            ],
            [
              91.233,
              2035.243
            ],
            [
              90.768,
              2011.058
            ]
          ]
        ]
      }
    },
    {
      "type": "Feature",
      "properties": {
        "id": "B-407",
        "name": "城邦生活街屋 89",
        "zone": "生活区",
        "frontageRoad": "R-SW",
        "description": "生活区沿街独立建筑。",
        "footprint": 1198.2,
        "scaleClass": "普通建筑",
        "layer": "buildings"
      },
      "geometry": {
        "type": "Polygon",
        "coordinates": [
          [
            [
              160.08,
              2059.924
            ],
            [
              204.352,
              2059.073
            ],
            [
              204.873,
              2086.128
            ],
            [
              160.601,
              2086.979
            ],
            [
              160.08,
              2059.924
            ]
          ]
        ]
      }
    },
    {
      "type": "Feature",
      "properties": {
        "id": "B-408",
        "name": "城邦生活街屋 90",
        "zone": "生活区",
        "frontageRoad": "R-SW",
        "description": "生活区沿街独立建筑。",
        "footprint": 834.4,
        "scaleClass": "普通建筑",
        "layer": "buildings"
      },
      "geometry": {
        "type": "Polygon",
        "coordinates": [
          [
            [
              167.204,
              2003.847
            ],
            [
              195.078,
              2003.311
            ],
            [
              195.654,
              2033.235
            ],
            [
              167.779,
              2033.771
            ],
            [
              167.204,
              2003.847
            ]
          ]
        ]
      }
    },
    {
      "type": "Feature",
      "properties": {
        "id": "B-409",
        "name": "城邦生活街屋 91",
        "zone": "生活区",
        "frontageRoad": "R-SW",
        "description": "生活区沿街独立建筑。",
        "footprint": 1022,
        "scaleClass": "普通建筑",
        "layer": "buildings"
      },
      "geometry": {
        "type": "Polygon",
        "coordinates": [
          [
            [
              236.626,
              2058.452
            ],
            [
              267.78,
              2057.853
            ],
            [
              268.411,
              2090.647
            ],
            [
              237.257,
              2091.246
            ],
            [
              236.626,
              2058.452
            ]
          ]
        ]
      }
    },
    {
      "type": "Feature",
      "properties": {
        "id": "B-410",
        "name": "城邦生活街屋 92",
        "zone": "生活区",
        "frontageRoad": "R-SW",
        "description": "生活区沿街独立建筑。",
        "footprint": 734.3,
        "scaleClass": "普通建筑",
        "layer": "buildings"
      },
      "geometry": {
        "type": "Polygon",
        "coordinates": [
          [
            [
              234.077,
              2011.172
            ],
            [
              268.51,
              2010.51
            ],
            [
              268.92,
              2031.826
            ],
            [
              234.487,
              2032.488
            ],
            [
              234.077,
              2011.172
            ]
          ]
        ]
      }
    },
    {
      "type": "Feature",
      "properties": {
        "id": "B-411",
        "name": "城邦生活街屋 93",
        "zone": "生活区",
        "frontageRoad": "R-SW",
        "description": "生活区沿街独立建筑。",
        "footprint": 912.4,
        "scaleClass": "普通建筑",
        "layer": "buildings"
      },
      "geometry": {
        "type": "Polygon",
        "coordinates": [
          [
            [
              303.334,
              2057.169
            ],
            [
              341.047,
              2056.444
            ],
            [
              341.512,
              2080.629
            ],
            [
              303.799,
              2081.355
            ],
            [
              303.334,
              2057.169
            ]
          ]
        ]
      }
    },
    {
      "type": "Feature",
      "properties": {
        "id": "B-412",
        "name": "城邦生活街屋 94",
        "zone": "生活区",
        "frontageRoad": "R-SW",
        "description": "生活区沿街独立建筑。",
        "footprint": 1109.5,
        "scaleClass": "普通建筑",
        "layer": "buildings"
      },
      "geometry": {
        "type": "Polygon",
        "coordinates": [
          [
            [
              300.674,
              2004.15
            ],
            [
              341.666,
              2003.362
            ],
            [
              342.187,
              2030.417
            ],
            [
              301.194,
              2031.205
            ],
            [
              300.674,
              2004.15
            ]
          ]
        ]
      }
    },
    {
      "type": "Feature",
      "properties": {
        "id": "B-413",
        "name": "城邦生活街屋 95",
        "zone": "生活区",
        "frontageRoad": "R-SW",
        "description": "生活区沿街独立建筑。",
        "footprint": 1892.9,
        "scaleClass": "普通建筑",
        "layer": "buildings"
      },
      "geometry": {
        "type": "Polygon",
        "coordinates": [
          [
            [
              435.709,
              2054.623
            ],
            [
              488.62,
              2053.606
            ],
            [
              489.307,
              2089.369
            ],
            [
              436.397,
              2090.387
            ],
            [
              435.709,
              2054.623
            ]
          ]
        ]
      }
    },
    {
      "type": "Feature",
      "properties": {
        "id": "B-414",
        "name": "城邦生活街屋 96",
        "zone": "生活区",
        "frontageRoad": "R-SW",
        "description": "生活区沿街独立建筑。",
        "footprint": 1306.1,
        "scaleClass": "普通建筑",
        "layer": "buildings"
      },
      "geometry": {
        "type": "Polygon",
        "coordinates": [
          [
            [
              444.254,
              1989.247
            ],
            [
              477.568,
              1988.606
            ],
            [
              478.322,
              2027.799
            ],
            [
              445.008,
              2028.44
            ],
            [
              444.254,
              1989.247
            ]
          ]
        ]
      }
    },
    {
      "type": "Feature",
      "properties": {
        "id": "B-415",
        "name": "城邦生活街屋 97",
        "zone": "生活区",
        "frontageRoad": "R-SW",
        "description": "生活区沿街独立建筑。",
        "footprint": 1077.6,
        "scaleClass": "普通建筑",
        "layer": "buildings"
      },
      "geometry": {
        "type": "Polygon",
        "coordinates": [
          [
            [
              544.751,
              2054.088
            ],
            [
              578.04,
              2055.536
            ],
            [
              576.635,
              2087.845
            ],
            [
              543.347,
              2086.398
            ],
            [
              544.751,
              2054.088
            ]
          ]
        ]
      }
    },
    {
      "type": "Feature",
      "properties": {
        "id": "B-416",
        "name": "城邦生活街屋 98",
        "zone": "生活区",
        "frontageRoad": "R-SW",
        "description": "生活区沿街独立建筑。",
        "footprint": 1332.1,
        "scaleClass": "普通建筑",
        "layer": "buildings"
      },
      "geometry": {
        "type": "Polygon",
        "coordinates": [
          [
            [
              612.727,
              2057.044
            ],
            [
              649.932,
              2058.662
            ],
            [
              648.378,
              2094.398
            ],
            [
              611.173,
              2092.78
            ],
            [
              612.727,
              2057.044
            ]
          ]
        ]
      }
    },
    {
      "type": "Feature",
      "properties": {
        "id": "B-417",
        "name": "城邦生活街屋 99",
        "zone": "生活区",
        "frontageRoad": "R-SW",
        "description": "生活区沿街独立建筑。",
        "footprint": 1613.5,
        "scaleClass": "普通建筑",
        "layer": "buildings"
      },
      "geometry": {
        "type": "Polygon",
        "coordinates": [
          [
            [
              613.601,
              1991.82
            ],
            [
              654.722,
              1993.608
            ],
            [
              653.02,
              2032.771
            ],
            [
              611.898,
              2030.983
            ],
            [
              613.601,
              1991.82
            ]
          ]
        ]
      }
    },
    {
      "type": "Feature",
      "properties": {
        "id": "B-418",
        "name": "城邦生活街屋 100",
        "zone": "生活区",
        "frontageRoad": "R-SW",
        "description": "生活区沿街独立建筑。",
        "footprint": 1148.6,
        "scaleClass": "普通建筑",
        "layer": "buildings"
      },
      "geometry": {
        "type": "Polygon",
        "coordinates": [
          [
            [
              678.745,
              2059.914
            ],
            [
              723.782,
              2061.872
            ],
            [
              722.675,
              2087.328
            ],
            [
              677.638,
              2085.37
            ],
            [
              678.745,
              2059.914
            ]
          ]
        ]
      }
    },
    {
      "type": "Feature",
      "properties": {
        "id": "B-419",
        "name": "城邦生活街屋 101",
        "zone": "生活区",
        "frontageRoad": "R-SW",
        "description": "生活区沿街独立建筑。",
        "footprint": 1416.6,
        "scaleClass": "普通建筑",
        "layer": "buildings"
      },
      "geometry": {
        "type": "Polygon",
        "coordinates": [
          [
            [
              679.172,
              2004.971
            ],
            [
              728.126,
              2007.099
            ],
            [
              726.87,
              2035.982
            ],
            [
              677.916,
              2033.854
            ],
            [
              679.172,
              2004.971
            ]
          ]
        ]
      }
    },
    {
      "type": "Feature",
      "properties": {
        "id": "B-420",
        "name": "城邦生活街屋 102",
        "zone": "生活区",
        "frontageRoad": "R-SW",
        "description": "生活区沿街独立建筑。",
        "footprint": 1711.4,
        "scaleClass": "普通建筑",
        "layer": "buildings"
      },
      "geometry": {
        "type": "Polygon",
        "coordinates": [
          [
            [
              814.696,
              2065.825
            ],
            [
              867.566,
              2068.124
            ],
            [
              866.162,
              2100.433
            ],
            [
              813.292,
              2098.135
            ],
            [
              814.696,
              2065.825
            ]
          ]
        ]
      }
    },
    {
      "type": "Feature",
      "properties": {
        "id": "B-421",
        "name": "城邦生活街屋 103",
        "zone": "生活区",
        "frontageRoad": "R-SW",
        "description": "生活区沿街独立建筑。",
        "footprint": 1191.9,
        "scaleClass": "普通建筑",
        "layer": "buildings"
      },
      "geometry": {
        "type": "Polygon",
        "coordinates": [
          [
            [
              827.17,
              2004.539
            ],
            [
              860.459,
              2005.986
            ],
            [
              858.905,
              2041.723
            ],
            [
              825.616,
              2040.275
            ],
            [
              827.17,
              2004.539
            ]
          ]
        ]
      }
    },
    {
      "type": "Feature",
      "properties": {
        "id": "B-422",
        "name": "城邦生活街屋 104",
        "zone": "生活区",
        "frontageRoad": "R-SW",
        "description": "生活区沿街独立建筑。",
        "footprint": 1459.8,
        "scaleClass": "普通建筑",
        "layer": "buildings"
      },
      "geometry": {
        "type": "Polygon",
        "coordinates": [
          [
            [
              892.463,
              2069.206
            ],
            [
              929.668,
              2070.824
            ],
            [
              927.965,
              2109.987
            ],
            [
              890.76,
              2108.369
            ],
            [
              892.463,
              2069.206
            ]
          ]
        ]
      }
    },
    {
      "type": "Feature",
      "properties": {
        "id": "B-423",
        "name": "城邦生活街屋 105",
        "zone": "生活区",
        "frontageRoad": "R-SW",
        "description": "生活区沿街独立建筑。",
        "footprint": 1048.8,
        "scaleClass": "普通建筑",
        "layer": "buildings"
      },
      "geometry": {
        "type": "Polygon",
        "coordinates": [
          [
            [
              892.741,
              2017.69
            ],
            [
              933.862,
              2019.478
            ],
            [
              932.755,
              2044.934
            ],
            [
              891.634,
              2043.146
            ],
            [
              892.741,
              2017.69
            ]
          ]
        ]
      }
    },
    {
      "type": "Feature",
      "properties": {
        "id": "B-424",
        "name": "城邦生活街屋 106",
        "zone": "生活区",
        "frontageRoad": "R-SW",
        "description": "生活区沿街独立建筑。",
        "footprint": 1472.3,
        "scaleClass": "普通建筑",
        "layer": "buildings"
      },
      "geometry": {
        "type": "Polygon",
        "coordinates": [
          [
            [
              1001.691,
              2072.543
            ],
            [
              1042.841,
              2071.672
            ],
            [
              1043.599,
              2107.434
            ],
            [
              1002.448,
              2108.305
            ],
            [
              1001.691,
              2072.543
            ]
          ]
        ]
      }
    },
    {
      "type": "Feature",
      "properties": {
        "id": "B-425",
        "name": "城邦生活街屋 107",
        "zone": "生活区",
        "frontageRoad": "R-SW",
        "description": "生活区沿街独立建筑。",
        "footprint": 1767.1,
        "scaleClass": "普通建筑",
        "layer": "buildings"
      },
      "geometry": {
        "type": "Polygon",
        "coordinates": [
          [
            [
              998.35,
              2007.4
            ],
            [
              1043.42,
              2006.445
            ],
            [
              1044.25,
              2045.636
            ],
            [
              999.18,
              2046.591
            ],
            [
              998.35,
              2007.4
            ]
          ]
        ]
      }
    },
    {
      "type": "Feature",
      "properties": {
        "id": "B-426",
        "name": "城邦生活街屋 108",
        "zone": "生活区",
        "frontageRoad": "R-SW",
        "description": "生活区沿街独立建筑。",
        "footprint": 1248.5,
        "scaleClass": "普通建筑",
        "layer": "buildings"
      },
      "geometry": {
        "type": "Polygon",
        "coordinates": [
          [
            [
              1137.74,
              2069.661
            ],
            [
              1186.729,
              2068.623
            ],
            [
              1187.269,
              2094.097
            ],
            [
              1138.28,
              2095.135
            ],
            [
              1137.74,
              2069.661
            ]
          ]
        ]
      }
    },
    {
      "type": "Feature",
      "properties": {
        "id": "B-427",
        "name": "城邦生活街屋 109",
        "zone": "生活区",
        "frontageRoad": "R-SW",
        "description": "生活区沿街独立建筑。",
        "footprint": 1529.9,
        "scaleClass": "普通建筑",
        "layer": "buildings"
      },
      "geometry": {
        "type": "Polygon",
        "coordinates": [
          [
            [
              1134.617,
              2014.805
            ],
            [
              1187.526,
              2013.684
            ],
            [
              1188.138,
              2042.587
            ],
            [
              1135.23,
              2043.708
            ],
            [
              1134.617,
              2014.805
            ]
          ]
        ]
      }
    },
    {
      "type": "Feature",
      "properties": {
        "id": "B-428",
        "name": "城邦生活街屋 110",
        "zone": "生活区",
        "frontageRoad": "R-SW",
        "description": "生活区沿街独立建筑。",
        "footprint": 1077.6,
        "scaleClass": "普通建筑",
        "layer": "buildings"
      },
      "geometry": {
        "type": "Polygon",
        "coordinates": [
          [
            [
              1215.563,
              2068.012
            ],
            [
              1248.875,
              2067.306
            ],
            [
              1249.56,
              2099.639
            ],
            [
              1216.248,
              2100.345
            ],
            [
              1215.563,
              2068.012
            ]
          ]
        ]
      }
    },
    {
      "type": "Feature",
      "properties": {
        "id": "B-429",
        "name": "城邦生活街屋 111",
        "zone": "生活区",
        "frontageRoad": "R-SW",
        "description": "生活区沿街独立建筑。",
        "footprint": 1332.1,
        "scaleClass": "普通建筑",
        "layer": "buildings"
      },
      "geometry": {
        "type": "Polygon",
        "coordinates": [
          [
            [
              1212.295,
              2006.298
            ],
            [
              1249.526,
              2005.509
            ],
            [
              1250.284,
              2041.271
            ],
            [
              1213.052,
              2042.06
            ],
            [
              1212.295,
              2006.298
            ]
          ]
        ]
      }
    },
    {
      "type": "Feature",
      "properties": {
        "id": "B-430",
        "name": "城邦生活街屋 112",
        "zone": "生活区",
        "frontageRoad": "R-SW",
        "description": "生活区沿街独立建筑。",
        "footprint": 1613.5,
        "scaleClass": "普通建筑",
        "layer": "buildings"
      },
      "geometry": {
        "type": "Polygon",
        "coordinates": [
          [
            [
              1281.628,
              2066.612
            ],
            [
              1322.779,
              2065.741
            ],
            [
              1323.609,
              2104.932
            ],
            [
              1282.458,
              2105.804
            ],
            [
              1281.628,
              2066.612
            ]
          ]
        ]
      }
    },
    {
      "type": "Feature",
      "properties": {
        "id": "B-431",
        "name": "城邦生活街屋 113",
        "zone": "生活区",
        "frontageRoad": "R-SW",
        "description": "生活区沿街独立建筑。",
        "footprint": 1148.6,
        "scaleClass": "普通建筑",
        "layer": "buildings"
      },
      "geometry": {
        "type": "Polygon",
        "coordinates": [
          [
            [
              1278.578,
              2015.186
            ],
            [
              1323.648,
              2014.231
            ],
            [
              1324.187,
              2039.705
            ],
            [
              1279.117,
              2040.66
            ],
            [
              1278.578,
              2015.186
            ]
          ]
        ]
      }
    },
    {
      "type": "Feature",
      "properties": {
        "id": "B-432",
        "name": "城邦生活街屋 114",
        "zone": "生活区",
        "frontageRoad": "R-SW",
        "description": "生活区沿街独立建筑。",
        "footprint": 1416.6,
        "scaleClass": "普通建筑",
        "layer": "buildings"
      },
      "geometry": {
        "type": "Polygon",
        "coordinates": [
          [
            [
              1347.693,
              2065.213
            ],
            [
              1396.682,
              2064.175
            ],
            [
              1397.294,
              2093.078
            ],
            [
              1348.305,
              2094.116
            ],
            [
              1347.693,
              2065.213
            ]
          ]
        ]
      }
    },
    {
      "type": "Feature",
      "properties": {
        "id": "B-433",
        "name": "工坊生产楼 87",
        "zone": "工坊区",
        "frontageRoad": "R-SE",
        "description": "工坊区沿街独立建筑。",
        "footprint": 849,
        "scaleClass": "普通建筑",
        "layer": "buildings"
      },
      "geometry": {
        "type": "Polygon",
        "coordinates": [
          [
            [
              2224.8,
              2054.002
            ],
            [
              2258.094,
              2055.334
            ],
            [
              2257.075,
              2080.794
            ],
            [
              2223.782,
              2079.462
            ],
            [
              2224.8,
              2054.002
            ]
          ]
        ]
      }
    },
    {
      "type": "Feature",
      "properties": {
        "id": "B-434",
        "name": "工坊生产楼 88",
        "zone": "工坊区",
        "frontageRoad": "R-SE",
        "description": "工坊区沿街独立建筑。",
        "footprint": 1076.6,
        "scaleClass": "普通建筑",
        "layer": "buildings"
      },
      "geometry": {
        "type": "Polygon",
        "coordinates": [
          [
            [
              2225.036,
              1999.058
            ],
            [
              2262.247,
              2000.546
            ],
            [
              2261.091,
              2029.433
            ],
            [
              2223.881,
              2027.945
            ],
            [
              2225.036,
              1999.058
            ]
          ]
        ]
      }
    },
    {
      "type": "Feature",
      "properties": {
        "id": "B-435",
        "name": "城邦生活街屋 115",
        "zone": "生活区",
        "frontageRoad": "R-W1",
        "description": "生活区沿街独立建筑。",
        "footprint": 1459.8,
        "scaleClass": "普通建筑",
        "layer": "buildings"
      },
      "geometry": {
        "type": "Polygon",
        "coordinates": [
          [
            [
              352.82,
              1354.106
            ],
            [
              358.671,
              1390.883
            ],
            [
              319.958,
              1397.042
            ],
            [
              314.107,
              1360.265
            ],
            [
              352.82,
              1354.106
            ]
          ]
        ]
      }
    },
    {
      "type": "Feature",
      "properties": {
        "id": "B-436",
        "name": "城邦生活街屋 116",
        "zone": "生活区",
        "frontageRoad": "R-W1",
        "description": "生活区沿街独立建筑。",
        "footprint": 1048.8,
        "scaleClass": "普通建筑",
        "layer": "buildings"
      },
      "geometry": {
        "type": "Polygon",
        "coordinates": [
          [
            [
              374.509,
              1490.431
            ],
            [
              380.975,
              1531.08
            ],
            [
              355.812,
              1535.083
            ],
            [
              349.345,
              1494.435
            ],
            [
              374.509,
              1490.431
            ]
          ]
        ]
      }
    },
    {
      "type": "Feature",
      "properties": {
        "id": "B-437",
        "name": "城邦生活街屋 117",
        "zone": "生活区",
        "frontageRoad": "R-W1",
        "description": "生活区沿街独立建筑。",
        "footprint": 1303.3,
        "scaleClass": "普通建筑",
        "layer": "buildings"
      },
      "geometry": {
        "type": "Polygon",
        "coordinates": [
          [
            [
              426.454,
              1480.183
            ],
            [
              433.536,
              1524.703
            ],
            [
              404.985,
              1529.245
            ],
            [
              397.903,
              1484.725
            ],
            [
              426.454,
              1480.183
            ]
          ]
        ]
      }
    },
    {
      "type": "Feature",
      "properties": {
        "id": "B-438",
        "name": "城邦生活街屋 118",
        "zone": "生活区",
        "frontageRoad": "R-W1",
        "description": "生活区沿街独立建筑。",
        "footprint": 1584.7,
        "scaleClass": "普通建筑",
        "layer": "buildings"
      },
      "geometry": {
        "type": "Polygon",
        "coordinates": [
          [
            [
              384.891,
              1555.691
            ],
            [
              392.589,
              1604.082
            ],
            [
              360.651,
              1609.163
            ],
            [
              352.952,
              1560.772
            ],
            [
              384.891,
              1555.691
            ]
          ]
        ]
      }
    },
    {
      "type": "Feature",
      "properties": {
        "id": "B-439",
        "name": "城邦生活街屋 119",
        "zone": "生活区",
        "frontageRoad": "R-W1",
        "description": "生活区沿街独立建筑。",
        "footprint": 1892.9,
        "scaleClass": "普通建筑",
        "layer": "buildings"
      },
      "geometry": {
        "type": "Polygon",
        "coordinates": [
          [
            [
              443.61,
              1544.364
            ],
            [
              451.925,
              1596.627
            ],
            [
              416.599,
              1602.247
            ],
            [
              408.285,
              1549.984
            ],
            [
              443.61,
              1544.364
            ]
          ]
        ]
      }
    },
    {
      "type": "Feature",
      "properties": {
        "id": "B-440",
        "name": "城邦生活街屋 120",
        "zone": "生活区",
        "frontageRoad": "R-W1",
        "description": "生活区沿街独立建筑。",
        "footprint": 1306.1,
        "scaleClass": "普通建筑",
        "layer": "buildings"
      },
      "geometry": {
        "type": "Polygon",
        "coordinates": [
          [
            [
              397.121,
              1632.564
            ],
            [
              402.356,
              1665.47
            ],
            [
              363.643,
              1671.629
            ],
            [
              358.407,
              1638.723
            ],
            [
              397.121,
              1632.564
            ]
          ]
        ]
      }
    },
    {
      "type": "Feature",
      "properties": {
        "id": "B-441",
        "name": "外围服务楼 5",
        "zone": "郊野／外环",
        "frontageRoad": "R-W2",
        "description": "郊野／外环沿街独立建筑。",
        "footprint": 912.4,
        "scaleClass": "普通建筑",
        "layer": "buildings"
      },
      "geometry": {
        "type": "Polygon",
        "coordinates": [
          [
            [
              787.624,
              95.116
            ],
            [
              785.195,
              132.758
            ],
            [
              761.055,
              131.2
            ],
            [
              763.484,
              93.558
            ],
            [
              787.624,
              95.116
            ]
          ]
        ]
      }
    },
    {
      "type": "Feature",
      "properties": {
        "id": "B-442",
        "name": "外围服务楼 6",
        "zone": "郊野／外环",
        "frontageRoad": "R-E1",
        "description": "郊野／外环沿街独立建筑。",
        "footprint": 1109.5,
        "scaleClass": "普通建筑",
        "layer": "buildings"
      },
      "geometry": {
        "type": "Polygon",
        "coordinates": [
          [
            [
              2742.134,
              90.538
            ],
            [
              2739.494,
              131.453
            ],
            [
              2712.49,
              129.71
            ],
            [
              2715.13,
              88.795
            ],
            [
              2742.134,
              90.538
            ]
          ]
        ]
      }
    },
    {
      "type": "Feature",
      "properties": {
        "id": "B-443",
        "name": "外围服务楼 7",
        "zone": "郊野／外环",
        "frontageRoad": "R-E1",
        "description": "郊野／外环沿街独立建筑。",
        "footprint": 1325.3,
        "scaleClass": "普通建筑",
        "layer": "buildings"
      },
      "geometry": {
        "type": "Polygon",
        "coordinates": [
          [
            [
              2796.058,
              92.373
            ],
            [
              2793.207,
              136.561
            ],
            [
              2763.339,
              134.634
            ],
            [
              2766.19,
              90.446
            ],
            [
              2796.058,
              92.373
            ]
          ]
        ]
      }
    },
    {
      "type": "Feature",
      "properties": {
        "id": "B-444",
        "name": "外围服务楼 8",
        "zone": "郊野／外环",
        "frontageRoad": "O-01",
        "description": "郊野／外环沿街独立建筑。",
        "footprint": 914.5,
        "scaleClass": "普通建筑",
        "layer": "buildings"
      },
      "geometry": {
        "type": "Polygon",
        "coordinates": [
          [
            [
              27.558,
              2373.112
            ],
            [
              55.416,
              2374.226
            ],
            [
              54.105,
              2407
            ],
            [
              26.247,
              2405.886
            ],
            [
              27.558,
              2373.112
            ]
          ]
        ]
      }
    },
    {
      "type": "Feature",
      "properties": {
        "id": "B-445",
        "name": "外围服务楼 9",
        "zone": "郊野／外环",
        "frontageRoad": "O-01",
        "description": "郊野／外环沿街独立建筑。",
        "footprint": 664.3,
        "scaleClass": "普通建筑",
        "layer": "buildings"
      },
      "geometry": {
        "type": "Polygon",
        "coordinates": [
          [
            [
              95.863,
              2375.844
            ],
            [
              126.998,
              2377.09
            ],
            [
              126.146,
              2398.392
            ],
            [
              95.011,
              2397.147
            ],
            [
              95.863,
              2375.844
            ]
          ]
        ]
      }
    },
    {
      "type": "Feature",
      "properties": {
        "id": "B-446",
        "name": "外围服务楼 10",
        "zone": "郊野／外环",
        "frontageRoad": "O-01",
        "description": "郊野／外环沿街独立建筑。",
        "footprint": 833.1,
        "scaleClass": "普通建筑",
        "layer": "buildings"
      },
      "geometry": {
        "type": "Polygon",
        "coordinates": [
          [
            [
              164.169,
              2378.576
            ],
            [
              198.581,
              2379.953
            ],
            [
              197.614,
              2404.124
            ],
            [
              163.202,
              2402.747
            ],
            [
              164.169,
              2378.576
            ]
          ]
        ]
      }
    },
    {
      "type": "Feature",
      "properties": {
        "id": "B-447",
        "name": "外围服务楼 11",
        "zone": "郊野／外环",
        "frontageRoad": "O-01",
        "description": "郊野／外环沿街独立建筑。",
        "footprint": 1020.7,
        "scaleClass": "普通建筑",
        "layer": "buildings"
      },
      "geometry": {
        "type": "Polygon",
        "coordinates": [
          [
            [
              232.474,
              2381.309
            ],
            [
              270.164,
              2382.816
            ],
            [
              269.082,
              2409.855
            ],
            [
              231.393,
              2408.347
            ],
            [
              232.474,
              2381.309
            ]
          ]
        ]
      }
    },
    {
      "type": "Feature",
      "properties": {
        "id": "B-448",
        "name": "外围服务楼 12",
        "zone": "郊野／外环",
        "frontageRoad": "O-01",
        "description": "郊野／外环沿街独立建筑。",
        "footprint": 1227.1,
        "scaleClass": "普通建筑",
        "layer": "buildings"
      },
      "geometry": {
        "type": "Polygon",
        "coordinates": [
          [
            [
              300.779,
              2384.041
            ],
            [
              341.747,
              2385.679
            ],
            [
              340.55,
              2415.586
            ],
            [
              299.583,
              2413.947
            ],
            [
              300.779,
              2384.041
            ]
          ]
        ]
      }
    },
    {
      "type": "Feature",
      "properties": {
        "id": "B-449",
        "name": "外围服务楼 13",
        "zone": "郊野／外环",
        "frontageRoad": "O-01",
        "description": "郊野／外环沿街独立建筑。",
        "footprint": 1452.4,
        "scaleClass": "普通建筑",
        "layer": "buildings"
      },
      "geometry": {
        "type": "Polygon",
        "coordinates": [
          [
            [
              369.085,
              2386.773
            ],
            [
              413.329,
              2388.543
            ],
            [
              412.019,
              2421.317
            ],
            [
              367.774,
              2419.547
            ],
            [
              369.085,
              2386.773
            ]
          ]
        ]
      }
    },
    {
      "type": "Feature",
      "properties": {
        "id": "B-450",
        "name": "外围服务楼 14",
        "zone": "郊野／外环",
        "frontageRoad": "O-01",
        "description": "郊野／外环沿街独立建筑。",
        "footprint": 1198.2,
        "scaleClass": "普通建筑",
        "layer": "buildings"
      },
      "geometry": {
        "type": "Polygon",
        "coordinates": [
          [
            [
              660.212,
              2385.601
            ],
            [
              704.457,
              2383.831
            ],
            [
              705.538,
              2410.87
            ],
            [
              661.293,
              2412.639
            ],
            [
              660.212,
              2385.601
            ]
          ]
        ]
      }
    },
    {
      "type": "Feature",
      "properties": {
        "id": "B-451",
        "name": "外围服务楼 15",
        "zone": "郊野／外环",
        "frontageRoad": "O-01",
        "description": "郊野／外环沿街独立建筑。",
        "footprint": 834.4,
        "scaleClass": "普通建筑",
        "layer": "buildings"
      },
      "geometry": {
        "type": "Polygon",
        "coordinates": [
          [
            [
              738.349,
              2382.476
            ],
            [
              766.207,
              2381.361
            ],
            [
              767.403,
              2411.267
            ],
            [
              739.546,
              2412.382
            ],
            [
              738.349,
              2382.476
            ]
          ]
        ]
      }
    },
    {
      "type": "Feature",
      "properties": {
        "id": "B-452",
        "name": "外围服务楼 16",
        "zone": "郊野／外环",
        "frontageRoad": "O-01",
        "description": "郊野／外环沿街独立建筑。",
        "footprint": 1022,
        "scaleClass": "普通建筑",
        "layer": "buildings"
      },
      "geometry": {
        "type": "Polygon",
        "coordinates": [
          [
            [
              806.655,
              2379.743
            ],
            [
              837.79,
              2378.498
            ],
            [
              839.101,
              2411.272
            ],
            [
              807.966,
              2412.517
            ],
            [
              806.655,
              2379.743
            ]
          ]
        ]
      }
    },
    {
      "type": "Feature",
      "properties": {
        "id": "B-453",
        "name": "外围服务楼 17",
        "zone": "郊野／外环",
        "frontageRoad": "O-01",
        "description": "郊野／外环沿街独立建筑。",
        "footprint": 734.3,
        "scaleClass": "普通建筑",
        "layer": "buildings"
      },
      "geometry": {
        "type": "Polygon",
        "coordinates": [
          [
            [
              874.96,
              2377.011
            ],
            [
              909.373,
              2375.635
            ],
            [
              910.225,
              2396.938
            ],
            [
              875.812,
              2398.314
            ],
            [
              874.96,
              2377.011
            ]
          ]
        ]
      }
    },
    {
      "type": "Feature",
      "properties": {
        "id": "B-454",
        "name": "外围服务楼 18",
        "zone": "郊野／外环",
        "frontageRoad": "O-01",
        "description": "郊野／外环沿街独立建筑。",
        "footprint": 1030.8,
        "scaleClass": "普通建筑",
        "layer": "buildings"
      },
      "geometry": {
        "type": "Polygon",
        "coordinates": [
          [
            [
              1024.223,
              2373.088
            ],
            [
              1058.629,
              2374.618
            ],
            [
              1057.3,
              2404.518
            ],
            [
              1022.894,
              2402.989
            ],
            [
              1024.223,
              2373.088
            ]
          ]
        ]
      }
    },
    {
      "type": "Feature",
      "properties": {
        "id": "B-455",
        "name": "外围服务楼 19",
        "zone": "郊野／外环",
        "frontageRoad": "O-01",
        "description": "郊野／外环沿街独立建筑。",
        "footprint": 1237.2,
        "scaleClass": "普通建筑",
        "layer": "buildings"
      },
      "geometry": {
        "type": "Polygon",
        "coordinates": [
          [
            [
              1092.515,
              2376.124
            ],
            [
              1130.198,
              2377.798
            ],
            [
              1128.742,
              2410.566
            ],
            [
              1091.059,
              2408.891
            ],
            [
              1092.515,
              2376.124
            ]
          ]
        ]
      }
    },
    {
      "type": "Feature",
      "properties": {
        "id": "B-456",
        "name": "外围服务楼 20",
        "zone": "郊野／外环",
        "frontageRoad": "O-01",
        "description": "郊野／外环沿街独立建筑。",
        "footprint": 874.1,
        "scaleClass": "普通建筑",
        "layer": "buildings"
      },
      "geometry": {
        "type": "Polygon",
        "coordinates": [
          [
            [
              1370.601,
              2388.483
            ],
            [
              1411.56,
              2390.303
            ],
            [
              1410.614,
              2411.602
            ],
            [
              1369.654,
              2409.782
            ],
            [
              1370.601,
              2388.483
            ]
          ]
        ]
      }
    },
    {
      "type": "Feature",
      "properties": {
        "id": "B-457",
        "name": "外围服务楼 21",
        "zone": "郊野／外环",
        "frontageRoad": "O-02",
        "description": "郊野／外环沿街独立建筑。",
        "footprint": 843.2,
        "scaleClass": "普通建筑",
        "layer": "buildings"
      },
      "geometry": {
        "type": "Polygon",
        "coordinates": [
          [
            [
              1746.897,
              2390.89
            ],
            [
              1778.03,
              2389.593
            ],
            [
              1779.156,
              2416.629
            ],
            [
              1748.023,
              2417.926
            ],
            [
              1746.897,
              2390.89
            ]
          ]
        ]
      }
    },
    {
      "type": "Feature",
      "properties": {
        "id": "B-458",
        "name": "外围服务楼 22",
        "zone": "郊野／外环",
        "frontageRoad": "O-02",
        "description": "郊野／外环沿街独立建筑。",
        "footprint": 1030.8,
        "scaleClass": "普通建筑",
        "layer": "buildings"
      },
      "geometry": {
        "type": "Polygon",
        "coordinates": [
          [
            [
              1815.197,
              2388.044
            ],
            [
              1849.608,
              2386.61
            ],
            [
              1850.854,
              2416.514
            ],
            [
              1816.443,
              2417.948
            ],
            [
              1815.197,
              2388.044
            ]
          ]
        ]
      }
    },
    {
      "type": "Feature",
      "properties": {
        "id": "B-459",
        "name": "外围服务楼 23",
        "zone": "郊野／外环",
        "frontageRoad": "O-02",
        "description": "郊野／外环沿街独立建筑。",
        "footprint": 1237.2,
        "scaleClass": "普通建筑",
        "layer": "buildings"
      },
      "geometry": {
        "type": "Polygon",
        "coordinates": [
          [
            [
              1883.498,
              2385.198
            ],
            [
              1921.185,
              2383.628
            ],
            [
              1922.551,
              2416.399
            ],
            [
              1884.864,
              2417.97
            ],
            [
              1883.498,
              2385.198
            ]
          ]
        ]
      }
    },
    {
      "type": "Feature",
      "properties": {
        "id": "B-460",
        "name": "封存值守楼 12",
        "zone": "封存区",
        "frontageRoad": "O-02",
        "description": "封存区沿街独立建筑。",
        "footprint": 874.1,
        "scaleClass": "普通建筑",
        "layer": "buildings"
      },
      "geometry": {
        "type": "Polygon",
        "coordinates": [
          [
            [
              1949.912,
              2337.071
            ],
            [
              1990.877,
              2335.365
            ],
            [
              1991.764,
              2356.666
            ],
            [
              1950.8,
              2358.373
            ],
            [
              1949.912,
              2337.071
            ]
          ]
        ]
      }
    },
    {
      "type": "Feature",
      "properties": {
        "id": "B-461",
        "name": "封存值守楼 13",
        "zone": "封存区",
        "frontageRoad": "O-02",
        "description": "封存区沿街独立建筑。",
        "footprint": 1071.1,
        "scaleClass": "普通建筑",
        "layer": "buildings"
      },
      "geometry": {
        "type": "Polygon",
        "coordinates": [
          [
            [
              2018.093,
              2331.358
            ],
            [
              2062.335,
              2329.515
            ],
            [
              2063.342,
              2353.684
            ],
            [
              2019.1,
              2355.527
            ],
            [
              2018.093,
              2331.358
            ]
          ]
        ]
      }
    },
    {
      "type": "Feature",
      "properties": {
        "id": "B-462",
        "name": "封存值守楼 14",
        "zone": "封存区",
        "frontageRoad": "O-02",
        "description": "封存区沿街独立建筑。",
        "footprint": 754.4,
        "scaleClass": "普通建筑",
        "layer": "buildings"
      },
      "geometry": {
        "type": "Polygon",
        "coordinates": [
          [
            [
              2096.106,
              2325.235
            ],
            [
              2123.962,
              2324.074
            ],
            [
              2125.089,
              2351.111
            ],
            [
              2097.233,
              2352.272
            ],
            [
              2096.106,
              2325.235
            ]
          ]
        ]
      }
    },
    {
      "type": "Feature",
      "properties": {
        "id": "P-A",
        "name": "学院核心",
        "kind": "landmark",
        "description": "西岸学院核心",
        "layer": "points"
      },
      "geometry": {
        "type": "Point",
        "coordinates": [
          1080,
          1050
        ]
      }
    },
    {
      "type": "Feature",
      "properties": {
        "id": "P-C",
        "name": "城市核心",
        "kind": "landmark",
        "description": "东岸城市公共核心",
        "layer": "points"
      },
      "geometry": {
        "type": "Point",
        "coordinates": [
          2220,
          1120
        ]
      }
    },
    {
      "type": "Feature",
      "properties": {
        "id": "P-MB",
        "name": "双核主桥西端",
        "kind": "entrance",
        "description": "步行与普通车辆主桥",
        "layer": "points"
      },
      "geometry": {
        "type": "Point",
        "coordinates": [
          1260,
          1250
        ]
      }
    },
    {
      "type": "Feature",
      "properties": {
        "id": "P-TR",
        "name": "中央巨蚓换乘站",
        "kind": "station",
        "description": "内环与跨河桥槽换乘",
        "layer": "points"
      },
      "geometry": {
        "type": "Point",
        "coordinates": [
          1900,
          1520
        ]
      }
    },
    {
      "type": "Feature",
      "properties": {
        "id": "P-WTR",
        "name": "工坊客货换乘站",
        "kind": "station",
        "description": "客运与货运分流",
        "layer": "points"
      },
      "geometry": {
        "type": "Point",
        "coordinates": [
          2760,
          1780
        ]
      }
    },
    {
      "type": "Feature",
      "properties": {
        "id": "P-ST",
        "name": "学院体育场入口",
        "kind": "entrance",
        "description": "体育课程入口",
        "layer": "points"
      },
      "geometry": {
        "type": "Point",
        "coordinates": [
          560,
          2410
        ]
      }
    },
    {
      "type": "Feature",
      "properties": {
        "id": "P-CO",
        "name": "护障对抗场入口",
        "kind": "entrance",
        "description": "护障课程入口",
        "layer": "points"
      },
      "geometry": {
        "type": "Point",
        "coordinates": [
          1260,
          2420
        ]
      }
    },
    {
      "type": "Feature",
      "properties": {
        "id": "P-TA",
        "name": "小队战术场入口",
        "kind": "entrance",
        "description": "战术课程入口",
        "layer": "points"
      },
      "geometry": {
        "type": "Point",
        "coordinates": [
          2080,
          2420
        ]
      }
    },
    {
      "type": "Feature",
      "properties": {
        "id": "P-T-RIVER",
        "name": "教学河岸门",
        "kind": "entrance",
        "description": "教学区河岸维护入口",
        "layer": "points"
      },
      "geometry": {
        "type": "Point",
        "coordinates": [
          1440,
          410
        ]
      }
    },
    {
      "type": "Feature",
      "properties": {
        "id": "P-T-CLOCK",
        "name": "钟楼广场西门",
        "kind": "entrance",
        "description": "钟楼广场入口",
        "layer": "points"
      },
      "geometry": {
        "type": "Point",
        "coordinates": [
          900,
          1090
        ]
      }
    },
    {
      "type": "Feature",
      "properties": {
        "id": "P-L-RIVER",
        "name": "生活区河岸门",
        "kind": "entrance",
        "description": "生活区河岸维护入口",
        "layer": "points"
      },
      "geometry": {
        "type": "Point",
        "coordinates": [
          1430,
          2200
        ]
      }
    },
    {
      "type": "Feature",
      "properties": {
        "id": "P-S-N1",
        "name": "封存许可门",
        "kind": "entrance",
        "description": "封存受控入口",
        "layer": "points"
      },
      "geometry": {
        "type": "Point",
        "coordinates": [
          1985,
          1450
        ]
      }
    },
    {
      "type": "Feature",
      "properties": {
        "id": "P-S-N2",
        "name": "隔离北门",
        "kind": "entrance",
        "description": "隔离设施入口",
        "layer": "points"
      },
      "geometry": {
        "type": "Point",
        "coordinates": [
          1885,
          1580
        ]
      }
    },
    {
      "type": "Feature",
      "properties": {
        "id": "P-S-E",
        "name": "隔离东门",
        "kind": "entrance",
        "description": "隔离设施东入口",
        "layer": "points"
      },
      "geometry": {
        "type": "Point",
        "coordinates": [
          2178,
          1600
        ]
      }
    },
    {
      "type": "Feature",
      "properties": {
        "id": "P-O-WATER",
        "name": "南部课程水岸门",
        "kind": "entrance",
        "description": "课程场水岸维护入口",
        "layer": "points"
      },
      "geometry": {
        "type": "Point",
        "coordinates": [
          1450,
          2380
        ]
      }
    },
    {
      "type": "Feature",
      "properties": {
        "id": "P-O-SW",
        "name": "西南课程门",
        "kind": "entrance",
        "description": "课程设施南门",
        "layer": "points"
      },
      "geometry": {
        "type": "Point",
        "coordinates": [
          1450,
          2740
        ]
      }
    },
    {
      "type": "Feature",
      "properties": {
        "id": "P-O-SE",
        "name": "东南水务门",
        "kind": "entrance",
        "description": "水务设施南门",
        "layer": "points"
      },
      "geometry": {
        "type": "Point",
        "coordinates": [
          1720,
          2740
        ]
      }
    },
    {
      "type": "Feature",
      "properties": {
        "id": "P-T-EAST",
        "name": "图书馆街河岸门",
        "kind": "entrance",
        "description": "教学区东侧河岸入口",
        "layer": "points"
      },
      "geometry": {
        "type": "Point",
        "coordinates": [
          1438,
          850
        ]
      }
    },
    {
      "type": "Feature",
      "properties": {
        "id": "P-S-SOUTH",
        "name": "封存南门",
        "kind": "entrance",
        "description": "封存区南部受控入口",
        "layer": "points"
      },
      "geometry": {
        "type": "Point",
        "coordinates": [
          1770,
          2260
        ]
      }
    },
    {
      "type": "Feature",
      "properties": {
        "id": "P-O-EAST",
        "name": "南部后勤水岸门",
        "kind": "entrance",
        "description": "南部后勤区水岸入口",
        "layer": "points"
      },
      "geometry": {
        "type": "Point",
        "coordinates": [
          1720,
          2380
        ]
      }
    }
  ]
}
