{
  "type": "FeatureCollection",
  "metadata": {
    "title": "OCC 学院城邦全域地图 v0.16",
    "coordinateSystem": "学院本地平面坐标：西北角为 (0,0)，x 向东、y 向南，单位 m。",
    "source": "Tools/AcademyMapPrototype/src/data.js",
    "generatedBy": "npm run export:geojson",
    "scope": "地图精修中的矢量母版交换格式；不包含 Unity 战斗格图。"
  },
  "features": [
    {
      "type": "Feature",
      "properties": {
        "id": "Z-N",
        "name": "北部郊野外环",
        "zone": "郊野／外环",
        "openSpacePurpose": "北门、防灾林、检疫与生态维护",
        "layer": "zones"
      },
      "geometry": {
        "type": "Polygon",
        "coordinates": [
          [
            [
              0,
              0
            ],
            [
              3200,
              0
            ],
            [
              3200,
              240
            ],
            [
              0,
              240
            ],
            [
              0,
              0
            ]
          ]
        ]
      }
    },
    {
      "type": "Feature",
      "properties": {
        "id": "Z-T",
        "name": "教学区",
        "zone": "教学区",
        "openSpacePurpose": "历史学院街巷、教学庭院与扩建预留",
        "layer": "zones"
      },
      "geometry": {
        "type": "Polygon",
        "coordinates": [
          [
            [
              0,
              240
            ],
            [
              1480,
              240
            ],
            [
              1480,
              1350
            ],
            [
              0,
              1350
            ],
            [
              0,
              240
            ]
          ]
        ]
      }
    },
    {
      "type": "Feature",
      "properties": {
        "id": "Z-L",
        "name": "生活区",
        "zone": "生活区",
        "openSpacePurpose": "居住街坊、公共庭院、消防退界与河岸步道",
        "layer": "zones"
      },
      "geometry": {
        "type": "Polygon",
        "coordinates": [
          [
            [
              0,
              1350
            ],
            [
              1480,
              1350
            ],
            [
              1480,
              2360
            ],
            [
              0,
              2360
            ],
            [
              0,
              1350
            ]
          ]
        ]
      }
    },
    {
      "type": "Feature",
      "properties": {
        "id": "Z-C",
        "name": "双核中庭带",
        "zone": "中庭区",
        "openSpacePurpose": "中央河湖、桥头广场、防洪退界与公共轴线",
        "layer": "zones"
      },
      "geometry": {
        "type": "Polygon",
        "coordinates": [
          [
            [
              1480,
              240
            ],
            [
              1770,
              240
            ],
            [
              1770,
              2360
            ],
            [
              1480,
              2360
            ],
            [
              1480,
              240
            ]
          ]
        ]
      }
    },
    {
      "type": "Feature",
      "properties": {
        "id": "Z-M",
        "name": "城市市集区",
        "zone": "市集区",
        "openSpacePurpose": "市政、商业、文化、旅宿和公共交通",
        "layer": "zones"
      },
      "geometry": {
        "type": "Polygon",
        "coordinates": [
          [
            [
              1770,
              240
            ],
            [
              3200,
              240
            ],
            [
              3200,
              1350
            ],
            [
              1770,
              1350
            ],
            [
              1770,
              240
            ]
          ]
        ]
      }
    },
    {
      "type": "Feature",
      "properties": {
        "id": "Z-W",
        "name": "工坊区",
        "zone": "工坊区",
        "openSpacePurpose": "制作、能源、货运、公共工程和消防间距",
        "layer": "zones"
      },
      "geometry": {
        "type": "Polygon",
        "coordinates": [
          [
            [
              2200,
              1350
            ],
            [
              3200,
              1350
            ],
            [
              3200,
              2360
            ],
            [
              2200,
              2360
            ],
            [
              2200,
              1350
            ]
          ]
        ]
      }
    },
    {
      "type": "Feature",
      "properties": {
        "id": "Z-S",
        "name": "封存区",
        "zone": "封存区",
        "openSpacePurpose": "许可边界、隔离缓冲、观察与受控档案",
        "layer": "zones"
      },
      "geometry": {
        "type": "Polygon",
        "coordinates": [
          [
            [
              1770,
              1350
            ],
            [
              2200,
              1350
            ],
            [
              2200,
              2360
            ],
            [
              1770,
              2360
            ],
            [
              1770,
              1350
            ]
          ]
        ]
      }
    },
    {
      "type": "Feature",
      "properties": {
        "id": "Z-O",
        "name": "南部郊野外环",
        "zone": "郊野／外环",
        "openSpacePurpose": "体育、战斗课程、水务与城市后勤",
        "layer": "zones"
      },
      "geometry": {
        "type": "Polygon",
        "coordinates": [
          [
            [
              0,
              2360
            ],
            [
              3200,
              2360
            ],
            [
              3200,
              2800
            ],
            [
              0,
              2800
            ],
            [
              0,
              2360
            ]
          ]
        ]
      }
    },
    {
      "type": "Feature",
      "properties": {
        "id": "G-WATER",
        "name": "学院城邦连续河湖",
        "kind": "water",
        "description": "北河—中央湖—南河连续水系",
        "layer": "terrain"
      },
      "geometry": {
        "type": "Polygon",
        "coordinates": [
          [
            [
              1515,
              0
            ],
            [
              1490,
              300
            ],
            [
              1510,
              620
            ],
            [
              1450,
              850
            ],
            [
              1330,
              1040
            ],
            [
              1260,
              1220
            ],
            [
              1280,
              1430
            ],
            [
              1350,
              1600
            ],
            [
              1430,
              1780
            ],
            [
              1460,
              2100
            ],
            [
              1480,
              2400
            ],
            [
              1460,
              2800
            ],
            [
              1710,
              2800
            ],
            [
              1690,
              2400
            ],
            [
              1715,
              2100
            ],
            [
              1770,
              1780
            ],
            [
              1870,
              1600
            ],
            [
              1960,
              1430
            ],
            [
              1980,
              1220
            ],
            [
              1910,
              1040
            ],
            [
              1780,
              850
            ],
            [
              1700,
              620
            ],
            [
              1720,
              300
            ],
            [
              1690,
              0
            ],
            [
              1515,
              0
            ]
          ]
        ]
      }
    },
    {
      "type": "Feature",
      "properties": {
        "id": "G-A-SQ",
        "name": "学院正厅门廊前庭",
        "kind": "paved",
        "description": "紧贴学院正厅外墙并衔接双核主路的门廊前庭",
        "layer": "terrain"
      },
      "geometry": {
        "type": "Polygon",
        "coordinates": [
          [
            [
              800,
              1235
            ],
            [
              905,
              1235
            ],
            [
              905,
              1240
            ],
            [
              800,
              1240
            ],
            [
              800,
              1235
            ]
          ]
        ]
      }
    },
    {
      "type": "Feature",
      "properties": {
        "id": "G-C-SQ",
        "name": "市民议政厅门廊前庭",
        "kind": "paved",
        "description": "紧贴议政厅外墙并衔接城市中央大道的门廊前庭",
        "layer": "terrain"
      },
      "geometry": {
        "type": "Polygon",
        "coordinates": [
          [
            [
              2385,
              1235
            ],
            [
              2515,
              1235
            ],
            [
              2515,
              1240
            ],
            [
              2385,
              1240
            ],
            [
              2385,
              1235
            ]
          ]
        ]
      }
    },
    {
      "type": "Feature",
      "properties": {
        "id": "G-W-PARK",
        "name": "西岸公共步道",
        "kind": "green",
        "description": "河岸公园、防洪与步行连续带",
        "layer": "terrain"
      },
      "geometry": {
        "type": "Polygon",
        "coordinates": [
          [
            [
              1200,
              1350
            ],
            [
              1240,
              1430
            ],
            [
              1310,
              1600
            ],
            [
              1390,
              1780
            ],
            [
              1420,
              2050
            ],
            [
              1360,
              2030
            ],
            [
              1330,
              1800
            ],
            [
              1250,
              1630
            ],
            [
              1180,
              1450
            ],
            [
              1200,
              1350
            ]
          ]
        ]
      }
    },
    {
      "type": "Feature",
      "properties": {
        "id": "G-E-PARK",
        "name": "东岸公共步道",
        "kind": "green",
        "description": "河岸公园、防洪与步行连续带",
        "layer": "terrain"
      },
      "geometry": {
        "type": "Polygon",
        "coordinates": [
          [
            [
              2020,
              1350
            ],
            [
              2000,
              1430
            ],
            [
              1930,
              1600
            ],
            [
              1880,
              1680
            ],
            [
              1940,
              1700
            ],
            [
              2010,
              1630
            ],
            [
              2060,
              1450
            ],
            [
              2020,
              1350
            ]
          ]
        ]
      }
    },
    {
      "type": "Feature",
      "properties": {
        "id": "G-STADIUM",
        "name": "学院体育场",
        "kind": "sports",
        "description": "体育课程、比赛与大型集会",
        "layer": "terrain"
      },
      "geometry": {
        "type": "Polygon",
        "coordinates": [
          [
            [
              220,
              2480
            ],
            [
              880,
              2480
            ],
            [
              920,
              2720
            ],
            [
              190,
              2720
            ],
            [
              220,
              2480
            ]
          ]
        ]
      }
    },
    {
      "type": "Feature",
      "properties": {
        "id": "G-COMBAT",
        "name": "护障对抗场",
        "kind": "combat",
        "description": "非致命对抗课程与护障训练",
        "layer": "terrain"
      },
      "geometry": {
        "type": "Polygon",
        "coordinates": [
          [
            [
              1010,
              2480
            ],
            [
              1430,
              2480
            ],
            [
              1430,
              2720
            ],
            [
              1000,
              2700
            ],
            [
              1010,
              2480
            ]
          ]
        ]
      }
    },
    {
      "type": "Feature",
      "properties": {
        "id": "G-TACTICAL",
        "name": "小队战术训练场",
        "kind": "training",
        "description": "路线、协同与团队战术训练",
        "layer": "terrain"
      },
      "geometry": {
        "type": "Polygon",
        "coordinates": [
          [
            [
              1810,
              2480
            ],
            [
              2390,
              2480
            ],
            [
              2440,
              2720
            ],
            [
              1780,
              2720
            ],
            [
              1810,
              2480
            ]
          ]
        ]
      }
    },
    {
      "type": "Feature",
      "properties": {
        "id": "G-SEALED",
        "name": "封存缓冲庭",
        "kind": "restricted",
        "description": "封存隔离、观察与消防缓冲",
        "layer": "terrain"
      },
      "geometry": {
        "type": "Polygon",
        "coordinates": [
          [
            [
              1840,
              1730
            ],
            [
              2140,
              1730
            ],
            [
              2140,
              2200
            ],
            [
              1840,
              2200
            ],
            [
              1840,
              1730
            ]
          ]
        ]
      }
    },
    {
      "type": "Feature",
      "properties": {
        "id": "G-NORTH",
        "name": "北门防灾林",
        "kind": "terrain",
        "description": "防风、防火和北门集结",
        "layer": "terrain"
      },
      "geometry": {
        "type": "Polygon",
        "coordinates": [
          [
            [
              120,
              40
            ],
            [
              720,
              40
            ],
            [
              760,
              200
            ],
            [
              100,
              200
            ],
            [
              120,
              40
            ]
          ]
        ]
      }
    },
    {
      "type": "Feature",
      "properties": {
        "id": "G-SOUTH",
        "name": "南部水务恢复地",
        "kind": "terrain",
        "description": "下游防洪、生态恢复和水务维护",
        "layer": "terrain"
      },
      "geometry": {
        "type": "Polygon",
        "coordinates": [
          [
            [
              2550,
              2460
            ],
            [
              3100,
              2460
            ],
            [
              3060,
              2720
            ],
            [
              2580,
              2720
            ],
            [
              2550,
              2460
            ]
          ]
        ]
      }
    },
    {
      "type": "Feature",
      "properties": {
        "id": "R-NW",
        "name": "北部学府大道",
        "roadClass": "主步道",
        "width": 16,
        "layer": "roads"
      },
      "geometry": {
        "type": "LineString",
        "coordinates": [
          [
            0,
            620
          ],
          [
            1506,
            620
          ]
        ]
      }
    },
    {
      "type": "Feature",
      "properties": {
        "id": "B-N",
        "name": "北部公共桥",
        "roadClass": "桥梁",
        "width": 16,
        "layer": "roads"
      },
      "geometry": {
        "type": "LineString",
        "coordinates": [
          [
            1506,
            620
          ],
          [
            1704,
            620
          ]
        ]
      }
    },
    {
      "type": "Feature",
      "properties": {
        "id": "R-NE",
        "name": "北部城市大道",
        "roadClass": "主步道",
        "width": 16,
        "layer": "roads"
      },
      "geometry": {
        "type": "LineString",
        "coordinates": [
          [
            1704,
            620
          ],
          [
            3200,
            620
          ]
        ]
      }
    },
    {
      "type": "Feature",
      "properties": {
        "id": "R-CW",
        "name": "学院桥头大道",
        "roadClass": "主步道",
        "width": 20,
        "layer": "roads"
      },
      "geometry": {
        "type": "LineString",
        "coordinates": [
          [
            0,
            1250
          ],
          [
            1258,
            1250
          ]
        ]
      }
    },
    {
      "type": "Feature",
      "properties": {
        "id": "B-MAIN",
        "name": "双核主桥",
        "roadClass": "桥梁",
        "width": 20,
        "layer": "roads"
      },
      "geometry": {
        "type": "LineString",
        "coordinates": [
          [
            1258,
            1250
          ],
          [
            1982,
            1250
          ]
        ]
      }
    },
    {
      "type": "Feature",
      "properties": {
        "id": "R-CE",
        "name": "城市中央大道",
        "roadClass": "主步道",
        "width": 20,
        "layer": "roads"
      },
      "geometry": {
        "type": "LineString",
        "coordinates": [
          [
            1982,
            1250
          ],
          [
            3200,
            1250
          ]
        ]
      }
    },
    {
      "type": "Feature",
      "properties": {
        "id": "R-SW",
        "name": "南部学院大道",
        "roadClass": "主步道",
        "width": 16,
        "layer": "roads"
      },
      "geometry": {
        "type": "LineString",
        "coordinates": [
          [
            0,
            2050
          ],
          [
            1452,
            2050
          ]
        ]
      }
    },
    {
      "type": "Feature",
      "properties": {
        "id": "B-S",
        "name": "南部公共桥",
        "roadClass": "桥梁",
        "width": 16,
        "layer": "roads"
      },
      "geometry": {
        "type": "LineString",
        "coordinates": [
          [
            1452,
            2050
          ],
          [
            1740,
            2050
          ]
        ]
      }
    },
    {
      "type": "Feature",
      "properties": {
        "id": "R-SE",
        "name": "南部工坊大道",
        "roadClass": "主步道",
        "width": 16,
        "layer": "roads"
      },
      "geometry": {
        "type": "LineString",
        "coordinates": [
          [
            1740,
            2050
          ],
          [
            3200,
            2050
          ]
        ]
      }
    },
    {
      "type": "Feature",
      "properties": {
        "id": "R-W1",
        "name": "西门学院路",
        "roadClass": "主步道",
        "width": 14,
        "layer": "roads"
      },
      "geometry": {
        "type": "LineString",
        "coordinates": [
          [
            360,
            0
          ],
          [
            360,
            2380
          ]
        ]
      }
    },
    {
      "type": "Feature",
      "properties": {
        "id": "R-W2",
        "name": "学院中路",
        "roadClass": "支路",
        "width": 9,
        "layer": "roads"
      },
      "geometry": {
        "type": "LineString",
        "coordinates": [
          [
            760,
            0
          ],
          [
            760,
            2380
          ]
        ]
      }
    },
    {
      "type": "Feature",
      "properties": {
        "id": "R-W3",
        "name": "钟楼西路",
        "roadClass": "支路",
        "width": 9,
        "layer": "roads"
      },
      "geometry": {
        "type": "LineString",
        "coordinates": [
          [
            1120,
            0
          ],
          [
            1120,
            2380
          ]
        ]
      }
    },
    {
      "type": "Feature",
      "properties": {
        "id": "R-E1",
        "name": "市民东路",
        "roadClass": "主步道",
        "width": 14,
        "layer": "roads"
      },
      "geometry": {
        "type": "LineString",
        "coordinates": [
          [
            2760,
            0
          ],
          [
            2760,
            2380
          ]
        ]
      }
    },
    {
      "type": "Feature",
      "properties": {
        "id": "R-E2",
        "name": "议政东路",
        "roadClass": "支路",
        "width": 9,
        "layer": "roads"
      },
      "geometry": {
        "type": "LineString",
        "coordinates": [
          [
            2350,
            0
          ],
          [
            2350,
            2380
          ]
        ]
      }
    },
    {
      "type": "Feature",
      "properties": {
        "id": "M-V0",
        "name": "河港纵路",
        "roadClass": "支路",
        "width": 9,
        "layer": "roads"
      },
      "geometry": {
        "type": "LineString",
        "coordinates": [
          [
            2020,
            0
          ],
          [
            2020,
            1250
          ]
        ]
      }
    },
    {
      "type": "Feature",
      "properties": {
        "id": "W-V0",
        "name": "封存工坊界路",
        "roadClass": "支路",
        "width": 9,
        "layer": "roads"
      },
      "geometry": {
        "type": "LineString",
        "coordinates": [
          [
            2180,
            1250
          ],
          [
            2180,
            2380
          ]
        ]
      }
    },
    {
      "type": "Feature",
      "properties": {
        "id": "T-01",
        "name": "古讲堂街",
        "roadClass": "支路",
        "width": 8,
        "layer": "roads"
      },
      "geometry": {
        "type": "LineString",
        "coordinates": [
          [
            0,
            360
          ],
          [
            1440,
            360
          ]
        ]
      }
    },
    {
      "type": "Feature",
      "properties": {
        "id": "T-02",
        "name": "图书馆街",
        "roadClass": "支路",
        "width": 8,
        "layer": "roads"
      },
      "geometry": {
        "type": "LineString",
        "coordinates": [
          [
            0,
            820
          ],
          [
            1438,
            820
          ]
        ]
      }
    },
    {
      "type": "Feature",
      "properties": {
        "id": "T-03",
        "name": "学院南街",
        "roadClass": "支路",
        "width": 8,
        "layer": "roads"
      },
      "geometry": {
        "type": "LineString",
        "coordinates": [
          [
            0,
            1050
          ],
          [
            1120,
            1050
          ]
        ]
      }
    },
    {
      "type": "Feature",
      "properties": {
        "id": "T-04",
        "name": "学院北巷",
        "roadClass": "支路",
        "width": 7,
        "layer": "roads"
      },
      "geometry": {
        "type": "LineString",
        "coordinates": [
          [
            360,
            500
          ],
          [
            1120,
            500
          ]
        ]
      }
    },
    {
      "type": "Feature",
      "properties": {
        "id": "T-V1",
        "name": "讲堂西巷",
        "roadClass": "支路",
        "width": 7,
        "layer": "roads"
      },
      "geometry": {
        "type": "LineString",
        "coordinates": [
          [
            560,
            360
          ],
          [
            560,
            1250
          ]
        ]
      }
    },
    {
      "type": "Feature",
      "properties": {
        "id": "T-V2",
        "name": "河岸教学巷",
        "roadClass": "支路",
        "width": 7,
        "layer": "roads"
      },
      "geometry": {
        "type": "LineString",
        "coordinates": [
          [
            1250,
            360
          ],
          [
            1250,
            1250
          ]
        ]
      }
    },
    {
      "type": "Feature",
      "properties": {
        "id": "T-V3",
        "name": "西侧教学巷",
        "roadClass": "支路",
        "width": 7,
        "layer": "roads"
      },
      "geometry": {
        "type": "LineString",
        "coordinates": [
          [
            180,
            360
          ],
          [
            180,
            1250
          ]
        ]
      }
    },
    {
      "type": "Feature",
      "properties": {
        "id": "L-01",
        "name": "灯庭街",
        "roadClass": "支路",
        "width": 8,
        "layer": "roads"
      },
      "geometry": {
        "type": "LineString",
        "coordinates": [
          [
            0,
            1460
          ],
          [
            1260,
            1460
          ]
        ]
      }
    },
    {
      "type": "Feature",
      "properties": {
        "id": "L-02",
        "name": "宿舍街",
        "roadClass": "支路",
        "width": 8,
        "layer": "roads"
      },
      "geometry": {
        "type": "LineString",
        "coordinates": [
          [
            0,
            1760
          ],
          [
            1260,
            1760
          ]
        ]
      }
    },
    {
      "type": "Feature",
      "properties": {
        "id": "L-03",
        "name": "生活服务街",
        "roadClass": "支路",
        "width": 8,
        "layer": "roads"
      },
      "geometry": {
        "type": "LineString",
        "coordinates": [
          [
            0,
            2200
          ],
          [
            1430,
            2200
          ]
        ]
      }
    },
    {
      "type": "Feature",
      "properties": {
        "id": "L-04",
        "name": "生活南街",
        "roadClass": "支路",
        "width": 7,
        "layer": "roads"
      },
      "geometry": {
        "type": "LineString",
        "coordinates": [
          [
            360,
            1900
          ],
          [
            1430,
            1900
          ]
        ]
      }
    },
    {
      "type": "Feature",
      "properties": {
        "id": "L-V0",
        "name": "西门生活巷",
        "roadClass": "支路",
        "width": 7,
        "layer": "roads"
      },
      "geometry": {
        "type": "LineString",
        "coordinates": [
          [
            120,
            1460
          ],
          [
            120,
            1760
          ]
        ]
      }
    },
    {
      "type": "Feature",
      "properties": {
        "id": "L-V1",
        "name": "西岸医馆路",
        "roadClass": "支路",
        "width": 7,
        "layer": "roads"
      },
      "geometry": {
        "type": "LineString",
        "coordinates": [
          [
            520,
            1250
          ],
          [
            520,
            2050
          ]
        ]
      }
    },
    {
      "type": "Feature",
      "properties": {
        "id": "L-V2",
        "name": "生活中巷",
        "roadClass": "支路",
        "width": 7,
        "layer": "roads"
      },
      "geometry": {
        "type": "LineString",
        "coordinates": [
          [
            920,
            1250
          ],
          [
            920,
            2200
          ]
        ]
      }
    },
    {
      "type": "Feature",
      "properties": {
        "id": "L-V3",
        "name": "河岸生活巷",
        "roadClass": "支路",
        "width": 7,
        "layer": "roads"
      },
      "geometry": {
        "type": "LineString",
        "coordinates": [
          [
            1260,
            1250
          ],
          [
            1260,
            2200
          ]
        ]
      }
    },
    {
      "type": "Feature",
      "properties": {
        "id": "M-00",
        "name": "北河门街",
        "roadClass": "支路",
        "width": 8,
        "layer": "roads"
      },
      "geometry": {
        "type": "LineString",
        "coordinates": [
          [
            1730,
            280
          ],
          [
            3200,
            280
          ]
        ]
      }
    },
    {
      "type": "Feature",
      "properties": {
        "id": "M-01",
        "name": "市政北街",
        "roadClass": "支路",
        "width": 8,
        "layer": "roads"
      },
      "geometry": {
        "type": "LineString",
        "coordinates": [
          [
            1715,
            390
          ],
          [
            3200,
            390
          ]
        ]
      }
    },
    {
      "type": "Feature",
      "properties": {
        "id": "M-02",
        "name": "覆顶市集街",
        "roadClass": "支路",
        "width": 9,
        "layer": "roads"
      },
      "geometry": {
        "type": "LineString",
        "coordinates": [
          [
            1785,
            830
          ],
          [
            3200,
            830
          ]
        ]
      }
    },
    {
      "type": "Feature",
      "properties": {
        "id": "M-03",
        "name": "公共剧场街",
        "roadClass": "支路",
        "width": 8,
        "layer": "roads"
      },
      "geometry": {
        "type": "LineString",
        "coordinates": [
          [
            1925,
            1050
          ],
          [
            2760,
            1050
          ]
        ]
      }
    },
    {
      "type": "Feature",
      "properties": {
        "id": "M-04",
        "name": "旅舍街",
        "roadClass": "支路",
        "width": 7,
        "layer": "roads"
      },
      "geometry": {
        "type": "LineString",
        "coordinates": [
          [
            2350,
            1090
          ],
          [
            3200,
            1090
          ]
        ]
      }
    },
    {
      "type": "Feature",
      "properties": {
        "id": "M-V1",
        "name": "市集西路",
        "roadClass": "支路",
        "width": 7,
        "layer": "roads"
      },
      "geometry": {
        "type": "LineString",
        "coordinates": [
          [
            2180,
            390
          ],
          [
            2180,
            1250
          ]
        ]
      }
    },
    {
      "type": "Feature",
      "properties": {
        "id": "M-V2",
        "name": "市集东路",
        "roadClass": "支路",
        "width": 7,
        "layer": "roads"
      },
      "geometry": {
        "type": "LineString",
        "coordinates": [
          [
            2550,
            390
          ],
          [
            2550,
            1250
          ]
        ]
      }
    },
    {
      "type": "Feature",
      "properties": {
        "id": "M-V3",
        "name": "旅舍纵巷",
        "roadClass": "支路",
        "width": 7,
        "layer": "roads"
      },
      "geometry": {
        "type": "LineString",
        "coordinates": [
          [
            3040,
            390
          ],
          [
            3040,
            1250
          ]
        ]
      }
    },
    {
      "type": "Feature",
      "properties": {
        "id": "W-01",
        "name": "总工坊街",
        "roadClass": "主步道",
        "width": 14,
        "layer": "roads"
      },
      "geometry": {
        "type": "LineString",
        "coordinates": [
          [
            2180,
            1450
          ],
          [
            3200,
            1450
          ]
        ]
      }
    },
    {
      "type": "Feature",
      "properties": {
        "id": "W-02",
        "name": "材料交换街",
        "roadClass": "支路",
        "width": 9,
        "layer": "roads"
      },
      "geometry": {
        "type": "LineString",
        "coordinates": [
          [
            2180,
            1730
          ],
          [
            3200,
            1730
          ]
        ]
      }
    },
    {
      "type": "Feature",
      "properties": {
        "id": "W-03",
        "name": "工坊中街",
        "roadClass": "支路",
        "width": 9,
        "layer": "roads"
      },
      "geometry": {
        "type": "LineString",
        "coordinates": [
          [
            2180,
            1900
          ],
          [
            3200,
            1900
          ]
        ]
      }
    },
    {
      "type": "Feature",
      "properties": {
        "id": "W-04",
        "name": "机务南街",
        "roadClass": "支路",
        "width": 9,
        "layer": "roads"
      },
      "geometry": {
        "type": "LineString",
        "coordinates": [
          [
            2180,
            2200
          ],
          [
            3200,
            2200
          ]
        ]
      }
    },
    {
      "type": "Feature",
      "properties": {
        "id": "W-V1",
        "name": "工坊纵路",
        "roadClass": "支路",
        "width": 8,
        "layer": "roads"
      },
      "geometry": {
        "type": "LineString",
        "coordinates": [
          [
            2550,
            1250
          ],
          [
            2550,
            2380
          ]
        ]
      }
    },
    {
      "type": "Feature",
      "properties": {
        "id": "W-V2",
        "name": "货运纵路",
        "roadClass": "维护道",
        "width": 12,
        "layer": "roads"
      },
      "geometry": {
        "type": "LineString",
        "coordinates": [
          [
            2910,
            1250
          ],
          [
            2910,
            2380
          ]
        ]
      }
    },
    {
      "type": "Feature",
      "properties": {
        "id": "W-V3",
        "name": "东侧机务路",
        "roadClass": "支路",
        "width": 8,
        "layer": "roads"
      },
      "geometry": {
        "type": "LineString",
        "coordinates": [
          [
            3040,
            1250
          ],
          [
            3040,
            2380
          ]
        ]
      }
    },
    {
      "type": "Feature",
      "properties": {
        "id": "S-01",
        "name": "封存许可路",
        "roadClass": "受控路",
        "width": 8,
        "layer": "roads"
      },
      "geometry": {
        "type": "LineString",
        "coordinates": [
          [
            1985,
            1450
          ],
          [
            2180,
            1450
          ]
        ]
      }
    },
    {
      "type": "Feature",
      "properties": {
        "id": "S-02",
        "name": "隔离北路",
        "roadClass": "受控路",
        "width": 7,
        "layer": "roads"
      },
      "geometry": {
        "type": "LineString",
        "coordinates": [
          [
            1885,
            1580
          ],
          [
            1885,
            1600
          ],
          [
            2180,
            1600
          ]
        ]
      }
    },
    {
      "type": "Feature",
      "properties": {
        "id": "S-03",
        "name": "封存值守路",
        "roadClass": "受控路",
        "width": 7,
        "layer": "roads"
      },
      "geometry": {
        "type": "LineString",
        "coordinates": [
          [
            1770,
            2260
          ],
          [
            2180,
            2260
          ]
        ]
      }
    },
    {
      "type": "Feature",
      "properties": {
        "id": "S-04",
        "name": "档案北街",
        "roadClass": "受控路",
        "width": 7,
        "layer": "roads"
      },
      "geometry": {
        "type": "LineString",
        "coordinates": [
          [
            2020,
            1600
          ],
          [
            2020,
            1700
          ],
          [
            2180,
            1700
          ]
        ]
      }
    },
    {
      "type": "Feature",
      "properties": {
        "id": "O-01",
        "name": "南部课程联络路",
        "roadClass": "主步道",
        "width": 14,
        "layer": "roads"
      },
      "geometry": {
        "type": "LineString",
        "coordinates": [
          [
            0,
            2380
          ],
          [
            1450,
            2380
          ]
        ]
      }
    },
    {
      "type": "Feature",
      "properties": {
        "id": "O-02",
        "name": "南部后勤联络路",
        "roadClass": "主步道",
        "width": 14,
        "layer": "roads"
      },
      "geometry": {
        "type": "LineString",
        "coordinates": [
          [
            1720,
            2380
          ],
          [
            3200,
            2380
          ]
        ]
      }
    },
    {
      "type": "Feature",
      "properties": {
        "id": "O-03",
        "name": "课程设施南路",
        "roadClass": "支路",
        "width": 8,
        "layer": "roads"
      },
      "geometry": {
        "type": "LineString",
        "coordinates": [
          [
            0,
            2760
          ],
          [
            1450,
            2760
          ]
        ]
      }
    },
    {
      "type": "Feature",
      "properties": {
        "id": "O-04",
        "name": "战术水务南路",
        "roadClass": "支路",
        "width": 8,
        "layer": "roads"
      },
      "geometry": {
        "type": "LineString",
        "coordinates": [
          [
            1720,
            2760
          ],
          [
            3200,
            2760
          ]
        ]
      }
    },
    {
      "type": "Feature",
      "properties": {
        "id": "O-V1",
        "name": "课程场西联络路",
        "roadClass": "支路",
        "width": 8,
        "layer": "roads"
      },
      "geometry": {
        "type": "LineString",
        "coordinates": [
          [
            960,
            2380
          ],
          [
            960,
            2760
          ]
        ]
      }
    },
    {
      "type": "Feature",
      "properties": {
        "id": "O-V2",
        "name": "课程场东联络路",
        "roadClass": "支路",
        "width": 8,
        "layer": "roads"
      },
      "geometry": {
        "type": "LineString",
        "coordinates": [
          [
            2500,
            2380
          ],
          [
            2500,
            2760
          ]
        ]
      }
    },
    {
      "type": "Feature",
      "properties": {
        "id": "O-V3",
        "name": "西南入口路",
        "roadClass": "支路",
        "width": 8,
        "layer": "roads"
      },
      "geometry": {
        "type": "LineString",
        "coordinates": [
          [
            100,
            2380
          ],
          [
            100,
            2800
          ]
        ]
      }
    },
    {
      "type": "Feature",
      "properties": {
        "id": "O-V4",
        "name": "东南入口路",
        "roadClass": "支路",
        "width": 8,
        "layer": "roads"
      },
      "geometry": {
        "type": "LineString",
        "coordinates": [
          [
            3160,
            2380
          ],
          [
            3160,
            2800
          ]
        ]
      }
    },
    {
      "type": "Feature",
      "properties": {
        "id": "TR-OUT-W",
        "name": "外环巨蚓西线",
        "roadClass": "生物列车轨道",
        "width": 10,
        "routeId": "TR-OUT",
        "layer": "roads"
      },
      "geometry": {
        "type": "LineString",
        "coordinates": [
          [
            80,
            180
          ],
          [
            1496,
            180
          ]
        ]
      }
    },
    {
      "type": "Feature",
      "properties": {
        "id": "TR-OUT-NB",
        "name": "外环巨蚓北桥槽",
        "roadClass": "生物列车桥梁",
        "width": 10,
        "routeId": "TR-OUT",
        "layer": "roads"
      },
      "geometry": {
        "type": "LineString",
        "coordinates": [
          [
            1496,
            180
          ],
          [
            1715,
            180
          ]
        ]
      }
    },
    {
      "type": "Feature",
      "properties": {
        "id": "TR-OUT-E",
        "name": "外环巨蚓东线",
        "roadClass": "生物列车轨道",
        "width": 10,
        "routeId": "TR-OUT",
        "layer": "roads"
      },
      "geometry": {
        "type": "LineString",
        "coordinates": [
          [
            1715,
            180
          ],
          [
            3120,
            180
          ],
          [
            3120,
            2620
          ],
          [
            1715,
            2620
          ]
        ]
      }
    },
    {
      "type": "Feature",
      "properties": {
        "id": "TR-OUT-SB",
        "name": "外环巨蚓南桥槽",
        "roadClass": "生物列车桥梁",
        "width": 10,
        "routeId": "TR-OUT",
        "layer": "roads"
      },
      "geometry": {
        "type": "LineString",
        "coordinates": [
          [
            1715,
            2620
          ],
          [
            1455,
            2620
          ]
        ]
      }
    },
    {
      "type": "Feature",
      "properties": {
        "id": "TR-OUT-W2",
        "name": "外环巨蚓西线",
        "roadClass": "生物列车轨道",
        "width": 10,
        "routeId": "TR-OUT",
        "layer": "roads"
      },
      "geometry": {
        "type": "LineString",
        "coordinates": [
          [
            1455,
            2620
          ],
          [
            80,
            2620
          ],
          [
            80,
            180
          ]
        ]
      }
    },
    {
      "type": "Feature",
      "properties": {
        "id": "TR-IN-W",
        "name": "内环巨蚓学院线",
        "roadClass": "生物列车轨道",
        "width": 9,
        "routeId": "TR-IN",
        "layer": "roads"
      },
      "geometry": {
        "type": "LineString",
        "coordinates": [
          [
            560,
            680
          ],
          [
            1180,
            680
          ],
          [
            1180,
            980
          ],
          [
            1050,
            1250
          ],
          [
            1190,
            1600
          ],
          [
            1190,
            1900
          ],
          [
            620,
            1820
          ],
          [
            600,
            1280
          ],
          [
            560,
            680
          ]
        ]
      }
    },
    {
      "type": "Feature",
      "properties": {
        "id": "TR-IN-WB",
        "name": "内环巨蚓学院桥引线",
        "roadClass": "生物列车轨道",
        "width": 9,
        "routeId": "TR-IN",
        "layer": "roads"
      },
      "geometry": {
        "type": "LineString",
        "coordinates": [
          [
            1120,
            1600
          ],
          [
            1315,
            1520
          ]
        ]
      }
    },
    {
      "type": "Feature",
      "properties": {
        "id": "TR-IN-B",
        "name": "双核巨蚓专用桥",
        "roadClass": "生物列车桥梁",
        "width": 9,
        "routeId": "TR-IN",
        "layer": "roads"
      },
      "geometry": {
        "type": "LineString",
        "coordinates": [
          [
            1315,
            1520
          ],
          [
            1920,
            1520
          ]
        ]
      }
    },
    {
      "type": "Feature",
      "properties": {
        "id": "TR-IN-EB",
        "name": "内环巨蚓城市桥引线",
        "roadClass": "生物列车轨道",
        "width": 9,
        "routeId": "TR-IN",
        "layer": "roads"
      },
      "geometry": {
        "type": "LineString",
        "coordinates": [
          [
            1920,
            1520
          ],
          [
            2100,
            1600
          ]
        ]
      }
    },
    {
      "type": "Feature",
      "properties": {
        "id": "TR-IN-E",
        "name": "内环巨蚓城市线",
        "roadClass": "生物列车轨道",
        "width": 9,
        "routeId": "TR-IN",
        "layer": "roads"
      },
      "geometry": {
        "type": "LineString",
        "coordinates": [
          [
            2100,
            1600
          ],
          [
            2050,
            850
          ],
          [
            2650,
            700
          ],
          [
            2920,
            1120
          ],
          [
            2760,
            1780
          ],
          [
            2240,
            1900
          ],
          [
            2100,
            1600
          ]
        ]
      }
    },
    {
      "type": "Feature",
      "properties": {
        "id": "LM-A1",
        "name": "中庭总钟楼",
        "zone": "教学区",
        "frontageRoad": "R-W3",
        "description": "学院时间、调度和公共仪式中心",
        "footprint": 4896,
        "shapeType": "地标切角轮廓",
        "scaleClass": "全城级地标",
        "landmarkTier": "city",
        "layer": "buildings"
      },
      "geometry": {
        "type": "Polygon",
        "coordinates": [
          [
            [
              1110.5,
              972
            ],
            [
              1110.5,
              1020
            ],
            [
              1098.5,
              1032
            ],
            [
              1050.5,
              1032
            ],
            [
              1038.5,
              1020
            ],
            [
              1038.5,
              972
            ],
            [
              1050.5,
              960
            ],
            [
              1098.5,
              960
            ],
            [
              1110.5,
              972
            ]
          ]
        ]
      }
    },
    {
      "type": "Feature",
      "properties": {
        "id": "LM-A2",
        "name": "国立学院正厅",
        "zone": "教学区",
        "frontageRoad": "R-CW",
        "description": "学院治理、典礼和跨国学术事务",
        "footprint": 13108,
        "shapeType": "地标切角轮廓",
        "scaleClass": "全城级地标",
        "landmarkTier": "city",
        "layer": "buildings"
      },
      "geometry": {
        "type": "Polygon",
        "coordinates": [
          [
            [
              791,
              1145
            ],
            [
              913,
              1145
            ],
            [
              927,
              1159
            ],
            [
              927,
              1221
            ],
            [
              913,
              1235
            ],
            [
              791,
              1235
            ],
            [
              777,
              1221
            ],
            [
              777,
              1159
            ],
            [
              791,
              1145
            ]
          ]
        ]
      }
    },
    {
      "type": "Feature",
      "properties": {
        "id": "LM-A3",
        "name": "七系总图书馆",
        "zone": "教学区",
        "frontageRoad": "T-02",
        "description": "教学核心与全城知识档案入口",
        "footprint": 16608,
        "shapeType": "地标切角轮廓",
        "scaleClass": "全城级地标",
        "landmarkTier": "city",
        "layer": "buildings"
      },
      "geometry": {
        "type": "Polygon",
        "coordinates": [
          [
            [
              909,
              711
            ],
            [
              1051,
              711
            ],
            [
              1065,
              725
            ],
            [
              1065,
              797
            ],
            [
              1051,
              811
            ],
            [
              909,
              811
            ],
            [
              895,
              797
            ],
            [
              895,
              725
            ],
            [
              909,
              711
            ]
          ]
        ]
      }
    },
    {
      "type": "Feature",
      "properties": {
        "id": "LM-A4",
        "name": "以太观测院",
        "zone": "教学区",
        "frontageRoad": "T-01",
        "description": "高塔、测量庭院与城市护障观测",
        "footprint": 12833,
        "shapeType": "地标切角轮廓",
        "scaleClass": "全城级地标",
        "landmarkTier": "city",
        "layer": "buildings"
      },
      "geometry": {
        "type": "Polygon",
        "coordinates": [
          [
            [
              1272.5,
              369
            ],
            [
              1359.5,
              369
            ],
            [
              1373.5,
              383
            ],
            [
              1373.5,
              470
            ],
            [
              1359.5,
              484
            ],
            [
              1272.5,
              484
            ],
            [
              1258.5,
              470
            ],
            [
              1258.5,
              383
            ],
            [
              1272.5,
              369
            ]
          ]
        ]
      }
    },
    {
      "type": "Feature",
      "properties": {
        "id": "LM-C1",
        "name": "市民议政厅",
        "zone": "市集区",
        "frontageRoad": "R-CE",
        "description": "城市公共治理和市民集会中心",
        "footprint": 14008,
        "shapeType": "地标切角轮廓",
        "scaleClass": "全城级地标",
        "landmarkTier": "city",
        "layer": "buildings"
      },
      "geometry": {
        "type": "Polygon",
        "coordinates": [
          [
            [
              2384,
              1145
            ],
            [
              2516,
              1145
            ],
            [
              2530,
              1159
            ],
            [
              2530,
              1221
            ],
            [
              2516,
              1235
            ],
            [
              2384,
              1235
            ],
            [
              2370,
              1221
            ],
            [
              2370,
              1159
            ],
            [
              2384,
              1145
            ]
          ]
        ]
      }
    },
    {
      "type": "Feature",
      "properties": {
        "id": "LM-C2",
        "name": "中央覆顶市集",
        "zone": "市集区",
        "frontageRoad": "M-02",
        "description": "商业、物资和日常生活中心",
        "footprint": 20508,
        "shapeType": "地标切角轮廓",
        "scaleClass": "全城级地标",
        "landmarkTier": "city",
        "layer": "buildings"
      },
      "geometry": {
        "type": "Polygon",
        "coordinates": [
          [
            [
              2796,
              710.5
            ],
            [
              2958,
              710.5
            ],
            [
              2972,
              724.5
            ],
            [
              2972,
              806.5
            ],
            [
              2958,
              820.5
            ],
            [
              2796,
              820.5
            ],
            [
              2782,
              806.5
            ],
            [
              2782,
              724.5
            ],
            [
              2796,
              710.5
            ]
          ]
        ]
      }
    },
    {
      "type": "Feature",
      "properties": {
        "id": "LM-C3",
        "name": "双核中央换乘站",
        "zone": "市集区",
        "frontageRoad": "R-CE",
        "description": "内外环巨蚓换乘与城市门户",
        "footprint": 13108,
        "shapeType": "地标切角轮廓",
        "scaleClass": "全城级地标",
        "landmarkTier": "city",
        "layer": "buildings"
      },
      "geometry": {
        "type": "Polygon",
        "coordinates": [
          [
            [
              2581,
              1145
            ],
            [
              2703,
              1145
            ],
            [
              2717,
              1159
            ],
            [
              2717,
              1221
            ],
            [
              2703,
              1235
            ],
            [
              2581,
              1235
            ],
            [
              2567,
              1221
            ],
            [
              2567,
              1159
            ],
            [
              2581,
              1145
            ]
          ]
        ]
      }
    },
    {
      "type": "Feature",
      "properties": {
        "id": "LM-C4",
        "name": "湖岸大医馆",
        "zone": "生活区",
        "frontageRoad": "L-01",
        "description": "公共医疗、灾害响应和学院教学医院",
        "footprint": 12358,
        "shapeType": "地标切角轮廓",
        "scaleClass": "全城级地标",
        "landmarkTier": "city",
        "layer": "buildings"
      },
      "geometry": {
        "type": "Polygon",
        "coordinates": [
          [
            [
              951,
              1366
            ],
            [
              1073,
              1366
            ],
            [
              1087,
              1380
            ],
            [
              1087,
              1437
            ],
            [
              1073,
              1451
            ],
            [
              951,
              1451
            ],
            [
              937,
              1437
            ],
            [
              937,
              1380
            ],
            [
              951,
              1366
            ]
          ]
        ]
      }
    },
    {
      "type": "Feature",
      "properties": {
        "id": "LM-R1",
        "name": "学院大礼堂",
        "zone": "教学区",
        "frontageRoad": "T-04",
        "description": "课程典礼、演说和公共考试",
        "footprint": 10696.4,
        "shapeType": "地标切角轮廓",
        "scaleClass": "区域级地标",
        "landmarkTier": "regional",
        "layer": "buildings"
      },
      "geometry": {
        "type": "Polygon",
        "coordinates": [
          [
            [
              582.167,
              508.5
            ],
            [
              689.833,
              508.5
            ],
            [
              703.5,
              522.167
            ],
            [
              703.5,
              576.833
            ],
            [
              689.833,
              590.5
            ],
            [
              582.167,
              590.5
            ],
            [
              568.5,
              576.833
            ],
            [
              568.5,
              522.167
            ],
            [
              582.167,
              508.5
            ]
          ]
        ]
      }
    },
    {
      "type": "Feature",
      "properties": {
        "id": "LM-R2",
        "name": "河岸公共剧场",
        "zone": "市集区",
        "frontageRoad": "M-03",
        "description": "面向两岸的公共剧场",
        "footprint": 11308,
        "shapeType": "地标切角轮廓",
        "scaleClass": "区域级地标",
        "landmarkTier": "regional",
        "layer": "buildings"
      },
      "geometry": {
        "type": "Polygon",
        "coordinates": [
          [
            [
              2214,
              951
            ],
            [
              2316,
              951
            ],
            [
              2330,
              965
            ],
            [
              2330,
              1027
            ],
            [
              2316,
              1041
            ],
            [
              2214,
              1041
            ],
            [
              2200,
              1027
            ],
            [
              2200,
              965
            ],
            [
              2214,
              951
            ]
          ]
        ]
      }
    },
    {
      "type": "Feature",
      "properties": {
        "id": "LM-R3",
        "name": "总校准工坊",
        "zone": "工坊区",
        "frontageRoad": "W-01",
        "description": "全城以太仪器校准中心",
        "footprint": 15283,
        "shapeType": "地标切角轮廓",
        "scaleClass": "区域级地标",
        "landmarkTier": "regional",
        "layer": "buildings"
      },
      "geometry": {
        "type": "Polygon",
        "coordinates": [
          [
            [
              2387.5,
              1462
            ],
            [
              2524.5,
              1462
            ],
            [
              2538.5,
              1476
            ],
            [
              2538.5,
              1543
            ],
            [
              2524.5,
              1557
            ],
            [
              2387.5,
              1557
            ],
            [
              2373.5,
              1543
            ],
            [
              2373.5,
              1476
            ],
            [
              2387.5,
              1462
            ]
          ]
        ]
      }
    },
    {
      "type": "Feature",
      "properties": {
        "id": "LM-R4",
        "name": "材料与货运交换厅",
        "zone": "工坊区",
        "frontageRoad": "W-02",
        "description": "材料交割、货运与装卸调度",
        "footprint": 17608,
        "shapeType": "地标切角轮廓",
        "scaleClass": "区域级地标",
        "landmarkTier": "regional",
        "layer": "buildings"
      },
      "geometry": {
        "type": "Polygon",
        "coordinates": [
          [
            [
              2572,
              1620.5
            ],
            [
              2724,
              1620.5
            ],
            [
              2738,
              1634.5
            ],
            [
              2738,
              1706.5
            ],
            [
              2724,
              1720.5
            ],
            [
              2572,
              1720.5
            ],
            [
              2558,
              1706.5
            ],
            [
              2558,
              1634.5
            ],
            [
              2572,
              1620.5
            ]
          ]
        ]
      }
    },
    {
      "type": "Feature",
      "properties": {
        "id": "LM-R5",
        "name": "受控总档案库",
        "zone": "封存区",
        "frontageRoad": "S-03",
        "description": "受控文书、遗物与许可记录",
        "footprint": 7000,
        "shapeType": "地标切角轮廓",
        "scaleClass": "区域级地标",
        "landmarkTier": "regional",
        "layer": "buildings"
      },
      "geometry": {
        "type": "Polygon",
        "coordinates": [
          [
            [
              1836,
              2268.5
            ],
            [
              1936,
              2268.5
            ],
            [
              1946,
              2278.5
            ],
            [
              1946,
              2318.5
            ],
            [
              1936,
              2328.5
            ],
            [
              1836,
              2328.5
            ],
            [
              1826,
              2318.5
            ],
            [
              1826,
              2278.5
            ],
            [
              1836,
              2268.5
            ]
          ]
        ]
      }
    },
    {
      "type": "Feature",
      "properties": {
        "id": "LM-R6",
        "name": "封存隔离塔",
        "zone": "封存区",
        "frontageRoad": "S-01",
        "description": "高风险对象隔离与观察",
        "footprint": 4627.8,
        "shapeType": "地标切角轮廓",
        "scaleClass": "区域级地标",
        "landmarkTier": "regional",
        "layer": "buildings"
      },
      "geometry": {
        "type": "Polygon",
        "coordinates": [
          [
            [
              2109.667,
              1371
            ],
            [
              2156.333,
              1371
            ],
            [
              2168,
              1382.667
            ],
            [
              2168,
              1429.333
            ],
            [
              2156.333,
              1441
            ],
            [
              2109.667,
              1441
            ],
            [
              2098,
              1429.333
            ],
            [
              2098,
              1382.667
            ],
            [
              2109.667,
              1371
            ]
          ]
        ]
      }
    },
    {
      "type": "Feature",
      "properties": {
        "id": "LM-R7",
        "name": "学院体育场主看台",
        "zone": "郊野／外环",
        "frontageRoad": "O-01",
        "description": "体育场看台、更衣和器材服务",
        "footprint": 10281.9,
        "shapeType": "地标切角轮廓",
        "scaleClass": "区域级地标",
        "landmarkTier": "regional",
        "layer": "buildings"
      },
      "geometry": {
        "type": "Polygon",
        "coordinates": [
          [
            [
              478.167,
              2392
            ],
            [
              649.833,
              2392
            ],
            [
              659,
              2401.167
            ],
            [
              659,
              2437.833
            ],
            [
              649.833,
              2447
            ],
            [
              478.167,
              2447
            ],
            [
              469,
              2437.833
            ],
            [
              469,
              2401.167
            ],
            [
              478.167,
              2392
            ]
          ]
        ]
      }
    },
    {
      "type": "Feature",
      "properties": {
        "id": "LM-R8",
        "name": "护障对抗场控制馆",
        "zone": "郊野／外环",
        "frontageRoad": "O-01",
        "description": "护障控制、裁判记录与急救",
        "footprint": 9181.9,
        "shapeType": "地标切角轮廓",
        "scaleClass": "区域级地标",
        "landmarkTier": "regional",
        "layer": "buildings"
      },
      "geometry": {
        "type": "Polygon",
        "coordinates": [
          [
            [
              1176.167,
              2392
            ],
            [
              1327.833,
              2392
            ],
            [
              1337,
              2401.167
            ],
            [
              1337,
              2437.833
            ],
            [
              1327.833,
              2447
            ],
            [
              1176.167,
              2447
            ],
            [
              1167,
              2437.833
            ],
            [
              1167,
              2401.167
            ],
            [
              1176.167,
              2392
            ]
          ]
        ]
      }
    },
    {
      "type": "Feature",
      "properties": {
        "id": "LM-R9",
        "name": "小队战术场指挥馆",
        "zone": "郊野／外环",
        "frontageRoad": "O-02",
        "description": "战术课程指挥、器材与观察",
        "footprint": 9181.9,
        "shapeType": "地标切角轮廓",
        "scaleClass": "区域级地标",
        "landmarkTier": "regional",
        "layer": "buildings"
      },
      "geometry": {
        "type": "Polygon",
        "coordinates": [
          [
            [
              2000.167,
              2392
            ],
            [
              2151.833,
              2392
            ],
            [
              2161,
              2401.167
            ],
            [
              2161,
              2437.833
            ],
            [
              2151.833,
              2447
            ],
            [
              2000.167,
              2447
            ],
            [
              1991,
              2437.833
            ],
            [
              1991,
              2401.167
            ],
            [
              2000.167,
              2392
            ]
          ]
        ]
      }
    },
    {
      "type": "Feature",
      "properties": {
        "id": "LM-R10",
        "name": "下游水务与防洪塔",
        "zone": "郊野／外环",
        "frontageRoad": "O-02",
        "description": "下游防洪、水务和生态监测",
        "footprint": 7565.3,
        "shapeType": "地标切角轮廓",
        "scaleClass": "区域级地标",
        "landmarkTier": "regional",
        "layer": "buildings"
      },
      "geometry": {
        "type": "Polygon",
        "coordinates": [
          [
            [
              2778.833,
              2392
            ],
            [
              2877.167,
              2392
            ],
            [
              2888,
              2402.833
            ],
            [
              2888,
              2446.167
            ],
            [
              2877.167,
              2457
            ],
            [
              2778.833,
              2457
            ],
            [
              2768,
              2446.167
            ],
            [
              2768,
              2402.833
            ],
            [
              2778.833,
              2392
            ]
          ]
        ]
      }
    },
    {
      "type": "Feature",
      "properties": {
        "id": "B-001",
        "name": "学院教学附属楼 1",
        "zone": "教学区",
        "frontageRoad": "R-CW",
        "description": "教学区沿街独立建筑。",
        "footprint": 1350.5,
        "scaleClass": "普通建筑",
        "layer": "buildings"
      },
      "geometry": {
        "type": "Polygon",
        "coordinates": [
          [
            [
              91.146,
              1265
            ],
            [
              132.854,
              1265
            ],
            [
              132.854,
              1297.379
            ],
            [
              91.146,
              1297.379
            ],
            [
              91.146,
              1265
            ]
          ]
        ]
      }
    },
    {
      "type": "Feature",
      "properties": {
        "id": "B-002",
        "name": "学院教学附属楼 2",
        "zone": "教学区",
        "frontageRoad": "R-CW",
        "description": "教学区沿街独立建筑。",
        "footprint": 1669.7,
        "scaleClass": "普通建筑",
        "layer": "buildings"
      },
      "geometry": {
        "type": "Polygon",
        "coordinates": [
          [
            [
              88.95,
              1198.779
            ],
            [
              135.05,
              1198.779
            ],
            [
              135.05,
              1235
            ],
            [
              88.95,
              1235
            ],
            [
              88.95,
              1198.779
            ]
          ]
        ]
      }
    },
    {
      "type": "Feature",
      "properties": {
        "id": "B-003",
        "name": "学院教学附属楼 3",
        "zone": "教学区",
        "frontageRoad": "R-CW",
        "description": "教学区沿街独立建筑。",
        "footprint": 2022.7,
        "scaleClass": "普通建筑",
        "layer": "buildings"
      },
      "geometry": {
        "type": "Polygon",
        "coordinates": [
          [
            [
              156.755,
              1265
            ],
            [
              207.245,
              1265
            ],
            [
              207.245,
              1305.062
            ],
            [
              156.755,
              1305.062
            ],
            [
              156.755,
              1265
            ]
          ]
        ]
      }
    },
    {
      "type": "Feature",
      "properties": {
        "id": "B-004",
        "name": "学院教学附属楼 4",
        "zone": "教学区",
        "frontageRoad": "R-CW",
        "description": "教学区沿街独立建筑。",
        "footprint": 2409.5,
        "scaleClass": "普通建筑",
        "layer": "buildings"
      },
      "geometry": {
        "type": "Polygon",
        "coordinates": [
          [
            [
              224.56,
              1265
            ],
            [
              279.44,
              1265
            ],
            [
              279.44,
              1308.904
            ],
            [
              224.56,
              1308.904
            ],
            [
              224.56,
              1265
            ]
          ]
        ]
      }
    },
    {
      "type": "Feature",
      "properties": {
        "id": "B-005",
        "name": "学院教学附属楼 5",
        "zone": "教学区",
        "frontageRoad": "R-CW",
        "description": "教学区沿街独立建筑。",
        "footprint": 1691.4,
        "scaleClass": "普通建筑",
        "layer": "buildings"
      },
      "geometry": {
        "type": "Polygon",
        "coordinates": [
          [
            [
              222.365,
              1206.462
            ],
            [
              281.635,
              1206.462
            ],
            [
              281.635,
              1235
            ],
            [
              222.365,
              1235
            ],
            [
              222.365,
              1206.462
            ]
          ]
        ]
      }
    },
    {
      "type": "Feature",
      "properties": {
        "id": "B-006",
        "name": "学院教学附属楼 6",
        "zone": "教学区",
        "frontageRoad": "R-CW",
        "description": "教学区沿街独立建筑。",
        "footprint": 1208.3,
        "scaleClass": "普通建筑",
        "layer": "buildings"
      },
      "geometry": {
        "type": "Polygon",
        "coordinates": [
          [
            [
              303.341,
              1265
            ],
            [
              340.659,
              1265
            ],
            [
              340.659,
              1297.379
            ],
            [
              303.341,
              1297.379
            ],
            [
              303.341,
              1265
            ]
          ]
        ]
      }
    },
    {
      "type": "Feature",
      "properties": {
        "id": "B-007",
        "name": "学院教学附属楼 7",
        "zone": "教学区",
        "frontageRoad": "R-CW",
        "description": "教学区沿街独立建筑。",
        "footprint": 1510.7,
        "scaleClass": "普通建筑",
        "layer": "buildings"
      },
      "geometry": {
        "type": "Polygon",
        "coordinates": [
          [
            [
              301.146,
              1198.779
            ],
            [
              342.854,
              1198.779
            ],
            [
              342.854,
              1235
            ],
            [
              301.146,
              1235
            ],
            [
              301.146,
              1198.779
            ]
          ]
        ]
      }
    },
    {
      "type": "Feature",
      "properties": {
        "id": "B-008",
        "name": "学院教学附属楼 8",
        "zone": "教学区",
        "frontageRoad": "R-CW",
        "description": "教学区沿街独立建筑。",
        "footprint": 1846.8,
        "scaleClass": "普通建筑",
        "layer": "buildings"
      },
      "geometry": {
        "type": "Polygon",
        "coordinates": [
          [
            [
              368.95,
              1265
            ],
            [
              415.05,
              1265
            ],
            [
              415.05,
              1305.062
            ],
            [
              368.95,
              1305.062
            ],
            [
              368.95,
              1265
            ]
          ]
        ]
      }
    },
    {
      "type": "Feature",
      "properties": {
        "id": "B-009",
        "name": "学院教学附属楼 9",
        "zone": "教学区",
        "frontageRoad": "R-CW",
        "description": "教学区沿街独立建筑。",
        "footprint": 2999.6,
        "scaleClass": "普通建筑",
        "layer": "buildings"
      },
      "geometry": {
        "type": "Polygon",
        "coordinates": [
          [
            [
              432.634,
              1265
            ],
            [
              491.366,
              1265
            ],
            [
              491.366,
              1316.072
            ],
            [
              432.634,
              1316.072
            ],
            [
              432.634,
              1265
            ]
          ]
        ]
      }
    },
    {
      "type": "Feature",
      "properties": {
        "id": "B-010",
        "name": "学院教学附属楼 10",
        "zone": "教学区",
        "frontageRoad": "R-CW",
        "description": "教学区沿街独立建筑。",
        "footprint": 2119.3,
        "scaleClass": "普通建筑",
        "layer": "buildings"
      },
      "geometry": {
        "type": "Polygon",
        "coordinates": [
          [
            [
              430.08,
              1201.803
            ],
            [
              493.92,
              1201.803
            ],
            [
              493.92,
              1235
            ],
            [
              430.08,
              1235
            ],
            [
              430.08,
              1201.803
            ]
          ]
        ]
      }
    },
    {
      "type": "Feature",
      "properties": {
        "id": "B-011",
        "name": "学院教学附属楼 11",
        "zone": "教学区",
        "frontageRoad": "R-CW",
        "description": "教学区沿街独立建筑。",
        "footprint": 2596.9,
        "scaleClass": "普通建筑",
        "layer": "buildings"
      },
      "geometry": {
        "type": "Polygon",
        "coordinates": [
          [
            [
              637.526,
              1265
            ],
            [
              706.474,
              1265
            ],
            [
              706.474,
              1302.666
            ],
            [
              637.526,
              1302.666
            ],
            [
              637.526,
              1265
            ]
          ]
        ]
      }
    },
    {
      "type": "Feature",
      "properties": {
        "id": "B-012",
        "name": "学院教学附属楼 12",
        "zone": "教学区",
        "frontageRoad": "R-CW",
        "description": "教学区沿街独立建筑。",
        "footprint": 1829.1,
        "scaleClass": "普通建筑",
        "layer": "buildings"
      },
      "geometry": {
        "type": "Polygon",
        "coordinates": [
          [
            [
              650.294,
              1192.866
            ],
            [
              693.706,
              1192.866
            ],
            [
              693.706,
              1235
            ],
            [
              650.294,
              1235
            ],
            [
              650.294,
              1192.866
            ]
          ]
        ]
      }
    },
    {
      "type": "Feature",
      "properties": {
        "id": "B-013",
        "name": "学院教学附属楼 13",
        "zone": "教学区",
        "frontageRoad": "R-CW",
        "description": "教学区沿街独立建筑。",
        "footprint": 2261.1,
        "scaleClass": "普通建筑",
        "layer": "buildings"
      },
      "geometry": {
        "type": "Polygon",
        "coordinates": [
          [
            [
              787.741,
              1265
            ],
            [
              836.259,
              1265
            ],
            [
              836.259,
              1311.603
            ],
            [
              787.741,
              1311.603
            ],
            [
              787.741,
              1265
            ]
          ]
        ]
      }
    },
    {
      "type": "Feature",
      "properties": {
        "id": "B-014",
        "name": "学院教学附属楼 14",
        "zone": "教学区",
        "frontageRoad": "R-CW",
        "description": "教学区沿街独立建筑。",
        "footprint": 2738.8,
        "scaleClass": "普通建筑",
        "layer": "buildings"
      },
      "geometry": {
        "type": "Polygon",
        "coordinates": [
          [
            [
              855.187,
              1265
            ],
            [
              908.813,
              1265
            ],
            [
              908.813,
              1316.072
            ],
            [
              855.187,
              1316.072
            ],
            [
              855.187,
              1265
            ]
          ]
        ]
      }
    },
    {
      "type": "Feature",
      "properties": {
        "id": "B-015",
        "name": "学院教学附属楼 15",
        "zone": "教学区",
        "frontageRoad": "R-CW",
        "description": "教学区沿街独立建筑。",
        "footprint": 1949.7,
        "scaleClass": "普通建筑",
        "layer": "buildings"
      },
      "geometry": {
        "type": "Polygon",
        "coordinates": [
          [
            [
              1132.634,
              1265
            ],
            [
              1191.366,
              1265
            ],
            [
              1191.366,
              1298.197
            ],
            [
              1132.634,
              1298.197
            ],
            [
              1132.634,
              1265
            ]
          ]
        ]
      }
    },
    {
      "type": "Feature",
      "properties": {
        "id": "B-016",
        "name": "学院教学附属楼 16",
        "zone": "教学区",
        "frontageRoad": "R-CW",
        "description": "教学区沿街独立建筑。",
        "footprint": 2404.6,
        "scaleClass": "普通建筑",
        "layer": "buildings"
      },
      "geometry": {
        "type": "Polygon",
        "coordinates": [
          [
            [
              1130.08,
              1197.334
            ],
            [
              1193.92,
              1197.334
            ],
            [
              1193.92,
              1235
            ],
            [
              1130.08,
              1235
            ],
            [
              1130.08,
              1197.334
            ]
          ]
        ]
      }
    },
    {
      "type": "Feature",
      "properties": {
        "id": "B-017",
        "name": "城市商住楼 1",
        "zone": "市集区",
        "frontageRoad": "R-CE",
        "description": "市集区沿街独立建筑。",
        "footprint": 2905,
        "scaleClass": "普通建筑",
        "layer": "buildings"
      },
      "geometry": {
        "type": "Polygon",
        "coordinates": [
          [
            [
              1989.526,
              1265
            ],
            [
              2058.474,
              1265
            ],
            [
              2058.474,
              1307.134
            ],
            [
              1989.526,
              1307.134
            ],
            [
              1989.526,
              1265
            ]
          ]
        ]
      }
    },
    {
      "type": "Feature",
      "properties": {
        "id": "B-018",
        "name": "城市商住楼 2",
        "zone": "市集区",
        "frontageRoad": "R-CE",
        "description": "市集区沿街独立建筑。",
        "footprint": 2023.1,
        "scaleClass": "普通建筑",
        "layer": "buildings"
      },
      "geometry": {
        "type": "Polygon",
        "coordinates": [
          [
            [
              2212.294,
              1265
            ],
            [
              2255.706,
              1265
            ],
            [
              2255.706,
              1311.603
            ],
            [
              2212.294,
              1311.603
            ],
            [
              2212.294,
              1265
            ]
          ]
        ]
      }
    },
    {
      "type": "Feature",
      "properties": {
        "id": "B-019",
        "name": "城市商住楼 3",
        "zone": "市集区",
        "frontageRoad": "R-CE",
        "description": "市集区沿街独立建筑。",
        "footprint": 2477.9,
        "scaleClass": "普通建筑",
        "layer": "buildings"
      },
      "geometry": {
        "type": "Polygon",
        "coordinates": [
          [
            [
              2209.741,
              1183.928
            ],
            [
              2258.259,
              1183.928
            ],
            [
              2258.259,
              1235
            ],
            [
              2209.741,
              1235
            ],
            [
              2209.741,
              1183.928
            ]
          ]
        ]
      }
    },
    {
      "type": "Feature",
      "properties": {
        "id": "B-020",
        "name": "城市商住楼 4",
        "zone": "市集区",
        "frontageRoad": "R-CE",
        "description": "市集区沿街独立建筑。",
        "footprint": 1780.2,
        "scaleClass": "普通建筑",
        "layer": "buildings"
      },
      "geometry": {
        "type": "Polygon",
        "coordinates": [
          [
            [
              2277.187,
              1265
            ],
            [
              2330.813,
              1265
            ],
            [
              2330.813,
              1298.197
            ],
            [
              2277.187,
              1298.197
            ],
            [
              2277.187,
              1265
            ]
          ]
        ]
      }
    },
    {
      "type": "Feature",
      "properties": {
        "id": "B-021",
        "name": "城市商住楼 5",
        "zone": "市集区",
        "frontageRoad": "R-CE",
        "description": "市集区沿街独立建筑。",
        "footprint": 2212.2,
        "scaleClass": "普通建筑",
        "layer": "buildings"
      },
      "geometry": {
        "type": "Polygon",
        "coordinates": [
          [
            [
              2274.634,
              1197.334
            ],
            [
              2333.366,
              1197.334
            ],
            [
              2333.366,
              1235
            ],
            [
              2274.634,
              1235
            ],
            [
              2274.634,
              1197.334
            ]
          ]
        ]
      }
    },
    {
      "type": "Feature",
      "properties": {
        "id": "B-022",
        "name": "城市商住楼 6",
        "zone": "市集区",
        "frontageRoad": "R-CE",
        "description": "市集区沿街独立建筑。",
        "footprint": 2689.9,
        "scaleClass": "普通建筑",
        "layer": "buildings"
      },
      "geometry": {
        "type": "Polygon",
        "coordinates": [
          [
            [
              2412.08,
              1265
            ],
            [
              2475.92,
              1265
            ],
            [
              2475.92,
              1307.134
            ],
            [
              2412.08,
              1307.134
            ],
            [
              2412.08,
              1265
            ]
          ]
        ]
      }
    },
    {
      "type": "Feature",
      "properties": {
        "id": "B-023",
        "name": "城市商住楼 7",
        "zone": "市集区",
        "frontageRoad": "R-CE",
        "description": "市集区沿街独立建筑。",
        "footprint": 3213.2,
        "scaleClass": "普通建筑",
        "layer": "buildings"
      },
      "geometry": {
        "type": "Polygon",
        "coordinates": [
          [
            [
              2619.526,
              1265
            ],
            [
              2688.474,
              1265
            ],
            [
              2688.474,
              1311.603
            ],
            [
              2619.526,
              1311.603
            ],
            [
              2619.526,
              1265
            ]
          ]
        ]
      }
    },
    {
      "type": "Feature",
      "properties": {
        "id": "B-024",
        "name": "城市商住楼 8",
        "zone": "市集区",
        "frontageRoad": "R-CE",
        "description": "市集区沿街独立建筑。",
        "footprint": 2217.1,
        "scaleClass": "普通建筑",
        "layer": "buildings"
      },
      "geometry": {
        "type": "Polygon",
        "coordinates": [
          [
            [
              2702.294,
              1265
            ],
            [
              2745.706,
              1265
            ],
            [
              2745.706,
              1316.072
            ],
            [
              2702.294,
              1316.072
            ],
            [
              2702.294,
              1265
            ]
          ]
        ]
      }
    },
    {
      "type": "Feature",
      "properties": {
        "id": "B-025",
        "name": "城市商住楼 9",
        "zone": "市集区",
        "frontageRoad": "R-CE",
        "description": "市集区沿街独立建筑。",
        "footprint": 1610.7,
        "scaleClass": "普通建筑",
        "layer": "buildings"
      },
      "geometry": {
        "type": "Polygon",
        "coordinates": [
          [
            [
              2769.741,
              1265
            ],
            [
              2818.259,
              1265
            ],
            [
              2818.259,
              1298.197
            ],
            [
              2769.741,
              1298.197
            ],
            [
              2769.741,
              1265
            ]
          ]
        ]
      }
    },
    {
      "type": "Feature",
      "properties": {
        "id": "B-026",
        "name": "城市商住楼 10",
        "zone": "市集区",
        "frontageRoad": "R-CE",
        "description": "市集区沿街独立建筑。",
        "footprint": 1492.7,
        "scaleClass": "普通建筑",
        "layer": "buildings"
      },
      "geometry": {
        "type": "Polygon",
        "coordinates": [
          [
            [
              2910.95,
              1202.621
            ],
            [
              2957.05,
              1202.621
            ],
            [
              2957.05,
              1235
            ],
            [
              2910.95,
              1235
            ],
            [
              2910.95,
              1202.621
            ]
          ]
        ]
      }
    },
    {
      "type": "Feature",
      "properties": {
        "id": "B-027",
        "name": "城市商住楼 11",
        "zone": "市集区",
        "frontageRoad": "R-CE",
        "description": "市集区沿街独立建筑。",
        "footprint": 1828.8,
        "scaleClass": "普通建筑",
        "layer": "buildings"
      },
      "geometry": {
        "type": "Polygon",
        "coordinates": [
          [
            [
              2978.755,
              1265
            ],
            [
              3029.245,
              1265
            ],
            [
              3029.245,
              1301.221
            ],
            [
              2978.755,
              1301.221
            ],
            [
              2978.755,
              1265
            ]
          ]
        ]
      }
    },
    {
      "type": "Feature",
      "properties": {
        "id": "B-028",
        "name": "城市商住楼 12",
        "zone": "市集区",
        "frontageRoad": "R-CE",
        "description": "市集区沿街独立建筑。",
        "footprint": 2198.6,
        "scaleClass": "普通建筑",
        "layer": "buildings"
      },
      "geometry": {
        "type": "Polygon",
        "coordinates": [
          [
            [
              2976.56,
              1194.938
            ],
            [
              3031.44,
              1194.938
            ],
            [
              3031.44,
              1235
            ],
            [
              2976.56,
              1235
            ],
            [
              2976.56,
              1194.938
            ]
          ]
        ]
      }
    },
    {
      "type": "Feature",
      "properties": {
        "id": "B-029",
        "name": "外围服务楼 1",
        "zone": "郊野／外环",
        "frontageRoad": "R-W3",
        "description": "郊野／外环沿街独立建筑。",
        "footprint": 2602.2,
        "scaleClass": "普通建筑",
        "layer": "buildings"
      },
      "geometry": {
        "type": "Polygon",
        "coordinates": [
          [
            [
              1110.5,
              82.365
            ],
            [
              1110.5,
              141.635
            ],
            [
              1066.596,
              141.635
            ],
            [
              1066.596,
              82.365
            ],
            [
              1110.5,
              82.365
            ]
          ]
        ]
      }
    },
    {
      "type": "Feature",
      "properties": {
        "id": "B-030",
        "name": "外围服务楼 2",
        "zone": "郊野／外环",
        "frontageRoad": "R-W3",
        "description": "郊野／外环沿街独立建筑。",
        "footprint": 1065,
        "scaleClass": "普通建筑",
        "layer": "buildings"
      },
      "geometry": {
        "type": "Polygon",
        "coordinates": [
          [
            [
              1158.038,
              93.341
            ],
            [
              1158.038,
              130.659
            ],
            [
              1129.5,
              130.659
            ],
            [
              1129.5,
              93.341
            ],
            [
              1158.038,
              93.341
            ]
          ]
        ]
      }
    },
    {
      "type": "Feature",
      "properties": {
        "id": "B-031",
        "name": "学院教学附属楼 17",
        "zone": "教学区",
        "frontageRoad": "R-W3",
        "description": "教学区沿街独立建筑。",
        "footprint": 1350.5,
        "scaleClass": "普通建筑",
        "layer": "buildings"
      },
      "geometry": {
        "type": "Polygon",
        "coordinates": [
          [
            [
              1110.5,
              301.146
            ],
            [
              1110.5,
              342.854
            ],
            [
              1078.121,
              342.854
            ],
            [
              1078.121,
              301.146
            ],
            [
              1110.5,
              301.146
            ]
          ]
        ]
      }
    },
    {
      "type": "Feature",
      "properties": {
        "id": "B-032",
        "name": "学院教学附属楼 18",
        "zone": "教学区",
        "frontageRoad": "R-W3",
        "description": "教学区沿街独立建筑。",
        "footprint": 1669.7,
        "scaleClass": "普通建筑",
        "layer": "buildings"
      },
      "geometry": {
        "type": "Polygon",
        "coordinates": [
          [
            [
              1165.721,
              298.95
            ],
            [
              1165.721,
              345.05
            ],
            [
              1129.5,
              345.05
            ],
            [
              1129.5,
              298.95
            ],
            [
              1165.721,
              298.95
            ]
          ]
        ]
      }
    },
    {
      "type": "Feature",
      "properties": {
        "id": "B-033",
        "name": "学院教学附属楼 19",
        "zone": "教学区",
        "frontageRoad": "R-W3",
        "description": "教学区沿街独立建筑。",
        "footprint": 2022.7,
        "scaleClass": "普通建筑",
        "layer": "buildings"
      },
      "geometry": {
        "type": "Polygon",
        "coordinates": [
          [
            [
              1110.5,
              366.755
            ],
            [
              1110.5,
              417.245
            ],
            [
              1070.438,
              417.245
            ],
            [
              1070.438,
              366.755
            ],
            [
              1110.5,
              366.755
            ]
          ]
        ]
      }
    },
    {
      "type": "Feature",
      "properties": {
        "id": "B-034",
        "name": "学院教学附属楼 20",
        "zone": "教学区",
        "frontageRoad": "R-W3",
        "description": "教学区沿街独立建筑。",
        "footprint": 2409.5,
        "scaleClass": "普通建筑",
        "layer": "buildings"
      },
      "geometry": {
        "type": "Polygon",
        "coordinates": [
          [
            [
              1110.5,
              434.56
            ],
            [
              1110.5,
              489.44
            ],
            [
              1066.596,
              489.44
            ],
            [
              1066.596,
              434.56
            ],
            [
              1110.5,
              434.56
            ]
          ]
        ]
      }
    },
    {
      "type": "Feature",
      "properties": {
        "id": "B-035",
        "name": "学院教学附属楼 21",
        "zone": "教学区",
        "frontageRoad": "R-W3",
        "description": "教学区沿街独立建筑。",
        "footprint": 1691.4,
        "scaleClass": "普通建筑",
        "layer": "buildings"
      },
      "geometry": {
        "type": "Polygon",
        "coordinates": [
          [
            [
              1158.038,
              432.365
            ],
            [
              1158.038,
              491.635
            ],
            [
              1129.5,
              491.635
            ],
            [
              1129.5,
              432.365
            ],
            [
              1158.038,
              432.365
            ]
          ]
        ]
      }
    },
    {
      "type": "Feature",
      "properties": {
        "id": "B-036",
        "name": "学院教学附属楼 22",
        "zone": "教学区",
        "frontageRoad": "R-W3",
        "description": "教学区沿街独立建筑。",
        "footprint": 1208.3,
        "scaleClass": "普通建筑",
        "layer": "buildings"
      },
      "geometry": {
        "type": "Polygon",
        "coordinates": [
          [
            [
              1110.5,
              513.341
            ],
            [
              1110.5,
              550.659
            ],
            [
              1078.121,
              550.659
            ],
            [
              1078.121,
              513.341
            ],
            [
              1110.5,
              513.341
            ]
          ]
        ]
      }
    },
    {
      "type": "Feature",
      "properties": {
        "id": "B-037",
        "name": "学院教学附属楼 23",
        "zone": "教学区",
        "frontageRoad": "R-W3",
        "description": "教学区沿街独立建筑。",
        "footprint": 1510.7,
        "scaleClass": "普通建筑",
        "layer": "buildings"
      },
      "geometry": {
        "type": "Polygon",
        "coordinates": [
          [
            [
              1165.721,
              511.146
            ],
            [
              1165.721,
              552.854
            ],
            [
              1129.5,
              552.854
            ],
            [
              1129.5,
              511.146
            ],
            [
              1165.721,
              511.146
            ]
          ]
        ]
      }
    },
    {
      "type": "Feature",
      "properties": {
        "id": "B-038",
        "name": "学院教学附属楼 24",
        "zone": "教学区",
        "frontageRoad": "R-W3",
        "description": "教学区沿街独立建筑。",
        "footprint": 2499.1,
        "scaleClass": "普通建筑",
        "layer": "buildings"
      },
      "geometry": {
        "type": "Polygon",
        "coordinates": [
          [
            [
              1110.5,
              855.187
            ],
            [
              1110.5,
              908.813
            ],
            [
              1063.897,
              908.813
            ],
            [
              1063.897,
              855.187
            ],
            [
              1110.5,
              855.187
            ]
          ]
        ]
      }
    },
    {
      "type": "Feature",
      "properties": {
        "id": "B-039",
        "name": "学院教学附属楼 25",
        "zone": "教学区",
        "frontageRoad": "R-W3",
        "description": "教学区沿街独立建筑。",
        "footprint": 2999.6,
        "scaleClass": "普通建筑",
        "layer": "buildings"
      },
      "geometry": {
        "type": "Polygon",
        "coordinates": [
          [
            [
              1180.572,
              1132.634
            ],
            [
              1180.572,
              1191.366
            ],
            [
              1129.5,
              1191.366
            ],
            [
              1129.5,
              1132.634
            ],
            [
              1180.572,
              1132.634
            ]
          ]
        ]
      }
    },
    {
      "type": "Feature",
      "properties": {
        "id": "B-040",
        "name": "城邦生活街屋 1",
        "zone": "生活区",
        "frontageRoad": "R-W3",
        "description": "生活区沿街独立建筑。",
        "footprint": 2119.3,
        "scaleClass": "普通建筑",
        "layer": "buildings"
      },
      "geometry": {
        "type": "Polygon",
        "coordinates": [
          [
            [
              1110.5,
              1480.08
            ],
            [
              1110.5,
              1543.92
            ],
            [
              1077.303,
              1543.92
            ],
            [
              1077.303,
              1480.08
            ],
            [
              1110.5,
              1480.08
            ]
          ]
        ]
      }
    },
    {
      "type": "Feature",
      "properties": {
        "id": "B-041",
        "name": "城邦生活街屋 2",
        "zone": "生活区",
        "frontageRoad": "R-W3",
        "description": "生活区沿街独立建筑。",
        "footprint": 2596.9,
        "scaleClass": "普通建筑",
        "layer": "buildings"
      },
      "geometry": {
        "type": "Polygon",
        "coordinates": [
          [
            [
              1110.5,
              1547.526
            ],
            [
              1110.5,
              1616.474
            ],
            [
              1072.834,
              1616.474
            ],
            [
              1072.834,
              1547.526
            ],
            [
              1110.5,
              1547.526
            ]
          ]
        ]
      }
    },
    {
      "type": "Feature",
      "properties": {
        "id": "B-042",
        "name": "城邦生活街屋 3",
        "zone": "生活区",
        "frontageRoad": "R-W3",
        "description": "生活区沿街独立建筑。",
        "footprint": 1829.1,
        "scaleClass": "普通建筑",
        "layer": "buildings"
      },
      "geometry": {
        "type": "Polygon",
        "coordinates": [
          [
            [
              1110.5,
              1630.294
            ],
            [
              1110.5,
              1673.706
            ],
            [
              1068.366,
              1673.706
            ],
            [
              1068.366,
              1630.294
            ],
            [
              1110.5,
              1630.294
            ]
          ]
        ]
      }
    },
    {
      "type": "Feature",
      "properties": {
        "id": "B-043",
        "name": "城邦生活街屋 4",
        "zone": "生活区",
        "frontageRoad": "R-W3",
        "description": "生活区沿街独立建筑。",
        "footprint": 2261.1,
        "scaleClass": "普通建筑",
        "layer": "buildings"
      },
      "geometry": {
        "type": "Polygon",
        "coordinates": [
          [
            [
              1176.103,
              1627.741
            ],
            [
              1176.103,
              1676.259
            ],
            [
              1129.5,
              1676.259
            ],
            [
              1129.5,
              1627.741
            ],
            [
              1176.103,
              1627.741
            ]
          ]
        ]
      }
    },
    {
      "type": "Feature",
      "properties": {
        "id": "B-044",
        "name": "城邦生活街屋 5",
        "zone": "生活区",
        "frontageRoad": "R-W3",
        "description": "生活区沿街独立建筑。",
        "footprint": 2738.8,
        "scaleClass": "普通建筑",
        "layer": "buildings"
      },
      "geometry": {
        "type": "Polygon",
        "coordinates": [
          [
            [
              1110.5,
              1695.187
            ],
            [
              1110.5,
              1748.813
            ],
            [
              1059.428,
              1748.813
            ],
            [
              1059.428,
              1695.187
            ],
            [
              1110.5,
              1695.187
            ]
          ]
        ]
      }
    },
    {
      "type": "Feature",
      "properties": {
        "id": "B-045",
        "name": "城邦生活街屋 6",
        "zone": "生活区",
        "frontageRoad": "R-W3",
        "description": "生活区沿街独立建筑。",
        "footprint": 1949.7,
        "scaleClass": "普通建筑",
        "layer": "buildings"
      },
      "geometry": {
        "type": "Polygon",
        "coordinates": [
          [
            [
              1162.697,
              1692.634
            ],
            [
              1162.697,
              1751.366
            ],
            [
              1129.5,
              1751.366
            ],
            [
              1129.5,
              1692.634
            ],
            [
              1162.697,
              1692.634
            ]
          ]
        ]
      }
    },
    {
      "type": "Feature",
      "properties": {
        "id": "B-046",
        "name": "城邦生活街屋 7",
        "zone": "生活区",
        "frontageRoad": "R-W3",
        "description": "生活区沿街独立建筑。",
        "footprint": 1777,
        "scaleClass": "普通建筑",
        "layer": "buildings"
      },
      "geometry": {
        "type": "Polygon",
        "coordinates": [
          [
            [
              1110.5,
              1974.56
            ],
            [
              1110.5,
              2029.44
            ],
            [
              1078.121,
              2029.44
            ],
            [
              1078.121,
              1974.56
            ],
            [
              1110.5,
              1974.56
            ]
          ]
        ]
      }
    },
    {
      "type": "Feature",
      "properties": {
        "id": "B-047",
        "name": "城邦生活街屋 8",
        "zone": "生活区",
        "frontageRoad": "R-W3",
        "description": "生活区沿街独立建筑。",
        "footprint": 2146.8,
        "scaleClass": "普通建筑",
        "layer": "buildings"
      },
      "geometry": {
        "type": "Polygon",
        "coordinates": [
          [
            [
              1165.721,
              1972.365
            ],
            [
              1165.721,
              2031.635
            ],
            [
              1129.5,
              2031.635
            ],
            [
              1129.5,
              1972.365
            ],
            [
              1165.721,
              1972.365
            ]
          ]
        ]
      }
    },
    {
      "type": "Feature",
      "properties": {
        "id": "B-048",
        "name": "城邦生活街屋 9",
        "zone": "生活区",
        "frontageRoad": "R-W3",
        "description": "生活区沿街独立建筑。",
        "footprint": 1495.1,
        "scaleClass": "普通建筑",
        "layer": "buildings"
      },
      "geometry": {
        "type": "Polygon",
        "coordinates": [
          [
            [
              1110.5,
              2123.341
            ],
            [
              1110.5,
              2160.659
            ],
            [
              1070.438,
              2160.659
            ],
            [
              1070.438,
              2123.341
            ],
            [
              1110.5,
              2123.341
            ]
          ]
        ]
      }
    },
    {
      "type": "Feature",
      "properties": {
        "id": "B-049",
        "name": "城邦生活街屋 10",
        "zone": "生活区",
        "frontageRoad": "R-W3",
        "description": "生活区沿街独立建筑。",
        "footprint": 1831.2,
        "scaleClass": "普通建筑",
        "layer": "buildings"
      },
      "geometry": {
        "type": "Polygon",
        "coordinates": [
          [
            [
              1173.404,
              2121.146
            ],
            [
              1173.404,
              2162.854
            ],
            [
              1129.5,
              2162.854
            ],
            [
              1129.5,
              2121.146
            ],
            [
              1173.404,
              2121.146
            ]
          ]
        ]
      }
    },
    {
      "type": "Feature",
      "properties": {
        "id": "B-050",
        "name": "城邦生活街屋 11",
        "zone": "生活区",
        "frontageRoad": "R-W3",
        "description": "生活区沿街独立建筑。",
        "footprint": 1315.6,
        "scaleClass": "普通建筑",
        "layer": "buildings"
      },
      "geometry": {
        "type": "Polygon",
        "coordinates": [
          [
            [
              1110.5,
              2258.95
            ],
            [
              1110.5,
              2305.05
            ],
            [
              1081.962,
              2305.05
            ],
            [
              1081.962,
              2258.95
            ],
            [
              1110.5,
              2258.95
            ]
          ]
        ]
      }
    },
    {
      "type": "Feature",
      "properties": {
        "id": "B-051",
        "name": "城邦生活街屋 12",
        "zone": "生活区",
        "frontageRoad": "R-W3",
        "description": "生活区沿街独立建筑。",
        "footprint": 1634.8,
        "scaleClass": "普通建筑",
        "layer": "buildings"
      },
      "geometry": {
        "type": "Polygon",
        "coordinates": [
          [
            [
              1161.879,
              2256.755
            ],
            [
              1161.879,
              2307.245
            ],
            [
              1129.5,
              2307.245
            ],
            [
              1129.5,
              2256.755
            ],
            [
              1161.879,
              2256.755
            ]
          ]
        ]
      }
    },
    {
      "type": "Feature",
      "properties": {
        "id": "B-052",
        "name": "外围服务楼 3",
        "zone": "郊野／外环",
        "frontageRoad": "R-E2",
        "description": "郊野／外环沿街独立建筑。",
        "footprint": 1987.8,
        "scaleClass": "普通建筑",
        "layer": "buildings"
      },
      "geometry": {
        "type": "Polygon",
        "coordinates": [
          [
            [
              2340.5,
              84.56
            ],
            [
              2340.5,
              139.44
            ],
            [
              2304.279,
              139.44
            ],
            [
              2304.279,
              84.56
            ],
            [
              2340.5,
              84.56
            ]
          ]
        ]
      }
    },
    {
      "type": "Feature",
      "properties": {
        "id": "B-053",
        "name": "外围服务楼 4",
        "zone": "郊野／外环",
        "frontageRoad": "R-E2",
        "description": "郊野／外环沿街独立建筑。",
        "footprint": 2374.5,
        "scaleClass": "普通建筑",
        "layer": "buildings"
      },
      "geometry": {
        "type": "Polygon",
        "coordinates": [
          [
            [
              2399.562,
              82.365
            ],
            [
              2399.562,
              141.635
            ],
            [
              2359.5,
              141.635
            ],
            [
              2359.5,
              82.365
            ],
            [
              2399.562,
              82.365
            ]
          ]
        ]
      }
    },
    {
      "type": "Feature",
      "properties": {
        "id": "B-054",
        "name": "城市商住楼 13",
        "zone": "市集区",
        "frontageRoad": "R-E2",
        "description": "市集区沿街独立建筑。",
        "footprint": 1638.4,
        "scaleClass": "普通建筑",
        "layer": "buildings"
      },
      "geometry": {
        "type": "Polygon",
        "coordinates": [
          [
            [
              2340.5,
              303.341
            ],
            [
              2340.5,
              340.659
            ],
            [
              2296.596,
              340.659
            ],
            [
              2296.596,
              303.341
            ],
            [
              2340.5,
              303.341
            ]
          ]
        ]
      }
    },
    {
      "type": "Feature",
      "properties": {
        "id": "B-055",
        "name": "城市商住楼 14",
        "zone": "市集区",
        "frontageRoad": "R-E2",
        "description": "市集区沿街独立建筑。",
        "footprint": 1190.3,
        "scaleClass": "普通建筑",
        "layer": "buildings"
      },
      "geometry": {
        "type": "Polygon",
        "coordinates": [
          [
            [
              2388.038,
              301.146
            ],
            [
              2388.038,
              342.854
            ],
            [
              2359.5,
              342.854
            ],
            [
              2359.5,
              301.146
            ],
            [
              2388.038,
              301.146
            ]
          ]
        ]
      }
    },
    {
      "type": "Feature",
      "properties": {
        "id": "B-056",
        "name": "城市商住楼 15",
        "zone": "市集区",
        "frontageRoad": "R-E2",
        "description": "市集区沿街独立建筑。",
        "footprint": 1492.7,
        "scaleClass": "普通建筑",
        "layer": "buildings"
      },
      "geometry": {
        "type": "Polygon",
        "coordinates": [
          [
            [
              2340.5,
              438.95
            ],
            [
              2340.5,
              485.05
            ],
            [
              2308.121,
              485.05
            ],
            [
              2308.121,
              438.95
            ],
            [
              2340.5,
              438.95
            ]
          ]
        ]
      }
    },
    {
      "type": "Feature",
      "properties": {
        "id": "B-057",
        "name": "城市商住楼 16",
        "zone": "市集区",
        "frontageRoad": "R-E2",
        "description": "市集区沿街独立建筑。",
        "footprint": 1828.8,
        "scaleClass": "普通建筑",
        "layer": "buildings"
      },
      "geometry": {
        "type": "Polygon",
        "coordinates": [
          [
            [
              2395.721,
              436.755
            ],
            [
              2395.721,
              487.245
            ],
            [
              2359.5,
              487.245
            ],
            [
              2359.5,
              436.755
            ],
            [
              2395.721,
              436.755
            ]
          ]
        ]
      }
    },
    {
      "type": "Feature",
      "properties": {
        "id": "B-058",
        "name": "城市商住楼 17",
        "zone": "市集区",
        "frontageRoad": "R-E2",
        "description": "市集区沿街独立建筑。",
        "footprint": 2198.6,
        "scaleClass": "普通建筑",
        "layer": "buildings"
      },
      "geometry": {
        "type": "Polygon",
        "coordinates": [
          [
            [
              2340.5,
              504.56
            ],
            [
              2340.5,
              559.44
            ],
            [
              2300.438,
              559.44
            ],
            [
              2300.438,
              504.56
            ],
            [
              2340.5,
              504.56
            ]
          ]
        ]
      }
    },
    {
      "type": "Feature",
      "properties": {
        "id": "B-059",
        "name": "城市商住楼 18",
        "zone": "市集区",
        "frontageRoad": "R-E2",
        "description": "市集区沿街独立建筑。",
        "footprint": 2602.2,
        "scaleClass": "普通建筑",
        "layer": "buildings"
      },
      "geometry": {
        "type": "Polygon",
        "coordinates": [
          [
            [
              2403.404,
              502.365
            ],
            [
              2403.404,
              561.635
            ],
            [
              2359.5,
              561.635
            ],
            [
              2359.5,
              502.365
            ],
            [
              2403.404,
              502.365
            ]
          ]
        ]
      }
    },
    {
      "type": "Feature",
      "properties": {
        "id": "B-060",
        "name": "城市商住楼 19",
        "zone": "市集区",
        "frontageRoad": "R-E2",
        "description": "市集区沿街独立建筑。",
        "footprint": 1441.1,
        "scaleClass": "普通建筑",
        "layer": "buildings"
      },
      "geometry": {
        "type": "Polygon",
        "coordinates": [
          [
            [
              2340.5,
              650.294
            ],
            [
              2340.5,
              693.706
            ],
            [
              2307.303,
              693.706
            ],
            [
              2307.303,
              650.294
            ],
            [
              2340.5,
              650.294
            ]
          ]
        ]
      }
    },
    {
      "type": "Feature",
      "properties": {
        "id": "B-061",
        "name": "城市商住楼 20",
        "zone": "市集区",
        "frontageRoad": "R-E2",
        "description": "市集区沿街独立建筑。",
        "footprint": 1827.5,
        "scaleClass": "普通建筑",
        "layer": "buildings"
      },
      "geometry": {
        "type": "Polygon",
        "coordinates": [
          [
            [
              2397.166,
              647.741
            ],
            [
              2397.166,
              696.259
            ],
            [
              2359.5,
              696.259
            ],
            [
              2359.5,
              647.741
            ],
            [
              2397.166,
              647.741
            ]
          ]
        ]
      }
    },
    {
      "type": "Feature",
      "properties": {
        "id": "B-062",
        "name": "城市商住楼 21",
        "zone": "市集区",
        "frontageRoad": "R-E2",
        "description": "市集区沿街独立建筑。",
        "footprint": 2259.5,
        "scaleClass": "普通建筑",
        "layer": "buildings"
      },
      "geometry": {
        "type": "Polygon",
        "coordinates": [
          [
            [
              2340.5,
              715.187
            ],
            [
              2340.5,
              768.813
            ],
            [
              2298.366,
              768.813
            ],
            [
              2298.366,
              715.187
            ],
            [
              2340.5,
              715.187
            ]
          ]
        ]
      }
    },
    {
      "type": "Feature",
      "properties": {
        "id": "B-063",
        "name": "城市商住楼 22",
        "zone": "市集区",
        "frontageRoad": "R-E2",
        "description": "市集区沿街独立建筑。",
        "footprint": 2737.1,
        "scaleClass": "普通建筑",
        "layer": "buildings"
      },
      "geometry": {
        "type": "Polygon",
        "coordinates": [
          [
            [
              2340.5,
              852.634
            ],
            [
              2340.5,
              911.366
            ],
            [
              2293.897,
              911.366
            ],
            [
              2293.897,
              852.634
            ],
            [
              2340.5,
              852.634
            ]
          ]
        ]
      }
    },
    {
      "type": "Feature",
      "properties": {
        "id": "B-064",
        "name": "城市商住楼 23",
        "zone": "市集区",
        "frontageRoad": "R-E2",
        "description": "市集区沿街独立建筑。",
        "footprint": 3260.4,
        "scaleClass": "普通建筑",
        "layer": "buildings"
      },
      "geometry": {
        "type": "Polygon",
        "coordinates": [
          [
            [
              2410.572,
              850.08
            ],
            [
              2410.572,
              913.92
            ],
            [
              2359.5,
              913.92
            ],
            [
              2359.5,
              850.08
            ],
            [
              2410.572,
              850.08
            ]
          ]
        ]
      }
    },
    {
      "type": "Feature",
      "properties": {
        "id": "B-065",
        "name": "城市商住楼 24",
        "zone": "市集区",
        "frontageRoad": "R-E2",
        "description": "市集区沿街独立建筑。",
        "footprint": 2288.8,
        "scaleClass": "普通建筑",
        "layer": "buildings"
      },
      "geometry": {
        "type": "Polygon",
        "coordinates": [
          [
            [
              2392.697,
              917.526
            ],
            [
              2392.697,
              986.474
            ],
            [
              2359.5,
              986.474
            ],
            [
              2359.5,
              917.526
            ],
            [
              2392.697,
              917.526
            ]
          ]
        ]
      }
    },
    {
      "type": "Feature",
      "properties": {
        "id": "B-066",
        "name": "城市商住楼 25",
        "zone": "市集区",
        "frontageRoad": "R-E2",
        "description": "市集区沿街独立建筑。",
        "footprint": 1635.1,
        "scaleClass": "普通建筑",
        "layer": "buildings"
      },
      "geometry": {
        "type": "Polygon",
        "coordinates": [
          [
            [
              2397.166,
              1000.294
            ],
            [
              2397.166,
              1043.706
            ],
            [
              2359.5,
              1043.706
            ],
            [
              2359.5,
              1000.294
            ],
            [
              2397.166,
              1000.294
            ]
          ]
        ]
      }
    },
    {
      "type": "Feature",
      "properties": {
        "id": "B-067",
        "name": "城市商住楼 26",
        "zone": "市集区",
        "frontageRoad": "R-E2",
        "description": "市集区沿街独立建筑。",
        "footprint": 2044.3,
        "scaleClass": "普通建筑",
        "layer": "buildings"
      },
      "geometry": {
        "type": "Polygon",
        "coordinates": [
          [
            [
              2340.5,
              1067.741
            ],
            [
              2340.5,
              1116.259
            ],
            [
              2298.366,
              1116.259
            ],
            [
              2298.366,
              1067.741
            ],
            [
              2340.5,
              1067.741
            ]
          ]
        ]
      }
    },
    {
      "type": "Feature",
      "properties": {
        "id": "B-068",
        "name": "城市商住楼 27",
        "zone": "市集区",
        "frontageRoad": "R-E2",
        "description": "市集区沿街独立建筑。",
        "footprint": 2499.1,
        "scaleClass": "普通建筑",
        "layer": "buildings"
      },
      "geometry": {
        "type": "Polygon",
        "coordinates": [
          [
            [
              2340.5,
              1135.187
            ],
            [
              2340.5,
              1188.813
            ],
            [
              2293.897,
              1188.813
            ],
            [
              2293.897,
              1135.187
            ],
            [
              2340.5,
              1135.187
            ]
          ]
        ]
      }
    },
    {
      "type": "Feature",
      "properties": {
        "id": "B-069",
        "name": "城市商住楼 28",
        "zone": "市集区",
        "frontageRoad": "R-E2",
        "description": "市集区沿街独立建筑。",
        "footprint": 2999.6,
        "scaleClass": "普通建筑",
        "layer": "buildings"
      },
      "geometry": {
        "type": "Polygon",
        "coordinates": [
          [
            [
              2410.572,
              1272.634
            ],
            [
              2410.572,
              1331.366
            ],
            [
              2359.5,
              1331.366
            ],
            [
              2359.5,
              1272.634
            ],
            [
              2410.572,
              1272.634
            ]
          ]
        ]
      }
    },
    {
      "type": "Feature",
      "properties": {
        "id": "B-070",
        "name": "工坊生产楼 1",
        "zone": "工坊区",
        "frontageRoad": "R-E2",
        "description": "工坊区沿街独立建筑。",
        "footprint": 2119.3,
        "scaleClass": "普通建筑",
        "layer": "buildings"
      },
      "geometry": {
        "type": "Polygon",
        "coordinates": [
          [
            [
              2340.5,
              1480.08
            ],
            [
              2340.5,
              1543.92
            ],
            [
              2307.303,
              1543.92
            ],
            [
              2307.303,
              1480.08
            ],
            [
              2340.5,
              1480.08
            ]
          ]
        ]
      }
    },
    {
      "type": "Feature",
      "properties": {
        "id": "B-071",
        "name": "工坊生产楼 2",
        "zone": "工坊区",
        "frontageRoad": "R-E2",
        "description": "工坊区沿街独立建筑。",
        "footprint": 2596.9,
        "scaleClass": "普通建筑",
        "layer": "buildings"
      },
      "geometry": {
        "type": "Polygon",
        "coordinates": [
          [
            [
              2340.5,
              1547.526
            ],
            [
              2340.5,
              1616.474
            ],
            [
              2302.834,
              1616.474
            ],
            [
              2302.834,
              1547.526
            ],
            [
              2340.5,
              1547.526
            ]
          ]
        ]
      }
    },
    {
      "type": "Feature",
      "properties": {
        "id": "B-072",
        "name": "工坊生产楼 3",
        "zone": "工坊区",
        "frontageRoad": "R-E2",
        "description": "工坊区沿街独立建筑。",
        "footprint": 1829.1,
        "scaleClass": "普通建筑",
        "layer": "buildings"
      },
      "geometry": {
        "type": "Polygon",
        "coordinates": [
          [
            [
              2401.634,
              1560.294
            ],
            [
              2401.634,
              1603.706
            ],
            [
              2359.5,
              1603.706
            ],
            [
              2359.5,
              1560.294
            ],
            [
              2401.634,
              1560.294
            ]
          ]
        ]
      }
    },
    {
      "type": "Feature",
      "properties": {
        "id": "B-073",
        "name": "工坊生产楼 4",
        "zone": "工坊区",
        "frontageRoad": "R-E2",
        "description": "工坊区沿街独立建筑。",
        "footprint": 2261.1,
        "scaleClass": "普通建筑",
        "layer": "buildings"
      },
      "geometry": {
        "type": "Polygon",
        "coordinates": [
          [
            [
              2340.5,
              1627.741
            ],
            [
              2340.5,
              1676.259
            ],
            [
              2293.897,
              1676.259
            ],
            [
              2293.897,
              1627.741
            ],
            [
              2340.5,
              1627.741
            ]
          ]
        ]
      }
    },
    {
      "type": "Feature",
      "properties": {
        "id": "B-074",
        "name": "工坊生产楼 5",
        "zone": "工坊区",
        "frontageRoad": "R-E2",
        "description": "工坊区沿街独立建筑。",
        "footprint": 2738.8,
        "scaleClass": "普通建筑",
        "layer": "buildings"
      },
      "geometry": {
        "type": "Polygon",
        "coordinates": [
          [
            [
              2410.572,
              1625.187
            ],
            [
              2410.572,
              1678.813
            ],
            [
              2359.5,
              1678.813
            ],
            [
              2359.5,
              1625.187
            ],
            [
              2410.572,
              1625.187
            ]
          ]
        ]
      }
    },
    {
      "type": "Feature",
      "properties": {
        "id": "B-075",
        "name": "工坊生产楼 6",
        "zone": "工坊区",
        "frontageRoad": "R-E2",
        "description": "工坊区沿街独立建筑。",
        "footprint": 1949.7,
        "scaleClass": "普通建筑",
        "layer": "buildings"
      },
      "geometry": {
        "type": "Polygon",
        "coordinates": [
          [
            [
              2340.5,
              1762.634
            ],
            [
              2340.5,
              1821.366
            ],
            [
              2307.303,
              1821.366
            ],
            [
              2307.303,
              1762.634
            ],
            [
              2340.5,
              1762.634
            ]
          ]
        ]
      }
    },
    {
      "type": "Feature",
      "properties": {
        "id": "B-076",
        "name": "工坊生产楼 7",
        "zone": "工坊区",
        "frontageRoad": "R-E2",
        "description": "工坊区沿街独立建筑。",
        "footprint": 2404.6,
        "scaleClass": "普通建筑",
        "layer": "buildings"
      },
      "geometry": {
        "type": "Polygon",
        "coordinates": [
          [
            [
              2397.166,
              1760.08
            ],
            [
              2397.166,
              1823.92
            ],
            [
              2359.5,
              1823.92
            ],
            [
              2359.5,
              1760.08
            ],
            [
              2397.166,
              1760.08
            ]
          ]
        ]
      }
    },
    {
      "type": "Feature",
      "properties": {
        "id": "B-077",
        "name": "工坊生产楼 8",
        "zone": "工坊区",
        "frontageRoad": "R-E2",
        "description": "工坊区沿街独立建筑。",
        "footprint": 2146.8,
        "scaleClass": "普通建筑",
        "layer": "buildings"
      },
      "geometry": {
        "type": "Polygon",
        "coordinates": [
          [
            [
              2340.5,
              1972.365
            ],
            [
              2340.5,
              2031.635
            ],
            [
              2304.279,
              2031.635
            ],
            [
              2304.279,
              1972.365
            ],
            [
              2340.5,
              1972.365
            ]
          ]
        ]
      }
    },
    {
      "type": "Feature",
      "properties": {
        "id": "B-078",
        "name": "工坊生产楼 9",
        "zone": "工坊区",
        "frontageRoad": "R-E2",
        "description": "工坊区沿街独立建筑。",
        "footprint": 1495.1,
        "scaleClass": "普通建筑",
        "layer": "buildings"
      },
      "geometry": {
        "type": "Polygon",
        "coordinates": [
          [
            [
              2399.562,
              1983.341
            ],
            [
              2399.562,
              2020.659
            ],
            [
              2359.5,
              2020.659
            ],
            [
              2359.5,
              1983.341
            ],
            [
              2399.562,
              1983.341
            ]
          ]
        ]
      }
    },
    {
      "type": "Feature",
      "properties": {
        "id": "B-079",
        "name": "工坊生产楼 10",
        "zone": "工坊区",
        "frontageRoad": "R-E2",
        "description": "工坊区沿街独立建筑。",
        "footprint": 1831.2,
        "scaleClass": "普通建筑",
        "layer": "buildings"
      },
      "geometry": {
        "type": "Polygon",
        "coordinates": [
          [
            [
              2340.5,
              2121.146
            ],
            [
              2340.5,
              2162.854
            ],
            [
              2296.596,
              2162.854
            ],
            [
              2296.596,
              2121.146
            ],
            [
              2340.5,
              2121.146
            ]
          ]
        ]
      }
    },
    {
      "type": "Feature",
      "properties": {
        "id": "B-080",
        "name": "工坊生产楼 11",
        "zone": "工坊区",
        "frontageRoad": "R-E2",
        "description": "工坊区沿街独立建筑。",
        "footprint": 1315.6,
        "scaleClass": "普通建筑",
        "layer": "buildings"
      },
      "geometry": {
        "type": "Polygon",
        "coordinates": [
          [
            [
              2388.038,
              2118.95
            ],
            [
              2388.038,
              2165.05
            ],
            [
              2359.5,
              2165.05
            ],
            [
              2359.5,
              2118.95
            ],
            [
              2388.038,
              2118.95
            ]
          ]
        ]
      }
    },
    {
      "type": "Feature",
      "properties": {
        "id": "B-081",
        "name": "工坊生产楼 12",
        "zone": "工坊区",
        "frontageRoad": "R-E2",
        "description": "工坊区沿街独立建筑。",
        "footprint": 1634.8,
        "scaleClass": "普通建筑",
        "layer": "buildings"
      },
      "geometry": {
        "type": "Polygon",
        "coordinates": [
          [
            [
              2340.5,
              2256.755
            ],
            [
              2340.5,
              2307.245
            ],
            [
              2308.121,
              2307.245
            ],
            [
              2308.121,
              2256.755
            ],
            [
              2340.5,
              2256.755
            ]
          ]
        ]
      }
    },
    {
      "type": "Feature",
      "properties": {
        "id": "B-082",
        "name": "工坊生产楼 13",
        "zone": "工坊区",
        "frontageRoad": "R-E2",
        "description": "工坊区沿街独立建筑。",
        "footprint": 1987.8,
        "scaleClass": "普通建筑",
        "layer": "buildings"
      },
      "geometry": {
        "type": "Polygon",
        "coordinates": [
          [
            [
              2395.721,
              2254.56
            ],
            [
              2395.721,
              2309.44
            ],
            [
              2359.5,
              2309.44
            ],
            [
              2359.5,
              2254.56
            ],
            [
              2395.721,
              2254.56
            ]
          ]
        ]
      }
    },
    {
      "type": "Feature",
      "properties": {
        "id": "B-083",
        "name": "学院教学附属楼 26",
        "zone": "教学区",
        "frontageRoad": "T-02",
        "description": "教学区沿街独立建筑。",
        "footprint": 2374.5,
        "scaleClass": "普通建筑",
        "layer": "buildings"
      },
      "geometry": {
        "type": "Polygon",
        "coordinates": [
          [
            [
              222.365,
              829
            ],
            [
              281.635,
              829
            ],
            [
              281.635,
              869.062
            ],
            [
              222.365,
              869.062
            ],
            [
              222.365,
              829
            ]
          ]
        ]
      }
    },
    {
      "type": "Feature",
      "properties": {
        "id": "B-084",
        "name": "学院教学附属楼 27",
        "zone": "教学区",
        "frontageRoad": "T-02",
        "description": "教学区沿街独立建筑。",
        "footprint": 1638.4,
        "scaleClass": "普通建筑",
        "layer": "buildings"
      },
      "geometry": {
        "type": "Polygon",
        "coordinates": [
          [
            [
              233.341,
              767.096
            ],
            [
              270.659,
              767.096
            ],
            [
              270.659,
              811
            ],
            [
              233.341,
              811
            ],
            [
              233.341,
              767.096
            ]
          ]
        ]
      }
    },
    {
      "type": "Feature",
      "properties": {
        "id": "B-085",
        "name": "学院教学附属楼 28",
        "zone": "教学区",
        "frontageRoad": "T-02",
        "description": "教学区沿街独立建筑。",
        "footprint": 1190.3,
        "scaleClass": "普通建筑",
        "layer": "buildings"
      },
      "geometry": {
        "type": "Polygon",
        "coordinates": [
          [
            [
              301.146,
              829
            ],
            [
              342.854,
              829
            ],
            [
              342.854,
              857.538
            ],
            [
              301.146,
              857.538
            ],
            [
              301.146,
              829
            ]
          ]
        ]
      }
    },
    {
      "type": "Feature",
      "properties": {
        "id": "B-086",
        "name": "学院教学附属楼 29",
        "zone": "教学区",
        "frontageRoad": "T-02",
        "description": "教学区沿街独立建筑。",
        "footprint": 1492.7,
        "scaleClass": "普通建筑",
        "layer": "buildings"
      },
      "geometry": {
        "type": "Polygon",
        "coordinates": [
          [
            [
              298.95,
              778.621
            ],
            [
              345.05,
              778.621
            ],
            [
              345.05,
              811
            ],
            [
              298.95,
              811
            ],
            [
              298.95,
              778.621
            ]
          ]
        ]
      }
    },
    {
      "type": "Feature",
      "properties": {
        "id": "B-087",
        "name": "学院教学附属楼 30",
        "zone": "教学区",
        "frontageRoad": "T-02",
        "description": "教学区沿街独立建筑。",
        "footprint": 1828.8,
        "scaleClass": "普通建筑",
        "layer": "buildings"
      },
      "geometry": {
        "type": "Polygon",
        "coordinates": [
          [
            [
              436.755,
              829
            ],
            [
              487.245,
              829
            ],
            [
              487.245,
              865.221
            ],
            [
              436.755,
              865.221
            ],
            [
              436.755,
              829
            ]
          ]
        ]
      }
    },
    {
      "type": "Feature",
      "properties": {
        "id": "B-088",
        "name": "学院教学附属楼 31",
        "zone": "教学区",
        "frontageRoad": "T-02",
        "description": "教学区沿街独立建筑。",
        "footprint": 2198.6,
        "scaleClass": "普通建筑",
        "layer": "buildings"
      },
      "geometry": {
        "type": "Polygon",
        "coordinates": [
          [
            [
              434.56,
              770.938
            ],
            [
              489.44,
              770.938
            ],
            [
              489.44,
              811
            ],
            [
              434.56,
              811
            ],
            [
              434.56,
              770.938
            ]
          ]
        ]
      }
    },
    {
      "type": "Feature",
      "properties": {
        "id": "B-089",
        "name": "学院教学附属楼 32",
        "zone": "教学区",
        "frontageRoad": "T-02",
        "description": "教学区沿街独立建筑。",
        "footprint": 3521.3,
        "scaleClass": "普通建筑",
        "layer": "buildings"
      },
      "geometry": {
        "type": "Polygon",
        "coordinates": [
          [
            [
              637.526,
              829
            ],
            [
              706.474,
              829
            ],
            [
              706.474,
              880.072
            ],
            [
              637.526,
              880.072
            ],
            [
              637.526,
              829
            ]
          ]
        ]
      }
    },
    {
      "type": "Feature",
      "properties": {
        "id": "B-090",
        "name": "学院教学附属楼 33",
        "zone": "教学区",
        "frontageRoad": "T-02",
        "description": "教学区沿街独立建筑。",
        "footprint": 1441.1,
        "scaleClass": "普通建筑",
        "layer": "buildings"
      },
      "geometry": {
        "type": "Polygon",
        "coordinates": [
          [
            [
              650.294,
              777.803
            ],
            [
              693.706,
              777.803
            ],
            [
              693.706,
              811
            ],
            [
              650.294,
              811
            ],
            [
              650.294,
              777.803
            ]
          ]
        ]
      }
    },
    {
      "type": "Feature",
      "properties": {
        "id": "B-091",
        "name": "学院教学附属楼 34",
        "zone": "教学区",
        "frontageRoad": "T-02",
        "description": "教学区沿街独立建筑。",
        "footprint": 1827.5,
        "scaleClass": "普通建筑",
        "layer": "buildings"
      },
      "geometry": {
        "type": "Polygon",
        "coordinates": [
          [
            [
              787.741,
              829
            ],
            [
              836.259,
              829
            ],
            [
              836.259,
              866.666
            ],
            [
              787.741,
              866.666
            ],
            [
              787.741,
              829
            ]
          ]
        ]
      }
    },
    {
      "type": "Feature",
      "properties": {
        "id": "B-092",
        "name": "学院教学附属楼 35",
        "zone": "教学区",
        "frontageRoad": "T-02",
        "description": "教学区沿街独立建筑。",
        "footprint": 2259.5,
        "scaleClass": "普通建筑",
        "layer": "buildings"
      },
      "geometry": {
        "type": "Polygon",
        "coordinates": [
          [
            [
              785.187,
              768.866
            ],
            [
              838.813,
              768.866
            ],
            [
              838.813,
              811
            ],
            [
              785.187,
              811
            ],
            [
              785.187,
              768.866
            ]
          ]
        ]
      }
    },
    {
      "type": "Feature",
      "properties": {
        "id": "B-093",
        "name": "学院教学附属楼 36",
        "zone": "教学区",
        "frontageRoad": "T-02",
        "description": "教学区沿街独立建筑。",
        "footprint": 2737.1,
        "scaleClass": "普通建筑",
        "layer": "buildings"
      },
      "geometry": {
        "type": "Polygon",
        "coordinates": [
          [
            [
              852.634,
              829
            ],
            [
              911.366,
              829
            ],
            [
              911.366,
              875.603
            ],
            [
              852.634,
              875.603
            ],
            [
              852.634,
              829
            ]
          ]
        ]
      }
    },
    {
      "type": "Feature",
      "properties": {
        "id": "B-094",
        "name": "学院教学附属楼 37",
        "zone": "教学区",
        "frontageRoad": "T-02",
        "description": "教学区沿街独立建筑。",
        "footprint": 3260.4,
        "scaleClass": "普通建筑",
        "layer": "buildings"
      },
      "geometry": {
        "type": "Polygon",
        "coordinates": [
          [
            [
              920.08,
              829
            ],
            [
              983.92,
              829
            ],
            [
              983.92,
              880.072
            ],
            [
              920.08,
              880.072
            ],
            [
              920.08,
              829
            ]
          ]
        ]
      }
    },
    {
      "type": "Feature",
      "properties": {
        "id": "B-095",
        "name": "学院教学附属楼 38",
        "zone": "教学区",
        "frontageRoad": "T-02",
        "description": "教学区沿街独立建筑。",
        "footprint": 2288.8,
        "scaleClass": "普通建筑",
        "layer": "buildings"
      },
      "geometry": {
        "type": "Polygon",
        "coordinates": [
          [
            [
              987.526,
              829
            ],
            [
              1056.474,
              829
            ],
            [
              1056.474,
              862.197
            ],
            [
              987.526,
              862.197
            ],
            [
              987.526,
              829
            ]
          ]
        ]
      }
    },
    {
      "type": "Feature",
      "properties": {
        "id": "B-096",
        "name": "学院教学附属楼 39",
        "zone": "教学区",
        "frontageRoad": "T-02",
        "description": "教学区沿街独立建筑。",
        "footprint": 1635.1,
        "scaleClass": "普通建筑",
        "layer": "buildings"
      },
      "geometry": {
        "type": "Polygon",
        "coordinates": [
          [
            [
              1280.294,
              829
            ],
            [
              1323.706,
              829
            ],
            [
              1323.706,
              866.666
            ],
            [
              1280.294,
              866.666
            ],
            [
              1280.294,
              829
            ]
          ]
        ]
      }
    },
    {
      "type": "Feature",
      "properties": {
        "id": "B-097",
        "name": "学院教学附属楼 40",
        "zone": "教学区",
        "frontageRoad": "T-02",
        "description": "教学区沿街独立建筑。",
        "footprint": 2044.3,
        "scaleClass": "普通建筑",
        "layer": "buildings"
      },
      "geometry": {
        "type": "Polygon",
        "coordinates": [
          [
            [
              1277.741,
              768.866
            ],
            [
              1326.259,
              768.866
            ],
            [
              1326.259,
              811
            ],
            [
              1277.741,
              811
            ],
            [
              1277.741,
              768.866
            ]
          ]
        ]
      }
    },
    {
      "type": "Feature",
      "properties": {
        "id": "B-098",
        "name": "学院教学附属楼 41",
        "zone": "教学区",
        "frontageRoad": "T-02",
        "description": "教学区沿街独立建筑。",
        "footprint": 2499.1,
        "scaleClass": "普通建筑",
        "layer": "buildings"
      },
      "geometry": {
        "type": "Polygon",
        "coordinates": [
          [
            [
              1345.187,
              829
            ],
            [
              1398.813,
              829
            ],
            [
              1398.813,
              875.603
            ],
            [
              1345.187,
              875.603
            ],
            [
              1345.187,
              829
            ]
          ]
        ]
      }
    },
    {
      "type": "Feature",
      "properties": {
        "id": "B-099",
        "name": "学院教学附属楼 42",
        "zone": "教学区",
        "frontageRoad": "T-02",
        "description": "教学区沿街独立建筑。",
        "footprint": 2999.6,
        "scaleClass": "普通建筑",
        "layer": "buildings"
      },
      "geometry": {
        "type": "Polygon",
        "coordinates": [
          [
            [
              1342.634,
              759.928
            ],
            [
              1401.366,
              759.928
            ],
            [
              1401.366,
              811
            ],
            [
              1342.634,
              811
            ],
            [
              1342.634,
              759.928
            ]
          ]
        ]
      }
    },
    {
      "type": "Feature",
      "properties": {
        "id": "B-100",
        "name": "城邦生活街屋 13",
        "zone": "生活区",
        "frontageRoad": "L-01",
        "description": "生活区沿街独立建筑。",
        "footprint": 1566.1,
        "scaleClass": "普通建筑",
        "layer": "buildings"
      },
      "geometry": {
        "type": "Polygon",
        "coordinates": [
          [
            [
              154.56,
              1469
            ],
            [
              209.44,
              1469
            ],
            [
              209.44,
              1497.538
            ],
            [
              154.56,
              1497.538
            ],
            [
              154.56,
              1469
            ]
          ]
        ]
      }
    },
    {
      "type": "Feature",
      "properties": {
        "id": "B-101",
        "name": "城邦生活街屋 14",
        "zone": "生活区",
        "frontageRoad": "L-01",
        "description": "生活区沿街独立建筑。",
        "footprint": 1919.1,
        "scaleClass": "普通建筑",
        "layer": "buildings"
      },
      "geometry": {
        "type": "Polygon",
        "coordinates": [
          [
            [
              152.365,
              1418.621
            ],
            [
              211.635,
              1418.621
            ],
            [
              211.635,
              1451
            ],
            [
              152.365,
              1451
            ],
            [
              152.365,
              1418.621
            ]
          ]
        ]
      }
    },
    {
      "type": "Feature",
      "properties": {
        "id": "B-102",
        "name": "城邦生活街屋 15",
        "zone": "生活区",
        "frontageRoad": "L-01",
        "description": "生活区沿街独立建筑。",
        "footprint": 1351.7,
        "scaleClass": "普通建筑",
        "layer": "buildings"
      },
      "geometry": {
        "type": "Polygon",
        "coordinates": [
          [
            [
              233.341,
              1469
            ],
            [
              270.659,
              1469
            ],
            [
              270.659,
              1505.221
            ],
            [
              233.341,
              1505.221
            ],
            [
              233.341,
              1469
            ]
          ]
        ]
      }
    },
    {
      "type": "Feature",
      "properties": {
        "id": "B-103",
        "name": "城邦生活街屋 16",
        "zone": "生活区",
        "frontageRoad": "L-01",
        "description": "生活区沿街独立建筑。",
        "footprint": 1671,
        "scaleClass": "普通建筑",
        "layer": "buildings"
      },
      "geometry": {
        "type": "Polygon",
        "coordinates": [
          [
            [
              231.146,
              1410.938
            ],
            [
              272.854,
              1410.938
            ],
            [
              272.854,
              1451
            ],
            [
              231.146,
              1451
            ],
            [
              231.146,
              1410.938
            ]
          ]
        ]
      }
    },
    {
      "type": "Feature",
      "properties": {
        "id": "B-104",
        "name": "城邦生活街屋 17",
        "zone": "生活区",
        "frontageRoad": "L-01",
        "description": "生活区沿街独立建筑。",
        "footprint": 2023.9,
        "scaleClass": "普通建筑",
        "layer": "buildings"
      },
      "geometry": {
        "type": "Polygon",
        "coordinates": [
          [
            [
              298.95,
              1469
            ],
            [
              345.05,
              1469
            ],
            [
              345.05,
              1512.904
            ],
            [
              298.95,
              1512.904
            ],
            [
              298.95,
              1469
            ]
          ]
        ]
      }
    },
    {
      "type": "Feature",
      "properties": {
        "id": "B-105",
        "name": "城邦生活街屋 18",
        "zone": "生活区",
        "frontageRoad": "L-01",
        "description": "生活区沿街独立建筑。",
        "footprint": 1440.9,
        "scaleClass": "普通建筑",
        "layer": "buildings"
      },
      "geometry": {
        "type": "Polygon",
        "coordinates": [
          [
            [
              296.755,
              1422.462
            ],
            [
              347.245,
              1422.462
            ],
            [
              347.245,
              1451
            ],
            [
              296.755,
              1451
            ],
            [
              296.755,
              1422.462
            ]
          ]
        ]
      }
    },
    {
      "type": "Feature",
      "properties": {
        "id": "B-106",
        "name": "城邦生活街屋 19",
        "zone": "生活区",
        "frontageRoad": "L-01",
        "description": "生活区沿街独立建筑。",
        "footprint": 1777,
        "scaleClass": "普通建筑",
        "layer": "buildings"
      },
      "geometry": {
        "type": "Polygon",
        "coordinates": [
          [
            [
              434.56,
              1469
            ],
            [
              489.44,
              1469
            ],
            [
              489.44,
              1501.379
            ],
            [
              434.56,
              1501.379
            ],
            [
              434.56,
              1469
            ]
          ]
        ]
      }
    },
    {
      "type": "Feature",
      "properties": {
        "id": "B-107",
        "name": "城邦生活街屋 20",
        "zone": "生活区",
        "frontageRoad": "L-01",
        "description": "生活区沿街独立建筑。",
        "footprint": 2146.8,
        "scaleClass": "普通建筑",
        "layer": "buildings"
      },
      "geometry": {
        "type": "Polygon",
        "coordinates": [
          [
            [
              432.365,
              1414.779
            ],
            [
              491.635,
              1414.779
            ],
            [
              491.635,
              1451
            ],
            [
              432.365,
              1451
            ],
            [
              432.365,
              1414.779
            ]
          ]
        ]
      }
    },
    {
      "type": "Feature",
      "properties": {
        "id": "B-108",
        "name": "城邦生活街屋 21",
        "zone": "生活区",
        "frontageRoad": "L-01",
        "description": "生活区沿街独立建筑。",
        "footprint": 2023.1,
        "scaleClass": "普通建筑",
        "layer": "buildings"
      },
      "geometry": {
        "type": "Polygon",
        "coordinates": [
          [
            [
              650.294,
              1469
            ],
            [
              693.706,
              1469
            ],
            [
              693.706,
              1515.603
            ],
            [
              650.294,
              1515.603
            ],
            [
              650.294,
              1469
            ]
          ]
        ]
      }
    },
    {
      "type": "Feature",
      "properties": {
        "id": "B-109",
        "name": "城邦生活街屋 22",
        "zone": "生活区",
        "frontageRoad": "L-01",
        "description": "生活区沿街独立建筑。",
        "footprint": 2477.9,
        "scaleClass": "普通建筑",
        "layer": "buildings"
      },
      "geometry": {
        "type": "Polygon",
        "coordinates": [
          [
            [
              647.741,
              1399.928
            ],
            [
              696.259,
              1399.928
            ],
            [
              696.259,
              1451
            ],
            [
              647.741,
              1451
            ],
            [
              647.741,
              1399.928
            ]
          ]
        ]
      }
    },
    {
      "type": "Feature",
      "properties": {
        "id": "B-110",
        "name": "城邦生活街屋 23",
        "zone": "生活区",
        "frontageRoad": "L-01",
        "description": "生活区沿街独立建筑。",
        "footprint": 1780.2,
        "scaleClass": "普通建筑",
        "layer": "buildings"
      },
      "geometry": {
        "type": "Polygon",
        "coordinates": [
          [
            [
              785.187,
              1469
            ],
            [
              838.813,
              1469
            ],
            [
              838.813,
              1502.197
            ],
            [
              785.187,
              1502.197
            ],
            [
              785.187,
              1469
            ]
          ]
        ]
      }
    },
    {
      "type": "Feature",
      "properties": {
        "id": "B-111",
        "name": "城邦生活街屋 24",
        "zone": "生活区",
        "frontageRoad": "L-01",
        "description": "生活区沿街独立建筑。",
        "footprint": 2212.2,
        "scaleClass": "普通建筑",
        "layer": "buildings"
      },
      "geometry": {
        "type": "Polygon",
        "coordinates": [
          [
            [
              782.634,
              1413.334
            ],
            [
              841.366,
              1413.334
            ],
            [
              841.366,
              1451
            ],
            [
              782.634,
              1451
            ],
            [
              782.634,
              1413.334
            ]
          ]
        ]
      }
    },
    {
      "type": "Feature",
      "properties": {
        "id": "B-112",
        "name": "城邦生活街屋 25",
        "zone": "生活区",
        "frontageRoad": "L-01",
        "description": "生活区沿街独立建筑。",
        "footprint": 2689.9,
        "scaleClass": "普通建筑",
        "layer": "buildings"
      },
      "geometry": {
        "type": "Polygon",
        "coordinates": [
          [
            [
              850.08,
              1469
            ],
            [
              913.92,
              1469
            ],
            [
              913.92,
              1511.134
            ],
            [
              850.08,
              1511.134
            ],
            [
              850.08,
              1469
            ]
          ]
        ]
      }
    },
    {
      "type": "Feature",
      "properties": {
        "id": "B-113",
        "name": "城邦生活街屋 26",
        "zone": "生活区",
        "frontageRoad": "L-01",
        "description": "生活区沿街独立建筑。",
        "footprint": 3213.2,
        "scaleClass": "普通建筑",
        "layer": "buildings"
      },
      "geometry": {
        "type": "Polygon",
        "coordinates": [
          [
            [
              987.526,
              1469
            ],
            [
              1056.474,
              1469
            ],
            [
              1056.474,
              1515.603
            ],
            [
              987.526,
              1515.603
            ],
            [
              987.526,
              1469
            ]
          ]
        ]
      }
    },
    {
      "type": "Feature",
      "properties": {
        "id": "B-114",
        "name": "城市商住楼 29",
        "zone": "市集区",
        "frontageRoad": "M-02",
        "description": "市集区沿街独立建筑。",
        "footprint": 2217.1,
        "scaleClass": "普通建筑",
        "layer": "buildings"
      },
      "geometry": {
        "type": "Polygon",
        "coordinates": [
          [
            [
              1805.294,
              769.428
            ],
            [
              1848.706,
              769.428
            ],
            [
              1848.706,
              820.5
            ],
            [
              1805.294,
              820.5
            ],
            [
              1805.294,
              769.428
            ]
          ]
        ]
      }
    },
    {
      "type": "Feature",
      "properties": {
        "id": "B-115",
        "name": "城市商住楼 30",
        "zone": "市集区",
        "frontageRoad": "M-02",
        "description": "市集区沿街独立建筑。",
        "footprint": 1610.7,
        "scaleClass": "普通建筑",
        "layer": "buildings"
      },
      "geometry": {
        "type": "Polygon",
        "coordinates": [
          [
            [
              1872.741,
              839.5
            ],
            [
              1921.259,
              839.5
            ],
            [
              1921.259,
              872.697
            ],
            [
              1872.741,
              872.697
            ],
            [
              1872.741,
              839.5
            ]
          ]
        ]
      }
    },
    {
      "type": "Feature",
      "properties": {
        "id": "B-116",
        "name": "城市商住楼 31",
        "zone": "市集区",
        "frontageRoad": "M-02",
        "description": "市集区沿街独立建筑。",
        "footprint": 2019.8,
        "scaleClass": "普通建筑",
        "layer": "buildings"
      },
      "geometry": {
        "type": "Polygon",
        "coordinates": [
          [
            [
              1870.187,
              782.834
            ],
            [
              1923.813,
              782.834
            ],
            [
              1923.813,
              820.5
            ],
            [
              1870.187,
              820.5
            ],
            [
              1870.187,
              782.834
            ]
          ]
        ]
      }
    },
    {
      "type": "Feature",
      "properties": {
        "id": "B-117",
        "name": "城市商住楼 32",
        "zone": "市集区",
        "frontageRoad": "M-02",
        "description": "市集区沿街独立建筑。",
        "footprint": 2474.7,
        "scaleClass": "普通建筑",
        "layer": "buildings"
      },
      "geometry": {
        "type": "Polygon",
        "coordinates": [
          [
            [
              1937.634,
              839.5
            ],
            [
              1996.366,
              839.5
            ],
            [
              1996.366,
              881.634
            ],
            [
              1937.634,
              881.634
            ],
            [
              1937.634,
              839.5
            ]
          ]
        ]
      }
    },
    {
      "type": "Feature",
      "properties": {
        "id": "B-118",
        "name": "城市商住楼 33",
        "zone": "市集区",
        "frontageRoad": "M-02",
        "description": "市集区沿街独立建筑。",
        "footprint": 2975.1,
        "scaleClass": "普通建筑",
        "layer": "buildings"
      },
      "geometry": {
        "type": "Polygon",
        "coordinates": [
          [
            [
              1935.08,
              773.897
            ],
            [
              1998.92,
              773.897
            ],
            [
              1998.92,
              820.5
            ],
            [
              1935.08,
              820.5
            ],
            [
              1935.08,
              773.897
            ]
          ]
        ]
      }
    },
    {
      "type": "Feature",
      "properties": {
        "id": "B-119",
        "name": "城市商住楼 34",
        "zone": "市集区",
        "frontageRoad": "M-02",
        "description": "市集区沿街独立建筑。",
        "footprint": 3521.3,
        "scaleClass": "普通建筑",
        "layer": "buildings"
      },
      "geometry": {
        "type": "Polygon",
        "coordinates": [
          [
            [
              2072.526,
              769.428
            ],
            [
              2141.474,
              769.428
            ],
            [
              2141.474,
              820.5
            ],
            [
              2072.526,
              820.5
            ],
            [
              2072.526,
              769.428
            ]
          ]
        ]
      }
    },
    {
      "type": "Feature",
      "properties": {
        "id": "B-120",
        "name": "城市商住楼 35",
        "zone": "市集区",
        "frontageRoad": "M-02",
        "description": "市集区沿街独立建筑。",
        "footprint": 1441.1,
        "scaleClass": "普通建筑",
        "layer": "buildings"
      },
      "geometry": {
        "type": "Polygon",
        "coordinates": [
          [
            [
              2225.294,
              839.5
            ],
            [
              2268.706,
              839.5
            ],
            [
              2268.706,
              872.697
            ],
            [
              2225.294,
              872.697
            ],
            [
              2225.294,
              839.5
            ]
          ]
        ]
      }
    },
    {
      "type": "Feature",
      "properties": {
        "id": "B-121",
        "name": "城市商住楼 36",
        "zone": "市集区",
        "frontageRoad": "M-02",
        "description": "市集区沿街独立建筑。",
        "footprint": 1827.5,
        "scaleClass": "普通建筑",
        "layer": "buildings"
      },
      "geometry": {
        "type": "Polygon",
        "coordinates": [
          [
            [
              2362.741,
              782.834
            ],
            [
              2411.259,
              782.834
            ],
            [
              2411.259,
              820.5
            ],
            [
              2362.741,
              820.5
            ],
            [
              2362.741,
              782.834
            ]
          ]
        ]
      }
    },
    {
      "type": "Feature",
      "properties": {
        "id": "B-122",
        "name": "城市商住楼 37",
        "zone": "市集区",
        "frontageRoad": "M-02",
        "description": "市集区沿街独立建筑。",
        "footprint": 2259.5,
        "scaleClass": "普通建筑",
        "layer": "buildings"
      },
      "geometry": {
        "type": "Polygon",
        "coordinates": [
          [
            [
              2430.187,
              839.5
            ],
            [
              2483.813,
              839.5
            ],
            [
              2483.813,
              881.634
            ],
            [
              2430.187,
              881.634
            ],
            [
              2430.187,
              839.5
            ]
          ]
        ]
      }
    },
    {
      "type": "Feature",
      "properties": {
        "id": "B-123",
        "name": "城市商住楼 38",
        "zone": "市集区",
        "frontageRoad": "M-02",
        "description": "市集区沿街独立建筑。",
        "footprint": 2737.1,
        "scaleClass": "普通建筑",
        "layer": "buildings"
      },
      "geometry": {
        "type": "Polygon",
        "coordinates": [
          [
            [
              2427.634,
              773.897
            ],
            [
              2486.366,
              773.897
            ],
            [
              2486.366,
              820.5
            ],
            [
              2427.634,
              820.5
            ],
            [
              2427.634,
              773.897
            ]
          ]
        ]
      }
    },
    {
      "type": "Feature",
      "properties": {
        "id": "B-124",
        "name": "城市商住楼 39",
        "zone": "市集区",
        "frontageRoad": "M-02",
        "description": "市集区沿街独立建筑。",
        "footprint": 3260.4,
        "scaleClass": "普通建筑",
        "layer": "buildings"
      },
      "geometry": {
        "type": "Polygon",
        "coordinates": [
          [
            [
              2565.08,
              839.5
            ],
            [
              2628.92,
              839.5
            ],
            [
              2628.92,
              890.572
            ],
            [
              2565.08,
              890.572
            ],
            [
              2565.08,
              839.5
            ]
          ]
        ]
      }
    },
    {
      "type": "Feature",
      "properties": {
        "id": "B-125",
        "name": "城市商住楼 40",
        "zone": "市集区",
        "frontageRoad": "M-02",
        "description": "市集区沿街独立建筑。",
        "footprint": 2288.8,
        "scaleClass": "普通建筑",
        "layer": "buildings"
      },
      "geometry": {
        "type": "Polygon",
        "coordinates": [
          [
            [
              2562.526,
              787.303
            ],
            [
              2631.474,
              787.303
            ],
            [
              2631.474,
              820.5
            ],
            [
              2562.526,
              820.5
            ],
            [
              2562.526,
              787.303
            ]
          ]
        ]
      }
    },
    {
      "type": "Feature",
      "properties": {
        "id": "B-126",
        "name": "城市商住楼 41",
        "zone": "市集区",
        "frontageRoad": "M-02",
        "description": "市集区沿街独立建筑。",
        "footprint": 1635.1,
        "scaleClass": "普通建筑",
        "layer": "buildings"
      },
      "geometry": {
        "type": "Polygon",
        "coordinates": [
          [
            [
              2645.294,
              839.5
            ],
            [
              2688.706,
              839.5
            ],
            [
              2688.706,
              877.166
            ],
            [
              2645.294,
              877.166
            ],
            [
              2645.294,
              839.5
            ]
          ]
        ]
      }
    },
    {
      "type": "Feature",
      "properties": {
        "id": "B-127",
        "name": "城市商住楼 42",
        "zone": "市集区",
        "frontageRoad": "M-02",
        "description": "市集区沿街独立建筑。",
        "footprint": 2044.3,
        "scaleClass": "普通建筑",
        "layer": "buildings"
      },
      "geometry": {
        "type": "Polygon",
        "coordinates": [
          [
            [
              2642.741,
              778.366
            ],
            [
              2691.259,
              778.366
            ],
            [
              2691.259,
              820.5
            ],
            [
              2642.741,
              820.5
            ],
            [
              2642.741,
              778.366
            ]
          ]
        ]
      }
    },
    {
      "type": "Feature",
      "properties": {
        "id": "B-128",
        "name": "城市商住楼 43",
        "zone": "市集区",
        "frontageRoad": "M-02",
        "description": "市集区沿街独立建筑。",
        "footprint": 1846.8,
        "scaleClass": "普通建筑",
        "layer": "buildings"
      },
      "geometry": {
        "type": "Polygon",
        "coordinates": [
          [
            [
              2783.95,
              839.5
            ],
            [
              2830.05,
              839.5
            ],
            [
              2830.05,
              879.562
            ],
            [
              2783.95,
              879.562
            ],
            [
              2783.95,
              839.5
            ]
          ]
        ]
      }
    },
    {
      "type": "Feature",
      "properties": {
        "id": "B-129",
        "name": "城市商住楼 44",
        "zone": "市集区",
        "frontageRoad": "M-02",
        "description": "市集区沿街独立建筑。",
        "footprint": 2216.7,
        "scaleClass": "普通建筑",
        "layer": "buildings"
      },
      "geometry": {
        "type": "Polygon",
        "coordinates": [
          [
            [
              2851.755,
              839.5
            ],
            [
              2902.245,
              839.5
            ],
            [
              2902.245,
              883.404
            ],
            [
              2851.755,
              883.404
            ],
            [
              2851.755,
              839.5
            ]
          ]
        ]
      }
    },
    {
      "type": "Feature",
      "properties": {
        "id": "B-130",
        "name": "城市商住楼 45",
        "zone": "市集区",
        "frontageRoad": "M-02",
        "description": "市集区沿街独立建筑。",
        "footprint": 1566.1,
        "scaleClass": "普通建筑",
        "layer": "buildings"
      },
      "geometry": {
        "type": "Polygon",
        "coordinates": [
          [
            [
              2919.56,
              839.5
            ],
            [
              2974.44,
              839.5
            ],
            [
              2974.44,
              868.038
            ],
            [
              2919.56,
              868.038
            ],
            [
              2919.56,
              839.5
            ]
          ]
        ]
      }
    },
    {
      "type": "Feature",
      "properties": {
        "id": "B-131",
        "name": "城市商住楼 46",
        "zone": "市集区",
        "frontageRoad": "M-03",
        "description": "市集区沿街独立建筑。",
        "footprint": 2596.9,
        "scaleClass": "普通建筑",
        "layer": "buildings"
      },
      "geometry": {
        "type": "Polygon",
        "coordinates": [
          [
            [
              1932.526,
              1059
            ],
            [
              2001.474,
              1059
            ],
            [
              2001.474,
              1096.666
            ],
            [
              1932.526,
              1096.666
            ],
            [
              1932.526,
              1059
            ]
          ]
        ]
      }
    },
    {
      "type": "Feature",
      "properties": {
        "id": "B-132",
        "name": "城市商住楼 47",
        "zone": "市集区",
        "frontageRoad": "M-03",
        "description": "市集区沿街独立建筑。",
        "footprint": 1829.1,
        "scaleClass": "普通建筑",
        "layer": "buildings"
      },
      "geometry": {
        "type": "Polygon",
        "coordinates": [
          [
            [
              1945.294,
              998.866
            ],
            [
              1988.706,
              998.866
            ],
            [
              1988.706,
              1041
            ],
            [
              1945.294,
              1041
            ],
            [
              1945.294,
              998.866
            ]
          ]
        ]
      }
    },
    {
      "type": "Feature",
      "properties": {
        "id": "B-133",
        "name": "城市商住楼 48",
        "zone": "市集区",
        "frontageRoad": "M-03",
        "description": "市集区沿街独立建筑。",
        "footprint": 2261.1,
        "scaleClass": "普通建筑",
        "layer": "buildings"
      },
      "geometry": {
        "type": "Polygon",
        "coordinates": [
          [
            [
              2082.741,
              1059
            ],
            [
              2131.259,
              1059
            ],
            [
              2131.259,
              1105.603
            ],
            [
              2082.741,
              1105.603
            ],
            [
              2082.741,
              1059
            ]
          ]
        ]
      }
    },
    {
      "type": "Feature",
      "properties": {
        "id": "B-134",
        "name": "城市商住楼 49",
        "zone": "市集区",
        "frontageRoad": "M-03",
        "description": "市集区沿街独立建筑。",
        "footprint": 2738.8,
        "scaleClass": "普通建筑",
        "layer": "buildings"
      },
      "geometry": {
        "type": "Polygon",
        "coordinates": [
          [
            [
              2080.187,
              989.928
            ],
            [
              2133.813,
              989.928
            ],
            [
              2133.813,
              1041
            ],
            [
              2080.187,
              1041
            ],
            [
              2080.187,
              989.928
            ]
          ]
        ]
      }
    },
    {
      "type": "Feature",
      "properties": {
        "id": "B-135",
        "name": "城市商住楼 50",
        "zone": "市集区",
        "frontageRoad": "M-03",
        "description": "市集区沿街独立建筑。",
        "footprint": 1949.7,
        "scaleClass": "普通建筑",
        "layer": "buildings"
      },
      "geometry": {
        "type": "Polygon",
        "coordinates": [
          [
            [
              2217.634,
              1059
            ],
            [
              2276.366,
              1059
            ],
            [
              2276.366,
              1092.197
            ],
            [
              2217.634,
              1092.197
            ],
            [
              2217.634,
              1059
            ]
          ]
        ]
      }
    },
    {
      "type": "Feature",
      "properties": {
        "id": "B-136",
        "name": "城市商住楼 51",
        "zone": "市集区",
        "frontageRoad": "M-03",
        "description": "市集区沿街独立建筑。",
        "footprint": 2404.6,
        "scaleClass": "普通建筑",
        "layer": "buildings"
      },
      "geometry": {
        "type": "Polygon",
        "coordinates": [
          [
            [
              2425.08,
              1003.334
            ],
            [
              2488.92,
              1003.334
            ],
            [
              2488.92,
              1041
            ],
            [
              2425.08,
              1041
            ],
            [
              2425.08,
              1003.334
            ]
          ]
        ]
      }
    },
    {
      "type": "Feature",
      "properties": {
        "id": "B-137",
        "name": "城市商住楼 52",
        "zone": "市集区",
        "frontageRoad": "M-03",
        "description": "市集区沿街独立建筑。",
        "footprint": 2905,
        "scaleClass": "普通建筑",
        "layer": "buildings"
      },
      "geometry": {
        "type": "Polygon",
        "coordinates": [
          [
            [
              2562.526,
              998.866
            ],
            [
              2631.474,
              998.866
            ],
            [
              2631.474,
              1041
            ],
            [
              2562.526,
              1041
            ],
            [
              2562.526,
              998.866
            ]
          ]
        ]
      }
    },
    {
      "type": "Feature",
      "properties": {
        "id": "B-138",
        "name": "城市商住楼 53",
        "zone": "市集区",
        "frontageRoad": "M-03",
        "description": "市集区沿街独立建筑。",
        "footprint": 2023.1,
        "scaleClass": "普通建筑",
        "layer": "buildings"
      },
      "geometry": {
        "type": "Polygon",
        "coordinates": [
          [
            [
              2645.294,
              994.397
            ],
            [
              2688.706,
              994.397
            ],
            [
              2688.706,
              1041
            ],
            [
              2645.294,
              1041
            ],
            [
              2645.294,
              994.397
            ]
          ]
        ]
      }
    },
    {
      "type": "Feature",
      "properties": {
        "id": "B-139",
        "name": "工坊生产楼 14",
        "zone": "工坊区",
        "frontageRoad": "W-01",
        "description": "工坊区沿街独立建筑。",
        "footprint": 2477.9,
        "scaleClass": "普通建筑",
        "layer": "buildings"
      },
      "geometry": {
        "type": "Polygon",
        "coordinates": [
          [
            [
              2267.741,
              1386.928
            ],
            [
              2316.259,
              1386.928
            ],
            [
              2316.259,
              1438
            ],
            [
              2267.741,
              1438
            ],
            [
              2267.741,
              1386.928
            ]
          ]
        ]
      }
    },
    {
      "type": "Feature",
      "properties": {
        "id": "B-140",
        "name": "工坊生产楼 15",
        "zone": "工坊区",
        "frontageRoad": "W-01",
        "description": "工坊区沿街独立建筑。",
        "footprint": 1780.2,
        "scaleClass": "普通建筑",
        "layer": "buildings"
      },
      "geometry": {
        "type": "Polygon",
        "coordinates": [
          [
            [
              2405.187,
              1404.803
            ],
            [
              2458.813,
              1404.803
            ],
            [
              2458.813,
              1438
            ],
            [
              2405.187,
              1438
            ],
            [
              2405.187,
              1404.803
            ]
          ]
        ]
      }
    },
    {
      "type": "Feature",
      "properties": {
        "id": "B-141",
        "name": "工坊生产楼 16",
        "zone": "工坊区",
        "frontageRoad": "W-01",
        "description": "工坊区沿街独立建筑。",
        "footprint": 2212.2,
        "scaleClass": "普通建筑",
        "layer": "buildings"
      },
      "geometry": {
        "type": "Polygon",
        "coordinates": [
          [
            [
              2472.634,
              1400.334
            ],
            [
              2531.366,
              1400.334
            ],
            [
              2531.366,
              1438
            ],
            [
              2472.634,
              1438
            ],
            [
              2472.634,
              1400.334
            ]
          ]
        ]
      }
    },
    {
      "type": "Feature",
      "properties": {
        "id": "B-142",
        "name": "工坊生产楼 17",
        "zone": "工坊区",
        "frontageRoad": "W-01",
        "description": "工坊区沿街独立建筑。",
        "footprint": 2689.9,
        "scaleClass": "普通建筑",
        "layer": "buildings"
      },
      "geometry": {
        "type": "Polygon",
        "coordinates": [
          [
            [
              2610.08,
              1462
            ],
            [
              2673.92,
              1462
            ],
            [
              2673.92,
              1504.134
            ],
            [
              2610.08,
              1504.134
            ],
            [
              2610.08,
              1462
            ]
          ]
        ]
      }
    },
    {
      "type": "Feature",
      "properties": {
        "id": "B-143",
        "name": "工坊生产楼 18",
        "zone": "工坊区",
        "frontageRoad": "W-01",
        "description": "工坊区沿街独立建筑。",
        "footprint": 3213.2,
        "scaleClass": "普通建筑",
        "layer": "buildings"
      },
      "geometry": {
        "type": "Polygon",
        "coordinates": [
          [
            [
              2607.526,
              1391.397
            ],
            [
              2676.474,
              1391.397
            ],
            [
              2676.474,
              1438
            ],
            [
              2607.526,
              1438
            ],
            [
              2607.526,
              1391.397
            ]
          ]
        ]
      }
    },
    {
      "type": "Feature",
      "properties": {
        "id": "B-144",
        "name": "工坊生产楼 19",
        "zone": "工坊区",
        "frontageRoad": "W-01",
        "description": "工坊区沿街独立建筑。",
        "footprint": 2217.1,
        "scaleClass": "普通建筑",
        "layer": "buildings"
      },
      "geometry": {
        "type": "Polygon",
        "coordinates": [
          [
            [
              2690.294,
              1462
            ],
            [
              2733.706,
              1462
            ],
            [
              2733.706,
              1513.072
            ],
            [
              2690.294,
              1513.072
            ],
            [
              2690.294,
              1462
            ]
          ]
        ]
      }
    },
    {
      "type": "Feature",
      "properties": {
        "id": "B-145",
        "name": "工坊生产楼 20",
        "zone": "工坊区",
        "frontageRoad": "W-01",
        "description": "工坊区沿街独立建筑。",
        "footprint": 1610.7,
        "scaleClass": "普通建筑",
        "layer": "buildings"
      },
      "geometry": {
        "type": "Polygon",
        "coordinates": [
          [
            [
              2687.741,
              1404.803
            ],
            [
              2736.259,
              1404.803
            ],
            [
              2736.259,
              1438
            ],
            [
              2687.741,
              1438
            ],
            [
              2687.741,
              1404.803
            ]
          ]
        ]
      }
    },
    {
      "type": "Feature",
      "properties": {
        "id": "B-146",
        "name": "工坊生产楼 21",
        "zone": "工坊区",
        "frontageRoad": "W-01",
        "description": "工坊区沿街独立建筑。",
        "footprint": 1492.7,
        "scaleClass": "普通建筑",
        "layer": "buildings"
      },
      "geometry": {
        "type": "Polygon",
        "coordinates": [
          [
            [
              2968.95,
              1462
            ],
            [
              3015.05,
              1462
            ],
            [
              3015.05,
              1494.379
            ],
            [
              2968.95,
              1494.379
            ],
            [
              2968.95,
              1462
            ]
          ]
        ]
      }
    },
    {
      "type": "Feature",
      "properties": {
        "id": "B-147",
        "name": "工坊生产楼 22",
        "zone": "工坊区",
        "frontageRoad": "W-01",
        "description": "工坊区沿街独立建筑。",
        "footprint": 1828.8,
        "scaleClass": "普通建筑",
        "layer": "buildings"
      },
      "geometry": {
        "type": "Polygon",
        "coordinates": [
          [
            [
              2966.755,
              1401.779
            ],
            [
              3017.245,
              1401.779
            ],
            [
              3017.245,
              1438
            ],
            [
              2966.755,
              1438
            ],
            [
              2966.755,
              1401.779
            ]
          ]
        ]
      }
    },
    {
      "type": "Feature",
      "properties": {
        "id": "B-148",
        "name": "外围服务楼 5",
        "zone": "郊野／外环",
        "frontageRoad": "M-V0",
        "description": "郊野／外环沿街独立建筑。",
        "footprint": 1539.3,
        "scaleClass": "普通建筑",
        "layer": "buildings"
      },
      "geometry": {
        "type": "Polygon",
        "coordinates": [
          [
            [
              2010.5,
              89.04
            ],
            [
              2010.5,
              134.96
            ],
            [
              1976.978,
              134.96
            ],
            [
              1976.978,
              89.04
            ],
            [
              2010.5,
              89.04
            ]
          ]
        ]
      }
    },
    {
      "type": "Feature",
      "properties": {
        "id": "B-149",
        "name": "外围服务楼 6",
        "zone": "郊野／外环",
        "frontageRoad": "M-V0",
        "description": "郊野／外环沿街独立建筑。",
        "footprint": 1821.9,
        "scaleClass": "普通建筑",
        "layer": "buildings"
      },
      "geometry": {
        "type": "Polygon",
        "coordinates": [
          [
            [
              2066.236,
              87.203
            ],
            [
              2066.236,
              136.797
            ],
            [
              2029.5,
              136.797
            ],
            [
              2029.5,
              87.203
            ],
            [
              2066.236,
              87.203
            ]
          ]
        ]
      }
    },
    {
      "type": "Feature",
      "properties": {
        "id": "B-150",
        "name": "城市商住楼 54",
        "zone": "市集区",
        "frontageRoad": "M-V0",
        "description": "市集区沿街独立建筑。",
        "footprint": 1065,
        "scaleClass": "普通建筑",
        "layer": "buildings"
      },
      "geometry": {
        "type": "Polygon",
        "coordinates": [
          [
            [
              2010.5,
              303.341
            ],
            [
              2010.5,
              340.659
            ],
            [
              1981.962,
              340.659
            ],
            [
              1981.962,
              303.341
            ],
            [
              2010.5,
              303.341
            ]
          ]
        ]
      }
    },
    {
      "type": "Feature",
      "properties": {
        "id": "B-151",
        "name": "城市商住楼 55",
        "zone": "市集区",
        "frontageRoad": "M-V0",
        "description": "市集区沿街独立建筑。",
        "footprint": 1350.5,
        "scaleClass": "普通建筑",
        "layer": "buildings"
      },
      "geometry": {
        "type": "Polygon",
        "coordinates": [
          [
            [
              2061.879,
              301.146
            ],
            [
              2061.879,
              342.854
            ],
            [
              2029.5,
              342.854
            ],
            [
              2029.5,
              301.146
            ],
            [
              2061.879,
              301.146
            ]
          ]
        ]
      }
    },
    {
      "type": "Feature",
      "properties": {
        "id": "B-152",
        "name": "城市商住楼 56",
        "zone": "市集区",
        "frontageRoad": "M-V0",
        "description": "市集区沿街独立建筑。",
        "footprint": 1669.7,
        "scaleClass": "普通建筑",
        "layer": "buildings"
      },
      "geometry": {
        "type": "Polygon",
        "coordinates": [
          [
            [
              2010.5,
              438.95
            ],
            [
              2010.5,
              485.05
            ],
            [
              1974.279,
              485.05
            ],
            [
              1974.279,
              438.95
            ],
            [
              2010.5,
              438.95
            ]
          ]
        ]
      }
    },
    {
      "type": "Feature",
      "properties": {
        "id": "B-153",
        "name": "城市商住楼 57",
        "zone": "市集区",
        "frontageRoad": "M-V0",
        "description": "市集区沿街独立建筑。",
        "footprint": 2022.7,
        "scaleClass": "普通建筑",
        "layer": "buildings"
      },
      "geometry": {
        "type": "Polygon",
        "coordinates": [
          [
            [
              2069.562,
              436.755
            ],
            [
              2069.562,
              487.245
            ],
            [
              2029.5,
              487.245
            ],
            [
              2029.5,
              436.755
            ],
            [
              2069.562,
              436.755
            ]
          ]
        ]
      }
    },
    {
      "type": "Feature",
      "properties": {
        "id": "B-154",
        "name": "城市商住楼 58",
        "zone": "市集区",
        "frontageRoad": "M-V0",
        "description": "市集区沿街独立建筑。",
        "footprint": 2409.5,
        "scaleClass": "普通建筑",
        "layer": "buildings"
      },
      "geometry": {
        "type": "Polygon",
        "coordinates": [
          [
            [
              2010.5,
              504.56
            ],
            [
              2010.5,
              559.44
            ],
            [
              1966.596,
              559.44
            ],
            [
              1966.596,
              504.56
            ],
            [
              2010.5,
              504.56
            ]
          ]
        ]
      }
    },
    {
      "type": "Feature",
      "properties": {
        "id": "B-155",
        "name": "城市商住楼 59",
        "zone": "市集区",
        "frontageRoad": "M-V0",
        "description": "市集区沿街独立建筑。",
        "footprint": 1691.4,
        "scaleClass": "普通建筑",
        "layer": "buildings"
      },
      "geometry": {
        "type": "Polygon",
        "coordinates": [
          [
            [
              2058.038,
              502.365
            ],
            [
              2058.038,
              561.635
            ],
            [
              2029.5,
              561.635
            ],
            [
              2029.5,
              502.365
            ],
            [
              2058.038,
              502.365
            ]
          ]
        ]
      }
    },
    {
      "type": "Feature",
      "properties": {
        "id": "B-156",
        "name": "城市商住楼 60",
        "zone": "市集区",
        "frontageRoad": "M-V0",
        "description": "市集区沿街独立建筑。",
        "footprint": 1635.1,
        "scaleClass": "普通建筑",
        "layer": "buildings"
      },
      "geometry": {
        "type": "Polygon",
        "coordinates": [
          [
            [
              2010.5,
              650.294
            ],
            [
              2010.5,
              693.706
            ],
            [
              1972.834,
              693.706
            ],
            [
              1972.834,
              650.294
            ],
            [
              2010.5,
              650.294
            ]
          ]
        ]
      }
    },
    {
      "type": "Feature",
      "properties": {
        "id": "B-157",
        "name": "城市商住楼 61",
        "zone": "市集区",
        "frontageRoad": "M-V0",
        "description": "市集区沿街独立建筑。",
        "footprint": 2044.3,
        "scaleClass": "普通建筑",
        "layer": "buildings"
      },
      "geometry": {
        "type": "Polygon",
        "coordinates": [
          [
            [
              2071.634,
              647.741
            ],
            [
              2071.634,
              696.259
            ],
            [
              2029.5,
              696.259
            ],
            [
              2029.5,
              647.741
            ],
            [
              2071.634,
              647.741
            ]
          ]
        ]
      }
    },
    {
      "type": "Feature",
      "properties": {
        "id": "B-158",
        "name": "城市商住楼 62",
        "zone": "市集区",
        "frontageRoad": "M-V0",
        "description": "市集区沿街独立建筑。",
        "footprint": 2499.1,
        "scaleClass": "普通建筑",
        "layer": "buildings"
      },
      "geometry": {
        "type": "Polygon",
        "coordinates": [
          [
            [
              2010.5,
              715.187
            ],
            [
              2010.5,
              768.813
            ],
            [
              1963.897,
              768.813
            ],
            [
              1963.897,
              715.187
            ],
            [
              2010.5,
              715.187
            ]
          ]
        ]
      }
    },
    {
      "type": "Feature",
      "properties": {
        "id": "B-159",
        "name": "城市商住楼 63",
        "zone": "市集区",
        "frontageRoad": "M-V0",
        "description": "市集区沿街独立建筑。",
        "footprint": 2999.6,
        "scaleClass": "普通建筑",
        "layer": "buildings"
      },
      "geometry": {
        "type": "Polygon",
        "coordinates": [
          [
            [
              2010.5,
              922.634
            ],
            [
              2010.5,
              981.366
            ],
            [
              1959.428,
              981.366
            ],
            [
              1959.428,
              922.634
            ],
            [
              2010.5,
              922.634
            ]
          ]
        ]
      }
    },
    {
      "type": "Feature",
      "properties": {
        "id": "B-160",
        "name": "城市商住楼 64",
        "zone": "市集区",
        "frontageRoad": "M-V0",
        "description": "市集区沿街独立建筑。",
        "footprint": 2119.3,
        "scaleClass": "普通建筑",
        "layer": "buildings"
      },
      "geometry": {
        "type": "Polygon",
        "coordinates": [
          [
            [
              2010.5,
              1130.08
            ],
            [
              2010.5,
              1193.92
            ],
            [
              1977.303,
              1193.92
            ],
            [
              1977.303,
              1130.08
            ],
            [
              2010.5,
              1130.08
            ]
          ]
        ]
      }
    },
    {
      "type": "Feature",
      "properties": {
        "id": "B-161",
        "name": "封存值守楼 1",
        "zone": "封存区",
        "frontageRoad": "W-V0",
        "description": "封存区沿街独立建筑。",
        "footprint": 2596.9,
        "scaleClass": "普通建筑",
        "layer": "buildings"
      },
      "geometry": {
        "type": "Polygon",
        "coordinates": [
          [
            [
              2170.5,
              1467.526
            ],
            [
              2170.5,
              1536.474
            ],
            [
              2132.834,
              1536.474
            ],
            [
              2132.834,
              1467.526
            ],
            [
              2170.5,
              1467.526
            ]
          ]
        ]
      }
    },
    {
      "type": "Feature",
      "properties": {
        "id": "B-162",
        "name": "封存值守楼 2",
        "zone": "封存区",
        "frontageRoad": "W-V0",
        "description": "封存区沿街独立建筑。",
        "footprint": 1829.1,
        "scaleClass": "普通建筑",
        "layer": "buildings"
      },
      "geometry": {
        "type": "Polygon",
        "coordinates": [
          [
            [
              2170.5,
              1550.294
            ],
            [
              2170.5,
              1593.706
            ],
            [
              2128.366,
              1593.706
            ],
            [
              2128.366,
              1550.294
            ],
            [
              2170.5,
              1550.294
            ]
          ]
        ]
      }
    },
    {
      "type": "Feature",
      "properties": {
        "id": "B-163",
        "name": "封存值守楼 3",
        "zone": "封存区",
        "frontageRoad": "W-V0",
        "description": "封存区沿街独立建筑。",
        "footprint": 1169.9,
        "scaleClass": "普通建筑",
        "layer": "buildings"
      },
      "geometry": {
        "type": "Polygon",
        "coordinates": [
          [
            [
              2170.5,
              2324.55
            ],
            [
              2170.5,
              2359.45
            ],
            [
              2136.978,
              2359.45
            ],
            [
              2136.978,
              2324.55
            ],
            [
              2170.5,
              2324.55
            ]
          ]
        ]
      }
    },
    {
      "type": "Feature",
      "properties": {
        "id": "B-164",
        "name": "学院教学附属楼 43",
        "zone": "教学区",
        "frontageRoad": "T-01",
        "description": "教学区沿街独立建筑。",
        "footprint": 1417,
        "scaleClass": "普通建筑",
        "layer": "buildings"
      },
      "geometry": {
        "type": "Polygon",
        "coordinates": [
          [
            [
              92.714,
              369
            ],
            [
              131.286,
              369
            ],
            [
              131.286,
              405.736
            ],
            [
              92.714,
              405.736
            ],
            [
              92.714,
              369
            ]
          ]
        ]
      }
    },
    {
      "type": "Feature",
      "properties": {
        "id": "B-165",
        "name": "学院教学附属楼 44",
        "zone": "教学区",
        "frontageRoad": "T-01",
        "description": "教学区沿街独立建筑。",
        "footprint": 1008.8,
        "scaleClass": "普通建筑",
        "layer": "buildings"
      },
      "geometry": {
        "type": "Polygon",
        "coordinates": [
          [
            [
              90.877,
              327.122
            ],
            [
              133.123,
              327.122
            ],
            [
              133.123,
              351
            ],
            [
              90.877,
              351
            ],
            [
              90.877,
              327.122
            ]
          ]
        ]
      }
    },
    {
      "type": "Feature",
      "properties": {
        "id": "B-166",
        "name": "学院教学附属楼 45",
        "zone": "教学区",
        "frontageRoad": "T-01",
        "description": "教学区沿街独立建筑。",
        "footprint": 1244.1,
        "scaleClass": "普通建筑",
        "layer": "buildings"
      },
      "geometry": {
        "type": "Polygon",
        "coordinates": [
          [
            [
              159.04,
              323.907
            ],
            [
              204.96,
              323.907
            ],
            [
              204.96,
              351
            ],
            [
              159.04,
              351
            ],
            [
              159.04,
              323.907
            ]
          ]
        ]
      }
    },
    {
      "type": "Feature",
      "properties": {
        "id": "B-167",
        "name": "学院教学附属楼 46",
        "zone": "教学区",
        "frontageRoad": "T-01",
        "description": "教学区沿街独立建筑。",
        "footprint": 1503,
        "scaleClass": "普通建筑",
        "layer": "buildings"
      },
      "geometry": {
        "type": "Polygon",
        "coordinates": [
          [
            [
              227.203,
              369
            ],
            [
              276.797,
              369
            ],
            [
              276.797,
              399.307
            ],
            [
              227.203,
              399.307
            ],
            [
              227.203,
              369
            ]
          ]
        ]
      }
    },
    {
      "type": "Feature",
      "properties": {
        "id": "B-168",
        "name": "学院教学附属楼 47",
        "zone": "教学区",
        "frontageRoad": "T-01",
        "description": "教学区沿街独立建筑。",
        "footprint": 1046.7,
        "scaleClass": "普通建筑",
        "layer": "buildings"
      },
      "geometry": {
        "type": "Polygon",
        "coordinates": [
          [
            [
              236.387,
              317.478
            ],
            [
              267.613,
              317.478
            ],
            [
              267.613,
              351
            ],
            [
              236.387,
              351
            ],
            [
              236.387,
              317.478
            ]
          ]
        ]
      }
    },
    {
      "type": "Feature",
      "properties": {
        "id": "B-169",
        "name": "学院教学附属楼 48",
        "zone": "教学区",
        "frontageRoad": "T-01",
        "description": "教学区沿街独立建筑。",
        "footprint": 1282.1,
        "scaleClass": "普通建筑",
        "layer": "buildings"
      },
      "geometry": {
        "type": "Polygon",
        "coordinates": [
          [
            [
              304.55,
              369
            ],
            [
              339.45,
              369
            ],
            [
              339.45,
              405.736
            ],
            [
              304.55,
              405.736
            ],
            [
              304.55,
              369
            ]
          ]
        ]
      }
    },
    {
      "type": "Feature",
      "properties": {
        "id": "B-170",
        "name": "学院教学附属楼 49",
        "zone": "教学区",
        "frontageRoad": "T-01",
        "description": "教学区沿街独立建筑。",
        "footprint": 921.1,
        "scaleClass": "普通建筑",
        "layer": "buildings"
      },
      "geometry": {
        "type": "Polygon",
        "coordinates": [
          [
            [
              302.714,
              327.122
            ],
            [
              341.286,
              327.122
            ],
            [
              341.286,
              351
            ],
            [
              302.714,
              351
            ],
            [
              302.714,
              327.122
            ]
          ]
        ]
      }
    },
    {
      "type": "Feature",
      "properties": {
        "id": "B-171",
        "name": "学院教学附属楼 50",
        "zone": "教学区",
        "frontageRoad": "T-01",
        "description": "教学区沿街独立建筑。",
        "footprint": 1634.8,
        "scaleClass": "普通建筑",
        "layer": "buildings"
      },
      "geometry": {
        "type": "Polygon",
        "coordinates": [
          [
            [
              436.755,
              369
            ],
            [
              487.245,
              369
            ],
            [
              487.245,
              401.379
            ],
            [
              436.755,
              401.379
            ],
            [
              436.755,
              369
            ]
          ]
        ]
      }
    },
    {
      "type": "Feature",
      "properties": {
        "id": "B-172",
        "name": "学院教学附属楼 51",
        "zone": "教学区",
        "frontageRoad": "T-01",
        "description": "教学区沿街独立建筑。",
        "footprint": 1987.8,
        "scaleClass": "普通建筑",
        "layer": "buildings"
      },
      "geometry": {
        "type": "Polygon",
        "coordinates": [
          [
            [
              434.56,
              314.779
            ],
            [
              489.44,
              314.779
            ],
            [
              489.44,
              351
            ],
            [
              434.56,
              351
            ],
            [
              434.56,
              314.779
            ]
          ]
        ]
      }
    },
    {
      "type": "Feature",
      "properties": {
        "id": "B-173",
        "name": "学院教学附属楼 52",
        "zone": "教学区",
        "frontageRoad": "T-01",
        "description": "教学区沿街独立建筑。",
        "footprint": 2374.5,
        "scaleClass": "普通建筑",
        "layer": "buildings"
      },
      "geometry": {
        "type": "Polygon",
        "coordinates": [
          [
            [
              502.365,
              310.938
            ],
            [
              561.635,
              310.938
            ],
            [
              561.635,
              351
            ],
            [
              502.365,
              351
            ],
            [
              502.365,
              310.938
            ]
          ]
        ]
      }
    },
    {
      "type": "Feature",
      "properties": {
        "id": "B-174",
        "name": "学院教学附属楼 53",
        "zone": "教学区",
        "frontageRoad": "T-01",
        "description": "教学区沿街独立建筑。",
        "footprint": 1638.4,
        "scaleClass": "普通建筑",
        "layer": "buildings"
      },
      "geometry": {
        "type": "Polygon",
        "coordinates": [
          [
            [
              583.341,
              369
            ],
            [
              620.659,
              369
            ],
            [
              620.659,
              412.904
            ],
            [
              583.341,
              412.904
            ],
            [
              583.341,
              369
            ]
          ]
        ]
      }
    },
    {
      "type": "Feature",
      "properties": {
        "id": "B-175",
        "name": "学院教学附属楼 54",
        "zone": "教学区",
        "frontageRoad": "T-01",
        "description": "教学区沿街独立建筑。",
        "footprint": 1190.3,
        "scaleClass": "普通建筑",
        "layer": "buildings"
      },
      "geometry": {
        "type": "Polygon",
        "coordinates": [
          [
            [
              581.146,
              322.462
            ],
            [
              622.854,
              322.462
            ],
            [
              622.854,
              351
            ],
            [
              581.146,
              351
            ],
            [
              581.146,
              322.462
            ]
          ]
        ]
      }
    },
    {
      "type": "Feature",
      "properties": {
        "id": "B-176",
        "name": "学院教学附属楼 55",
        "zone": "教学区",
        "frontageRoad": "T-01",
        "description": "教学区沿街独立建筑。",
        "footprint": 1492.7,
        "scaleClass": "普通建筑",
        "layer": "buildings"
      },
      "geometry": {
        "type": "Polygon",
        "coordinates": [
          [
            [
              648.95,
              369
            ],
            [
              695.05,
              369
            ],
            [
              695.05,
              401.379
            ],
            [
              648.95,
              401.379
            ],
            [
              648.95,
              369
            ]
          ]
        ]
      }
    },
    {
      "type": "Feature",
      "properties": {
        "id": "B-177",
        "name": "学院教学附属楼 56",
        "zone": "教学区",
        "frontageRoad": "T-01",
        "description": "教学区沿街独立建筑。",
        "footprint": 1828.8,
        "scaleClass": "普通建筑",
        "layer": "buildings"
      },
      "geometry": {
        "type": "Polygon",
        "coordinates": [
          [
            [
              646.755,
              314.779
            ],
            [
              697.245,
              314.779
            ],
            [
              697.245,
              351
            ],
            [
              646.755,
              351
            ],
            [
              646.755,
              314.779
            ]
          ]
        ]
      }
    },
    {
      "type": "Feature",
      "properties": {
        "id": "B-178",
        "name": "学院教学附属楼 57",
        "zone": "教学区",
        "frontageRoad": "T-01",
        "description": "教学区沿街独立建筑。",
        "footprint": 2198.6,
        "scaleClass": "普通建筑",
        "layer": "buildings"
      },
      "geometry": {
        "type": "Polygon",
        "coordinates": [
          [
            [
              784.56,
              369
            ],
            [
              839.44,
              369
            ],
            [
              839.44,
              409.062
            ],
            [
              784.56,
              409.062
            ],
            [
              784.56,
              369
            ]
          ]
        ]
      }
    },
    {
      "type": "Feature",
      "properties": {
        "id": "B-179",
        "name": "学院教学附属楼 58",
        "zone": "教学区",
        "frontageRoad": "T-01",
        "description": "教学区沿街独立建筑。",
        "footprint": 2602.2,
        "scaleClass": "普通建筑",
        "layer": "buildings"
      },
      "geometry": {
        "type": "Polygon",
        "coordinates": [
          [
            [
              782.365,
              307.096
            ],
            [
              841.635,
              307.096
            ],
            [
              841.635,
              351
            ],
            [
              782.365,
              351
            ],
            [
              782.365,
              307.096
            ]
          ]
        ]
      }
    },
    {
      "type": "Feature",
      "properties": {
        "id": "B-180",
        "name": "学院教学附属楼 59",
        "zone": "教学区",
        "frontageRoad": "T-01",
        "description": "教学区沿街独立建筑。",
        "footprint": 1065,
        "scaleClass": "普通建筑",
        "layer": "buildings"
      },
      "geometry": {
        "type": "Polygon",
        "coordinates": [
          [
            [
              863.341,
              369
            ],
            [
              900.659,
              369
            ],
            [
              900.659,
              397.538
            ],
            [
              863.341,
              397.538
            ],
            [
              863.341,
              369
            ]
          ]
        ]
      }
    },
    {
      "type": "Feature",
      "properties": {
        "id": "B-181",
        "name": "学院教学附属楼 60",
        "zone": "教学区",
        "frontageRoad": "T-01",
        "description": "教学区沿街独立建筑。",
        "footprint": 1350.5,
        "scaleClass": "普通建筑",
        "layer": "buildings"
      },
      "geometry": {
        "type": "Polygon",
        "coordinates": [
          [
            [
              861.146,
              318.621
            ],
            [
              902.854,
              318.621
            ],
            [
              902.854,
              351
            ],
            [
              861.146,
              351
            ],
            [
              861.146,
              318.621
            ]
          ]
        ]
      }
    },
    {
      "type": "Feature",
      "properties": {
        "id": "B-182",
        "name": "学院教学附属楼 61",
        "zone": "教学区",
        "frontageRoad": "T-01",
        "description": "教学区沿街独立建筑。",
        "footprint": 1669.7,
        "scaleClass": "普通建筑",
        "layer": "buildings"
      },
      "geometry": {
        "type": "Polygon",
        "coordinates": [
          [
            [
              928.95,
              369
            ],
            [
              975.05,
              369
            ],
            [
              975.05,
              405.221
            ],
            [
              928.95,
              405.221
            ],
            [
              928.95,
              369
            ]
          ]
        ]
      }
    },
    {
      "type": "Feature",
      "properties": {
        "id": "B-183",
        "name": "学院教学附属楼 62",
        "zone": "教学区",
        "frontageRoad": "T-01",
        "description": "教学区沿街独立建筑。",
        "footprint": 2022.7,
        "scaleClass": "普通建筑",
        "layer": "buildings"
      },
      "geometry": {
        "type": "Polygon",
        "coordinates": [
          [
            [
              926.755,
              310.938
            ],
            [
              977.245,
              310.938
            ],
            [
              977.245,
              351
            ],
            [
              926.755,
              351
            ],
            [
              926.755,
              310.938
            ]
          ]
        ]
      }
    },
    {
      "type": "Feature",
      "properties": {
        "id": "B-184",
        "name": "学院教学附属楼 63",
        "zone": "教学区",
        "frontageRoad": "T-01",
        "description": "教学区沿街独立建筑。",
        "footprint": 2409.5,
        "scaleClass": "普通建筑",
        "layer": "buildings"
      },
      "geometry": {
        "type": "Polygon",
        "coordinates": [
          [
            [
              994.56,
              369
            ],
            [
              1049.44,
              369
            ],
            [
              1049.44,
              412.904
            ],
            [
              994.56,
              412.904
            ],
            [
              994.56,
              369
            ]
          ]
        ]
      }
    },
    {
      "type": "Feature",
      "properties": {
        "id": "B-185",
        "name": "学院教学附属楼 64",
        "zone": "教学区",
        "frontageRoad": "T-01",
        "description": "教学区沿街独立建筑。",
        "footprint": 1691.4,
        "scaleClass": "普通建筑",
        "layer": "buildings"
      },
      "geometry": {
        "type": "Polygon",
        "coordinates": [
          [
            [
              992.365,
              322.462
            ],
            [
              1051.635,
              322.462
            ],
            [
              1051.635,
              351
            ],
            [
              992.365,
              351
            ],
            [
              992.365,
              322.462
            ]
          ]
        ]
      }
    },
    {
      "type": "Feature",
      "properties": {
        "id": "B-186",
        "name": "学院教学附属楼 65",
        "zone": "教学区",
        "frontageRoad": "T-01",
        "description": "教学区沿街独立建筑。",
        "footprint": 1208.3,
        "scaleClass": "普通建筑",
        "layer": "buildings"
      },
      "geometry": {
        "type": "Polygon",
        "coordinates": [
          [
            [
              1143.341,
              369
            ],
            [
              1180.659,
              369
            ],
            [
              1180.659,
              401.379
            ],
            [
              1143.341,
              401.379
            ],
            [
              1143.341,
              369
            ]
          ]
        ]
      }
    },
    {
      "type": "Feature",
      "properties": {
        "id": "B-187",
        "name": "学院教学附属楼 66",
        "zone": "教学区",
        "frontageRoad": "T-01",
        "description": "教学区沿街独立建筑。",
        "footprint": 1510.7,
        "scaleClass": "普通建筑",
        "layer": "buildings"
      },
      "geometry": {
        "type": "Polygon",
        "coordinates": [
          [
            [
              1211.146,
              314.779
            ],
            [
              1252.854,
              314.779
            ],
            [
              1252.854,
              351
            ],
            [
              1211.146,
              351
            ],
            [
              1211.146,
              314.779
            ]
          ]
        ]
      }
    },
    {
      "type": "Feature",
      "properties": {
        "id": "B-188",
        "name": "学院教学附属楼 67",
        "zone": "教学区",
        "frontageRoad": "T-01",
        "description": "教学区沿街独立建筑。",
        "footprint": 1846.8,
        "scaleClass": "普通建筑",
        "layer": "buildings"
      },
      "geometry": {
        "type": "Polygon",
        "coordinates": [
          [
            [
              1278.95,
              310.938
            ],
            [
              1325.05,
              310.938
            ],
            [
              1325.05,
              351
            ],
            [
              1278.95,
              351
            ],
            [
              1278.95,
              310.938
            ]
          ]
        ]
      }
    },
    {
      "type": "Feature",
      "properties": {
        "id": "B-189",
        "name": "学院教学附属楼 68",
        "zone": "教学区",
        "frontageRoad": "T-01",
        "description": "教学区沿街独立建筑。",
        "footprint": 2216.7,
        "scaleClass": "普通建筑",
        "layer": "buildings"
      },
      "geometry": {
        "type": "Polygon",
        "coordinates": [
          [
            [
              1346.755,
              307.096
            ],
            [
              1397.245,
              307.096
            ],
            [
              1397.245,
              351
            ],
            [
              1346.755,
              351
            ],
            [
              1346.755,
              307.096
            ]
          ]
        ]
      }
    },
    {
      "type": "Feature",
      "properties": {
        "id": "B-190",
        "name": "学院教学附属楼 69",
        "zone": "教学区",
        "frontageRoad": "T-03",
        "description": "教学区沿街独立建筑。",
        "footprint": 1566.1,
        "scaleClass": "普通建筑",
        "layer": "buildings"
      },
      "geometry": {
        "type": "Polygon",
        "coordinates": [
          [
            [
              224.56,
              1059
            ],
            [
              279.44,
              1059
            ],
            [
              279.44,
              1087.538
            ],
            [
              224.56,
              1087.538
            ],
            [
              224.56,
              1059
            ]
          ]
        ]
      }
    },
    {
      "type": "Feature",
      "properties": {
        "id": "B-191",
        "name": "学院教学附属楼 70",
        "zone": "教学区",
        "frontageRoad": "T-03",
        "description": "教学区沿街独立建筑。",
        "footprint": 1919.1,
        "scaleClass": "普通建筑",
        "layer": "buildings"
      },
      "geometry": {
        "type": "Polygon",
        "coordinates": [
          [
            [
              222.365,
              1008.621
            ],
            [
              281.635,
              1008.621
            ],
            [
              281.635,
              1041
            ],
            [
              222.365,
              1041
            ],
            [
              222.365,
              1008.621
            ]
          ]
        ]
      }
    },
    {
      "type": "Feature",
      "properties": {
        "id": "B-192",
        "name": "学院教学附属楼 71",
        "zone": "教学区",
        "frontageRoad": "T-03",
        "description": "教学区沿街独立建筑。",
        "footprint": 1351.7,
        "scaleClass": "普通建筑",
        "layer": "buildings"
      },
      "geometry": {
        "type": "Polygon",
        "coordinates": [
          [
            [
              303.341,
              1059
            ],
            [
              340.659,
              1059
            ],
            [
              340.659,
              1095.221
            ],
            [
              303.341,
              1095.221
            ],
            [
              303.341,
              1059
            ]
          ]
        ]
      }
    },
    {
      "type": "Feature",
      "properties": {
        "id": "B-193",
        "name": "学院教学附属楼 72",
        "zone": "教学区",
        "frontageRoad": "T-03",
        "description": "教学区沿街独立建筑。",
        "footprint": 1671,
        "scaleClass": "普通建筑",
        "layer": "buildings"
      },
      "geometry": {
        "type": "Polygon",
        "coordinates": [
          [
            [
              301.146,
              1000.938
            ],
            [
              342.854,
              1000.938
            ],
            [
              342.854,
              1041
            ],
            [
              301.146,
              1041
            ],
            [
              301.146,
              1000.938
            ]
          ]
        ]
      }
    },
    {
      "type": "Feature",
      "properties": {
        "id": "B-194",
        "name": "学院教学附属楼 73",
        "zone": "教学区",
        "frontageRoad": "T-03",
        "description": "教学区沿街独立建筑。",
        "footprint": 2023.9,
        "scaleClass": "普通建筑",
        "layer": "buildings"
      },
      "geometry": {
        "type": "Polygon",
        "coordinates": [
          [
            [
              368.95,
              1059
            ],
            [
              415.05,
              1059
            ],
            [
              415.05,
              1102.904
            ],
            [
              368.95,
              1102.904
            ],
            [
              368.95,
              1059
            ]
          ]
        ]
      }
    },
    {
      "type": "Feature",
      "properties": {
        "id": "B-195",
        "name": "学院教学附属楼 74",
        "zone": "教学区",
        "frontageRoad": "T-03",
        "description": "教学区沿街独立建筑。",
        "footprint": 1949.7,
        "scaleClass": "普通建筑",
        "layer": "buildings"
      },
      "geometry": {
        "type": "Polygon",
        "coordinates": [
          [
            [
              432.634,
              1059
            ],
            [
              491.366,
              1059
            ],
            [
              491.366,
              1092.197
            ],
            [
              432.634,
              1092.197
            ],
            [
              432.634,
              1059
            ]
          ]
        ]
      }
    },
    {
      "type": "Feature",
      "properties": {
        "id": "B-196",
        "name": "学院教学附属楼 75",
        "zone": "教学区",
        "frontageRoad": "T-03",
        "description": "教学区沿街独立建筑。",
        "footprint": 2404.6,
        "scaleClass": "普通建筑",
        "layer": "buildings"
      },
      "geometry": {
        "type": "Polygon",
        "coordinates": [
          [
            [
              430.08,
              1003.334
            ],
            [
              493.92,
              1003.334
            ],
            [
              493.92,
              1041
            ],
            [
              430.08,
              1041
            ],
            [
              430.08,
              1003.334
            ]
          ]
        ]
      }
    },
    {
      "type": "Feature",
      "properties": {
        "id": "B-197",
        "name": "学院教学附属楼 76",
        "zone": "教学区",
        "frontageRoad": "T-03",
        "description": "教学区沿街独立建筑。",
        "footprint": 2905,
        "scaleClass": "普通建筑",
        "layer": "buildings"
      },
      "geometry": {
        "type": "Polygon",
        "coordinates": [
          [
            [
              637.526,
              1059
            ],
            [
              706.474,
              1059
            ],
            [
              706.474,
              1101.134
            ],
            [
              637.526,
              1101.134
            ],
            [
              637.526,
              1059
            ]
          ]
        ]
      }
    },
    {
      "type": "Feature",
      "properties": {
        "id": "B-198",
        "name": "学院教学附属楼 77",
        "zone": "教学区",
        "frontageRoad": "T-03",
        "description": "教学区沿街独立建筑。",
        "footprint": 2023.1,
        "scaleClass": "普通建筑",
        "layer": "buildings"
      },
      "geometry": {
        "type": "Polygon",
        "coordinates": [
          [
            [
              650.294,
              994.397
            ],
            [
              693.706,
              994.397
            ],
            [
              693.706,
              1041
            ],
            [
              650.294,
              1041
            ],
            [
              650.294,
              994.397
            ]
          ]
        ]
      }
    },
    {
      "type": "Feature",
      "properties": {
        "id": "B-199",
        "name": "学院教学附属楼 78",
        "zone": "教学区",
        "frontageRoad": "T-03",
        "description": "教学区沿街独立建筑。",
        "footprint": 2477.9,
        "scaleClass": "普通建筑",
        "layer": "buildings"
      },
      "geometry": {
        "type": "Polygon",
        "coordinates": [
          [
            [
              787.741,
              1059
            ],
            [
              836.259,
              1059
            ],
            [
              836.259,
              1110.072
            ],
            [
              787.741,
              1110.072
            ],
            [
              787.741,
              1059
            ]
          ]
        ]
      }
    },
    {
      "type": "Feature",
      "properties": {
        "id": "B-200",
        "name": "学院教学附属楼 79",
        "zone": "教学区",
        "frontageRoad": "T-03",
        "description": "教学区沿街独立建筑。",
        "footprint": 1780.2,
        "scaleClass": "普通建筑",
        "layer": "buildings"
      },
      "geometry": {
        "type": "Polygon",
        "coordinates": [
          [
            [
              785.187,
              1007.803
            ],
            [
              838.813,
              1007.803
            ],
            [
              838.813,
              1041
            ],
            [
              785.187,
              1041
            ],
            [
              785.187,
              1007.803
            ]
          ]
        ]
      }
    },
    {
      "type": "Feature",
      "properties": {
        "id": "B-201",
        "name": "学院教学附属楼 80",
        "zone": "教学区",
        "frontageRoad": "T-03",
        "description": "教学区沿街独立建筑。",
        "footprint": 2212.2,
        "scaleClass": "普通建筑",
        "layer": "buildings"
      },
      "geometry": {
        "type": "Polygon",
        "coordinates": [
          [
            [
              852.634,
              1059
            ],
            [
              911.366,
              1059
            ],
            [
              911.366,
              1096.666
            ],
            [
              852.634,
              1096.666
            ],
            [
              852.634,
              1059
            ]
          ]
        ]
      }
    },
    {
      "type": "Feature",
      "properties": {
        "id": "B-202",
        "name": "学院教学附属楼 81",
        "zone": "教学区",
        "frontageRoad": "T-03",
        "description": "教学区沿街独立建筑。",
        "footprint": 2689.9,
        "scaleClass": "普通建筑",
        "layer": "buildings"
      },
      "geometry": {
        "type": "Polygon",
        "coordinates": [
          [
            [
              850.08,
              998.866
            ],
            [
              913.92,
              998.866
            ],
            [
              913.92,
              1041
            ],
            [
              850.08,
              1041
            ],
            [
              850.08,
              998.866
            ]
          ]
        ]
      }
    },
    {
      "type": "Feature",
      "properties": {
        "id": "B-203",
        "name": "学院教学附属楼 82",
        "zone": "教学区",
        "frontageRoad": "T-03",
        "description": "教学区沿街独立建筑。",
        "footprint": 3213.2,
        "scaleClass": "普通建筑",
        "layer": "buildings"
      },
      "geometry": {
        "type": "Polygon",
        "coordinates": [
          [
            [
              917.526,
              1059
            ],
            [
              986.474,
              1059
            ],
            [
              986.474,
              1105.603
            ],
            [
              917.526,
              1105.603
            ],
            [
              917.526,
              1059
            ]
          ]
        ]
      }
    },
    {
      "type": "Feature",
      "properties": {
        "id": "B-204",
        "name": "学院教学附属楼 83",
        "zone": "教学区",
        "frontageRoad": "T-03",
        "description": "教学区沿街独立建筑。",
        "footprint": 2217.1,
        "scaleClass": "普通建筑",
        "layer": "buildings"
      },
      "geometry": {
        "type": "Polygon",
        "coordinates": [
          [
            [
              930.294,
              989.928
            ],
            [
              973.706,
              989.928
            ],
            [
              973.706,
              1041
            ],
            [
              930.294,
              1041
            ],
            [
              930.294,
              989.928
            ]
          ]
        ]
      }
    },
    {
      "type": "Feature",
      "properties": {
        "id": "B-205",
        "name": "学院教学附属楼 84",
        "zone": "教学区",
        "frontageRoad": "T-03",
        "description": "教学区沿街独立建筑。",
        "footprint": 1610.7,
        "scaleClass": "普通建筑",
        "layer": "buildings"
      },
      "geometry": {
        "type": "Polygon",
        "coordinates": [
          [
            [
              997.741,
              1059
            ],
            [
              1046.259,
              1059
            ],
            [
              1046.259,
              1092.197
            ],
            [
              997.741,
              1092.197
            ],
            [
              997.741,
              1059
            ]
          ]
        ]
      }
    },
    {
      "type": "Feature",
      "properties": {
        "id": "B-206",
        "name": "学院教学附属楼 85",
        "zone": "教学区",
        "frontageRoad": "T-04",
        "description": "教学区沿街独立建筑。",
        "footprint": 1492.7,
        "scaleClass": "普通建筑",
        "layer": "buildings"
      },
      "geometry": {
        "type": "Polygon",
        "coordinates": [
          [
            [
              378.95,
              508.5
            ],
            [
              425.05,
              508.5
            ],
            [
              425.05,
              540.879
            ],
            [
              378.95,
              540.879
            ],
            [
              378.95,
              508.5
            ]
          ]
        ]
      }
    },
    {
      "type": "Feature",
      "properties": {
        "id": "B-207",
        "name": "学院教学附属楼 86",
        "zone": "教学区",
        "frontageRoad": "T-04",
        "description": "教学区沿街独立建筑。",
        "footprint": 1828.8,
        "scaleClass": "普通建筑",
        "layer": "buildings"
      },
      "geometry": {
        "type": "Polygon",
        "coordinates": [
          [
            [
              376.755,
              455.279
            ],
            [
              427.245,
              455.279
            ],
            [
              427.245,
              491.5
            ],
            [
              376.755,
              491.5
            ],
            [
              376.755,
              455.279
            ]
          ]
        ]
      }
    },
    {
      "type": "Feature",
      "properties": {
        "id": "B-208",
        "name": "学院教学附属楼 87",
        "zone": "教学区",
        "frontageRoad": "T-04",
        "description": "教学区沿街独立建筑。",
        "footprint": 2198.6,
        "scaleClass": "普通建筑",
        "layer": "buildings"
      },
      "geometry": {
        "type": "Polygon",
        "coordinates": [
          [
            [
              444.56,
              508.5
            ],
            [
              499.44,
              508.5
            ],
            [
              499.44,
              548.562
            ],
            [
              444.56,
              548.562
            ],
            [
              444.56,
              508.5
            ]
          ]
        ]
      }
    },
    {
      "type": "Feature",
      "properties": {
        "id": "B-209",
        "name": "学院教学附属楼 88",
        "zone": "教学区",
        "frontageRoad": "T-04",
        "description": "教学区沿街独立建筑。",
        "footprint": 2602.2,
        "scaleClass": "普通建筑",
        "layer": "buildings"
      },
      "geometry": {
        "type": "Polygon",
        "coordinates": [
          [
            [
              442.365,
              447.596
            ],
            [
              501.635,
              447.596
            ],
            [
              501.635,
              491.5
            ],
            [
              442.365,
              491.5
            ],
            [
              442.365,
              447.596
            ]
          ]
        ]
      }
    },
    {
      "type": "Feature",
      "properties": {
        "id": "B-210",
        "name": "学院教学附属楼 89",
        "zone": "教学区",
        "frontageRoad": "T-04",
        "description": "教学区沿街独立建筑。",
        "footprint": 1065,
        "scaleClass": "普通建筑",
        "layer": "buildings"
      },
      "geometry": {
        "type": "Polygon",
        "coordinates": [
          [
            [
              593.341,
              462.962
            ],
            [
              630.659,
              462.962
            ],
            [
              630.659,
              491.5
            ],
            [
              593.341,
              491.5
            ],
            [
              593.341,
              462.962
            ]
          ]
        ]
      }
    },
    {
      "type": "Feature",
      "properties": {
        "id": "B-211",
        "name": "学院教学附属楼 90",
        "zone": "教学区",
        "frontageRoad": "T-04",
        "description": "教学区沿街独立建筑。",
        "footprint": 1350.5,
        "scaleClass": "普通建筑",
        "layer": "buildings"
      },
      "geometry": {
        "type": "Polygon",
        "coordinates": [
          [
            [
              661.146,
              459.121
            ],
            [
              702.854,
              459.121
            ],
            [
              702.854,
              491.5
            ],
            [
              661.146,
              491.5
            ],
            [
              661.146,
              459.121
            ]
          ]
        ]
      }
    },
    {
      "type": "Feature",
      "properties": {
        "id": "B-212",
        "name": "学院教学附属楼 91",
        "zone": "教学区",
        "frontageRoad": "T-04",
        "description": "教学区沿街独立建筑。",
        "footprint": 1669.7,
        "scaleClass": "普通建筑",
        "layer": "buildings"
      },
      "geometry": {
        "type": "Polygon",
        "coordinates": [
          [
            [
              798.95,
              508.5
            ],
            [
              845.05,
              508.5
            ],
            [
              845.05,
              544.721
            ],
            [
              798.95,
              544.721
            ],
            [
              798.95,
              508.5
            ]
          ]
        ]
      }
    },
    {
      "type": "Feature",
      "properties": {
        "id": "B-213",
        "name": "学院教学附属楼 92",
        "zone": "教学区",
        "frontageRoad": "T-04",
        "description": "教学区沿街独立建筑。",
        "footprint": 2022.7,
        "scaleClass": "普通建筑",
        "layer": "buildings"
      },
      "geometry": {
        "type": "Polygon",
        "coordinates": [
          [
            [
              796.755,
              451.438
            ],
            [
              847.245,
              451.438
            ],
            [
              847.245,
              491.5
            ],
            [
              796.755,
              491.5
            ],
            [
              796.755,
              451.438
            ]
          ]
        ]
      }
    },
    {
      "type": "Feature",
      "properties": {
        "id": "B-214",
        "name": "学院教学附属楼 93",
        "zone": "教学区",
        "frontageRoad": "T-04",
        "description": "教学区沿街独立建筑。",
        "footprint": 2409.5,
        "scaleClass": "普通建筑",
        "layer": "buildings"
      },
      "geometry": {
        "type": "Polygon",
        "coordinates": [
          [
            [
              864.56,
              508.5
            ],
            [
              919.44,
              508.5
            ],
            [
              919.44,
              552.404
            ],
            [
              864.56,
              552.404
            ],
            [
              864.56,
              508.5
            ]
          ]
        ]
      }
    },
    {
      "type": "Feature",
      "properties": {
        "id": "B-215",
        "name": "学院教学附属楼 94",
        "zone": "教学区",
        "frontageRoad": "T-04",
        "description": "教学区沿街独立建筑。",
        "footprint": 1691.4,
        "scaleClass": "普通建筑",
        "layer": "buildings"
      },
      "geometry": {
        "type": "Polygon",
        "coordinates": [
          [
            [
              862.365,
              462.962
            ],
            [
              921.635,
              462.962
            ],
            [
              921.635,
              491.5
            ],
            [
              862.365,
              491.5
            ],
            [
              862.365,
              462.962
            ]
          ]
        ]
      }
    },
    {
      "type": "Feature",
      "properties": {
        "id": "B-216",
        "name": "学院教学附属楼 95",
        "zone": "教学区",
        "frontageRoad": "T-04",
        "description": "教学区沿街独立建筑。",
        "footprint": 1208.3,
        "scaleClass": "普通建筑",
        "layer": "buildings"
      },
      "geometry": {
        "type": "Polygon",
        "coordinates": [
          [
            [
              943.341,
              508.5
            ],
            [
              980.659,
              508.5
            ],
            [
              980.659,
              540.879
            ],
            [
              943.341,
              540.879
            ],
            [
              943.341,
              508.5
            ]
          ]
        ]
      }
    },
    {
      "type": "Feature",
      "properties": {
        "id": "B-217",
        "name": "学院教学附属楼 96",
        "zone": "教学区",
        "frontageRoad": "T-04",
        "description": "教学区沿街独立建筑。",
        "footprint": 1510.7,
        "scaleClass": "普通建筑",
        "layer": "buildings"
      },
      "geometry": {
        "type": "Polygon",
        "coordinates": [
          [
            [
              941.146,
              455.279
            ],
            [
              982.854,
              455.279
            ],
            [
              982.854,
              491.5
            ],
            [
              941.146,
              491.5
            ],
            [
              941.146,
              455.279
            ]
          ]
        ]
      }
    },
    {
      "type": "Feature",
      "properties": {
        "id": "B-218",
        "name": "学院教学附属楼 97",
        "zone": "教学区",
        "frontageRoad": "T-04",
        "description": "教学区沿街独立建筑。",
        "footprint": 1846.8,
        "scaleClass": "普通建筑",
        "layer": "buildings"
      },
      "geometry": {
        "type": "Polygon",
        "coordinates": [
          [
            [
              1008.95,
              508.5
            ],
            [
              1055.05,
              508.5
            ],
            [
              1055.05,
              548.562
            ],
            [
              1008.95,
              548.562
            ],
            [
              1008.95,
              508.5
            ]
          ]
        ]
      }
    },
    {
      "type": "Feature",
      "properties": {
        "id": "B-219",
        "name": "学院教学附属楼 98",
        "zone": "教学区",
        "frontageRoad": "T-04",
        "description": "教学区沿街独立建筑。",
        "footprint": 2216.7,
        "scaleClass": "普通建筑",
        "layer": "buildings"
      },
      "geometry": {
        "type": "Polygon",
        "coordinates": [
          [
            [
              1006.755,
              447.596
            ],
            [
              1057.245,
              447.596
            ],
            [
              1057.245,
              491.5
            ],
            [
              1006.755,
              491.5
            ],
            [
              1006.755,
              447.596
            ]
          ]
        ]
      }
    },
    {
      "type": "Feature",
      "properties": {
        "id": "B-220",
        "name": "学院教学附属楼 99",
        "zone": "教学区",
        "frontageRoad": "T-V1",
        "description": "教学区沿街独立建筑。",
        "footprint": 1566.1,
        "scaleClass": "普通建筑",
        "layer": "buildings"
      },
      "geometry": {
        "type": "Polygon",
        "coordinates": [
          [
            [
              551.5,
              374.56
            ],
            [
              551.5,
              429.44
            ],
            [
              522.962,
              429.44
            ],
            [
              522.962,
              374.56
            ],
            [
              551.5,
              374.56
            ]
          ]
        ]
      }
    },
    {
      "type": "Feature",
      "properties": {
        "id": "B-221",
        "name": "学院教学附属楼 100",
        "zone": "教学区",
        "frontageRoad": "T-V1",
        "description": "教学区沿街独立建筑。",
        "footprint": 1919.1,
        "scaleClass": "普通建筑",
        "layer": "buildings"
      },
      "geometry": {
        "type": "Polygon",
        "coordinates": [
          [
            [
              551.5,
              512.365
            ],
            [
              551.5,
              571.635
            ],
            [
              519.121,
              571.635
            ],
            [
              519.121,
              512.365
            ],
            [
              551.5,
              512.365
            ]
          ]
        ]
      }
    },
    {
      "type": "Feature",
      "properties": {
        "id": "B-222",
        "name": "学院教学附属楼 101",
        "zone": "教学区",
        "frontageRoad": "T-V1",
        "description": "教学区沿街独立建筑。",
        "footprint": 1351.7,
        "scaleClass": "普通建筑",
        "layer": "buildings"
      },
      "geometry": {
        "type": "Polygon",
        "coordinates": [
          [
            [
              551.5,
              663.341
            ],
            [
              551.5,
              700.659
            ],
            [
              515.279,
              700.659
            ],
            [
              515.279,
              663.341
            ],
            [
              551.5,
              663.341
            ]
          ]
        ]
      }
    },
    {
      "type": "Feature",
      "properties": {
        "id": "B-223",
        "name": "学院教学附属楼 102",
        "zone": "教学区",
        "frontageRoad": "T-V1",
        "description": "教学区沿街独立建筑。",
        "footprint": 1671,
        "scaleClass": "普通建筑",
        "layer": "buildings"
      },
      "geometry": {
        "type": "Polygon",
        "coordinates": [
          [
            [
              551.5,
              731.146
            ],
            [
              551.5,
              772.854
            ],
            [
              511.438,
              772.854
            ],
            [
              511.438,
              731.146
            ],
            [
              551.5,
              731.146
            ]
          ]
        ]
      }
    },
    {
      "type": "Feature",
      "properties": {
        "id": "B-224",
        "name": "学院教学附属楼 103",
        "zone": "教学区",
        "frontageRoad": "T-V1",
        "description": "教学区沿街独立建筑。",
        "footprint": 2738.8,
        "scaleClass": "普通建筑",
        "layer": "buildings"
      },
      "geometry": {
        "type": "Polygon",
        "coordinates": [
          [
            [
              551.5,
              865.187
            ],
            [
              551.5,
              918.813
            ],
            [
              500.428,
              918.813
            ],
            [
              500.428,
              865.187
            ],
            [
              551.5,
              865.187
            ]
          ]
        ]
      }
    },
    {
      "type": "Feature",
      "properties": {
        "id": "B-225",
        "name": "学院教学附属楼 104",
        "zone": "教学区",
        "frontageRoad": "T-V1",
        "description": "教学区沿街独立建筑。",
        "footprint": 1949.7,
        "scaleClass": "普通建筑",
        "layer": "buildings"
      },
      "geometry": {
        "type": "Polygon",
        "coordinates": [
          [
            [
              551.5,
              932.634
            ],
            [
              551.5,
              991.366
            ],
            [
              518.303,
              991.366
            ],
            [
              518.303,
              932.634
            ],
            [
              551.5,
              932.634
            ]
          ]
        ]
      }
    },
    {
      "type": "Feature",
      "properties": {
        "id": "B-226",
        "name": "学院教学附属楼 105",
        "zone": "教学区",
        "frontageRoad": "T-V1",
        "description": "教学区沿街独立建筑。",
        "footprint": 2404.6,
        "scaleClass": "普通建筑",
        "layer": "buildings"
      },
      "geometry": {
        "type": "Polygon",
        "coordinates": [
          [
            [
              551.5,
              1070.08
            ],
            [
              551.5,
              1133.92
            ],
            [
              513.834,
              1133.92
            ],
            [
              513.834,
              1070.08
            ],
            [
              551.5,
              1070.08
            ]
          ]
        ]
      }
    },
    {
      "type": "Feature",
      "properties": {
        "id": "B-227",
        "name": "学院教学附属楼 106",
        "zone": "教学区",
        "frontageRoad": "T-V1",
        "description": "教学区沿街独立建筑。",
        "footprint": 2905,
        "scaleClass": "普通建筑",
        "layer": "buildings"
      },
      "geometry": {
        "type": "Polygon",
        "coordinates": [
          [
            [
              551.5,
              1137.526
            ],
            [
              551.5,
              1206.474
            ],
            [
              509.366,
              1206.474
            ],
            [
              509.366,
              1137.526
            ],
            [
              551.5,
              1137.526
            ]
          ]
        ]
      }
    },
    {
      "type": "Feature",
      "properties": {
        "id": "B-228",
        "name": "学院教学附属楼 107",
        "zone": "教学区",
        "frontageRoad": "T-V2",
        "description": "教学区沿街独立建筑。",
        "footprint": 1495.1,
        "scaleClass": "普通建筑",
        "layer": "buildings"
      },
      "geometry": {
        "type": "Polygon",
        "coordinates": [
          [
            [
              1241.5,
              383.341
            ],
            [
              1241.5,
              420.659
            ],
            [
              1201.438,
              420.659
            ],
            [
              1201.438,
              383.341
            ],
            [
              1241.5,
              383.341
            ]
          ]
        ]
      }
    },
    {
      "type": "Feature",
      "properties": {
        "id": "B-229",
        "name": "学院教学附属楼 108",
        "zone": "教学区",
        "frontageRoad": "T-V2",
        "description": "教学区沿街独立建筑。",
        "footprint": 1831.2,
        "scaleClass": "普通建筑",
        "layer": "buildings"
      },
      "geometry": {
        "type": "Polygon",
        "coordinates": [
          [
            [
              1241.5,
              451.146
            ],
            [
              1241.5,
              492.854
            ],
            [
              1197.596,
              492.854
            ],
            [
              1197.596,
              451.146
            ],
            [
              1241.5,
              451.146
            ]
          ]
        ]
      }
    },
    {
      "type": "Feature",
      "properties": {
        "id": "B-230",
        "name": "学院教学附属楼 109",
        "zone": "教学区",
        "frontageRoad": "T-V2",
        "description": "教学区沿街独立建筑。",
        "footprint": 1315.6,
        "scaleClass": "普通建筑",
        "layer": "buildings"
      },
      "geometry": {
        "type": "Polygon",
        "coordinates": [
          [
            [
              1241.5,
              518.95
            ],
            [
              1241.5,
              565.05
            ],
            [
              1212.962,
              565.05
            ],
            [
              1212.962,
              518.95
            ],
            [
              1241.5,
              518.95
            ]
          ]
        ]
      }
    },
    {
      "type": "Feature",
      "properties": {
        "id": "B-231",
        "name": "学院教学附属楼 110",
        "zone": "教学区",
        "frontageRoad": "T-V2",
        "description": "教学区沿街独立建筑。",
        "footprint": 1634.8,
        "scaleClass": "普通建筑",
        "layer": "buildings"
      },
      "geometry": {
        "type": "Polygon",
        "coordinates": [
          [
            [
              1290.879,
              516.755
            ],
            [
              1290.879,
              567.245
            ],
            [
              1258.5,
              567.245
            ],
            [
              1258.5,
              516.755
            ],
            [
              1290.879,
              516.755
            ]
          ]
        ]
      }
    },
    {
      "type": "Feature",
      "properties": {
        "id": "B-232",
        "name": "学院教学附属楼 111",
        "zone": "教学区",
        "frontageRoad": "T-V2",
        "description": "教学区沿街独立建筑。",
        "footprint": 2689.9,
        "scaleClass": "普通建筑",
        "layer": "buildings"
      },
      "geometry": {
        "type": "Polygon",
        "coordinates": [
          [
            [
              1241.5,
              650.08
            ],
            [
              1241.5,
              713.92
            ],
            [
              1199.366,
              713.92
            ],
            [
              1199.366,
              650.08
            ],
            [
              1241.5,
              650.08
            ]
          ]
        ]
      }
    },
    {
      "type": "Feature",
      "properties": {
        "id": "B-233",
        "name": "学院教学附属楼 112",
        "zone": "教学区",
        "frontageRoad": "T-V2",
        "description": "教学区沿街独立建筑。",
        "footprint": 3213.2,
        "scaleClass": "普通建筑",
        "layer": "buildings"
      },
      "geometry": {
        "type": "Polygon",
        "coordinates": [
          [
            [
              1305.103,
              647.526
            ],
            [
              1305.103,
              716.474
            ],
            [
              1258.5,
              716.474
            ],
            [
              1258.5,
              647.526
            ],
            [
              1305.103,
              647.526
            ]
          ]
        ]
      }
    },
    {
      "type": "Feature",
      "properties": {
        "id": "B-234",
        "name": "学院教学附属楼 113",
        "zone": "教学区",
        "frontageRoad": "T-V2",
        "description": "教学区沿街独立建筑。",
        "footprint": 2217.1,
        "scaleClass": "普通建筑",
        "layer": "buildings"
      },
      "geometry": {
        "type": "Polygon",
        "coordinates": [
          [
            [
              1241.5,
              730.294
            ],
            [
              1241.5,
              773.706
            ],
            [
              1190.428,
              773.706
            ],
            [
              1190.428,
              730.294
            ],
            [
              1241.5,
              730.294
            ]
          ]
        ]
      }
    },
    {
      "type": "Feature",
      "properties": {
        "id": "B-235",
        "name": "学院教学附属楼 114",
        "zone": "教学区",
        "frontageRoad": "T-V2",
        "description": "教学区沿街独立建筑。",
        "footprint": 1610.7,
        "scaleClass": "普通建筑",
        "layer": "buildings"
      },
      "geometry": {
        "type": "Polygon",
        "coordinates": [
          [
            [
              1241.5,
              867.741
            ],
            [
              1241.5,
              916.259
            ],
            [
              1208.303,
              916.259
            ],
            [
              1208.303,
              867.741
            ],
            [
              1241.5,
              867.741
            ]
          ]
        ]
      }
    },
    {
      "type": "Feature",
      "properties": {
        "id": "B-236",
        "name": "学院教学附属楼 115",
        "zone": "教学区",
        "frontageRoad": "T-V2",
        "description": "教学区沿街独立建筑。",
        "footprint": 2019.8,
        "scaleClass": "普通建筑",
        "layer": "buildings"
      },
      "geometry": {
        "type": "Polygon",
        "coordinates": [
          [
            [
              1241.5,
              935.187
            ],
            [
              1241.5,
              988.813
            ],
            [
              1203.834,
              988.813
            ],
            [
              1203.834,
              935.187
            ],
            [
              1241.5,
              935.187
            ]
          ]
        ]
      }
    },
    {
      "type": "Feature",
      "properties": {
        "id": "B-237",
        "name": "城邦生活街屋 27",
        "zone": "生活区",
        "frontageRoad": "L-02",
        "description": "生活区沿街独立建筑。",
        "footprint": 1280.4,
        "scaleClass": "普通建筑",
        "layer": "buildings"
      },
      "geometry": {
        "type": "Polygon",
        "coordinates": [
          [
            [
              90.877,
              1769
            ],
            [
              133.123,
              1769
            ],
            [
              133.123,
              1799.307
            ],
            [
              90.877,
              1799.307
            ],
            [
              90.877,
              1769
            ]
          ]
        ]
      }
    },
    {
      "type": "Feature",
      "properties": {
        "id": "B-238",
        "name": "城邦生活街屋 28",
        "zone": "生活区",
        "frontageRoad": "L-02",
        "description": "生活区沿街独立建筑。",
        "footprint": 2198.6,
        "scaleClass": "普通建筑",
        "layer": "buildings"
      },
      "geometry": {
        "type": "Polygon",
        "coordinates": [
          [
            [
              154.56,
              1769
            ],
            [
              209.44,
              1769
            ],
            [
              209.44,
              1809.062
            ],
            [
              154.56,
              1809.062
            ],
            [
              154.56,
              1769
            ]
          ]
        ]
      }
    },
    {
      "type": "Feature",
      "properties": {
        "id": "B-239",
        "name": "城邦生活街屋 29",
        "zone": "生活区",
        "frontageRoad": "L-02",
        "description": "生活区沿街独立建筑。",
        "footprint": 2602.2,
        "scaleClass": "普通建筑",
        "layer": "buildings"
      },
      "geometry": {
        "type": "Polygon",
        "coordinates": [
          [
            [
              152.365,
              1707.096
            ],
            [
              211.635,
              1707.096
            ],
            [
              211.635,
              1751
            ],
            [
              152.365,
              1751
            ],
            [
              152.365,
              1707.096
            ]
          ]
        ]
      }
    },
    {
      "type": "Feature",
      "properties": {
        "id": "B-240",
        "name": "城邦生活街屋 30",
        "zone": "生活区",
        "frontageRoad": "L-02",
        "description": "生活区沿街独立建筑。",
        "footprint": 1065,
        "scaleClass": "普通建筑",
        "layer": "buildings"
      },
      "geometry": {
        "type": "Polygon",
        "coordinates": [
          [
            [
              233.341,
              1769
            ],
            [
              270.659,
              1769
            ],
            [
              270.659,
              1797.538
            ],
            [
              233.341,
              1797.538
            ],
            [
              233.341,
              1769
            ]
          ]
        ]
      }
    },
    {
      "type": "Feature",
      "properties": {
        "id": "B-241",
        "name": "城邦生活街屋 31",
        "zone": "生活区",
        "frontageRoad": "L-02",
        "description": "生活区沿街独立建筑。",
        "footprint": 1350.5,
        "scaleClass": "普通建筑",
        "layer": "buildings"
      },
      "geometry": {
        "type": "Polygon",
        "coordinates": [
          [
            [
              231.146,
              1718.621
            ],
            [
              272.854,
              1718.621
            ],
            [
              272.854,
              1751
            ],
            [
              231.146,
              1751
            ],
            [
              231.146,
              1718.621
            ]
          ]
        ]
      }
    },
    {
      "type": "Feature",
      "properties": {
        "id": "B-242",
        "name": "城邦生活街屋 32",
        "zone": "生活区",
        "frontageRoad": "L-02",
        "description": "生活区沿街独立建筑。",
        "footprint": 1669.7,
        "scaleClass": "普通建筑",
        "layer": "buildings"
      },
      "geometry": {
        "type": "Polygon",
        "coordinates": [
          [
            [
              298.95,
              1769
            ],
            [
              345.05,
              1769
            ],
            [
              345.05,
              1805.221
            ],
            [
              298.95,
              1805.221
            ],
            [
              298.95,
              1769
            ]
          ]
        ]
      }
    },
    {
      "type": "Feature",
      "properties": {
        "id": "B-243",
        "name": "城邦生活街屋 33",
        "zone": "生活区",
        "frontageRoad": "L-02",
        "description": "生活区沿街独立建筑。",
        "footprint": 2022.7,
        "scaleClass": "普通建筑",
        "layer": "buildings"
      },
      "geometry": {
        "type": "Polygon",
        "coordinates": [
          [
            [
              296.755,
              1710.938
            ],
            [
              347.245,
              1710.938
            ],
            [
              347.245,
              1751
            ],
            [
              296.755,
              1751
            ],
            [
              296.755,
              1710.938
            ]
          ]
        ]
      }
    },
    {
      "type": "Feature",
      "properties": {
        "id": "B-244",
        "name": "城邦生活街屋 34",
        "zone": "生活区",
        "frontageRoad": "L-02",
        "description": "生活区沿街独立建筑。",
        "footprint": 2409.5,
        "scaleClass": "普通建筑",
        "layer": "buildings"
      },
      "geometry": {
        "type": "Polygon",
        "coordinates": [
          [
            [
              434.56,
              1769
            ],
            [
              489.44,
              1769
            ],
            [
              489.44,
              1812.904
            ],
            [
              434.56,
              1812.904
            ],
            [
              434.56,
              1769
            ]
          ]
        ]
      }
    },
    {
      "type": "Feature",
      "properties": {
        "id": "B-245",
        "name": "城邦生活街屋 35",
        "zone": "生活区",
        "frontageRoad": "L-02",
        "description": "生活区沿街独立建筑。",
        "footprint": 1691.4,
        "scaleClass": "普通建筑",
        "layer": "buildings"
      },
      "geometry": {
        "type": "Polygon",
        "coordinates": [
          [
            [
              432.365,
              1722.462
            ],
            [
              491.635,
              1722.462
            ],
            [
              491.635,
              1751
            ],
            [
              432.365,
              1751
            ],
            [
              432.365,
              1722.462
            ]
          ]
        ]
      }
    },
    {
      "type": "Feature",
      "properties": {
        "id": "B-246",
        "name": "城邦生活街屋 36",
        "zone": "生活区",
        "frontageRoad": "L-02",
        "description": "生活区沿街独立建筑。",
        "footprint": 1208.3,
        "scaleClass": "普通建筑",
        "layer": "buildings"
      },
      "geometry": {
        "type": "Polygon",
        "coordinates": [
          [
            [
              653.341,
              1769
            ],
            [
              690.659,
              1769
            ],
            [
              690.659,
              1801.379
            ],
            [
              653.341,
              1801.379
            ],
            [
              653.341,
              1769
            ]
          ]
        ]
      }
    },
    {
      "type": "Feature",
      "properties": {
        "id": "B-247",
        "name": "城邦生活街屋 37",
        "zone": "生活区",
        "frontageRoad": "L-02",
        "description": "生活区沿街独立建筑。",
        "footprint": 1510.7,
        "scaleClass": "普通建筑",
        "layer": "buildings"
      },
      "geometry": {
        "type": "Polygon",
        "coordinates": [
          [
            [
              651.146,
              1714.779
            ],
            [
              692.854,
              1714.779
            ],
            [
              692.854,
              1751
            ],
            [
              651.146,
              1751
            ],
            [
              651.146,
              1714.779
            ]
          ]
        ]
      }
    },
    {
      "type": "Feature",
      "properties": {
        "id": "B-248",
        "name": "城邦生活街屋 38",
        "zone": "生活区",
        "frontageRoad": "L-02",
        "description": "生活区沿街独立建筑。",
        "footprint": 2499.1,
        "scaleClass": "普通建筑",
        "layer": "buildings"
      },
      "geometry": {
        "type": "Polygon",
        "coordinates": [
          [
            [
              785.187,
              1769
            ],
            [
              838.813,
              1769
            ],
            [
              838.813,
              1815.603
            ],
            [
              785.187,
              1815.603
            ],
            [
              785.187,
              1769
            ]
          ]
        ]
      }
    },
    {
      "type": "Feature",
      "properties": {
        "id": "B-249",
        "name": "城邦生活街屋 39",
        "zone": "生活区",
        "frontageRoad": "L-02",
        "description": "生活区沿街独立建筑。",
        "footprint": 2999.6,
        "scaleClass": "普通建筑",
        "layer": "buildings"
      },
      "geometry": {
        "type": "Polygon",
        "coordinates": [
          [
            [
              782.634,
              1699.928
            ],
            [
              841.366,
              1699.928
            ],
            [
              841.366,
              1751
            ],
            [
              782.634,
              1751
            ],
            [
              782.634,
              1699.928
            ]
          ]
        ]
      }
    },
    {
      "type": "Feature",
      "properties": {
        "id": "B-250",
        "name": "城邦生活街屋 40",
        "zone": "生活区",
        "frontageRoad": "L-02",
        "description": "生活区沿街独立建筑。",
        "footprint": 2119.3,
        "scaleClass": "普通建筑",
        "layer": "buildings"
      },
      "geometry": {
        "type": "Polygon",
        "coordinates": [
          [
            [
              850.08,
              1769
            ],
            [
              913.92,
              1769
            ],
            [
              913.92,
              1802.197
            ],
            [
              850.08,
              1802.197
            ],
            [
              850.08,
              1769
            ]
          ]
        ]
      }
    },
    {
      "type": "Feature",
      "properties": {
        "id": "B-251",
        "name": "城邦生活街屋 41",
        "zone": "生活区",
        "frontageRoad": "L-02",
        "description": "生活区沿街独立建筑。",
        "footprint": 2596.9,
        "scaleClass": "普通建筑",
        "layer": "buildings"
      },
      "geometry": {
        "type": "Polygon",
        "coordinates": [
          [
            [
              987.526,
              1769
            ],
            [
              1056.474,
              1769
            ],
            [
              1056.474,
              1806.666
            ],
            [
              987.526,
              1806.666
            ],
            [
              987.526,
              1769
            ]
          ]
        ]
      }
    },
    {
      "type": "Feature",
      "properties": {
        "id": "B-252",
        "name": "城邦生活街屋 42",
        "zone": "生活区",
        "frontageRoad": "L-02",
        "description": "生活区沿街独立建筑。",
        "footprint": 1829.1,
        "scaleClass": "普通建筑",
        "layer": "buildings"
      },
      "geometry": {
        "type": "Polygon",
        "coordinates": [
          [
            [
              1000.294,
              1708.866
            ],
            [
              1043.706,
              1708.866
            ],
            [
              1043.706,
              1751
            ],
            [
              1000.294,
              1751
            ],
            [
              1000.294,
              1708.866
            ]
          ]
        ]
      }
    },
    {
      "type": "Feature",
      "properties": {
        "id": "B-253",
        "name": "城邦生活街屋 43",
        "zone": "生活区",
        "frontageRoad": "L-03",
        "description": "生活区沿街独立建筑。",
        "footprint": 1169.9,
        "scaleClass": "普通建筑",
        "layer": "buildings"
      },
      "geometry": {
        "type": "Polygon",
        "coordinates": [
          [
            [
              24.55,
              2209
            ],
            [
              59.45,
              2209
            ],
            [
              59.45,
              2242.522
            ],
            [
              24.55,
              2242.522
            ],
            [
              24.55,
              2209
            ]
          ]
        ]
      }
    },
    {
      "type": "Feature",
      "properties": {
        "id": "B-254",
        "name": "城邦生活街屋 44",
        "zone": "生活区",
        "frontageRoad": "L-03",
        "description": "生活区沿街独立建筑。",
        "footprint": 1417,
        "scaleClass": "普通建筑",
        "layer": "buildings"
      },
      "geometry": {
        "type": "Polygon",
        "coordinates": [
          [
            [
              92.714,
              2209
            ],
            [
              131.286,
              2209
            ],
            [
              131.286,
              2245.736
            ],
            [
              92.714,
              2245.736
            ],
            [
              92.714,
              2209
            ]
          ]
        ]
      }
    },
    {
      "type": "Feature",
      "properties": {
        "id": "B-255",
        "name": "城邦生活街屋 45",
        "zone": "生活区",
        "frontageRoad": "L-03",
        "description": "生活区沿街独立建筑。",
        "footprint": 1008.8,
        "scaleClass": "普通建筑",
        "layer": "buildings"
      },
      "geometry": {
        "type": "Polygon",
        "coordinates": [
          [
            [
              90.877,
              2167.122
            ],
            [
              133.123,
              2167.122
            ],
            [
              133.123,
              2191
            ],
            [
              90.877,
              2191
            ],
            [
              90.877,
              2167.122
            ]
          ]
        ]
      }
    },
    {
      "type": "Feature",
      "properties": {
        "id": "B-256",
        "name": "城邦生活街屋 46",
        "zone": "生活区",
        "frontageRoad": "L-03",
        "description": "生活区沿街独立建筑。",
        "footprint": 1244.1,
        "scaleClass": "普通建筑",
        "layer": "buildings"
      },
      "geometry": {
        "type": "Polygon",
        "coordinates": [
          [
            [
              159.04,
              2209
            ],
            [
              204.96,
              2209
            ],
            [
              204.96,
              2236.093
            ],
            [
              159.04,
              2236.093
            ],
            [
              159.04,
              2209
            ]
          ]
        ]
      }
    },
    {
      "type": "Feature",
      "properties": {
        "id": "B-257",
        "name": "城邦生活街屋 47",
        "zone": "生活区",
        "frontageRoad": "L-03",
        "description": "生活区沿街独立建筑。",
        "footprint": 1503,
        "scaleClass": "普通建筑",
        "layer": "buildings"
      },
      "geometry": {
        "type": "Polygon",
        "coordinates": [
          [
            [
              157.203,
              2160.693
            ],
            [
              206.797,
              2160.693
            ],
            [
              206.797,
              2191
            ],
            [
              157.203,
              2191
            ],
            [
              157.203,
              2160.693
            ]
          ]
        ]
      }
    },
    {
      "type": "Feature",
      "properties": {
        "id": "B-258",
        "name": "城邦生活街屋 48",
        "zone": "生活区",
        "frontageRoad": "L-03",
        "description": "生活区沿街独立建筑。",
        "footprint": 1046.7,
        "scaleClass": "普通建筑",
        "layer": "buildings"
      },
      "geometry": {
        "type": "Polygon",
        "coordinates": [
          [
            [
              236.387,
              2209
            ],
            [
              267.613,
              2209
            ],
            [
              267.613,
              2242.522
            ],
            [
              236.387,
              2242.522
            ],
            [
              236.387,
              2209
            ]
          ]
        ]
      }
    },
    {
      "type": "Feature",
      "properties": {
        "id": "B-259",
        "name": "城邦生活街屋 49",
        "zone": "生活区",
        "frontageRoad": "L-03",
        "description": "生活区沿街独立建筑。",
        "footprint": 1282.1,
        "scaleClass": "普通建筑",
        "layer": "buildings"
      },
      "geometry": {
        "type": "Polygon",
        "coordinates": [
          [
            [
              234.55,
              2154.264
            ],
            [
              269.45,
              2154.264
            ],
            [
              269.45,
              2191
            ],
            [
              234.55,
              2191
            ],
            [
              234.55,
              2154.264
            ]
          ]
        ]
      }
    },
    {
      "type": "Feature",
      "properties": {
        "id": "B-260",
        "name": "城邦生活街屋 50",
        "zone": "生活区",
        "frontageRoad": "L-03",
        "description": "生活区沿街独立建筑。",
        "footprint": 921.1,
        "scaleClass": "普通建筑",
        "layer": "buildings"
      },
      "geometry": {
        "type": "Polygon",
        "coordinates": [
          [
            [
              302.714,
              2209
            ],
            [
              341.286,
              2209
            ],
            [
              341.286,
              2232.878
            ],
            [
              302.714,
              2232.878
            ],
            [
              302.714,
              2209
            ]
          ]
        ]
      }
    },
    {
      "type": "Feature",
      "properties": {
        "id": "B-261",
        "name": "城邦生活街屋 51",
        "zone": "生活区",
        "frontageRoad": "L-03",
        "description": "生活区沿街独立建筑。",
        "footprint": 1144.6,
        "scaleClass": "普通建筑",
        "layer": "buildings"
      },
      "geometry": {
        "type": "Polygon",
        "coordinates": [
          [
            [
              300.877,
              2163.907
            ],
            [
              343.123,
              2163.907
            ],
            [
              343.123,
              2191
            ],
            [
              300.877,
              2191
            ],
            [
              300.877,
              2163.907
            ]
          ]
        ]
      }
    },
    {
      "type": "Feature",
      "properties": {
        "id": "B-262",
        "name": "城邦生活街屋 52",
        "zone": "生活区",
        "frontageRoad": "L-03",
        "description": "生活区沿街独立建筑。",
        "footprint": 1391.7,
        "scaleClass": "普通建筑",
        "layer": "buildings"
      },
      "geometry": {
        "type": "Polygon",
        "coordinates": [
          [
            [
              369.04,
              2209
            ],
            [
              414.96,
              2209
            ],
            [
              414.96,
              2239.307
            ],
            [
              369.04,
              2239.307
            ],
            [
              369.04,
              2209
            ]
          ]
        ]
      }
    },
    {
      "type": "Feature",
      "properties": {
        "id": "B-263",
        "name": "城邦生活街屋 53",
        "zone": "生活区",
        "frontageRoad": "L-03",
        "description": "生活区沿街独立建筑。",
        "footprint": 1662.5,
        "scaleClass": "普通建筑",
        "layer": "buildings"
      },
      "geometry": {
        "type": "Polygon",
        "coordinates": [
          [
            [
              437.203,
              2209
            ],
            [
              486.797,
              2209
            ],
            [
              486.797,
              2242.522
            ],
            [
              437.203,
              2242.522
            ],
            [
              437.203,
              2209
            ]
          ]
        ]
      }
    },
    {
      "type": "Feature",
      "properties": {
        "id": "B-264",
        "name": "城邦生活街屋 54",
        "zone": "生活区",
        "frontageRoad": "L-03",
        "description": "生活区沿街独立建筑。",
        "footprint": 1147.1,
        "scaleClass": "普通建筑",
        "layer": "buildings"
      },
      "geometry": {
        "type": "Polygon",
        "coordinates": [
          [
            [
              446.387,
              2154.264
            ],
            [
              477.613,
              2154.264
            ],
            [
              477.613,
              2191
            ],
            [
              446.387,
              2191
            ],
            [
              446.387,
              2154.264
            ]
          ]
        ]
      }
    },
    {
      "type": "Feature",
      "properties": {
        "id": "B-265",
        "name": "城邦生活街屋 55",
        "zone": "生活区",
        "frontageRoad": "L-03",
        "description": "生活区沿街独立建筑。",
        "footprint": 833.3,
        "scaleClass": "普通建筑",
        "layer": "buildings"
      },
      "geometry": {
        "type": "Polygon",
        "coordinates": [
          [
            [
              514.55,
              2209
            ],
            [
              549.45,
              2209
            ],
            [
              549.45,
              2232.878
            ],
            [
              514.55,
              2232.878
            ],
            [
              514.55,
              2209
            ]
          ]
        ]
      }
    },
    {
      "type": "Feature",
      "properties": {
        "id": "B-266",
        "name": "城邦生活街屋 56",
        "zone": "生活区",
        "frontageRoad": "L-03",
        "description": "生活区沿街独立建筑。",
        "footprint": 1045,
        "scaleClass": "普通建筑",
        "layer": "buildings"
      },
      "geometry": {
        "type": "Polygon",
        "coordinates": [
          [
            [
              512.714,
              2163.907
            ],
            [
              551.286,
              2163.907
            ],
            [
              551.286,
              2191
            ],
            [
              512.714,
              2191
            ],
            [
              512.714,
              2163.907
            ]
          ]
        ]
      }
    },
    {
      "type": "Feature",
      "properties": {
        "id": "B-267",
        "name": "城邦生活街屋 57",
        "zone": "生活区",
        "frontageRoad": "L-03",
        "description": "生活区沿街独立建筑。",
        "footprint": 1280.4,
        "scaleClass": "普通建筑",
        "layer": "buildings"
      },
      "geometry": {
        "type": "Polygon",
        "coordinates": [
          [
            [
              580.877,
              2209
            ],
            [
              623.123,
              2209
            ],
            [
              623.123,
              2239.307
            ],
            [
              580.877,
              2239.307
            ],
            [
              580.877,
              2209
            ]
          ]
        ]
      }
    },
    {
      "type": "Feature",
      "properties": {
        "id": "B-268",
        "name": "城邦生活街屋 58",
        "zone": "生活区",
        "frontageRoad": "L-03",
        "description": "生活区沿街独立建筑。",
        "footprint": 1539.3,
        "scaleClass": "普通建筑",
        "layer": "buildings"
      },
      "geometry": {
        "type": "Polygon",
        "coordinates": [
          [
            [
              579.04,
              2157.478
            ],
            [
              624.96,
              2157.478
            ],
            [
              624.96,
              2191
            ],
            [
              579.04,
              2191
            ],
            [
              579.04,
              2157.478
            ]
          ]
        ]
      }
    },
    {
      "type": "Feature",
      "properties": {
        "id": "B-269",
        "name": "城邦生活街屋 59",
        "zone": "生活区",
        "frontageRoad": "L-03",
        "description": "生活区沿街独立建筑。",
        "footprint": 2602.2,
        "scaleClass": "普通建筑",
        "layer": "buildings"
      },
      "geometry": {
        "type": "Polygon",
        "coordinates": [
          [
            [
              642.365,
              2209
            ],
            [
              701.635,
              2209
            ],
            [
              701.635,
              2252.904
            ],
            [
              642.365,
              2252.904
            ],
            [
              642.365,
              2209
            ]
          ]
        ]
      }
    },
    {
      "type": "Feature",
      "properties": {
        "id": "B-270",
        "name": "城邦生活街屋 60",
        "zone": "生活区",
        "frontageRoad": "L-03",
        "description": "生活区沿街独立建筑。",
        "footprint": 1065,
        "scaleClass": "普通建筑",
        "layer": "buildings"
      },
      "geometry": {
        "type": "Polygon",
        "coordinates": [
          [
            [
              653.341,
              2162.462
            ],
            [
              690.659,
              2162.462
            ],
            [
              690.659,
              2191
            ],
            [
              653.341,
              2191
            ],
            [
              653.341,
              2162.462
            ]
          ]
        ]
      }
    },
    {
      "type": "Feature",
      "properties": {
        "id": "B-271",
        "name": "城邦生活街屋 61",
        "zone": "生活区",
        "frontageRoad": "L-03",
        "description": "生活区沿街独立建筑。",
        "footprint": 1350.5,
        "scaleClass": "普通建筑",
        "layer": "buildings"
      },
      "geometry": {
        "type": "Polygon",
        "coordinates": [
          [
            [
              791.146,
              2209
            ],
            [
              832.854,
              2209
            ],
            [
              832.854,
              2241.379
            ],
            [
              791.146,
              2241.379
            ],
            [
              791.146,
              2209
            ]
          ]
        ]
      }
    },
    {
      "type": "Feature",
      "properties": {
        "id": "B-272",
        "name": "城邦生活街屋 62",
        "zone": "生活区",
        "frontageRoad": "L-03",
        "description": "生活区沿街独立建筑。",
        "footprint": 1669.7,
        "scaleClass": "普通建筑",
        "layer": "buildings"
      },
      "geometry": {
        "type": "Polygon",
        "coordinates": [
          [
            [
              788.95,
              2154.779
            ],
            [
              835.05,
              2154.779
            ],
            [
              835.05,
              2191
            ],
            [
              788.95,
              2191
            ],
            [
              788.95,
              2154.779
            ]
          ]
        ]
      }
    },
    {
      "type": "Feature",
      "properties": {
        "id": "B-273",
        "name": "城邦生活街屋 63",
        "zone": "生活区",
        "frontageRoad": "L-03",
        "description": "生活区沿街独立建筑。",
        "footprint": 2022.7,
        "scaleClass": "普通建筑",
        "layer": "buildings"
      },
      "geometry": {
        "type": "Polygon",
        "coordinates": [
          [
            [
              856.755,
              2209
            ],
            [
              907.245,
              2209
            ],
            [
              907.245,
              2249.062
            ],
            [
              856.755,
              2249.062
            ],
            [
              856.755,
              2209
            ]
          ]
        ]
      }
    },
    {
      "type": "Feature",
      "properties": {
        "id": "B-274",
        "name": "城邦生活街屋 64",
        "zone": "生活区",
        "frontageRoad": "L-03",
        "description": "生活区沿街独立建筑。",
        "footprint": 2409.5,
        "scaleClass": "普通建筑",
        "layer": "buildings"
      },
      "geometry": {
        "type": "Polygon",
        "coordinates": [
          [
            [
              854.56,
              2147.096
            ],
            [
              909.44,
              2147.096
            ],
            [
              909.44,
              2191
            ],
            [
              854.56,
              2191
            ],
            [
              854.56,
              2147.096
            ]
          ]
        ]
      }
    },
    {
      "type": "Feature",
      "properties": {
        "id": "B-275",
        "name": "城邦生活街屋 65",
        "zone": "生活区",
        "frontageRoad": "L-03",
        "description": "生活区沿街独立建筑。",
        "footprint": 1691.4,
        "scaleClass": "普通建筑",
        "layer": "buildings"
      },
      "geometry": {
        "type": "Polygon",
        "coordinates": [
          [
            [
              922.365,
              2209
            ],
            [
              981.635,
              2209
            ],
            [
              981.635,
              2237.538
            ],
            [
              922.365,
              2237.538
            ],
            [
              922.365,
              2209
            ]
          ]
        ]
      }
    },
    {
      "type": "Feature",
      "properties": {
        "id": "B-276",
        "name": "城邦生活街屋 66",
        "zone": "生活区",
        "frontageRoad": "L-03",
        "description": "生活区沿街独立建筑。",
        "footprint": 1208.3,
        "scaleClass": "普通建筑",
        "layer": "buildings"
      },
      "geometry": {
        "type": "Polygon",
        "coordinates": [
          [
            [
              933.341,
              2158.621
            ],
            [
              970.659,
              2158.621
            ],
            [
              970.659,
              2191
            ],
            [
              933.341,
              2191
            ],
            [
              933.341,
              2158.621
            ]
          ]
        ]
      }
    },
    {
      "type": "Feature",
      "properties": {
        "id": "B-277",
        "name": "城邦生活街屋 67",
        "zone": "生活区",
        "frontageRoad": "L-03",
        "description": "生活区沿街独立建筑。",
        "footprint": 1510.7,
        "scaleClass": "普通建筑",
        "layer": "buildings"
      },
      "geometry": {
        "type": "Polygon",
        "coordinates": [
          [
            [
              1001.146,
              2209
            ],
            [
              1042.854,
              2209
            ],
            [
              1042.854,
              2245.221
            ],
            [
              1001.146,
              2245.221
            ],
            [
              1001.146,
              2209
            ]
          ]
        ]
      }
    },
    {
      "type": "Feature",
      "properties": {
        "id": "B-278",
        "name": "城邦生活街屋 68",
        "zone": "生活区",
        "frontageRoad": "L-03",
        "description": "生活区沿街独立建筑。",
        "footprint": 1846.8,
        "scaleClass": "普通建筑",
        "layer": "buildings"
      },
      "geometry": {
        "type": "Polygon",
        "coordinates": [
          [
            [
              998.95,
              2150.938
            ],
            [
              1045.05,
              2150.938
            ],
            [
              1045.05,
              2191
            ],
            [
              998.95,
              2191
            ],
            [
              998.95,
              2150.938
            ]
          ]
        ]
      }
    },
    {
      "type": "Feature",
      "properties": {
        "id": "B-279",
        "name": "城邦生活街屋 69",
        "zone": "生活区",
        "frontageRoad": "L-03",
        "description": "生活区沿街独立建筑。",
        "footprint": 2216.7,
        "scaleClass": "普通建筑",
        "layer": "buildings"
      },
      "geometry": {
        "type": "Polygon",
        "coordinates": [
          [
            [
              1136.755,
              2209
            ],
            [
              1187.245,
              2209
            ],
            [
              1187.245,
              2252.904
            ],
            [
              1136.755,
              2252.904
            ],
            [
              1136.755,
              2209
            ]
          ]
        ]
      }
    },
    {
      "type": "Feature",
      "properties": {
        "id": "B-280",
        "name": "城邦生活街屋 70",
        "zone": "生活区",
        "frontageRoad": "L-03",
        "description": "生活区沿街独立建筑。",
        "footprint": 1566.1,
        "scaleClass": "普通建筑",
        "layer": "buildings"
      },
      "geometry": {
        "type": "Polygon",
        "coordinates": [
          [
            [
              1204.56,
              2209
            ],
            [
              1259.44,
              2209
            ],
            [
              1259.44,
              2237.538
            ],
            [
              1204.56,
              2237.538
            ],
            [
              1204.56,
              2209
            ]
          ]
        ]
      }
    },
    {
      "type": "Feature",
      "properties": {
        "id": "B-281",
        "name": "城邦生活街屋 71",
        "zone": "生活区",
        "frontageRoad": "L-03",
        "description": "生活区沿街独立建筑。",
        "footprint": 1919.1,
        "scaleClass": "普通建筑",
        "layer": "buildings"
      },
      "geometry": {
        "type": "Polygon",
        "coordinates": [
          [
            [
              1272.365,
              2209
            ],
            [
              1331.635,
              2209
            ],
            [
              1331.635,
              2241.379
            ],
            [
              1272.365,
              2241.379
            ],
            [
              1272.365,
              2209
            ]
          ]
        ]
      }
    },
    {
      "type": "Feature",
      "properties": {
        "id": "B-282",
        "name": "城邦生活街屋 72",
        "zone": "生活区",
        "frontageRoad": "L-03",
        "description": "生活区沿街独立建筑。",
        "footprint": 1351.7,
        "scaleClass": "普通建筑",
        "layer": "buildings"
      },
      "geometry": {
        "type": "Polygon",
        "coordinates": [
          [
            [
              1283.341,
              2154.779
            ],
            [
              1320.659,
              2154.779
            ],
            [
              1320.659,
              2191
            ],
            [
              1283.341,
              2191
            ],
            [
              1283.341,
              2154.779
            ]
          ]
        ]
      }
    },
    {
      "type": "Feature",
      "properties": {
        "id": "B-283",
        "name": "城邦生活街屋 73",
        "zone": "生活区",
        "frontageRoad": "L-03",
        "description": "生活区沿街独立建筑。",
        "footprint": 1671,
        "scaleClass": "普通建筑",
        "layer": "buildings"
      },
      "geometry": {
        "type": "Polygon",
        "coordinates": [
          [
            [
              1351.146,
              2209
            ],
            [
              1392.854,
              2209
            ],
            [
              1392.854,
              2249.062
            ],
            [
              1351.146,
              2249.062
            ],
            [
              1351.146,
              2209
            ]
          ]
        ]
      }
    },
    {
      "type": "Feature",
      "properties": {
        "id": "B-284",
        "name": "城邦生活街屋 74",
        "zone": "生活区",
        "frontageRoad": "L-03",
        "description": "生活区沿街独立建筑。",
        "footprint": 2023.9,
        "scaleClass": "普通建筑",
        "layer": "buildings"
      },
      "geometry": {
        "type": "Polygon",
        "coordinates": [
          [
            [
              1348.95,
              2147.096
            ],
            [
              1395.05,
              2147.096
            ],
            [
              1395.05,
              2191
            ],
            [
              1348.95,
              2191
            ],
            [
              1348.95,
              2147.096
            ]
          ]
        ]
      }
    },
    {
      "type": "Feature",
      "properties": {
        "id": "B-285",
        "name": "城邦生活街屋 75",
        "zone": "生活区",
        "frontageRoad": "L-04",
        "description": "生活区沿街独立建筑。",
        "footprint": 1440.9,
        "scaleClass": "普通建筑",
        "layer": "buildings"
      },
      "geometry": {
        "type": "Polygon",
        "coordinates": [
          [
            [
              376.755,
              1908.5
            ],
            [
              427.245,
              1908.5
            ],
            [
              427.245,
              1937.038
            ],
            [
              376.755,
              1937.038
            ],
            [
              376.755,
              1908.5
            ]
          ]
        ]
      }
    },
    {
      "type": "Feature",
      "properties": {
        "id": "B-286",
        "name": "城邦生活街屋 76",
        "zone": "生活区",
        "frontageRoad": "L-04",
        "description": "生活区沿街独立建筑。",
        "footprint": 1777,
        "scaleClass": "普通建筑",
        "layer": "buildings"
      },
      "geometry": {
        "type": "Polygon",
        "coordinates": [
          [
            [
              374.56,
              1859.121
            ],
            [
              429.44,
              1859.121
            ],
            [
              429.44,
              1891.5
            ],
            [
              374.56,
              1891.5
            ],
            [
              374.56,
              1859.121
            ]
          ]
        ]
      }
    },
    {
      "type": "Feature",
      "properties": {
        "id": "B-287",
        "name": "城邦生活街屋 77",
        "zone": "生活区",
        "frontageRoad": "L-04",
        "description": "生活区沿街独立建筑。",
        "footprint": 2146.8,
        "scaleClass": "普通建筑",
        "layer": "buildings"
      },
      "geometry": {
        "type": "Polygon",
        "coordinates": [
          [
            [
              442.365,
              1908.5
            ],
            [
              501.635,
              1908.5
            ],
            [
              501.635,
              1944.721
            ],
            [
              442.365,
              1944.721
            ],
            [
              442.365,
              1908.5
            ]
          ]
        ]
      }
    },
    {
      "type": "Feature",
      "properties": {
        "id": "B-288",
        "name": "城邦生活街屋 78",
        "zone": "生活区",
        "frontageRoad": "L-04",
        "description": "生活区沿街独立建筑。",
        "footprint": 1495.1,
        "scaleClass": "普通建筑",
        "layer": "buildings"
      },
      "geometry": {
        "type": "Polygon",
        "coordinates": [
          [
            [
              453.341,
              1851.438
            ],
            [
              490.659,
              1851.438
            ],
            [
              490.659,
              1891.5
            ],
            [
              453.341,
              1891.5
            ],
            [
              453.341,
              1851.438
            ]
          ]
        ]
      }
    },
    {
      "type": "Feature",
      "properties": {
        "id": "B-289",
        "name": "城邦生活街屋 79",
        "zone": "生活区",
        "frontageRoad": "L-04",
        "description": "生活区沿街独立建筑。",
        "footprint": 1831.2,
        "scaleClass": "普通建筑",
        "layer": "buildings"
      },
      "geometry": {
        "type": "Polygon",
        "coordinates": [
          [
            [
              591.146,
              1908.5
            ],
            [
              632.854,
              1908.5
            ],
            [
              632.854,
              1952.404
            ],
            [
              591.146,
              1952.404
            ],
            [
              591.146,
              1908.5
            ]
          ]
        ]
      }
    },
    {
      "type": "Feature",
      "properties": {
        "id": "B-290",
        "name": "城邦生活街屋 80",
        "zone": "生活区",
        "frontageRoad": "L-04",
        "description": "生活区沿街独立建筑。",
        "footprint": 1315.6,
        "scaleClass": "普通建筑",
        "layer": "buildings"
      },
      "geometry": {
        "type": "Polygon",
        "coordinates": [
          [
            [
              588.95,
              1862.962
            ],
            [
              635.05,
              1862.962
            ],
            [
              635.05,
              1891.5
            ],
            [
              588.95,
              1891.5
            ],
            [
              588.95,
              1862.962
            ]
          ]
        ]
      }
    },
    {
      "type": "Feature",
      "properties": {
        "id": "B-291",
        "name": "城邦生活街屋 81",
        "zone": "生活区",
        "frontageRoad": "L-04",
        "description": "生活区沿街独立建筑。",
        "footprint": 1634.8,
        "scaleClass": "普通建筑",
        "layer": "buildings"
      },
      "geometry": {
        "type": "Polygon",
        "coordinates": [
          [
            [
              656.755,
              1908.5
            ],
            [
              707.245,
              1908.5
            ],
            [
              707.245,
              1940.879
            ],
            [
              656.755,
              1940.879
            ],
            [
              656.755,
              1908.5
            ]
          ]
        ]
      }
    },
    {
      "type": "Feature",
      "properties": {
        "id": "B-292",
        "name": "城邦生活街屋 82",
        "zone": "生活区",
        "frontageRoad": "L-04",
        "description": "生活区沿街独立建筑。",
        "footprint": 1987.8,
        "scaleClass": "普通建筑",
        "layer": "buildings"
      },
      "geometry": {
        "type": "Polygon",
        "coordinates": [
          [
            [
              654.56,
              1855.279
            ],
            [
              709.44,
              1855.279
            ],
            [
              709.44,
              1891.5
            ],
            [
              654.56,
              1891.5
            ],
            [
              654.56,
              1855.279
            ]
          ]
        ]
      }
    },
    {
      "type": "Feature",
      "properties": {
        "id": "B-293",
        "name": "城邦生活街屋 83",
        "zone": "生活区",
        "frontageRoad": "L-04",
        "description": "生活区沿街独立建筑。",
        "footprint": 2374.5,
        "scaleClass": "普通建筑",
        "layer": "buildings"
      },
      "geometry": {
        "type": "Polygon",
        "coordinates": [
          [
            [
              792.365,
              1908.5
            ],
            [
              851.635,
              1908.5
            ],
            [
              851.635,
              1948.562
            ],
            [
              792.365,
              1948.562
            ],
            [
              792.365,
              1908.5
            ]
          ]
        ]
      }
    },
    {
      "type": "Feature",
      "properties": {
        "id": "B-294",
        "name": "城邦生活街屋 84",
        "zone": "生活区",
        "frontageRoad": "L-04",
        "description": "生活区沿街独立建筑。",
        "footprint": 1638.4,
        "scaleClass": "普通建筑",
        "layer": "buildings"
      },
      "geometry": {
        "type": "Polygon",
        "coordinates": [
          [
            [
              873.341,
              1908.5
            ],
            [
              910.659,
              1908.5
            ],
            [
              910.659,
              1952.404
            ],
            [
              873.341,
              1952.404
            ],
            [
              873.341,
              1908.5
            ]
          ]
        ]
      }
    },
    {
      "type": "Feature",
      "properties": {
        "id": "B-295",
        "name": "城邦生活街屋 85",
        "zone": "生活区",
        "frontageRoad": "L-04",
        "description": "生活区沿街独立建筑。",
        "footprint": 1190.3,
        "scaleClass": "普通建筑",
        "layer": "buildings"
      },
      "geometry": {
        "type": "Polygon",
        "coordinates": [
          [
            [
              941.146,
              1908.5
            ],
            [
              982.854,
              1908.5
            ],
            [
              982.854,
              1937.038
            ],
            [
              941.146,
              1937.038
            ],
            [
              941.146,
              1908.5
            ]
          ]
        ]
      }
    },
    {
      "type": "Feature",
      "properties": {
        "id": "B-296",
        "name": "城邦生活街屋 86",
        "zone": "生活区",
        "frontageRoad": "L-04",
        "description": "生活区沿街独立建筑。",
        "footprint": 1492.7,
        "scaleClass": "普通建筑",
        "layer": "buildings"
      },
      "geometry": {
        "type": "Polygon",
        "coordinates": [
          [
            [
              1008.95,
              1908.5
            ],
            [
              1055.05,
              1908.5
            ],
            [
              1055.05,
              1940.879
            ],
            [
              1008.95,
              1940.879
            ],
            [
              1008.95,
              1908.5
            ]
          ]
        ]
      }
    },
    {
      "type": "Feature",
      "properties": {
        "id": "B-297",
        "name": "城邦生活街屋 87",
        "zone": "生活区",
        "frontageRoad": "L-04",
        "description": "生活区沿街独立建筑。",
        "footprint": 1828.8,
        "scaleClass": "普通建筑",
        "layer": "buildings"
      },
      "geometry": {
        "type": "Polygon",
        "coordinates": [
          [
            [
              1146.755,
              1908.5
            ],
            [
              1197.245,
              1908.5
            ],
            [
              1197.245,
              1944.721
            ],
            [
              1146.755,
              1944.721
            ],
            [
              1146.755,
              1908.5
            ]
          ]
        ]
      }
    },
    {
      "type": "Feature",
      "properties": {
        "id": "B-298",
        "name": "城邦生活街屋 88",
        "zone": "生活区",
        "frontageRoad": "L-04",
        "description": "生活区沿街独立建筑。",
        "footprint": 2198.6,
        "scaleClass": "普通建筑",
        "layer": "buildings"
      },
      "geometry": {
        "type": "Polygon",
        "coordinates": [
          [
            [
              1284.56,
              1908.5
            ],
            [
              1339.44,
              1908.5
            ],
            [
              1339.44,
              1948.562
            ],
            [
              1284.56,
              1948.562
            ],
            [
              1284.56,
              1908.5
            ]
          ]
        ]
      }
    },
    {
      "type": "Feature",
      "properties": {
        "id": "B-299",
        "name": "城邦生活街屋 89",
        "zone": "生活区",
        "frontageRoad": "L-V0",
        "description": "生活区沿街独立建筑。",
        "footprint": 2602.2,
        "scaleClass": "普通建筑",
        "layer": "buildings"
      },
      "geometry": {
        "type": "Polygon",
        "coordinates": [
          [
            [
              172.404,
              1542.365
            ],
            [
              172.404,
              1601.635
            ],
            [
              128.5,
              1601.635
            ],
            [
              128.5,
              1542.365
            ],
            [
              172.404,
              1542.365
            ]
          ]
        ]
      }
    },
    {
      "type": "Feature",
      "properties": {
        "id": "B-300",
        "name": "城邦生活街屋 90",
        "zone": "生活区",
        "frontageRoad": "L-V0",
        "description": "生活区沿街独立建筑。",
        "footprint": 1065,
        "scaleClass": "普通建筑",
        "layer": "buildings"
      },
      "geometry": {
        "type": "Polygon",
        "coordinates": [
          [
            [
              157.038,
              1623.341
            ],
            [
              157.038,
              1660.659
            ],
            [
              128.5,
              1660.659
            ],
            [
              128.5,
              1623.341
            ],
            [
              157.038,
              1623.341
            ]
          ]
        ]
      }
    },
    {
      "type": "Feature",
      "properties": {
        "id": "B-301",
        "name": "城邦生活街屋 91",
        "zone": "生活区",
        "frontageRoad": "L-V1",
        "description": "生活区沿街独立建筑。",
        "footprint": 1827.5,
        "scaleClass": "普通建筑",
        "layer": "buildings"
      },
      "geometry": {
        "type": "Polygon",
        "coordinates": [
          [
            [
              566.166,
              1477.741
            ],
            [
              566.166,
              1526.259
            ],
            [
              528.5,
              1526.259
            ],
            [
              528.5,
              1477.741
            ],
            [
              566.166,
              1477.741
            ]
          ]
        ]
      }
    },
    {
      "type": "Feature",
      "properties": {
        "id": "B-302",
        "name": "城邦生活街屋 92",
        "zone": "生活区",
        "frontageRoad": "L-V1",
        "description": "生活区沿街独立建筑。",
        "footprint": 1669.7,
        "scaleClass": "普通建筑",
        "layer": "buildings"
      },
      "geometry": {
        "type": "Polygon",
        "coordinates": [
          [
            [
              511.5,
              1548.95
            ],
            [
              511.5,
              1595.05
            ],
            [
              475.279,
              1595.05
            ],
            [
              475.279,
              1548.95
            ],
            [
              511.5,
              1548.95
            ]
          ]
        ]
      }
    },
    {
      "type": "Feature",
      "properties": {
        "id": "B-303",
        "name": "城邦生活街屋 93",
        "zone": "生活区",
        "frontageRoad": "L-V1",
        "description": "生活区沿街独立建筑。",
        "footprint": 2022.7,
        "scaleClass": "普通建筑",
        "layer": "buildings"
      },
      "geometry": {
        "type": "Polygon",
        "coordinates": [
          [
            [
              568.562,
              1546.755
            ],
            [
              568.562,
              1597.245
            ],
            [
              528.5,
              1597.245
            ],
            [
              528.5,
              1546.755
            ],
            [
              568.562,
              1546.755
            ]
          ]
        ]
      }
    },
    {
      "type": "Feature",
      "properties": {
        "id": "B-304",
        "name": "城邦生活街屋 94",
        "zone": "生活区",
        "frontageRoad": "L-V1",
        "description": "生活区沿街独立建筑。",
        "footprint": 2409.5,
        "scaleClass": "普通建筑",
        "layer": "buildings"
      },
      "geometry": {
        "type": "Polygon",
        "coordinates": [
          [
            [
              511.5,
              1614.56
            ],
            [
              511.5,
              1669.44
            ],
            [
              467.596,
              1669.44
            ],
            [
              467.596,
              1614.56
            ],
            [
              511.5,
              1614.56
            ]
          ]
        ]
      }
    },
    {
      "type": "Feature",
      "properties": {
        "id": "B-305",
        "name": "城邦生活街屋 95",
        "zone": "生活区",
        "frontageRoad": "L-V1",
        "description": "生活区沿街独立建筑。",
        "footprint": 1691.4,
        "scaleClass": "普通建筑",
        "layer": "buildings"
      },
      "geometry": {
        "type": "Polygon",
        "coordinates": [
          [
            [
              557.038,
              1612.365
            ],
            [
              557.038,
              1671.635
            ],
            [
              528.5,
              1671.635
            ],
            [
              528.5,
              1612.365
            ],
            [
              557.038,
              1612.365
            ]
          ]
        ]
      }
    },
    {
      "type": "Feature",
      "properties": {
        "id": "B-306",
        "name": "城邦生活街屋 96",
        "zone": "生活区",
        "frontageRoad": "L-V1",
        "description": "生活区沿街独立建筑。",
        "footprint": 1208.3,
        "scaleClass": "普通建筑",
        "layer": "buildings"
      },
      "geometry": {
        "type": "Polygon",
        "coordinates": [
          [
            [
              560.879,
              1693.341
            ],
            [
              560.879,
              1730.659
            ],
            [
              528.5,
              1730.659
            ],
            [
              528.5,
              1693.341
            ],
            [
              560.879,
              1693.341
            ]
          ]
        ]
      }
    },
    {
      "type": "Feature",
      "properties": {
        "id": "B-307",
        "name": "城邦生活街屋 97",
        "zone": "生活区",
        "frontageRoad": "L-V1",
        "description": "生活区沿街独立建筑。",
        "footprint": 1510.7,
        "scaleClass": "普通建筑",
        "layer": "buildings"
      },
      "geometry": {
        "type": "Polygon",
        "coordinates": [
          [
            [
              564.721,
              1831.146
            ],
            [
              564.721,
              1872.854
            ],
            [
              528.5,
              1872.854
            ],
            [
              528.5,
              1831.146
            ],
            [
              564.721,
              1831.146
            ]
          ]
        ]
      }
    },
    {
      "type": "Feature",
      "properties": {
        "id": "B-308",
        "name": "城邦生活街屋 98",
        "zone": "生活区",
        "frontageRoad": "L-V1",
        "description": "生活区沿街独立建筑。",
        "footprint": 1846.8,
        "scaleClass": "普通建筑",
        "layer": "buildings"
      },
      "geometry": {
        "type": "Polygon",
        "coordinates": [
          [
            [
              511.5,
              1968.95
            ],
            [
              511.5,
              2015.05
            ],
            [
              471.438,
              2015.05
            ],
            [
              471.438,
              1968.95
            ],
            [
              511.5,
              1968.95
            ]
          ]
        ]
      }
    },
    {
      "type": "Feature",
      "properties": {
        "id": "B-309",
        "name": "城邦生活街屋 99",
        "zone": "生活区",
        "frontageRoad": "L-V1",
        "description": "生活区沿街独立建筑。",
        "footprint": 2216.7,
        "scaleClass": "普通建筑",
        "layer": "buildings"
      },
      "geometry": {
        "type": "Polygon",
        "coordinates": [
          [
            [
              572.404,
              1966.755
            ],
            [
              572.404,
              2017.245
            ],
            [
              528.5,
              2017.245
            ],
            [
              528.5,
              1966.755
            ],
            [
              572.404,
              1966.755
            ]
          ]
        ]
      }
    },
    {
      "type": "Feature",
      "properties": {
        "id": "B-310",
        "name": "城邦生活街屋 100",
        "zone": "生活区",
        "frontageRoad": "L-V2",
        "description": "生活区沿街独立建筑。",
        "footprint": 2119.3,
        "scaleClass": "普通建筑",
        "layer": "buildings"
      },
      "geometry": {
        "type": "Polygon",
        "coordinates": [
          [
            [
              961.697,
              1470.08
            ],
            [
              961.697,
              1533.92
            ],
            [
              928.5,
              1533.92
            ],
            [
              928.5,
              1470.08
            ],
            [
              961.697,
              1470.08
            ]
          ]
        ]
      }
    },
    {
      "type": "Feature",
      "properties": {
        "id": "B-311",
        "name": "城邦生活街屋 101",
        "zone": "生活区",
        "frontageRoad": "L-V2",
        "description": "生活区沿街独立建筑。",
        "footprint": 2596.9,
        "scaleClass": "普通建筑",
        "layer": "buildings"
      },
      "geometry": {
        "type": "Polygon",
        "coordinates": [
          [
            [
              911.5,
              1537.526
            ],
            [
              911.5,
              1606.474
            ],
            [
              873.834,
              1606.474
            ],
            [
              873.834,
              1537.526
            ],
            [
              911.5,
              1537.526
            ]
          ]
        ]
      }
    },
    {
      "type": "Feature",
      "properties": {
        "id": "B-312",
        "name": "城邦生活街屋 102",
        "zone": "生活区",
        "frontageRoad": "L-V2",
        "description": "生活区沿街独立建筑。",
        "footprint": 1829.1,
        "scaleClass": "普通建筑",
        "layer": "buildings"
      },
      "geometry": {
        "type": "Polygon",
        "coordinates": [
          [
            [
              970.634,
              1550.294
            ],
            [
              970.634,
              1593.706
            ],
            [
              928.5,
              1593.706
            ],
            [
              928.5,
              1550.294
            ],
            [
              970.634,
              1550.294
            ]
          ]
        ]
      }
    },
    {
      "type": "Feature",
      "properties": {
        "id": "B-313",
        "name": "城邦生活街屋 103",
        "zone": "生活区",
        "frontageRoad": "L-V2",
        "description": "生活区沿街独立建筑。",
        "footprint": 2261.1,
        "scaleClass": "普通建筑",
        "layer": "buildings"
      },
      "geometry": {
        "type": "Polygon",
        "coordinates": [
          [
            [
              911.5,
              1617.741
            ],
            [
              911.5,
              1666.259
            ],
            [
              864.897,
              1666.259
            ],
            [
              864.897,
              1617.741
            ],
            [
              911.5,
              1617.741
            ]
          ]
        ]
      }
    },
    {
      "type": "Feature",
      "properties": {
        "id": "B-314",
        "name": "城邦生活街屋 104",
        "zone": "生活区",
        "frontageRoad": "L-V2",
        "description": "生活区沿街独立建筑。",
        "footprint": 2738.8,
        "scaleClass": "普通建筑",
        "layer": "buildings"
      },
      "geometry": {
        "type": "Polygon",
        "coordinates": [
          [
            [
              979.572,
              1615.187
            ],
            [
              979.572,
              1668.813
            ],
            [
              928.5,
              1668.813
            ],
            [
              928.5,
              1615.187
            ],
            [
              979.572,
              1615.187
            ]
          ]
        ]
      }
    },
    {
      "type": "Feature",
      "properties": {
        "id": "B-315",
        "name": "城邦生活街屋 105",
        "zone": "生活区",
        "frontageRoad": "L-V2",
        "description": "生活区沿街独立建筑。",
        "footprint": 1949.7,
        "scaleClass": "普通建筑",
        "layer": "buildings"
      },
      "geometry": {
        "type": "Polygon",
        "coordinates": [
          [
            [
              911.5,
              1682.634
            ],
            [
              911.5,
              1741.366
            ],
            [
              878.303,
              1741.366
            ],
            [
              878.303,
              1682.634
            ],
            [
              911.5,
              1682.634
            ]
          ]
        ]
      }
    },
    {
      "type": "Feature",
      "properties": {
        "id": "B-316",
        "name": "城邦生活街屋 106",
        "zone": "生活区",
        "frontageRoad": "L-V2",
        "description": "生活区沿街独立建筑。",
        "footprint": 2404.6,
        "scaleClass": "普通建筑",
        "layer": "buildings"
      },
      "geometry": {
        "type": "Polygon",
        "coordinates": [
          [
            [
              966.166,
              1680.08
            ],
            [
              966.166,
              1743.92
            ],
            [
              928.5,
              1743.92
            ],
            [
              928.5,
              1680.08
            ],
            [
              966.166,
              1680.08
            ]
          ]
        ]
      }
    },
    {
      "type": "Feature",
      "properties": {
        "id": "B-317",
        "name": "城邦生活街屋 107",
        "zone": "生活区",
        "frontageRoad": "L-V2",
        "description": "生活区沿街独立建筑。",
        "footprint": 2146.8,
        "scaleClass": "普通建筑",
        "layer": "buildings"
      },
      "geometry": {
        "type": "Polygon",
        "coordinates": [
          [
            [
              911.5,
              1962.365
            ],
            [
              911.5,
              2021.635
            ],
            [
              875.279,
              2021.635
            ],
            [
              875.279,
              1962.365
            ],
            [
              911.5,
              1962.365
            ]
          ]
        ]
      }
    },
    {
      "type": "Feature",
      "properties": {
        "id": "B-318",
        "name": "城邦生活街屋 108",
        "zone": "生活区",
        "frontageRoad": "L-V2",
        "description": "生活区沿街独立建筑。",
        "footprint": 1495.1,
        "scaleClass": "普通建筑",
        "layer": "buildings"
      },
      "geometry": {
        "type": "Polygon",
        "coordinates": [
          [
            [
              968.562,
              1973.341
            ],
            [
              968.562,
              2010.659
            ],
            [
              928.5,
              2010.659
            ],
            [
              928.5,
              1973.341
            ],
            [
              968.562,
              1973.341
            ]
          ]
        ]
      }
    },
    {
      "type": "Feature",
      "properties": {
        "id": "B-319",
        "name": "城邦生活街屋 109",
        "zone": "生活区",
        "frontageRoad": "L-V2",
        "description": "生活区沿街独立建筑。",
        "footprint": 1831.2,
        "scaleClass": "普通建筑",
        "layer": "buildings"
      },
      "geometry": {
        "type": "Polygon",
        "coordinates": [
          [
            [
              972.404,
              2111.146
            ],
            [
              972.404,
              2152.854
            ],
            [
              928.5,
              2152.854
            ],
            [
              928.5,
              2111.146
            ],
            [
              972.404,
              2111.146
            ]
          ]
        ]
      }
    },
    {
      "type": "Feature",
      "properties": {
        "id": "B-320",
        "name": "城邦生活街屋 110",
        "zone": "生活区",
        "frontageRoad": "L-V3",
        "description": "生活区沿街独立建筑。",
        "footprint": 1780.2,
        "scaleClass": "普通建筑",
        "layer": "buildings"
      },
      "geometry": {
        "type": "Polygon",
        "coordinates": [
          [
            [
              1251.5,
              1685.187
            ],
            [
              1251.5,
              1738.813
            ],
            [
              1218.303,
              1738.813
            ],
            [
              1218.303,
              1685.187
            ],
            [
              1251.5,
              1685.187
            ]
          ]
        ]
      }
    },
    {
      "type": "Feature",
      "properties": {
        "id": "B-321",
        "name": "城邦生活街屋 111",
        "zone": "生活区",
        "frontageRoad": "L-V3",
        "description": "生活区沿街独立建筑。",
        "footprint": 2212.2,
        "scaleClass": "普通建筑",
        "layer": "buildings"
      },
      "geometry": {
        "type": "Polygon",
        "coordinates": [
          [
            [
              1306.166,
              1752.634
            ],
            [
              1306.166,
              1811.366
            ],
            [
              1268.5,
              1811.366
            ],
            [
              1268.5,
              1752.634
            ],
            [
              1306.166,
              1752.634
            ]
          ]
        ]
      }
    },
    {
      "type": "Feature",
      "properties": {
        "id": "B-322",
        "name": "城邦生活街屋 112",
        "zone": "生活区",
        "frontageRoad": "L-V3",
        "description": "生活区沿街独立建筑。",
        "footprint": 1987.8,
        "scaleClass": "普通建筑",
        "layer": "buildings"
      },
      "geometry": {
        "type": "Polygon",
        "coordinates": [
          [
            [
              1251.5,
              1824.56
            ],
            [
              1251.5,
              1879.44
            ],
            [
              1215.279,
              1879.44
            ],
            [
              1215.279,
              1824.56
            ],
            [
              1251.5,
              1824.56
            ]
          ]
        ]
      }
    },
    {
      "type": "Feature",
      "properties": {
        "id": "B-323",
        "name": "城邦生活街屋 113",
        "zone": "生活区",
        "frontageRoad": "L-V3",
        "description": "生活区沿街独立建筑。",
        "footprint": 2374.5,
        "scaleClass": "普通建筑",
        "layer": "buildings"
      },
      "geometry": {
        "type": "Polygon",
        "coordinates": [
          [
            [
              1308.562,
              1822.365
            ],
            [
              1308.562,
              1881.635
            ],
            [
              1268.5,
              1881.635
            ],
            [
              1268.5,
              1822.365
            ],
            [
              1308.562,
              1822.365
            ]
          ]
        ]
      }
    },
    {
      "type": "Feature",
      "properties": {
        "id": "B-324",
        "name": "城邦生活街屋 114",
        "zone": "生活区",
        "frontageRoad": "L-V3",
        "description": "生活区沿街独立建筑。",
        "footprint": 1638.4,
        "scaleClass": "普通建筑",
        "layer": "buildings"
      },
      "geometry": {
        "type": "Polygon",
        "coordinates": [
          [
            [
              1251.5,
              1973.341
            ],
            [
              1251.5,
              2010.659
            ],
            [
              1207.596,
              2010.659
            ],
            [
              1207.596,
              1973.341
            ],
            [
              1251.5,
              1973.341
            ]
          ]
        ]
      }
    },
    {
      "type": "Feature",
      "properties": {
        "id": "B-325",
        "name": "城邦生活街屋 115",
        "zone": "生活区",
        "frontageRoad": "L-V3",
        "description": "生活区沿街独立建筑。",
        "footprint": 1190.3,
        "scaleClass": "普通建筑",
        "layer": "buildings"
      },
      "geometry": {
        "type": "Polygon",
        "coordinates": [
          [
            [
              1297.038,
              1971.146
            ],
            [
              1297.038,
              2012.854
            ],
            [
              1268.5,
              2012.854
            ],
            [
              1268.5,
              1971.146
            ],
            [
              1297.038,
              1971.146
            ]
          ]
        ]
      }
    },
    {
      "type": "Feature",
      "properties": {
        "id": "B-326",
        "name": "城邦生活街屋 116",
        "zone": "生活区",
        "frontageRoad": "L-V3",
        "description": "生活区沿街独立建筑。",
        "footprint": 1492.7,
        "scaleClass": "普通建筑",
        "layer": "buildings"
      },
      "geometry": {
        "type": "Polygon",
        "coordinates": [
          [
            [
              1251.5,
              2108.95
            ],
            [
              1251.5,
              2155.05
            ],
            [
              1219.121,
              2155.05
            ],
            [
              1219.121,
              2108.95
            ],
            [
              1251.5,
              2108.95
            ]
          ]
        ]
      }
    },
    {
      "type": "Feature",
      "properties": {
        "id": "B-327",
        "name": "城市商住楼 65",
        "zone": "市集区",
        "frontageRoad": "M-00",
        "description": "市集区沿街独立建筑。",
        "footprint": 1828.8,
        "scaleClass": "普通建筑",
        "layer": "buildings"
      },
      "geometry": {
        "type": "Polygon",
        "coordinates": [
          [
            [
              1816.755,
              289
            ],
            [
              1867.245,
              289
            ],
            [
              1867.245,
              325.221
            ],
            [
              1816.755,
              325.221
            ],
            [
              1816.755,
              289
            ]
          ]
        ]
      }
    },
    {
      "type": "Feature",
      "properties": {
        "id": "B-328",
        "name": "城市商住楼 66",
        "zone": "市集区",
        "frontageRoad": "M-00",
        "description": "市集区沿街独立建筑。",
        "footprint": 2198.6,
        "scaleClass": "普通建筑",
        "layer": "buildings"
      },
      "geometry": {
        "type": "Polygon",
        "coordinates": [
          [
            [
              1884.56,
              289
            ],
            [
              1939.44,
              289
            ],
            [
              1939.44,
              329.062
            ],
            [
              1884.56,
              329.062
            ],
            [
              1884.56,
              289
            ]
          ]
        ]
      }
    },
    {
      "type": "Feature",
      "properties": {
        "id": "B-329",
        "name": "城市商住楼 67",
        "zone": "市集区",
        "frontageRoad": "M-00",
        "description": "市集区沿街独立建筑。",
        "footprint": 2602.2,
        "scaleClass": "普通建筑",
        "layer": "buildings"
      },
      "geometry": {
        "type": "Polygon",
        "coordinates": [
          [
            [
              2092.365,
              289
            ],
            [
              2151.635,
              289
            ],
            [
              2151.635,
              332.904
            ],
            [
              2092.365,
              332.904
            ],
            [
              2092.365,
              289
            ]
          ]
        ]
      }
    },
    {
      "type": "Feature",
      "properties": {
        "id": "B-330",
        "name": "城市商住楼 68",
        "zone": "市集区",
        "frontageRoad": "M-00",
        "description": "市集区沿街独立建筑。",
        "footprint": 1065,
        "scaleClass": "普通建筑",
        "layer": "buildings"
      },
      "geometry": {
        "type": "Polygon",
        "coordinates": [
          [
            [
              2103.341,
              242.462
            ],
            [
              2140.659,
              242.462
            ],
            [
              2140.659,
              271
            ],
            [
              2103.341,
              271
            ],
            [
              2103.341,
              242.462
            ]
          ]
        ]
      }
    },
    {
      "type": "Feature",
      "properties": {
        "id": "B-331",
        "name": "城市商住楼 69",
        "zone": "市集区",
        "frontageRoad": "M-00",
        "description": "市集区沿街独立建筑。",
        "footprint": 1350.5,
        "scaleClass": "普通建筑",
        "layer": "buildings"
      },
      "geometry": {
        "type": "Polygon",
        "coordinates": [
          [
            [
              2171.146,
              289
            ],
            [
              2212.854,
              289
            ],
            [
              2212.854,
              321.379
            ],
            [
              2171.146,
              321.379
            ],
            [
              2171.146,
              289
            ]
          ]
        ]
      }
    },
    {
      "type": "Feature",
      "properties": {
        "id": "B-332",
        "name": "城市商住楼 70",
        "zone": "市集区",
        "frontageRoad": "M-00",
        "description": "市集区沿街独立建筑。",
        "footprint": 1669.7,
        "scaleClass": "普通建筑",
        "layer": "buildings"
      },
      "geometry": {
        "type": "Polygon",
        "coordinates": [
          [
            [
              2238.95,
              289
            ],
            [
              2285.05,
              289
            ],
            [
              2285.05,
              325.221
            ],
            [
              2238.95,
              325.221
            ],
            [
              2238.95,
              289
            ]
          ]
        ]
      }
    },
    {
      "type": "Feature",
      "properties": {
        "id": "B-333",
        "name": "城市商住楼 71",
        "zone": "市集区",
        "frontageRoad": "M-00",
        "description": "市集区沿街独立建筑。",
        "footprint": 2022.7,
        "scaleClass": "普通建筑",
        "layer": "buildings"
      },
      "geometry": {
        "type": "Polygon",
        "coordinates": [
          [
            [
              2446.755,
              289
            ],
            [
              2497.245,
              289
            ],
            [
              2497.245,
              329.062
            ],
            [
              2446.755,
              329.062
            ],
            [
              2446.755,
              289
            ]
          ]
        ]
      }
    },
    {
      "type": "Feature",
      "properties": {
        "id": "B-334",
        "name": "城市商住楼 72",
        "zone": "市集区",
        "frontageRoad": "M-00",
        "description": "市集区沿街独立建筑。",
        "footprint": 2409.5,
        "scaleClass": "普通建筑",
        "layer": "buildings"
      },
      "geometry": {
        "type": "Polygon",
        "coordinates": [
          [
            [
              2514.56,
              289
            ],
            [
              2569.44,
              289
            ],
            [
              2569.44,
              332.904
            ],
            [
              2514.56,
              332.904
            ],
            [
              2514.56,
              289
            ]
          ]
        ]
      }
    },
    {
      "type": "Feature",
      "properties": {
        "id": "B-335",
        "name": "城市商住楼 73",
        "zone": "市集区",
        "frontageRoad": "M-00",
        "description": "市集区沿街独立建筑。",
        "footprint": 1691.4,
        "scaleClass": "普通建筑",
        "layer": "buildings"
      },
      "geometry": {
        "type": "Polygon",
        "coordinates": [
          [
            [
              2512.365,
              242.462
            ],
            [
              2571.635,
              242.462
            ],
            [
              2571.635,
              271
            ],
            [
              2512.365,
              271
            ],
            [
              2512.365,
              242.462
            ]
          ]
        ]
      }
    },
    {
      "type": "Feature",
      "properties": {
        "id": "B-336",
        "name": "城市商住楼 74",
        "zone": "市集区",
        "frontageRoad": "M-00",
        "description": "市集区沿街独立建筑。",
        "footprint": 1208.3,
        "scaleClass": "普通建筑",
        "layer": "buildings"
      },
      "geometry": {
        "type": "Polygon",
        "coordinates": [
          [
            [
              2593.341,
              289
            ],
            [
              2630.659,
              289
            ],
            [
              2630.659,
              321.379
            ],
            [
              2593.341,
              321.379
            ],
            [
              2593.341,
              289
            ]
          ]
        ]
      }
    },
    {
      "type": "Feature",
      "properties": {
        "id": "B-337",
        "name": "城市商住楼 75",
        "zone": "市集区",
        "frontageRoad": "M-00",
        "description": "市集区沿街独立建筑。",
        "footprint": 1510.7,
        "scaleClass": "普通建筑",
        "layer": "buildings"
      },
      "geometry": {
        "type": "Polygon",
        "coordinates": [
          [
            [
              2661.146,
              289
            ],
            [
              2702.854,
              289
            ],
            [
              2702.854,
              325.221
            ],
            [
              2661.146,
              325.221
            ],
            [
              2661.146,
              289
            ]
          ]
        ]
      }
    },
    {
      "type": "Feature",
      "properties": {
        "id": "B-338",
        "name": "城市商住楼 76",
        "zone": "市集区",
        "frontageRoad": "M-00",
        "description": "市集区沿街独立建筑。",
        "footprint": 1846.8,
        "scaleClass": "普通建筑",
        "layer": "buildings"
      },
      "geometry": {
        "type": "Polygon",
        "coordinates": [
          [
            [
              2798.95,
              289
            ],
            [
              2845.05,
              289
            ],
            [
              2845.05,
              329.062
            ],
            [
              2798.95,
              329.062
            ],
            [
              2798.95,
              289
            ]
          ]
        ]
      }
    },
    {
      "type": "Feature",
      "properties": {
        "id": "B-339",
        "name": "城市商住楼 77",
        "zone": "市集区",
        "frontageRoad": "M-00",
        "description": "市集区沿街独立建筑。",
        "footprint": 1552,
        "scaleClass": "普通建筑",
        "layer": "buildings"
      },
      "geometry": {
        "type": "Polygon",
        "coordinates": [
          [
            [
              2870.877,
              289
            ],
            [
              2913.123,
              289
            ],
            [
              2913.123,
              325.736
            ],
            [
              2870.877,
              325.736
            ],
            [
              2870.877,
              289
            ]
          ]
        ]
      }
    },
    {
      "type": "Feature",
      "properties": {
        "id": "B-340",
        "name": "城市商住楼 78",
        "zone": "市集区",
        "frontageRoad": "M-00",
        "description": "市集区沿街独立建筑。",
        "footprint": 1096.5,
        "scaleClass": "普通建筑",
        "layer": "buildings"
      },
      "geometry": {
        "type": "Polygon",
        "coordinates": [
          [
            [
              2869.04,
              247.122
            ],
            [
              2914.96,
              247.122
            ],
            [
              2914.96,
              271
            ],
            [
              2869.04,
              271
            ],
            [
              2869.04,
              247.122
            ]
          ]
        ]
      }
    },
    {
      "type": "Feature",
      "properties": {
        "id": "B-341",
        "name": "城市商住楼 79",
        "zone": "市集区",
        "frontageRoad": "M-00",
        "description": "市集区沿街独立建筑。",
        "footprint": 1343.6,
        "scaleClass": "普通建筑",
        "layer": "buildings"
      },
      "geometry": {
        "type": "Polygon",
        "coordinates": [
          [
            [
              2937.203,
              289
            ],
            [
              2986.797,
              289
            ],
            [
              2986.797,
              316.093
            ],
            [
              2937.203,
              316.093
            ],
            [
              2937.203,
              289
            ]
          ]
        ]
      }
    },
    {
      "type": "Feature",
      "properties": {
        "id": "B-342",
        "name": "城市商住楼 80",
        "zone": "市集区",
        "frontageRoad": "M-00",
        "description": "市集区沿街独立建筑。",
        "footprint": 946.4,
        "scaleClass": "普通建筑",
        "layer": "buildings"
      },
      "geometry": {
        "type": "Polygon",
        "coordinates": [
          [
            [
              2946.387,
              240.693
            ],
            [
              2977.613,
              240.693
            ],
            [
              2977.613,
              271
            ],
            [
              2946.387,
              271
            ],
            [
              2946.387,
              240.693
            ]
          ]
        ]
      }
    },
    {
      "type": "Feature",
      "properties": {
        "id": "B-343",
        "name": "城市商住楼 81",
        "zone": "市集区",
        "frontageRoad": "M-00",
        "description": "市集区沿街独立建筑。",
        "footprint": 1169.9,
        "scaleClass": "普通建筑",
        "layer": "buildings"
      },
      "geometry": {
        "type": "Polygon",
        "coordinates": [
          [
            [
              3014.55,
              289
            ],
            [
              3049.45,
              289
            ],
            [
              3049.45,
              322.522
            ],
            [
              3014.55,
              322.522
            ],
            [
              3014.55,
              289
            ]
          ]
        ]
      }
    },
    {
      "type": "Feature",
      "properties": {
        "id": "B-344",
        "name": "城市商住楼 82",
        "zone": "市集区",
        "frontageRoad": "M-01",
        "description": "市集区沿街独立建筑。",
        "footprint": 2023.9,
        "scaleClass": "普通建筑",
        "layer": "buildings"
      },
      "geometry": {
        "type": "Polygon",
        "coordinates": [
          [
            [
              1803.95,
              399
            ],
            [
              1850.05,
              399
            ],
            [
              1850.05,
              442.904
            ],
            [
              1803.95,
              442.904
            ],
            [
              1803.95,
              399
            ]
          ]
        ]
      }
    },
    {
      "type": "Feature",
      "properties": {
        "id": "B-345",
        "name": "城市商住楼 83",
        "zone": "市集区",
        "frontageRoad": "M-01",
        "description": "市集区沿街独立建筑。",
        "footprint": 1440.9,
        "scaleClass": "普通建筑",
        "layer": "buildings"
      },
      "geometry": {
        "type": "Polygon",
        "coordinates": [
          [
            [
              1801.755,
              352.462
            ],
            [
              1852.245,
              352.462
            ],
            [
              1852.245,
              381
            ],
            [
              1801.755,
              381
            ],
            [
              1801.755,
              352.462
            ]
          ]
        ]
      }
    },
    {
      "type": "Feature",
      "properties": {
        "id": "B-346",
        "name": "城市商住楼 84",
        "zone": "市集区",
        "frontageRoad": "M-01",
        "description": "市集区沿街独立建筑。",
        "footprint": 1777,
        "scaleClass": "普通建筑",
        "layer": "buildings"
      },
      "geometry": {
        "type": "Polygon",
        "coordinates": [
          [
            [
              1869.56,
              399
            ],
            [
              1924.44,
              399
            ],
            [
              1924.44,
              431.379
            ],
            [
              1869.56,
              431.379
            ],
            [
              1869.56,
              399
            ]
          ]
        ]
      }
    },
    {
      "type": "Feature",
      "properties": {
        "id": "B-347",
        "name": "城市商住楼 85",
        "zone": "市集区",
        "frontageRoad": "M-01",
        "description": "市集区沿街独立建筑。",
        "footprint": 2146.8,
        "scaleClass": "普通建筑",
        "layer": "buildings"
      },
      "geometry": {
        "type": "Polygon",
        "coordinates": [
          [
            [
              1867.365,
              344.779
            ],
            [
              1926.635,
              344.779
            ],
            [
              1926.635,
              381
            ],
            [
              1867.365,
              381
            ],
            [
              1867.365,
              344.779
            ]
          ]
        ]
      }
    },
    {
      "type": "Feature",
      "properties": {
        "id": "B-348",
        "name": "城市商住楼 86",
        "zone": "市集区",
        "frontageRoad": "M-01",
        "description": "市集区沿街独立建筑。",
        "footprint": 1495.1,
        "scaleClass": "普通建筑",
        "layer": "buildings"
      },
      "geometry": {
        "type": "Polygon",
        "coordinates": [
          [
            [
              1948.341,
              340.938
            ],
            [
              1985.659,
              340.938
            ],
            [
              1985.659,
              381
            ],
            [
              1948.341,
              381
            ],
            [
              1948.341,
              340.938
            ]
          ]
        ]
      }
    },
    {
      "type": "Feature",
      "properties": {
        "id": "B-349",
        "name": "城市商住楼 87",
        "zone": "市集区",
        "frontageRoad": "M-01",
        "description": "市集区沿街独立建筑。",
        "footprint": 1831.2,
        "scaleClass": "普通建筑",
        "layer": "buildings"
      },
      "geometry": {
        "type": "Polygon",
        "coordinates": [
          [
            [
              2086.146,
              399
            ],
            [
              2127.854,
              399
            ],
            [
              2127.854,
              442.904
            ],
            [
              2086.146,
              442.904
            ],
            [
              2086.146,
              399
            ]
          ]
        ]
      }
    },
    {
      "type": "Feature",
      "properties": {
        "id": "B-350",
        "name": "城市商住楼 88",
        "zone": "市集区",
        "frontageRoad": "M-01",
        "description": "市集区沿街独立建筑。",
        "footprint": 1315.6,
        "scaleClass": "普通建筑",
        "layer": "buildings"
      },
      "geometry": {
        "type": "Polygon",
        "coordinates": [
          [
            [
              2083.95,
              352.462
            ],
            [
              2130.05,
              352.462
            ],
            [
              2130.05,
              381
            ],
            [
              2083.95,
              381
            ],
            [
              2083.95,
              352.462
            ]
          ]
        ]
      }
    },
    {
      "type": "Feature",
      "properties": {
        "id": "B-351",
        "name": "城市商住楼 89",
        "zone": "市集区",
        "frontageRoad": "M-01",
        "description": "市集区沿街独立建筑。",
        "footprint": 1634.8,
        "scaleClass": "普通建筑",
        "layer": "buildings"
      },
      "geometry": {
        "type": "Polygon",
        "coordinates": [
          [
            [
              2151.755,
              348.621
            ],
            [
              2202.245,
              348.621
            ],
            [
              2202.245,
              381
            ],
            [
              2151.755,
              381
            ],
            [
              2151.755,
              348.621
            ]
          ]
        ]
      }
    },
    {
      "type": "Feature",
      "properties": {
        "id": "B-352",
        "name": "城市商住楼 90",
        "zone": "市集区",
        "frontageRoad": "M-01",
        "description": "市集区沿街独立建筑。",
        "footprint": 1987.8,
        "scaleClass": "普通建筑",
        "layer": "buildings"
      },
      "geometry": {
        "type": "Polygon",
        "coordinates": [
          [
            [
              2219.56,
              399
            ],
            [
              2274.44,
              399
            ],
            [
              2274.44,
              435.221
            ],
            [
              2219.56,
              435.221
            ],
            [
              2219.56,
              399
            ]
          ]
        ]
      }
    },
    {
      "type": "Feature",
      "properties": {
        "id": "B-353",
        "name": "城市商住楼 91",
        "zone": "市集区",
        "frontageRoad": "M-01",
        "description": "市集区沿街独立建筑。",
        "footprint": 2374.5,
        "scaleClass": "普通建筑",
        "layer": "buildings"
      },
      "geometry": {
        "type": "Polygon",
        "coordinates": [
          [
            [
              2217.365,
              340.938
            ],
            [
              2276.635,
              340.938
            ],
            [
              2276.635,
              381
            ],
            [
              2217.365,
              381
            ],
            [
              2217.365,
              340.938
            ]
          ]
        ]
      }
    },
    {
      "type": "Feature",
      "properties": {
        "id": "B-354",
        "name": "城市商住楼 92",
        "zone": "市集区",
        "frontageRoad": "M-01",
        "description": "市集区沿街独立建筑。",
        "footprint": 1638.4,
        "scaleClass": "普通建筑",
        "layer": "buildings"
      },
      "geometry": {
        "type": "Polygon",
        "coordinates": [
          [
            [
              2438.341,
              399
            ],
            [
              2475.659,
              399
            ],
            [
              2475.659,
              442.904
            ],
            [
              2438.341,
              442.904
            ],
            [
              2438.341,
              399
            ]
          ]
        ]
      }
    },
    {
      "type": "Feature",
      "properties": {
        "id": "B-355",
        "name": "城市商住楼 93",
        "zone": "市集区",
        "frontageRoad": "M-01",
        "description": "市集区沿街独立建筑。",
        "footprint": 1190.3,
        "scaleClass": "普通建筑",
        "layer": "buildings"
      },
      "geometry": {
        "type": "Polygon",
        "coordinates": [
          [
            [
              2436.146,
              352.462
            ],
            [
              2477.854,
              352.462
            ],
            [
              2477.854,
              381
            ],
            [
              2436.146,
              381
            ],
            [
              2436.146,
              352.462
            ]
          ]
        ]
      }
    },
    {
      "type": "Feature",
      "properties": {
        "id": "B-356",
        "name": "城市商住楼 94",
        "zone": "市集区",
        "frontageRoad": "M-01",
        "description": "市集区沿街独立建筑。",
        "footprint": 1492.7,
        "scaleClass": "普通建筑",
        "layer": "buildings"
      },
      "geometry": {
        "type": "Polygon",
        "coordinates": [
          [
            [
              2503.95,
              348.621
            ],
            [
              2550.05,
              348.621
            ],
            [
              2550.05,
              381
            ],
            [
              2503.95,
              381
            ],
            [
              2503.95,
              348.621
            ]
          ]
        ]
      }
    },
    {
      "type": "Feature",
      "properties": {
        "id": "B-357",
        "name": "城市商住楼 95",
        "zone": "市集区",
        "frontageRoad": "M-01",
        "description": "市集区沿街独立建筑。",
        "footprint": 1828.8,
        "scaleClass": "普通建筑",
        "layer": "buildings"
      },
      "geometry": {
        "type": "Polygon",
        "coordinates": [
          [
            [
              2571.755,
              399
            ],
            [
              2622.245,
              399
            ],
            [
              2622.245,
              435.221
            ],
            [
              2571.755,
              435.221
            ],
            [
              2571.755,
              399
            ]
          ]
        ]
      }
    },
    {
      "type": "Feature",
      "properties": {
        "id": "B-358",
        "name": "城市商住楼 96",
        "zone": "市集区",
        "frontageRoad": "M-01",
        "description": "市集区沿街独立建筑。",
        "footprint": 2198.6,
        "scaleClass": "普通建筑",
        "layer": "buildings"
      },
      "geometry": {
        "type": "Polygon",
        "coordinates": [
          [
            [
              2569.56,
              340.938
            ],
            [
              2624.44,
              340.938
            ],
            [
              2624.44,
              381
            ],
            [
              2569.56,
              381
            ],
            [
              2569.56,
              340.938
            ]
          ]
        ]
      }
    },
    {
      "type": "Feature",
      "properties": {
        "id": "B-359",
        "name": "城市商住楼 97",
        "zone": "市集区",
        "frontageRoad": "M-01",
        "description": "市集区沿街独立建筑。",
        "footprint": 2602.2,
        "scaleClass": "普通建筑",
        "layer": "buildings"
      },
      "geometry": {
        "type": "Polygon",
        "coordinates": [
          [
            [
              2637.365,
              399
            ],
            [
              2696.635,
              399
            ],
            [
              2696.635,
              442.904
            ],
            [
              2637.365,
              442.904
            ],
            [
              2637.365,
              399
            ]
          ]
        ]
      }
    },
    {
      "type": "Feature",
      "properties": {
        "id": "B-360",
        "name": "城市商住楼 98",
        "zone": "市集区",
        "frontageRoad": "M-01",
        "description": "市集区沿街独立建筑。",
        "footprint": 1065,
        "scaleClass": "普通建筑",
        "layer": "buildings"
      },
      "geometry": {
        "type": "Polygon",
        "coordinates": [
          [
            [
              2648.341,
              352.462
            ],
            [
              2685.659,
              352.462
            ],
            [
              2685.659,
              381
            ],
            [
              2648.341,
              381
            ],
            [
              2648.341,
              352.462
            ]
          ]
        ]
      }
    },
    {
      "type": "Feature",
      "properties": {
        "id": "B-361",
        "name": "城市商住楼 99",
        "zone": "市集区",
        "frontageRoad": "M-01",
        "description": "市集区沿街独立建筑。",
        "footprint": 1350.5,
        "scaleClass": "普通建筑",
        "layer": "buildings"
      },
      "geometry": {
        "type": "Polygon",
        "coordinates": [
          [
            [
              2786.146,
              399
            ],
            [
              2827.854,
              399
            ],
            [
              2827.854,
              431.379
            ],
            [
              2786.146,
              431.379
            ],
            [
              2786.146,
              399
            ]
          ]
        ]
      }
    },
    {
      "type": "Feature",
      "properties": {
        "id": "B-362",
        "name": "城市商住楼 100",
        "zone": "市集区",
        "frontageRoad": "M-01",
        "description": "市集区沿街独立建筑。",
        "footprint": 1669.7,
        "scaleClass": "普通建筑",
        "layer": "buildings"
      },
      "geometry": {
        "type": "Polygon",
        "coordinates": [
          [
            [
              2783.95,
              344.779
            ],
            [
              2830.05,
              344.779
            ],
            [
              2830.05,
              381
            ],
            [
              2783.95,
              381
            ],
            [
              2783.95,
              344.779
            ]
          ]
        ]
      }
    },
    {
      "type": "Feature",
      "properties": {
        "id": "B-363",
        "name": "城市商住楼 101",
        "zone": "市集区",
        "frontageRoad": "M-01",
        "description": "市集区沿街独立建筑。",
        "footprint": 2022.7,
        "scaleClass": "普通建筑",
        "layer": "buildings"
      },
      "geometry": {
        "type": "Polygon",
        "coordinates": [
          [
            [
              2851.755,
              399
            ],
            [
              2902.245,
              399
            ],
            [
              2902.245,
              439.062
            ],
            [
              2851.755,
              439.062
            ],
            [
              2851.755,
              399
            ]
          ]
        ]
      }
    },
    {
      "type": "Feature",
      "properties": {
        "id": "B-364",
        "name": "城市商住楼 102",
        "zone": "市集区",
        "frontageRoad": "M-01",
        "description": "市集区沿街独立建筑。",
        "footprint": 2409.5,
        "scaleClass": "普通建筑",
        "layer": "buildings"
      },
      "geometry": {
        "type": "Polygon",
        "coordinates": [
          [
            [
              2849.56,
              337.096
            ],
            [
              2904.44,
              337.096
            ],
            [
              2904.44,
              381
            ],
            [
              2849.56,
              381
            ],
            [
              2849.56,
              337.096
            ]
          ]
        ]
      }
    },
    {
      "type": "Feature",
      "properties": {
        "id": "B-365",
        "name": "城市商住楼 103",
        "zone": "市集区",
        "frontageRoad": "M-01",
        "description": "市集区沿街独立建筑。",
        "footprint": 1691.4,
        "scaleClass": "普通建筑",
        "layer": "buildings"
      },
      "geometry": {
        "type": "Polygon",
        "coordinates": [
          [
            [
              2917.365,
              399
            ],
            [
              2976.635,
              399
            ],
            [
              2976.635,
              427.538
            ],
            [
              2917.365,
              427.538
            ],
            [
              2917.365,
              399
            ]
          ]
        ]
      }
    },
    {
      "type": "Feature",
      "properties": {
        "id": "B-366",
        "name": "城市商住楼 104",
        "zone": "市集区",
        "frontageRoad": "M-01",
        "description": "市集区沿街独立建筑。",
        "footprint": 1208.3,
        "scaleClass": "普通建筑",
        "layer": "buildings"
      },
      "geometry": {
        "type": "Polygon",
        "coordinates": [
          [
            [
              2928.341,
              348.621
            ],
            [
              2965.659,
              348.621
            ],
            [
              2965.659,
              381
            ],
            [
              2928.341,
              381
            ],
            [
              2928.341,
              348.621
            ]
          ]
        ]
      }
    },
    {
      "type": "Feature",
      "properties": {
        "id": "B-367",
        "name": "城市商住楼 105",
        "zone": "市集区",
        "frontageRoad": "M-01",
        "description": "市集区沿街独立建筑。",
        "footprint": 1057.7,
        "scaleClass": "普通建筑",
        "layer": "buildings"
      },
      "geometry": {
        "type": "Polygon",
        "coordinates": [
          [
            [
              2999.55,
              399
            ],
            [
              3034.45,
              399
            ],
            [
              3034.45,
              429.307
            ],
            [
              2999.55,
              429.307
            ],
            [
              2999.55,
              399
            ]
          ]
        ]
      }
    },
    {
      "type": "Feature",
      "properties": {
        "id": "B-368",
        "name": "城市商住楼 106",
        "zone": "市集区",
        "frontageRoad": "M-01",
        "description": "市集区沿街独立建筑。",
        "footprint": 1293,
        "scaleClass": "普通建筑",
        "layer": "buildings"
      },
      "geometry": {
        "type": "Polygon",
        "coordinates": [
          [
            [
              2997.714,
              347.478
            ],
            [
              3036.286,
              347.478
            ],
            [
              3036.286,
              381
            ],
            [
              2997.714,
              381
            ],
            [
              2997.714,
              347.478
            ]
          ]
        ]
      }
    },
    {
      "type": "Feature",
      "properties": {
        "id": "B-369",
        "name": "城市商住楼 107",
        "zone": "市集区",
        "frontageRoad": "M-01",
        "description": "市集区沿街独立建筑。",
        "footprint": 1552,
        "scaleClass": "普通建筑",
        "layer": "buildings"
      },
      "geometry": {
        "type": "Polygon",
        "coordinates": [
          [
            [
              3065.877,
              399
            ],
            [
              3108.123,
              399
            ],
            [
              3108.123,
              435.736
            ],
            [
              3065.877,
              435.736
            ],
            [
              3065.877,
              399
            ]
          ]
        ]
      }
    },
    {
      "type": "Feature",
      "properties": {
        "id": "B-370",
        "name": "城市商住楼 108",
        "zone": "市集区",
        "frontageRoad": "M-01",
        "description": "市集区沿街独立建筑。",
        "footprint": 1096.5,
        "scaleClass": "普通建筑",
        "layer": "buildings"
      },
      "geometry": {
        "type": "Polygon",
        "coordinates": [
          [
            [
              3064.04,
              357.122
            ],
            [
              3109.96,
              357.122
            ],
            [
              3109.96,
              381
            ],
            [
              3064.04,
              381
            ],
            [
              3064.04,
              357.122
            ]
          ]
        ]
      }
    },
    {
      "type": "Feature",
      "properties": {
        "id": "B-371",
        "name": "城市商住楼 109",
        "zone": "市集区",
        "frontageRoad": "M-04",
        "description": "市集区沿街独立建筑。",
        "footprint": 2596.9,
        "scaleClass": "普通建筑",
        "layer": "buildings"
      },
      "geometry": {
        "type": "Polygon",
        "coordinates": [
          [
            [
              2357.526,
              1098.5
            ],
            [
              2426.474,
              1098.5
            ],
            [
              2426.474,
              1136.166
            ],
            [
              2357.526,
              1136.166
            ],
            [
              2357.526,
              1098.5
            ]
          ]
        ]
      }
    },
    {
      "type": "Feature",
      "properties": {
        "id": "B-372",
        "name": "城市商住楼 110",
        "zone": "市集区",
        "frontageRoad": "M-04",
        "description": "市集区沿街独立建筑。",
        "footprint": 1829.1,
        "scaleClass": "普通建筑",
        "layer": "buildings"
      },
      "geometry": {
        "type": "Polygon",
        "coordinates": [
          [
            [
              2440.294,
              1098.5
            ],
            [
              2483.706,
              1098.5
            ],
            [
              2483.706,
              1140.634
            ],
            [
              2440.294,
              1140.634
            ],
            [
              2440.294,
              1098.5
            ]
          ]
        ]
      }
    },
    {
      "type": "Feature",
      "properties": {
        "id": "B-373",
        "name": "城市商住楼 111",
        "zone": "市集区",
        "frontageRoad": "M-04",
        "description": "市集区沿街独立建筑。",
        "footprint": 2261.1,
        "scaleClass": "普通建筑",
        "layer": "buildings"
      },
      "geometry": {
        "type": "Polygon",
        "coordinates": [
          [
            [
              2787.741,
              1098.5
            ],
            [
              2836.259,
              1098.5
            ],
            [
              2836.259,
              1145.103
            ],
            [
              2787.741,
              1145.103
            ],
            [
              2787.741,
              1098.5
            ]
          ]
        ]
      }
    },
    {
      "type": "Feature",
      "properties": {
        "id": "B-374",
        "name": "城市商住楼 112",
        "zone": "市集区",
        "frontageRoad": "M-04",
        "description": "市集区沿街独立建筑。",
        "footprint": 2738.8,
        "scaleClass": "普通建筑",
        "layer": "buildings"
      },
      "geometry": {
        "type": "Polygon",
        "coordinates": [
          [
            [
              2785.187,
              1030.428
            ],
            [
              2838.813,
              1030.428
            ],
            [
              2838.813,
              1081.5
            ],
            [
              2785.187,
              1081.5
            ],
            [
              2785.187,
              1030.428
            ]
          ]
        ]
      }
    },
    {
      "type": "Feature",
      "properties": {
        "id": "B-375",
        "name": "城市商住楼 113",
        "zone": "市集区",
        "frontageRoad": "M-04",
        "description": "市集区沿街独立建筑。",
        "footprint": 1440.9,
        "scaleClass": "普通建筑",
        "layer": "buildings"
      },
      "geometry": {
        "type": "Polygon",
        "coordinates": [
          [
            [
              2926.755,
              1098.5
            ],
            [
              2977.245,
              1098.5
            ],
            [
              2977.245,
              1127.038
            ],
            [
              2926.755,
              1127.038
            ],
            [
              2926.755,
              1098.5
            ]
          ]
        ]
      }
    },
    {
      "type": "Feature",
      "properties": {
        "id": "B-376",
        "name": "城市商住楼 114",
        "zone": "市集区",
        "frontageRoad": "M-04",
        "description": "市集区沿街独立建筑。",
        "footprint": 1777,
        "scaleClass": "普通建筑",
        "layer": "buildings"
      },
      "geometry": {
        "type": "Polygon",
        "coordinates": [
          [
            [
              2924.56,
              1049.121
            ],
            [
              2979.44,
              1049.121
            ],
            [
              2979.44,
              1081.5
            ],
            [
              2924.56,
              1081.5
            ],
            [
              2924.56,
              1049.121
            ]
          ]
        ]
      }
    },
    {
      "type": "Feature",
      "properties": {
        "id": "B-377",
        "name": "城市商住楼 115",
        "zone": "市集区",
        "frontageRoad": "M-V1",
        "description": "市集区沿街独立建筑。",
        "footprint": 2146.8,
        "scaleClass": "普通建筑",
        "layer": "buildings"
      },
      "geometry": {
        "type": "Polygon",
        "coordinates": [
          [
            [
              2171.5,
              402.365
            ],
            [
              2171.5,
              461.635
            ],
            [
              2135.279,
              461.635
            ],
            [
              2135.279,
              402.365
            ],
            [
              2171.5,
              402.365
            ]
          ]
        ]
      }
    },
    {
      "type": "Feature",
      "properties": {
        "id": "B-378",
        "name": "城市商住楼 116",
        "zone": "市集区",
        "frontageRoad": "M-V1",
        "description": "市集区沿街独立建筑。",
        "footprint": 1495.1,
        "scaleClass": "普通建筑",
        "layer": "buildings"
      },
      "geometry": {
        "type": "Polygon",
        "coordinates": [
          [
            [
              2171.5,
              483.341
            ],
            [
              2171.5,
              520.659
            ],
            [
              2131.438,
              520.659
            ],
            [
              2131.438,
              483.341
            ],
            [
              2171.5,
              483.341
            ]
          ]
        ]
      }
    },
    {
      "type": "Feature",
      "properties": {
        "id": "B-379",
        "name": "城市商住楼 117",
        "zone": "市集区",
        "frontageRoad": "M-V1",
        "description": "市集区沿街独立建筑。",
        "footprint": 1831.2,
        "scaleClass": "普通建筑",
        "layer": "buildings"
      },
      "geometry": {
        "type": "Polygon",
        "coordinates": [
          [
            [
              2232.404,
              481.146
            ],
            [
              2232.404,
              522.854
            ],
            [
              2188.5,
              522.854
            ],
            [
              2188.5,
              481.146
            ],
            [
              2232.404,
              481.146
            ]
          ]
        ]
      }
    },
    {
      "type": "Feature",
      "properties": {
        "id": "B-380",
        "name": "城市商住楼 118",
        "zone": "市集区",
        "frontageRoad": "M-V1",
        "description": "市集区沿街独立建筑。",
        "footprint": 1780.2,
        "scaleClass": "普通建筑",
        "layer": "buildings"
      },
      "geometry": {
        "type": "Polygon",
        "coordinates": [
          [
            [
              2171.5,
              545.187
            ],
            [
              2171.5,
              598.813
            ],
            [
              2138.303,
              598.813
            ],
            [
              2138.303,
              545.187
            ],
            [
              2171.5,
              545.187
            ]
          ]
        ]
      }
    },
    {
      "type": "Feature",
      "properties": {
        "id": "B-381",
        "name": "城市商住楼 119",
        "zone": "市集区",
        "frontageRoad": "M-V1",
        "description": "市集区沿街独立建筑。",
        "footprint": 2212.2,
        "scaleClass": "普通建筑",
        "layer": "buildings"
      },
      "geometry": {
        "type": "Polygon",
        "coordinates": [
          [
            [
              2226.166,
              542.634
            ],
            [
              2226.166,
              601.366
            ],
            [
              2188.5,
              601.366
            ],
            [
              2188.5,
              542.634
            ],
            [
              2226.166,
              542.634
            ]
          ]
        ]
      }
    },
    {
      "type": "Feature",
      "properties": {
        "id": "B-382",
        "name": "城市商住楼 120",
        "zone": "市集区",
        "frontageRoad": "M-V1",
        "description": "市集区沿街独立建筑。",
        "footprint": 2689.9,
        "scaleClass": "普通建筑",
        "layer": "buildings"
      },
      "geometry": {
        "type": "Polygon",
        "coordinates": [
          [
            [
              2171.5,
              680.08
            ],
            [
              2171.5,
              743.92
            ],
            [
              2129.366,
              743.92
            ],
            [
              2129.366,
              680.08
            ],
            [
              2171.5,
              680.08
            ]
          ]
        ]
      }
    },
    {
      "type": "Feature",
      "properties": {
        "id": "B-383",
        "name": "城市商住楼 121",
        "zone": "市集区",
        "frontageRoad": "M-V1",
        "description": "市集区沿街独立建筑。",
        "footprint": 3213.2,
        "scaleClass": "普通建筑",
        "layer": "buildings"
      },
      "geometry": {
        "type": "Polygon",
        "coordinates": [
          [
            [
              2235.103,
              677.526
            ],
            [
              2235.103,
              746.474
            ],
            [
              2188.5,
              746.474
            ],
            [
              2188.5,
              677.526
            ],
            [
              2235.103,
              677.526
            ]
          ]
        ]
      }
    },
    {
      "type": "Feature",
      "properties": {
        "id": "B-384",
        "name": "城市商住楼 122",
        "zone": "市集区",
        "frontageRoad": "M-V1",
        "description": "市集区沿街独立建筑。",
        "footprint": 2217.1,
        "scaleClass": "普通建筑",
        "layer": "buildings"
      },
      "geometry": {
        "type": "Polygon",
        "coordinates": [
          [
            [
              2171.5,
              900.294
            ],
            [
              2171.5,
              943.706
            ],
            [
              2120.428,
              943.706
            ],
            [
              2120.428,
              900.294
            ],
            [
              2171.5,
              900.294
            ]
          ]
        ]
      }
    },
    {
      "type": "Feature",
      "properties": {
        "id": "B-385",
        "name": "城市商住楼 123",
        "zone": "市集区",
        "frontageRoad": "M-V1",
        "description": "市集区沿街独立建筑。",
        "footprint": 1610.7,
        "scaleClass": "普通建筑",
        "layer": "buildings"
      },
      "geometry": {
        "type": "Polygon",
        "coordinates": [
          [
            [
              2221.697,
              897.741
            ],
            [
              2221.697,
              946.259
            ],
            [
              2188.5,
              946.259
            ],
            [
              2188.5,
              897.741
            ],
            [
              2221.697,
              897.741
            ]
          ]
        ]
      }
    },
    {
      "type": "Feature",
      "properties": {
        "id": "B-386",
        "name": "城市商住楼 124",
        "zone": "市集区",
        "frontageRoad": "M-V1",
        "description": "市集区沿街独立建筑。",
        "footprint": 2019.8,
        "scaleClass": "普通建筑",
        "layer": "buildings"
      },
      "geometry": {
        "type": "Polygon",
        "coordinates": [
          [
            [
              2171.5,
              965.187
            ],
            [
              2171.5,
              1018.813
            ],
            [
              2133.834,
              1018.813
            ],
            [
              2133.834,
              965.187
            ],
            [
              2171.5,
              965.187
            ]
          ]
        ]
      }
    },
    {
      "type": "Feature",
      "properties": {
        "id": "B-387",
        "name": "城市商住楼 125",
        "zone": "市集区",
        "frontageRoad": "M-V1",
        "description": "市集区沿街独立建筑。",
        "footprint": 2474.7,
        "scaleClass": "普通建筑",
        "layer": "buildings"
      },
      "geometry": {
        "type": "Polygon",
        "coordinates": [
          [
            [
              2230.634,
              1102.634
            ],
            [
              2230.634,
              1161.366
            ],
            [
              2188.5,
              1161.366
            ],
            [
              2188.5,
              1102.634
            ],
            [
              2230.634,
              1102.634
            ]
          ]
        ]
      }
    },
    {
      "type": "Feature",
      "properties": {
        "id": "B-388",
        "name": "城市商住楼 126",
        "zone": "市集区",
        "frontageRoad": "M-V1",
        "description": "市集区沿街独立建筑。",
        "footprint": 2975.1,
        "scaleClass": "普通建筑",
        "layer": "buildings"
      },
      "geometry": {
        "type": "Polygon",
        "coordinates": [
          [
            [
              2171.5,
              1170.08
            ],
            [
              2171.5,
              1233.92
            ],
            [
              2124.897,
              1233.92
            ],
            [
              2124.897,
              1170.08
            ],
            [
              2171.5,
              1170.08
            ]
          ]
        ]
      }
    },
    {
      "type": "Feature",
      "properties": {
        "id": "B-389",
        "name": "城市商住楼 127",
        "zone": "市集区",
        "frontageRoad": "M-V2",
        "description": "市集区沿街独立建筑。",
        "footprint": 2602.2,
        "scaleClass": "普通建筑",
        "layer": "buildings"
      },
      "geometry": {
        "type": "Polygon",
        "coordinates": [
          [
            [
              2541.5,
              402.365
            ],
            [
              2541.5,
              461.635
            ],
            [
              2497.596,
              461.635
            ],
            [
              2497.596,
              402.365
            ],
            [
              2541.5,
              402.365
            ]
          ]
        ]
      }
    },
    {
      "type": "Feature",
      "properties": {
        "id": "B-390",
        "name": "城市商住楼 128",
        "zone": "市集区",
        "frontageRoad": "M-V2",
        "description": "市集区沿街独立建筑。",
        "footprint": 1065,
        "scaleClass": "普通建筑",
        "layer": "buildings"
      },
      "geometry": {
        "type": "Polygon",
        "coordinates": [
          [
            [
              2541.5,
              483.341
            ],
            [
              2541.5,
              520.659
            ],
            [
              2512.962,
              520.659
            ],
            [
              2512.962,
              483.341
            ],
            [
              2541.5,
              483.341
            ]
          ]
        ]
      }
    },
    {
      "type": "Feature",
      "properties": {
        "id": "B-391",
        "name": "城市商住楼 129",
        "zone": "市集区",
        "frontageRoad": "M-V2",
        "description": "市集区沿街独立建筑。",
        "footprint": 1350.5,
        "scaleClass": "普通建筑",
        "layer": "buildings"
      },
      "geometry": {
        "type": "Polygon",
        "coordinates": [
          [
            [
              2590.879,
              481.146
            ],
            [
              2590.879,
              522.854
            ],
            [
              2558.5,
              522.854
            ],
            [
              2558.5,
              481.146
            ],
            [
              2590.879,
              481.146
            ]
          ]
        ]
      }
    },
    {
      "type": "Feature",
      "properties": {
        "id": "B-392",
        "name": "城市商住楼 130",
        "zone": "市集区",
        "frontageRoad": "M-V2",
        "description": "市集区沿街独立建筑。",
        "footprint": 1669.7,
        "scaleClass": "普通建筑",
        "layer": "buildings"
      },
      "geometry": {
        "type": "Polygon",
        "coordinates": [
          [
            [
              2541.5,
              548.95
            ],
            [
              2541.5,
              595.05
            ],
            [
              2505.279,
              595.05
            ],
            [
              2505.279,
              548.95
            ],
            [
              2541.5,
              548.95
            ]
          ]
        ]
      }
    },
    {
      "type": "Feature",
      "properties": {
        "id": "B-393",
        "name": "城市商住楼 131",
        "zone": "市集区",
        "frontageRoad": "M-V2",
        "description": "市集区沿街独立建筑。",
        "footprint": 2022.7,
        "scaleClass": "普通建筑",
        "layer": "buildings"
      },
      "geometry": {
        "type": "Polygon",
        "coordinates": [
          [
            [
              2598.562,
              546.755
            ],
            [
              2598.562,
              597.245
            ],
            [
              2558.5,
              597.245
            ],
            [
              2558.5,
              546.755
            ],
            [
              2598.562,
              546.755
            ]
          ]
        ]
      }
    },
    {
      "type": "Feature",
      "properties": {
        "id": "B-394",
        "name": "城市商住楼 132",
        "zone": "市集区",
        "frontageRoad": "M-V2",
        "description": "市集区沿街独立建筑。",
        "footprint": 3260.4,
        "scaleClass": "普通建筑",
        "layer": "buildings"
      },
      "geometry": {
        "type": "Polygon",
        "coordinates": [
          [
            [
              2541.5,
              750.08
            ],
            [
              2541.5,
              813.92
            ],
            [
              2490.428,
              813.92
            ],
            [
              2490.428,
              750.08
            ],
            [
              2541.5,
              750.08
            ]
          ]
        ]
      }
    },
    {
      "type": "Feature",
      "properties": {
        "id": "B-395",
        "name": "城市商住楼 133",
        "zone": "市集区",
        "frontageRoad": "M-V2",
        "description": "市集区沿街独立建筑。",
        "footprint": 2288.8,
        "scaleClass": "普通建筑",
        "layer": "buildings"
      },
      "geometry": {
        "type": "Polygon",
        "coordinates": [
          [
            [
              2541.5,
              887.526
            ],
            [
              2541.5,
              956.474
            ],
            [
              2508.303,
              956.474
            ],
            [
              2508.303,
              887.526
            ],
            [
              2541.5,
              887.526
            ]
          ]
        ]
      }
    },
    {
      "type": "Feature",
      "properties": {
        "id": "B-396",
        "name": "城市商住楼 134",
        "zone": "市集区",
        "frontageRoad": "M-V2",
        "description": "市集区沿街独立建筑。",
        "footprint": 1635.1,
        "scaleClass": "普通建筑",
        "layer": "buildings"
      },
      "geometry": {
        "type": "Polygon",
        "coordinates": [
          [
            [
              2596.166,
              900.294
            ],
            [
              2596.166,
              943.706
            ],
            [
              2558.5,
              943.706
            ],
            [
              2558.5,
              900.294
            ],
            [
              2596.166,
              900.294
            ]
          ]
        ]
      }
    },
    {
      "type": "Feature",
      "properties": {
        "id": "B-397",
        "name": "城市商住楼 135",
        "zone": "市集区",
        "frontageRoad": "M-V2",
        "description": "市集区沿街独立建筑。",
        "footprint": 2044.3,
        "scaleClass": "普通建筑",
        "layer": "buildings"
      },
      "geometry": {
        "type": "Polygon",
        "coordinates": [
          [
            [
              2541.5,
              967.741
            ],
            [
              2541.5,
              1016.259
            ],
            [
              2499.366,
              1016.259
            ],
            [
              2499.366,
              967.741
            ],
            [
              2541.5,
              967.741
            ]
          ]
        ]
      }
    },
    {
      "type": "Feature",
      "properties": {
        "id": "B-398",
        "name": "城市商住楼 136",
        "zone": "市集区",
        "frontageRoad": "M-V3",
        "description": "市集区沿街独立建筑。",
        "footprint": 1846.8,
        "scaleClass": "普通建筑",
        "layer": "buildings"
      },
      "geometry": {
        "type": "Polygon",
        "coordinates": [
          [
            [
              3031.5,
              478.95
            ],
            [
              3031.5,
              525.05
            ],
            [
              2991.438,
              525.05
            ],
            [
              2991.438,
              478.95
            ],
            [
              3031.5,
              478.95
            ]
          ]
        ]
      }
    },
    {
      "type": "Feature",
      "properties": {
        "id": "B-399",
        "name": "城市商住楼 137",
        "zone": "市集区",
        "frontageRoad": "M-V3",
        "description": "市集区沿街独立建筑。",
        "footprint": 2216.7,
        "scaleClass": "普通建筑",
        "layer": "buildings"
      },
      "geometry": {
        "type": "Polygon",
        "coordinates": [
          [
            [
              3092.404,
              476.755
            ],
            [
              3092.404,
              527.245
            ],
            [
              3048.5,
              527.245
            ],
            [
              3048.5,
              476.755
            ],
            [
              3092.404,
              476.755
            ]
          ]
        ]
      }
    },
    {
      "type": "Feature",
      "properties": {
        "id": "B-400",
        "name": "城市商住楼 138",
        "zone": "市集区",
        "frontageRoad": "M-V3",
        "description": "市集区沿街独立建筑。",
        "footprint": 1566.1,
        "scaleClass": "普通建筑",
        "layer": "buildings"
      },
      "geometry": {
        "type": "Polygon",
        "coordinates": [
          [
            [
              3031.5,
              544.56
            ],
            [
              3031.5,
              599.44
            ],
            [
              3002.962,
              599.44
            ],
            [
              3002.962,
              544.56
            ],
            [
              3031.5,
              544.56
            ]
          ]
        ]
      }
    },
    {
      "type": "Feature",
      "properties": {
        "id": "B-401",
        "name": "城市商住楼 139",
        "zone": "市集区",
        "frontageRoad": "M-V3",
        "description": "市集区沿街独立建筑。",
        "footprint": 1919.1,
        "scaleClass": "普通建筑",
        "layer": "buildings"
      },
      "geometry": {
        "type": "Polygon",
        "coordinates": [
          [
            [
              3080.879,
              542.365
            ],
            [
              3080.879,
              601.635
            ],
            [
              3048.5,
              601.635
            ],
            [
              3048.5,
              542.365
            ],
            [
              3080.879,
              542.365
            ]
          ]
        ]
      }
    },
    {
      "type": "Feature",
      "properties": {
        "id": "B-402",
        "name": "城市商住楼 140",
        "zone": "市集区",
        "frontageRoad": "M-V3",
        "description": "市集区沿街独立建筑。",
        "footprint": 1351.7,
        "scaleClass": "普通建筑",
        "layer": "buildings"
      },
      "geometry": {
        "type": "Polygon",
        "coordinates": [
          [
            [
              3031.5,
              693.341
            ],
            [
              3031.5,
              730.659
            ],
            [
              2995.279,
              730.659
            ],
            [
              2995.279,
              693.341
            ],
            [
              3031.5,
              693.341
            ]
          ]
        ]
      }
    },
    {
      "type": "Feature",
      "properties": {
        "id": "B-403",
        "name": "城市商住楼 141",
        "zone": "市集区",
        "frontageRoad": "M-V3",
        "description": "市集区沿街独立建筑。",
        "footprint": 1671,
        "scaleClass": "普通建筑",
        "layer": "buildings"
      },
      "geometry": {
        "type": "Polygon",
        "coordinates": [
          [
            [
              3088.562,
              691.146
            ],
            [
              3088.562,
              732.854
            ],
            [
              3048.5,
              732.854
            ],
            [
              3048.5,
              691.146
            ],
            [
              3088.562,
              691.146
            ]
          ]
        ]
      }
    },
    {
      "type": "Feature",
      "properties": {
        "id": "B-404",
        "name": "城市商住楼 142",
        "zone": "市集区",
        "frontageRoad": "M-V3",
        "description": "市集区沿街独立建筑。",
        "footprint": 2023.9,
        "scaleClass": "普通建筑",
        "layer": "buildings"
      },
      "geometry": {
        "type": "Polygon",
        "coordinates": [
          [
            [
              3031.5,
              758.95
            ],
            [
              3031.5,
              805.05
            ],
            [
              2987.596,
              805.05
            ],
            [
              2987.596,
              758.95
            ],
            [
              3031.5,
              758.95
            ]
          ]
        ]
      }
    },
    {
      "type": "Feature",
      "properties": {
        "id": "B-405",
        "name": "城市商住楼 143",
        "zone": "市集区",
        "frontageRoad": "M-V3",
        "description": "市集区沿街独立建筑。",
        "footprint": 1440.9,
        "scaleClass": "普通建筑",
        "layer": "buildings"
      },
      "geometry": {
        "type": "Polygon",
        "coordinates": [
          [
            [
              3077.038,
              756.755
            ],
            [
              3077.038,
              807.245
            ],
            [
              3048.5,
              807.245
            ],
            [
              3048.5,
              756.755
            ],
            [
              3077.038,
              756.755
            ]
          ]
        ]
      }
    },
    {
      "type": "Feature",
      "properties": {
        "id": "B-406",
        "name": "城市商住楼 144",
        "zone": "市集区",
        "frontageRoad": "M-V3",
        "description": "市集区沿街独立建筑。",
        "footprint": 1777,
        "scaleClass": "普通建筑",
        "layer": "buildings"
      },
      "geometry": {
        "type": "Polygon",
        "coordinates": [
          [
            [
              3031.5,
              894.56
            ],
            [
              3031.5,
              949.44
            ],
            [
              2999.121,
              949.44
            ],
            [
              2999.121,
              894.56
            ],
            [
              3031.5,
              894.56
            ]
          ]
        ]
      }
    },
    {
      "type": "Feature",
      "properties": {
        "id": "B-407",
        "name": "城市商住楼 145",
        "zone": "市集区",
        "frontageRoad": "M-V3",
        "description": "市集区沿街独立建筑。",
        "footprint": 2146.8,
        "scaleClass": "普通建筑",
        "layer": "buildings"
      },
      "geometry": {
        "type": "Polygon",
        "coordinates": [
          [
            [
              3084.721,
              892.365
            ],
            [
              3084.721,
              951.635
            ],
            [
              3048.5,
              951.635
            ],
            [
              3048.5,
              892.365
            ],
            [
              3084.721,
              892.365
            ]
          ]
        ]
      }
    },
    {
      "type": "Feature",
      "properties": {
        "id": "B-408",
        "name": "城市商住楼 146",
        "zone": "市集区",
        "frontageRoad": "M-V3",
        "description": "市集区沿街独立建筑。",
        "footprint": 1495.1,
        "scaleClass": "普通建筑",
        "layer": "buildings"
      },
      "geometry": {
        "type": "Polygon",
        "coordinates": [
          [
            [
              3031.5,
              973.341
            ],
            [
              3031.5,
              1010.659
            ],
            [
              2991.438,
              1010.659
            ],
            [
              2991.438,
              973.341
            ],
            [
              3031.5,
              973.341
            ]
          ]
        ]
      }
    },
    {
      "type": "Feature",
      "properties": {
        "id": "B-409",
        "name": "城市商住楼 147",
        "zone": "市集区",
        "frontageRoad": "M-V3",
        "description": "市集区沿街独立建筑。",
        "footprint": 1831.2,
        "scaleClass": "普通建筑",
        "layer": "buildings"
      },
      "geometry": {
        "type": "Polygon",
        "coordinates": [
          [
            [
              3092.404,
              971.146
            ],
            [
              3092.404,
              1012.854
            ],
            [
              3048.5,
              1012.854
            ],
            [
              3048.5,
              971.146
            ],
            [
              3092.404,
              971.146
            ]
          ]
        ]
      }
    },
    {
      "type": "Feature",
      "properties": {
        "id": "B-410",
        "name": "城市商住楼 148",
        "zone": "市集区",
        "frontageRoad": "M-V3",
        "description": "市集区沿街独立建筑。",
        "footprint": 1315.6,
        "scaleClass": "普通建筑",
        "layer": "buildings"
      },
      "geometry": {
        "type": "Polygon",
        "coordinates": [
          [
            [
              3031.5,
              1108.95
            ],
            [
              3031.5,
              1155.05
            ],
            [
              3002.962,
              1155.05
            ],
            [
              3002.962,
              1108.95
            ],
            [
              3031.5,
              1108.95
            ]
          ]
        ]
      }
    },
    {
      "type": "Feature",
      "properties": {
        "id": "B-411",
        "name": "城市商住楼 149",
        "zone": "市集区",
        "frontageRoad": "M-V3",
        "description": "市集区沿街独立建筑。",
        "footprint": 1634.8,
        "scaleClass": "普通建筑",
        "layer": "buildings"
      },
      "geometry": {
        "type": "Polygon",
        "coordinates": [
          [
            [
              3080.879,
              1106.755
            ],
            [
              3080.879,
              1157.245
            ],
            [
              3048.5,
              1157.245
            ],
            [
              3048.5,
              1106.755
            ],
            [
              3080.879,
              1106.755
            ]
          ]
        ]
      }
    },
    {
      "type": "Feature",
      "properties": {
        "id": "B-412",
        "name": "城市商住楼 150",
        "zone": "市集区",
        "frontageRoad": "M-V3",
        "description": "市集区沿街独立建筑。",
        "footprint": 1987.8,
        "scaleClass": "普通建筑",
        "layer": "buildings"
      },
      "geometry": {
        "type": "Polygon",
        "coordinates": [
          [
            [
              3084.721,
              1174.56
            ],
            [
              3084.721,
              1229.44
            ],
            [
              3048.5,
              1229.44
            ],
            [
              3048.5,
              1174.56
            ],
            [
              3084.721,
              1174.56
            ]
          ]
        ]
      }
    },
    {
      "type": "Feature",
      "properties": {
        "id": "B-413",
        "name": "工坊生产楼 23",
        "zone": "工坊区",
        "frontageRoad": "W-02",
        "description": "工坊区沿街独立建筑。",
        "footprint": 3213.2,
        "scaleClass": "普通建筑",
        "layer": "buildings"
      },
      "geometry": {
        "type": "Polygon",
        "coordinates": [
          [
            [
              2397.526,
              1739.5
            ],
            [
              2466.474,
              1739.5
            ],
            [
              2466.474,
              1786.103
            ],
            [
              2397.526,
              1786.103
            ],
            [
              2397.526,
              1739.5
            ]
          ]
        ]
      }
    },
    {
      "type": "Feature",
      "properties": {
        "id": "B-414",
        "name": "工坊生产楼 24",
        "zone": "工坊区",
        "frontageRoad": "W-02",
        "description": "工坊区沿街独立建筑。",
        "footprint": 2217.1,
        "scaleClass": "普通建筑",
        "layer": "buildings"
      },
      "geometry": {
        "type": "Polygon",
        "coordinates": [
          [
            [
              2480.294,
              1739.5
            ],
            [
              2523.706,
              1739.5
            ],
            [
              2523.706,
              1790.572
            ],
            [
              2480.294,
              1790.572
            ],
            [
              2480.294,
              1739.5
            ]
          ]
        ]
      }
    },
    {
      "type": "Feature",
      "properties": {
        "id": "B-415",
        "name": "工坊生产楼 25",
        "zone": "工坊区",
        "frontageRoad": "W-02",
        "description": "工坊区沿街独立建筑。",
        "footprint": 1610.7,
        "scaleClass": "普通建筑",
        "layer": "buildings"
      },
      "geometry": {
        "type": "Polygon",
        "coordinates": [
          [
            [
              2477.741,
              1687.303
            ],
            [
              2526.259,
              1687.303
            ],
            [
              2526.259,
              1720.5
            ],
            [
              2477.741,
              1720.5
            ],
            [
              2477.741,
              1687.303
            ]
          ]
        ]
      }
    },
    {
      "type": "Feature",
      "properties": {
        "id": "B-416",
        "name": "工坊生产楼 26",
        "zone": "工坊区",
        "frontageRoad": "W-02",
        "description": "工坊区沿街独立建筑。",
        "footprint": 1492.7,
        "scaleClass": "普通建筑",
        "layer": "buildings"
      },
      "geometry": {
        "type": "Polygon",
        "coordinates": [
          [
            [
              2618.95,
              1739.5
            ],
            [
              2665.05,
              1739.5
            ],
            [
              2665.05,
              1771.879
            ],
            [
              2618.95,
              1771.879
            ],
            [
              2618.95,
              1739.5
            ]
          ]
        ]
      }
    },
    {
      "type": "Feature",
      "properties": {
        "id": "B-417",
        "name": "工坊生产楼 27",
        "zone": "工坊区",
        "frontageRoad": "W-02",
        "description": "工坊区沿街独立建筑。",
        "footprint": 1828.8,
        "scaleClass": "普通建筑",
        "layer": "buildings"
      },
      "geometry": {
        "type": "Polygon",
        "coordinates": [
          [
            [
              2686.755,
              1739.5
            ],
            [
              2737.245,
              1739.5
            ],
            [
              2737.245,
              1775.721
            ],
            [
              2686.755,
              1775.721
            ],
            [
              2686.755,
              1739.5
            ]
          ]
        ]
      }
    },
    {
      "type": "Feature",
      "properties": {
        "id": "B-418",
        "name": "工坊生产楼 28",
        "zone": "工坊区",
        "frontageRoad": "W-02",
        "description": "工坊区沿街独立建筑。",
        "footprint": 2198.6,
        "scaleClass": "普通建筑",
        "layer": "buildings"
      },
      "geometry": {
        "type": "Polygon",
        "coordinates": [
          [
            [
              2824.56,
              1739.5
            ],
            [
              2879.44,
              1739.5
            ],
            [
              2879.44,
              1779.562
            ],
            [
              2824.56,
              1779.562
            ],
            [
              2824.56,
              1739.5
            ]
          ]
        ]
      }
    },
    {
      "type": "Feature",
      "properties": {
        "id": "B-419",
        "name": "工坊生产楼 29",
        "zone": "工坊区",
        "frontageRoad": "W-02",
        "description": "工坊区沿街独立建筑。",
        "footprint": 2602.2,
        "scaleClass": "普通建筑",
        "layer": "buildings"
      },
      "geometry": {
        "type": "Polygon",
        "coordinates": [
          [
            [
              2822.365,
              1676.596
            ],
            [
              2881.635,
              1676.596
            ],
            [
              2881.635,
              1720.5
            ],
            [
              2822.365,
              1720.5
            ],
            [
              2822.365,
              1676.596
            ]
          ]
        ]
      }
    },
    {
      "type": "Feature",
      "properties": {
        "id": "B-420",
        "name": "工坊生产楼 30",
        "zone": "工坊区",
        "frontageRoad": "W-02",
        "description": "工坊区沿街独立建筑。",
        "footprint": 1065,
        "scaleClass": "普通建筑",
        "layer": "buildings"
      },
      "geometry": {
        "type": "Polygon",
        "coordinates": [
          [
            [
              2973.341,
              1739.5
            ],
            [
              3010.659,
              1739.5
            ],
            [
              3010.659,
              1768.038
            ],
            [
              2973.341,
              1768.038
            ],
            [
              2973.341,
              1739.5
            ]
          ]
        ]
      }
    },
    {
      "type": "Feature",
      "properties": {
        "id": "B-421",
        "name": "工坊生产楼 31",
        "zone": "工坊区",
        "frontageRoad": "W-02",
        "description": "工坊区沿街独立建筑。",
        "footprint": 1350.5,
        "scaleClass": "普通建筑",
        "layer": "buildings"
      },
      "geometry": {
        "type": "Polygon",
        "coordinates": [
          [
            [
              2971.146,
              1688.121
            ],
            [
              3012.854,
              1688.121
            ],
            [
              3012.854,
              1720.5
            ],
            [
              2971.146,
              1720.5
            ],
            [
              2971.146,
              1688.121
            ]
          ]
        ]
      }
    },
    {
      "type": "Feature",
      "properties": {
        "id": "B-422",
        "name": "工坊生产楼 32",
        "zone": "工坊区",
        "frontageRoad": "W-03",
        "description": "工坊区沿街独立建筑。",
        "footprint": 1669.7,
        "scaleClass": "普通建筑",
        "layer": "buildings"
      },
      "geometry": {
        "type": "Polygon",
        "coordinates": [
          [
            [
              2268.95,
              1909.5
            ],
            [
              2315.05,
              1909.5
            ],
            [
              2315.05,
              1945.721
            ],
            [
              2268.95,
              1945.721
            ],
            [
              2268.95,
              1909.5
            ]
          ]
        ]
      }
    },
    {
      "type": "Feature",
      "properties": {
        "id": "B-423",
        "name": "工坊生产楼 33",
        "zone": "工坊区",
        "frontageRoad": "W-03",
        "description": "工坊区沿街独立建筑。",
        "footprint": 2022.7,
        "scaleClass": "普通建筑",
        "layer": "buildings"
      },
      "geometry": {
        "type": "Polygon",
        "coordinates": [
          [
            [
              2406.755,
              1909.5
            ],
            [
              2457.245,
              1909.5
            ],
            [
              2457.245,
              1949.562
            ],
            [
              2406.755,
              1949.562
            ],
            [
              2406.755,
              1909.5
            ]
          ]
        ]
      }
    },
    {
      "type": "Feature",
      "properties": {
        "id": "B-424",
        "name": "工坊生产楼 34",
        "zone": "工坊区",
        "frontageRoad": "W-03",
        "description": "工坊区沿街独立建筑。",
        "footprint": 2409.5,
        "scaleClass": "普通建筑",
        "layer": "buildings"
      },
      "geometry": {
        "type": "Polygon",
        "coordinates": [
          [
            [
              2474.56,
              1909.5
            ],
            [
              2529.44,
              1909.5
            ],
            [
              2529.44,
              1953.404
            ],
            [
              2474.56,
              1953.404
            ],
            [
              2474.56,
              1909.5
            ]
          ]
        ]
      }
    },
    {
      "type": "Feature",
      "properties": {
        "id": "B-425",
        "name": "工坊生产楼 35",
        "zone": "工坊区",
        "frontageRoad": "W-03",
        "description": "工坊区沿街独立建筑。",
        "footprint": 1691.4,
        "scaleClass": "普通建筑",
        "layer": "buildings"
      },
      "geometry": {
        "type": "Polygon",
        "coordinates": [
          [
            [
              2472.365,
              1861.962
            ],
            [
              2531.635,
              1861.962
            ],
            [
              2531.635,
              1890.5
            ],
            [
              2472.365,
              1890.5
            ],
            [
              2472.365,
              1861.962
            ]
          ]
        ]
      }
    },
    {
      "type": "Feature",
      "properties": {
        "id": "B-426",
        "name": "工坊生产楼 36",
        "zone": "工坊区",
        "frontageRoad": "W-03",
        "description": "工坊区沿街独立建筑。",
        "footprint": 1208.3,
        "scaleClass": "普通建筑",
        "layer": "buildings"
      },
      "geometry": {
        "type": "Polygon",
        "coordinates": [
          [
            [
              2623.341,
              1909.5
            ],
            [
              2660.659,
              1909.5
            ],
            [
              2660.659,
              1941.879
            ],
            [
              2623.341,
              1941.879
            ],
            [
              2623.341,
              1909.5
            ]
          ]
        ]
      }
    },
    {
      "type": "Feature",
      "properties": {
        "id": "B-427",
        "name": "工坊生产楼 37",
        "zone": "工坊区",
        "frontageRoad": "W-03",
        "description": "工坊区沿街独立建筑。",
        "footprint": 1510.7,
        "scaleClass": "普通建筑",
        "layer": "buildings"
      },
      "geometry": {
        "type": "Polygon",
        "coordinates": [
          [
            [
              2621.146,
              1854.279
            ],
            [
              2662.854,
              1854.279
            ],
            [
              2662.854,
              1890.5
            ],
            [
              2621.146,
              1890.5
            ],
            [
              2621.146,
              1854.279
            ]
          ]
        ]
      }
    },
    {
      "type": "Feature",
      "properties": {
        "id": "B-428",
        "name": "工坊生产楼 38",
        "zone": "工坊区",
        "frontageRoad": "W-03",
        "description": "工坊区沿街独立建筑。",
        "footprint": 1846.8,
        "scaleClass": "普通建筑",
        "layer": "buildings"
      },
      "geometry": {
        "type": "Polygon",
        "coordinates": [
          [
            [
              2688.95,
              1909.5
            ],
            [
              2735.05,
              1909.5
            ],
            [
              2735.05,
              1949.562
            ],
            [
              2688.95,
              1949.562
            ],
            [
              2688.95,
              1909.5
            ]
          ]
        ]
      }
    },
    {
      "type": "Feature",
      "properties": {
        "id": "B-429",
        "name": "工坊生产楼 39",
        "zone": "工坊区",
        "frontageRoad": "W-03",
        "description": "工坊区沿街独立建筑。",
        "footprint": 2216.7,
        "scaleClass": "普通建筑",
        "layer": "buildings"
      },
      "geometry": {
        "type": "Polygon",
        "coordinates": [
          [
            [
              2686.755,
              1846.596
            ],
            [
              2737.245,
              1846.596
            ],
            [
              2737.245,
              1890.5
            ],
            [
              2686.755,
              1890.5
            ],
            [
              2686.755,
              1846.596
            ]
          ]
        ]
      }
    },
    {
      "type": "Feature",
      "properties": {
        "id": "B-430",
        "name": "工坊生产楼 40",
        "zone": "工坊区",
        "frontageRoad": "W-03",
        "description": "工坊区沿街独立建筑。",
        "footprint": 1566.1,
        "scaleClass": "普通建筑",
        "layer": "buildings"
      },
      "geometry": {
        "type": "Polygon",
        "coordinates": [
          [
            [
              2824.56,
              1909.5
            ],
            [
              2879.44,
              1909.5
            ],
            [
              2879.44,
              1938.038
            ],
            [
              2824.56,
              1938.038
            ],
            [
              2824.56,
              1909.5
            ]
          ]
        ]
      }
    },
    {
      "type": "Feature",
      "properties": {
        "id": "B-431",
        "name": "工坊生产楼 41",
        "zone": "工坊区",
        "frontageRoad": "W-03",
        "description": "工坊区沿街独立建筑。",
        "footprint": 1919.1,
        "scaleClass": "普通建筑",
        "layer": "buildings"
      },
      "geometry": {
        "type": "Polygon",
        "coordinates": [
          [
            [
              2822.365,
              1858.121
            ],
            [
              2881.635,
              1858.121
            ],
            [
              2881.635,
              1890.5
            ],
            [
              2822.365,
              1890.5
            ],
            [
              2822.365,
              1858.121
            ]
          ]
        ]
      }
    },
    {
      "type": "Feature",
      "properties": {
        "id": "B-432",
        "name": "工坊生产楼 42",
        "zone": "工坊区",
        "frontageRoad": "W-03",
        "description": "工坊区沿街独立建筑。",
        "footprint": 1351.7,
        "scaleClass": "普通建筑",
        "layer": "buildings"
      },
      "geometry": {
        "type": "Polygon",
        "coordinates": [
          [
            [
              2973.341,
              1909.5
            ],
            [
              3010.659,
              1909.5
            ],
            [
              3010.659,
              1945.721
            ],
            [
              2973.341,
              1945.721
            ],
            [
              2973.341,
              1909.5
            ]
          ]
        ]
      }
    },
    {
      "type": "Feature",
      "properties": {
        "id": "B-433",
        "name": "工坊生产楼 43",
        "zone": "工坊区",
        "frontageRoad": "W-03",
        "description": "工坊区沿街独立建筑。",
        "footprint": 1671,
        "scaleClass": "普通建筑",
        "layer": "buildings"
      },
      "geometry": {
        "type": "Polygon",
        "coordinates": [
          [
            [
              2971.146,
              1850.438
            ],
            [
              3012.854,
              1850.438
            ],
            [
              3012.854,
              1890.5
            ],
            [
              2971.146,
              1890.5
            ],
            [
              2971.146,
              1850.438
            ]
          ]
        ]
      }
    },
    {
      "type": "Feature",
      "properties": {
        "id": "B-434",
        "name": "工坊生产楼 44",
        "zone": "工坊区",
        "frontageRoad": "W-04",
        "description": "工坊区沿街独立建筑。",
        "footprint": 2023.9,
        "scaleClass": "普通建筑",
        "layer": "buildings"
      },
      "geometry": {
        "type": "Polygon",
        "coordinates": [
          [
            [
              2268.95,
              2209.5
            ],
            [
              2315.05,
              2209.5
            ],
            [
              2315.05,
              2253.404
            ],
            [
              2268.95,
              2253.404
            ],
            [
              2268.95,
              2209.5
            ]
          ]
        ]
      }
    },
    {
      "type": "Feature",
      "properties": {
        "id": "B-435",
        "name": "工坊生产楼 45",
        "zone": "工坊区",
        "frontageRoad": "W-04",
        "description": "工坊区沿街独立建筑。",
        "footprint": 1440.9,
        "scaleClass": "普通建筑",
        "layer": "buildings"
      },
      "geometry": {
        "type": "Polygon",
        "coordinates": [
          [
            [
              2406.755,
              2209.5
            ],
            [
              2457.245,
              2209.5
            ],
            [
              2457.245,
              2238.038
            ],
            [
              2406.755,
              2238.038
            ],
            [
              2406.755,
              2209.5
            ]
          ]
        ]
      }
    },
    {
      "type": "Feature",
      "properties": {
        "id": "B-436",
        "name": "工坊生产楼 46",
        "zone": "工坊区",
        "frontageRoad": "W-04",
        "description": "工坊区沿街独立建筑。",
        "footprint": 1777,
        "scaleClass": "普通建筑",
        "layer": "buildings"
      },
      "geometry": {
        "type": "Polygon",
        "coordinates": [
          [
            [
              2404.56,
              2158.121
            ],
            [
              2459.44,
              2158.121
            ],
            [
              2459.44,
              2190.5
            ],
            [
              2404.56,
              2190.5
            ],
            [
              2404.56,
              2158.121
            ]
          ]
        ]
      }
    },
    {
      "type": "Feature",
      "properties": {
        "id": "B-437",
        "name": "工坊生产楼 47",
        "zone": "工坊区",
        "frontageRoad": "W-04",
        "description": "工坊区沿街独立建筑。",
        "footprint": 2146.8,
        "scaleClass": "普通建筑",
        "layer": "buildings"
      },
      "geometry": {
        "type": "Polygon",
        "coordinates": [
          [
            [
              2472.365,
              2209.5
            ],
            [
              2531.635,
              2209.5
            ],
            [
              2531.635,
              2245.721
            ],
            [
              2472.365,
              2245.721
            ],
            [
              2472.365,
              2209.5
            ]
          ]
        ]
      }
    },
    {
      "type": "Feature",
      "properties": {
        "id": "B-438",
        "name": "工坊生产楼 48",
        "zone": "工坊区",
        "frontageRoad": "W-04",
        "description": "工坊区沿街独立建筑。",
        "footprint": 1495.1,
        "scaleClass": "普通建筑",
        "layer": "buildings"
      },
      "geometry": {
        "type": "Polygon",
        "coordinates": [
          [
            [
              2483.341,
              2150.438
            ],
            [
              2520.659,
              2150.438
            ],
            [
              2520.659,
              2190.5
            ],
            [
              2483.341,
              2190.5
            ],
            [
              2483.341,
              2150.438
            ]
          ]
        ]
      }
    },
    {
      "type": "Feature",
      "properties": {
        "id": "B-439",
        "name": "工坊生产楼 49",
        "zone": "工坊区",
        "frontageRoad": "W-04",
        "description": "工坊区沿街独立建筑。",
        "footprint": 1831.2,
        "scaleClass": "普通建筑",
        "layer": "buildings"
      },
      "geometry": {
        "type": "Polygon",
        "coordinates": [
          [
            [
              2621.146,
              2209.5
            ],
            [
              2662.854,
              2209.5
            ],
            [
              2662.854,
              2253.404
            ],
            [
              2621.146,
              2253.404
            ],
            [
              2621.146,
              2209.5
            ]
          ]
        ]
      }
    },
    {
      "type": "Feature",
      "properties": {
        "id": "B-440",
        "name": "工坊生产楼 50",
        "zone": "工坊区",
        "frontageRoad": "W-04",
        "description": "工坊区沿街独立建筑。",
        "footprint": 1315.6,
        "scaleClass": "普通建筑",
        "layer": "buildings"
      },
      "geometry": {
        "type": "Polygon",
        "coordinates": [
          [
            [
              2618.95,
              2161.962
            ],
            [
              2665.05,
              2161.962
            ],
            [
              2665.05,
              2190.5
            ],
            [
              2618.95,
              2190.5
            ],
            [
              2618.95,
              2161.962
            ]
          ]
        ]
      }
    },
    {
      "type": "Feature",
      "properties": {
        "id": "B-441",
        "name": "工坊生产楼 51",
        "zone": "工坊区",
        "frontageRoad": "W-04",
        "description": "工坊区沿街独立建筑。",
        "footprint": 1144.6,
        "scaleClass": "普通建筑",
        "layer": "buildings"
      },
      "geometry": {
        "type": "Polygon",
        "coordinates": [
          [
            [
              2690.877,
              2209.5
            ],
            [
              2733.123,
              2209.5
            ],
            [
              2733.123,
              2236.593
            ],
            [
              2690.877,
              2236.593
            ],
            [
              2690.877,
              2209.5
            ]
          ]
        ]
      }
    },
    {
      "type": "Feature",
      "properties": {
        "id": "B-442",
        "name": "工坊生产楼 52",
        "zone": "工坊区",
        "frontageRoad": "W-04",
        "description": "工坊区沿街独立建筑。",
        "footprint": 1391.7,
        "scaleClass": "普通建筑",
        "layer": "buildings"
      },
      "geometry": {
        "type": "Polygon",
        "coordinates": [
          [
            [
              2689.04,
              2160.193
            ],
            [
              2734.96,
              2160.193
            ],
            [
              2734.96,
              2190.5
            ],
            [
              2689.04,
              2190.5
            ],
            [
              2689.04,
              2160.193
            ]
          ]
        ]
      }
    },
    {
      "type": "Feature",
      "properties": {
        "id": "B-443",
        "name": "工坊生产楼 53",
        "zone": "工坊区",
        "frontageRoad": "W-04",
        "description": "工坊区沿街独立建筑。",
        "footprint": 1662.5,
        "scaleClass": "普通建筑",
        "layer": "buildings"
      },
      "geometry": {
        "type": "Polygon",
        "coordinates": [
          [
            [
              2827.203,
              2209.5
            ],
            [
              2876.797,
              2209.5
            ],
            [
              2876.797,
              2243.022
            ],
            [
              2827.203,
              2243.022
            ],
            [
              2827.203,
              2209.5
            ]
          ]
        ]
      }
    },
    {
      "type": "Feature",
      "properties": {
        "id": "B-444",
        "name": "工坊生产楼 54",
        "zone": "工坊区",
        "frontageRoad": "W-04",
        "description": "工坊区沿街独立建筑。",
        "footprint": 1147.1,
        "scaleClass": "普通建筑",
        "layer": "buildings"
      },
      "geometry": {
        "type": "Polygon",
        "coordinates": [
          [
            [
              2836.387,
              2153.764
            ],
            [
              2867.613,
              2153.764
            ],
            [
              2867.613,
              2190.5
            ],
            [
              2836.387,
              2190.5
            ],
            [
              2836.387,
              2153.764
            ]
          ]
        ]
      }
    },
    {
      "type": "Feature",
      "properties": {
        "id": "B-445",
        "name": "工坊生产楼 55",
        "zone": "工坊区",
        "frontageRoad": "W-04",
        "description": "工坊区沿街独立建筑。",
        "footprint": 833.3,
        "scaleClass": "普通建筑",
        "layer": "buildings"
      },
      "geometry": {
        "type": "Polygon",
        "coordinates": [
          [
            [
              2974.55,
              2209.5
            ],
            [
              3009.45,
              2209.5
            ],
            [
              3009.45,
              2233.378
            ],
            [
              2974.55,
              2233.378
            ],
            [
              2974.55,
              2209.5
            ]
          ]
        ]
      }
    },
    {
      "type": "Feature",
      "properties": {
        "id": "B-446",
        "name": "工坊生产楼 56",
        "zone": "工坊区",
        "frontageRoad": "W-04",
        "description": "工坊区沿街独立建筑。",
        "footprint": 1045,
        "scaleClass": "普通建筑",
        "layer": "buildings"
      },
      "geometry": {
        "type": "Polygon",
        "coordinates": [
          [
            [
              2972.714,
              2163.407
            ],
            [
              3011.286,
              2163.407
            ],
            [
              3011.286,
              2190.5
            ],
            [
              2972.714,
              2190.5
            ],
            [
              2972.714,
              2163.407
            ]
          ]
        ]
      }
    },
    {
      "type": "Feature",
      "properties": {
        "id": "B-447",
        "name": "城市商住楼 151",
        "zone": "市集区",
        "frontageRoad": "W-V1",
        "description": "市集区沿街独立建筑。",
        "footprint": 2474.7,
        "scaleClass": "普通建筑",
        "layer": "buildings"
      },
      "geometry": {
        "type": "Polygon",
        "coordinates": [
          [
            [
              2541,
              1262.634
            ],
            [
              2541,
              1321.366
            ],
            [
              2498.866,
              1321.366
            ],
            [
              2498.866,
              1262.634
            ],
            [
              2541,
              1262.634
            ]
          ]
        ]
      }
    },
    {
      "type": "Feature",
      "properties": {
        "id": "B-448",
        "name": "工坊生产楼 57",
        "zone": "工坊区",
        "frontageRoad": "W-V1",
        "description": "工坊区沿街独立建筑。",
        "footprint": 2975.1,
        "scaleClass": "普通建筑",
        "layer": "buildings"
      },
      "geometry": {
        "type": "Polygon",
        "coordinates": [
          [
            [
              2605.603,
              1470.08
            ],
            [
              2605.603,
              1533.92
            ],
            [
              2559,
              1533.92
            ],
            [
              2559,
              1470.08
            ],
            [
              2605.603,
              1470.08
            ]
          ]
        ]
      }
    },
    {
      "type": "Feature",
      "properties": {
        "id": "B-449",
        "name": "工坊生产楼 58",
        "zone": "工坊区",
        "frontageRoad": "W-V1",
        "description": "工坊区沿街独立建筑。",
        "footprint": 3521.3,
        "scaleClass": "普通建筑",
        "layer": "buildings"
      },
      "geometry": {
        "type": "Polygon",
        "coordinates": [
          [
            [
              2610.072,
              1537.526
            ],
            [
              2610.072,
              1606.474
            ],
            [
              2559,
              1606.474
            ],
            [
              2559,
              1537.526
            ],
            [
              2610.072,
              1537.526
            ]
          ]
        ]
      }
    },
    {
      "type": "Feature",
      "properties": {
        "id": "B-450",
        "name": "工坊生产楼 59",
        "zone": "工坊区",
        "frontageRoad": "W-V1",
        "description": "工坊区沿街独立建筑。",
        "footprint": 1441.1,
        "scaleClass": "普通建筑",
        "layer": "buildings"
      },
      "geometry": {
        "type": "Polygon",
        "coordinates": [
          [
            [
              2541,
              1620.294
            ],
            [
              2541,
              1663.706
            ],
            [
              2507.803,
              1663.706
            ],
            [
              2507.803,
              1620.294
            ],
            [
              2541,
              1620.294
            ]
          ]
        ]
      }
    },
    {
      "type": "Feature",
      "properties": {
        "id": "B-451",
        "name": "工坊生产楼 60",
        "zone": "工坊区",
        "frontageRoad": "W-V1",
        "description": "工坊区沿街独立建筑。",
        "footprint": 1350.5,
        "scaleClass": "普通建筑",
        "layer": "buildings"
      },
      "geometry": {
        "type": "Polygon",
        "coordinates": [
          [
            [
              2591.379,
              1761.146
            ],
            [
              2591.379,
              1802.854
            ],
            [
              2559,
              1802.854
            ],
            [
              2559,
              1761.146
            ],
            [
              2591.379,
              1761.146
            ]
          ]
        ]
      }
    },
    {
      "type": "Feature",
      "properties": {
        "id": "B-452",
        "name": "工坊生产楼 61",
        "zone": "工坊区",
        "frontageRoad": "W-V1",
        "description": "工坊区沿街独立建筑。",
        "footprint": 1669.7,
        "scaleClass": "普通建筑",
        "layer": "buildings"
      },
      "geometry": {
        "type": "Polygon",
        "coordinates": [
          [
            [
              2541,
              1968.95
            ],
            [
              2541,
              2015.05
            ],
            [
              2504.779,
              2015.05
            ],
            [
              2504.779,
              1968.95
            ],
            [
              2541,
              1968.95
            ]
          ]
        ]
      }
    },
    {
      "type": "Feature",
      "properties": {
        "id": "B-453",
        "name": "工坊生产楼 62",
        "zone": "工坊区",
        "frontageRoad": "W-V1",
        "description": "工坊区沿街独立建筑。",
        "footprint": 2022.7,
        "scaleClass": "普通建筑",
        "layer": "buildings"
      },
      "geometry": {
        "type": "Polygon",
        "coordinates": [
          [
            [
              2599.062,
              1966.755
            ],
            [
              2599.062,
              2017.245
            ],
            [
              2559,
              2017.245
            ],
            [
              2559,
              1966.755
            ],
            [
              2599.062,
              1966.755
            ]
          ]
        ]
      }
    },
    {
      "type": "Feature",
      "properties": {
        "id": "B-454",
        "name": "工坊生产楼 63",
        "zone": "工坊区",
        "frontageRoad": "W-V1",
        "description": "工坊区沿街独立建筑。",
        "footprint": 2409.5,
        "scaleClass": "普通建筑",
        "layer": "buildings"
      },
      "geometry": {
        "type": "Polygon",
        "coordinates": [
          [
            [
              2602.904,
              2104.56
            ],
            [
              2602.904,
              2159.44
            ],
            [
              2559,
              2159.44
            ],
            [
              2559,
              2104.56
            ],
            [
              2602.904,
              2104.56
            ]
          ]
        ]
      }
    },
    {
      "type": "Feature",
      "properties": {
        "id": "B-455",
        "name": "工坊生产楼 64",
        "zone": "工坊区",
        "frontageRoad": "W-V1",
        "description": "工坊区沿街独立建筑。",
        "footprint": 1184.2,
        "scaleClass": "普通建筑",
        "layer": "buildings"
      },
      "geometry": {
        "type": "Polygon",
        "coordinates": [
          [
            [
              2541,
              2247.203
            ],
            [
              2541,
              2296.797
            ],
            [
              2517.122,
              2296.797
            ],
            [
              2517.122,
              2247.203
            ],
            [
              2541,
              2247.203
            ]
          ]
        ]
      }
    },
    {
      "type": "Feature",
      "properties": {
        "id": "B-456",
        "name": "工坊生产楼 65",
        "zone": "工坊区",
        "frontageRoad": "W-V1",
        "description": "工坊区沿街独立建筑。",
        "footprint": 846,
        "scaleClass": "普通建筑",
        "layer": "buildings"
      },
      "geometry": {
        "type": "Polygon",
        "coordinates": [
          [
            [
              2586.093,
              2256.387
            ],
            [
              2586.093,
              2287.613
            ],
            [
              2559,
              2287.613
            ],
            [
              2559,
              2256.387
            ],
            [
              2586.093,
              2256.387
            ]
          ]
        ]
      }
    },
    {
      "type": "Feature",
      "properties": {
        "id": "B-457",
        "name": "工坊生产楼 66",
        "zone": "工坊区",
        "frontageRoad": "W-V1",
        "description": "工坊区沿街独立建筑。",
        "footprint": 1057.7,
        "scaleClass": "普通建筑",
        "layer": "buildings"
      },
      "geometry": {
        "type": "Polygon",
        "coordinates": [
          [
            [
              2541,
              2324.55
            ],
            [
              2541,
              2359.45
            ],
            [
              2510.693,
              2359.45
            ],
            [
              2510.693,
              2324.55
            ],
            [
              2541,
              2324.55
            ]
          ]
        ]
      }
    },
    {
      "type": "Feature",
      "properties": {
        "id": "B-458",
        "name": "工坊生产楼 67",
        "zone": "工坊区",
        "frontageRoad": "W-V2",
        "description": "工坊区沿街独立建筑。",
        "footprint": 1846.8,
        "scaleClass": "普通建筑",
        "layer": "buildings"
      },
      "geometry": {
        "type": "Polygon",
        "coordinates": [
          [
            [
              2899,
              1478.95
            ],
            [
              2899,
              1525.05
            ],
            [
              2858.938,
              1525.05
            ],
            [
              2858.938,
              1478.95
            ],
            [
              2899,
              1478.95
            ]
          ]
        ]
      }
    },
    {
      "type": "Feature",
      "properties": {
        "id": "B-459",
        "name": "工坊生产楼 68",
        "zone": "工坊区",
        "frontageRoad": "W-V2",
        "description": "工坊区沿街独立建筑。",
        "footprint": 2216.7,
        "scaleClass": "普通建筑",
        "layer": "buildings"
      },
      "geometry": {
        "type": "Polygon",
        "coordinates": [
          [
            [
              2964.904,
              1476.755
            ],
            [
              2964.904,
              1527.245
            ],
            [
              2921,
              1527.245
            ],
            [
              2921,
              1476.755
            ],
            [
              2964.904,
              1476.755
            ]
          ]
        ]
      }
    },
    {
      "type": "Feature",
      "properties": {
        "id": "B-460",
        "name": "工坊生产楼 69",
        "zone": "工坊区",
        "frontageRoad": "W-V2",
        "description": "工坊区沿街独立建筑。",
        "footprint": 1566.1,
        "scaleClass": "普通建筑",
        "layer": "buildings"
      },
      "geometry": {
        "type": "Polygon",
        "coordinates": [
          [
            [
              2899,
              1544.56
            ],
            [
              2899,
              1599.44
            ],
            [
              2870.462,
              1599.44
            ],
            [
              2870.462,
              1544.56
            ],
            [
              2899,
              1544.56
            ]
          ]
        ]
      }
    },
    {
      "type": "Feature",
      "properties": {
        "id": "B-461",
        "name": "工坊生产楼 70",
        "zone": "工坊区",
        "frontageRoad": "W-V2",
        "description": "工坊区沿街独立建筑。",
        "footprint": 1919.1,
        "scaleClass": "普通建筑",
        "layer": "buildings"
      },
      "geometry": {
        "type": "Polygon",
        "coordinates": [
          [
            [
              2953.379,
              1542.365
            ],
            [
              2953.379,
              1601.635
            ],
            [
              2921,
              1601.635
            ],
            [
              2921,
              1542.365
            ],
            [
              2953.379,
              1542.365
            ]
          ]
        ]
      }
    },
    {
      "type": "Feature",
      "properties": {
        "id": "B-462",
        "name": "工坊生产楼 71",
        "zone": "工坊区",
        "frontageRoad": "W-V2",
        "description": "工坊区沿街独立建筑。",
        "footprint": 1351.7,
        "scaleClass": "普通建筑",
        "layer": "buildings"
      },
      "geometry": {
        "type": "Polygon",
        "coordinates": [
          [
            [
              2899,
              1623.341
            ],
            [
              2899,
              1660.659
            ],
            [
              2862.779,
              1660.659
            ],
            [
              2862.779,
              1623.341
            ],
            [
              2899,
              1623.341
            ]
          ]
        ]
      }
    },
    {
      "type": "Feature",
      "properties": {
        "id": "B-463",
        "name": "工坊生产楼 72",
        "zone": "工坊区",
        "frontageRoad": "W-V2",
        "description": "工坊区沿街独立建筑。",
        "footprint": 1671,
        "scaleClass": "普通建筑",
        "layer": "buildings"
      },
      "geometry": {
        "type": "Polygon",
        "coordinates": [
          [
            [
              2961.062,
              1621.146
            ],
            [
              2961.062,
              1662.854
            ],
            [
              2921,
              1662.854
            ],
            [
              2921,
              1621.146
            ],
            [
              2961.062,
              1621.146
            ]
          ]
        ]
      }
    },
    {
      "type": "Feature",
      "properties": {
        "id": "B-464",
        "name": "工坊生产楼 73",
        "zone": "工坊区",
        "frontageRoad": "W-V2",
        "description": "工坊区沿街独立建筑。",
        "footprint": 2023.9,
        "scaleClass": "普通建筑",
        "layer": "buildings"
      },
      "geometry": {
        "type": "Polygon",
        "coordinates": [
          [
            [
              2964.904,
              1758.95
            ],
            [
              2964.904,
              1805.05
            ],
            [
              2921,
              1805.05
            ],
            [
              2921,
              1758.95
            ],
            [
              2964.904,
              1758.95
            ]
          ]
        ]
      }
    },
    {
      "type": "Feature",
      "properties": {
        "id": "B-465",
        "name": "工坊生产楼 74",
        "zone": "工坊区",
        "frontageRoad": "W-V2",
        "description": "工坊区沿街独立建筑。",
        "footprint": 1440.9,
        "scaleClass": "普通建筑",
        "layer": "buildings"
      },
      "geometry": {
        "type": "Polygon",
        "coordinates": [
          [
            [
              2949.538,
              1826.755
            ],
            [
              2949.538,
              1877.245
            ],
            [
              2921,
              1877.245
            ],
            [
              2921,
              1826.755
            ],
            [
              2949.538,
              1826.755
            ]
          ]
        ]
      }
    },
    {
      "type": "Feature",
      "properties": {
        "id": "B-466",
        "name": "工坊生产楼 75",
        "zone": "工坊区",
        "frontageRoad": "W-V2",
        "description": "工坊区沿街独立建筑。",
        "footprint": 1777,
        "scaleClass": "普通建筑",
        "layer": "buildings"
      },
      "geometry": {
        "type": "Polygon",
        "coordinates": [
          [
            [
              2899,
              1964.56
            ],
            [
              2899,
              2019.44
            ],
            [
              2866.621,
              2019.44
            ],
            [
              2866.621,
              1964.56
            ],
            [
              2899,
              1964.56
            ]
          ]
        ]
      }
    },
    {
      "type": "Feature",
      "properties": {
        "id": "B-467",
        "name": "工坊生产楼 76",
        "zone": "工坊区",
        "frontageRoad": "W-V2",
        "description": "工坊区沿街独立建筑。",
        "footprint": 2146.8,
        "scaleClass": "普通建筑",
        "layer": "buildings"
      },
      "geometry": {
        "type": "Polygon",
        "coordinates": [
          [
            [
              2957.221,
              1962.365
            ],
            [
              2957.221,
              2021.635
            ],
            [
              2921,
              2021.635
            ],
            [
              2921,
              1962.365
            ],
            [
              2957.221,
              1962.365
            ]
          ]
        ]
      }
    },
    {
      "type": "Feature",
      "properties": {
        "id": "B-468",
        "name": "工坊生产楼 77",
        "zone": "工坊区",
        "frontageRoad": "W-V2",
        "description": "工坊区沿街独立建筑。",
        "footprint": 1046.7,
        "scaleClass": "普通建筑",
        "layer": "buildings"
      },
      "geometry": {
        "type": "Polygon",
        "coordinates": [
          [
            [
              2899,
              2116.387
            ],
            [
              2899,
              2147.613
            ],
            [
              2865.478,
              2147.613
            ],
            [
              2865.478,
              2116.387
            ],
            [
              2899,
              2116.387
            ]
          ]
        ]
      }
    },
    {
      "type": "Feature",
      "properties": {
        "id": "B-469",
        "name": "工坊生产楼 78",
        "zone": "工坊区",
        "frontageRoad": "W-V2",
        "description": "工坊区沿街独立建筑。",
        "footprint": 1282.1,
        "scaleClass": "普通建筑",
        "layer": "buildings"
      },
      "geometry": {
        "type": "Polygon",
        "coordinates": [
          [
            [
              2957.736,
              2114.55
            ],
            [
              2957.736,
              2149.45
            ],
            [
              2921,
              2149.45
            ],
            [
              2921,
              2114.55
            ],
            [
              2957.736,
              2114.55
            ]
          ]
        ]
      }
    },
    {
      "type": "Feature",
      "properties": {
        "id": "B-470",
        "name": "工坊生产楼 79",
        "zone": "工坊区",
        "frontageRoad": "W-V2",
        "description": "工坊区沿街独立建筑。",
        "footprint": 921.1,
        "scaleClass": "普通建筑",
        "layer": "buildings"
      },
      "geometry": {
        "type": "Polygon",
        "coordinates": [
          [
            [
              2899,
              2252.714
            ],
            [
              2899,
              2291.286
            ],
            [
              2875.122,
              2291.286
            ],
            [
              2875.122,
              2252.714
            ],
            [
              2899,
              2252.714
            ]
          ]
        ]
      }
    },
    {
      "type": "Feature",
      "properties": {
        "id": "B-471",
        "name": "工坊生产楼 80",
        "zone": "工坊区",
        "frontageRoad": "W-V2",
        "description": "工坊区沿街独立建筑。",
        "footprint": 1144.6,
        "scaleClass": "普通建筑",
        "layer": "buildings"
      },
      "geometry": {
        "type": "Polygon",
        "coordinates": [
          [
            [
              2948.093,
              2250.877
            ],
            [
              2948.093,
              2293.123
            ],
            [
              2921,
              2293.123
            ],
            [
              2921,
              2250.877
            ],
            [
              2948.093,
              2250.877
            ]
          ]
        ]
      }
    },
    {
      "type": "Feature",
      "properties": {
        "id": "B-472",
        "name": "工坊生产楼 81",
        "zone": "工坊区",
        "frontageRoad": "W-V3",
        "description": "工坊区沿街独立建筑。",
        "footprint": 1987.8,
        "scaleClass": "普通建筑",
        "layer": "buildings"
      },
      "geometry": {
        "type": "Polygon",
        "coordinates": [
          [
            [
              3085.221,
              1474.56
            ],
            [
              3085.221,
              1529.44
            ],
            [
              3049,
              1529.44
            ],
            [
              3049,
              1474.56
            ],
            [
              3085.221,
              1474.56
            ]
          ]
        ]
      }
    },
    {
      "type": "Feature",
      "properties": {
        "id": "B-473",
        "name": "工坊生产楼 82",
        "zone": "工坊区",
        "frontageRoad": "W-V3",
        "description": "工坊区沿街独立建筑。",
        "footprint": 2374.5,
        "scaleClass": "普通建筑",
        "layer": "buildings"
      },
      "geometry": {
        "type": "Polygon",
        "coordinates": [
          [
            [
              3031,
              1542.365
            ],
            [
              3031,
              1601.635
            ],
            [
              2990.938,
              1601.635
            ],
            [
              2990.938,
              1542.365
            ],
            [
              3031,
              1542.365
            ]
          ]
        ]
      }
    },
    {
      "type": "Feature",
      "properties": {
        "id": "B-474",
        "name": "工坊生产楼 83",
        "zone": "工坊区",
        "frontageRoad": "W-V3",
        "description": "工坊区沿街独立建筑。",
        "footprint": 1638.4,
        "scaleClass": "普通建筑",
        "layer": "buildings"
      },
      "geometry": {
        "type": "Polygon",
        "coordinates": [
          [
            [
              3092.904,
              1553.341
            ],
            [
              3092.904,
              1590.659
            ],
            [
              3049,
              1590.659
            ],
            [
              3049,
              1553.341
            ],
            [
              3092.904,
              1553.341
            ]
          ]
        ]
      }
    },
    {
      "type": "Feature",
      "properties": {
        "id": "B-475",
        "name": "工坊生产楼 84",
        "zone": "工坊区",
        "frontageRoad": "W-V3",
        "description": "工坊区沿街独立建筑。",
        "footprint": 1190.3,
        "scaleClass": "普通建筑",
        "layer": "buildings"
      },
      "geometry": {
        "type": "Polygon",
        "coordinates": [
          [
            [
              3031,
              1621.146
            ],
            [
              3031,
              1662.854
            ],
            [
              3002.462,
              1662.854
            ],
            [
              3002.462,
              1621.146
            ],
            [
              3031,
              1621.146
            ]
          ]
        ]
      }
    },
    {
      "type": "Feature",
      "properties": {
        "id": "B-476",
        "name": "工坊生产楼 85",
        "zone": "工坊区",
        "frontageRoad": "W-V3",
        "description": "工坊区沿街独立建筑。",
        "footprint": 1492.7,
        "scaleClass": "普通建筑",
        "layer": "buildings"
      },
      "geometry": {
        "type": "Polygon",
        "coordinates": [
          [
            [
              3081.379,
              1618.95
            ],
            [
              3081.379,
              1665.05
            ],
            [
              3049,
              1665.05
            ],
            [
              3049,
              1618.95
            ],
            [
              3081.379,
              1618.95
            ]
          ]
        ]
      }
    },
    {
      "type": "Feature",
      "properties": {
        "id": "B-477",
        "name": "工坊生产楼 86",
        "zone": "工坊区",
        "frontageRoad": "W-V3",
        "description": "工坊区沿街独立建筑。",
        "footprint": 1828.8,
        "scaleClass": "普通建筑",
        "layer": "buildings"
      },
      "geometry": {
        "type": "Polygon",
        "coordinates": [
          [
            [
              3085.221,
              1756.755
            ],
            [
              3085.221,
              1807.245
            ],
            [
              3049,
              1807.245
            ],
            [
              3049,
              1756.755
            ],
            [
              3085.221,
              1756.755
            ]
          ]
        ]
      }
    },
    {
      "type": "Feature",
      "properties": {
        "id": "B-478",
        "name": "工坊生产楼 87",
        "zone": "工坊区",
        "frontageRoad": "W-V3",
        "description": "工坊区沿街独立建筑。",
        "footprint": 2198.6,
        "scaleClass": "普通建筑",
        "layer": "buildings"
      },
      "geometry": {
        "type": "Polygon",
        "coordinates": [
          [
            [
              3089.062,
              1824.56
            ],
            [
              3089.062,
              1879.44
            ],
            [
              3049,
              1879.44
            ],
            [
              3049,
              1824.56
            ],
            [
              3089.062,
              1824.56
            ]
          ]
        ]
      }
    },
    {
      "type": "Feature",
      "properties": {
        "id": "B-479",
        "name": "工坊生产楼 88",
        "zone": "工坊区",
        "frontageRoad": "W-V3",
        "description": "工坊区沿街独立建筑。",
        "footprint": 1821.9,
        "scaleClass": "普通建筑",
        "layer": "buildings"
      },
      "geometry": {
        "type": "Polygon",
        "coordinates": [
          [
            [
              3031,
              1967.203
            ],
            [
              3031,
              2016.797
            ],
            [
              2994.264,
              2016.797
            ],
            [
              2994.264,
              1967.203
            ],
            [
              3031,
              1967.203
            ]
          ]
        ]
      }
    },
    {
      "type": "Feature",
      "properties": {
        "id": "B-480",
        "name": "工坊生产楼 89",
        "zone": "工坊区",
        "frontageRoad": "W-V3",
        "description": "工坊区沿街独立建筑。",
        "footprint": 745.6,
        "scaleClass": "普通建筑",
        "layer": "buildings"
      },
      "geometry": {
        "type": "Polygon",
        "coordinates": [
          [
            [
              3072.878,
              1976.387
            ],
            [
              3072.878,
              2007.613
            ],
            [
              3049,
              2007.613
            ],
            [
              3049,
              1976.387
            ],
            [
              3072.878,
              1976.387
            ]
          ]
        ]
      }
    },
    {
      "type": "Feature",
      "properties": {
        "id": "B-481",
        "name": "工坊生产楼 90",
        "zone": "工坊区",
        "frontageRoad": "W-V3",
        "description": "工坊区沿街独立建筑。",
        "footprint": 945.5,
        "scaleClass": "普通建筑",
        "layer": "buildings"
      },
      "geometry": {
        "type": "Polygon",
        "coordinates": [
          [
            [
              3031,
              2114.55
            ],
            [
              3031,
              2149.45
            ],
            [
              3003.907,
              2149.45
            ],
            [
              3003.907,
              2114.55
            ],
            [
              3031,
              2114.55
            ]
          ]
        ]
      }
    },
    {
      "type": "Feature",
      "properties": {
        "id": "B-482",
        "name": "工坊生产楼 91",
        "zone": "工坊区",
        "frontageRoad": "W-V3",
        "description": "工坊区沿街独立建筑。",
        "footprint": 1169,
        "scaleClass": "普通建筑",
        "layer": "buildings"
      },
      "geometry": {
        "type": "Polygon",
        "coordinates": [
          [
            [
              3079.307,
              2112.714
            ],
            [
              3079.307,
              2151.286
            ],
            [
              3049,
              2151.286
            ],
            [
              3049,
              2112.714
            ],
            [
              3079.307,
              2112.714
            ]
          ]
        ]
      }
    },
    {
      "type": "Feature",
      "properties": {
        "id": "B-483",
        "name": "工坊生产楼 92",
        "zone": "工坊区",
        "frontageRoad": "W-V3",
        "description": "工坊区沿街独立建筑。",
        "footprint": 1416.2,
        "scaleClass": "普通建筑",
        "layer": "buildings"
      },
      "geometry": {
        "type": "Polygon",
        "coordinates": [
          [
            [
              3031,
              2250.877
            ],
            [
              3031,
              2293.123
            ],
            [
              2997.478,
              2293.123
            ],
            [
              2997.478,
              2250.877
            ],
            [
              3031,
              2250.877
            ]
          ]
        ]
      }
    },
    {
      "type": "Feature",
      "properties": {
        "id": "B-484",
        "name": "工坊生产楼 93",
        "zone": "工坊区",
        "frontageRoad": "W-V3",
        "description": "工坊区沿街独立建筑。",
        "footprint": 1686.9,
        "scaleClass": "普通建筑",
        "layer": "buildings"
      },
      "geometry": {
        "type": "Polygon",
        "coordinates": [
          [
            [
              3085.736,
              2249.04
            ],
            [
              3085.736,
              2294.96
            ],
            [
              3049,
              2294.96
            ],
            [
              3049,
              2249.04
            ],
            [
              3085.736,
              2249.04
            ]
          ]
        ]
      }
    },
    {
      "type": "Feature",
      "properties": {
        "id": "B-485",
        "name": "封存值守楼 4",
        "zone": "封存区",
        "frontageRoad": "S-03",
        "description": "封存区沿街独立建筑。",
        "footprint": 1184.2,
        "scaleClass": "普通建筑",
        "layer": "buildings"
      },
      "geometry": {
        "type": "Polygon",
        "coordinates": [
          [
            [
              1787.203,
              2227.622
            ],
            [
              1836.797,
              2227.622
            ],
            [
              1836.797,
              2251.5
            ],
            [
              1787.203,
              2251.5
            ],
            [
              1787.203,
              2227.622
            ]
          ]
        ]
      }
    },
    {
      "type": "Feature",
      "properties": {
        "id": "B-486",
        "name": "封存值守楼 5",
        "zone": "封存区",
        "frontageRoad": "S-03",
        "description": "封存区沿街独立建筑。",
        "footprint": 846,
        "scaleClass": "普通建筑",
        "layer": "buildings"
      },
      "geometry": {
        "type": "Polygon",
        "coordinates": [
          [
            [
              1866.387,
              2224.407
            ],
            [
              1897.613,
              2224.407
            ],
            [
              1897.613,
              2251.5
            ],
            [
              1866.387,
              2251.5
            ],
            [
              1866.387,
              2224.407
            ]
          ]
        ]
      }
    },
    {
      "type": "Feature",
      "properties": {
        "id": "B-487",
        "name": "封存值守楼 6",
        "zone": "封存区",
        "frontageRoad": "S-03",
        "description": "封存区沿街独立建筑。",
        "footprint": 1510.7,
        "scaleClass": "普通建筑",
        "layer": "buildings"
      },
      "geometry": {
        "type": "Polygon",
        "coordinates": [
          [
            [
              1931.146,
              2215.279
            ],
            [
              1972.854,
              2215.279
            ],
            [
              1972.854,
              2251.5
            ],
            [
              1931.146,
              2251.5
            ],
            [
              1931.146,
              2215.279
            ]
          ]
        ]
      }
    },
    {
      "type": "Feature",
      "properties": {
        "id": "B-488",
        "name": "封存值守楼 7",
        "zone": "封存区",
        "frontageRoad": "S-03",
        "description": "封存区沿街独立建筑。",
        "footprint": 1846.8,
        "scaleClass": "普通建筑",
        "layer": "buildings"
      },
      "geometry": {
        "type": "Polygon",
        "coordinates": [
          [
            [
              1998.95,
              2268.5
            ],
            [
              2045.05,
              2268.5
            ],
            [
              2045.05,
              2308.562
            ],
            [
              1998.95,
              2308.562
            ],
            [
              1998.95,
              2268.5
            ]
          ]
        ]
      }
    },
    {
      "type": "Feature",
      "properties": {
        "id": "B-489",
        "name": "封存值守楼 8",
        "zone": "封存区",
        "frontageRoad": "S-03",
        "description": "封存区沿街独立建筑。",
        "footprint": 2216.7,
        "scaleClass": "普通建筑",
        "layer": "buildings"
      },
      "geometry": {
        "type": "Polygon",
        "coordinates": [
          [
            [
              1996.755,
              2207.596
            ],
            [
              2047.245,
              2207.596
            ],
            [
              2047.245,
              2251.5
            ],
            [
              1996.755,
              2251.5
            ],
            [
              1996.755,
              2207.596
            ]
          ]
        ]
      }
    },
    {
      "type": "Feature",
      "properties": {
        "id": "B-490",
        "name": "封存值守楼 9",
        "zone": "封存区",
        "frontageRoad": "S-03",
        "description": "封存区沿街独立建筑。",
        "footprint": 1566.1,
        "scaleClass": "普通建筑",
        "layer": "buildings"
      },
      "geometry": {
        "type": "Polygon",
        "coordinates": [
          [
            [
              2064.56,
              2268.5
            ],
            [
              2119.44,
              2268.5
            ],
            [
              2119.44,
              2297.038
            ],
            [
              2064.56,
              2297.038
            ],
            [
              2064.56,
              2268.5
            ]
          ]
        ]
      }
    },
    {
      "type": "Feature",
      "properties": {
        "id": "B-491",
        "name": "封存值守楼 10",
        "zone": "封存区",
        "frontageRoad": "S-03",
        "description": "封存区沿街独立建筑。",
        "footprint": 1919.1,
        "scaleClass": "普通建筑",
        "layer": "buildings"
      },
      "geometry": {
        "type": "Polygon",
        "coordinates": [
          [
            [
              2062.365,
              2219.121
            ],
            [
              2121.635,
              2219.121
            ],
            [
              2121.635,
              2251.5
            ],
            [
              2062.365,
              2251.5
            ],
            [
              2062.365,
              2219.121
            ]
          ]
        ]
      }
    },
    {
      "type": "Feature",
      "properties": {
        "id": "B-492",
        "name": "封存值守楼 11",
        "zone": "封存区",
        "frontageRoad": "S-04",
        "description": "封存区沿街独立建筑。",
        "footprint": 1829.1,
        "scaleClass": "普通建筑",
        "layer": "buildings"
      },
      "geometry": {
        "type": "Polygon",
        "coordinates": [
          [
            [
              2070.634,
              1620.294
            ],
            [
              2070.634,
              1663.706
            ],
            [
              2028.5,
              1663.706
            ],
            [
              2028.5,
              1620.294
            ],
            [
              2070.634,
              1620.294
            ]
          ]
        ]
      }
    },
    {
      "type": "Feature",
      "properties": {
        "id": "B-493",
        "name": "城邦生活街屋 117",
        "zone": "生活区",
        "frontageRoad": "R-SW",
        "description": "生活区沿街独立建筑。",
        "footprint": 1169.9,
        "scaleClass": "普通建筑",
        "layer": "buildings"
      },
      "geometry": {
        "type": "Polygon",
        "coordinates": [
          [
            [
              24.55,
              2063
            ],
            [
              59.45,
              2063
            ],
            [
              59.45,
              2096.522
            ],
            [
              24.55,
              2096.522
            ],
            [
              24.55,
              2063
            ]
          ]
        ]
      }
    },
    {
      "type": "Feature",
      "properties": {
        "id": "B-494",
        "name": "城邦生活街屋 118",
        "zone": "生活区",
        "frontageRoad": "R-SW",
        "description": "生活区沿街独立建筑。",
        "footprint": 1417,
        "scaleClass": "普通建筑",
        "layer": "buildings"
      },
      "geometry": {
        "type": "Polygon",
        "coordinates": [
          [
            [
              92.714,
              2063
            ],
            [
              131.286,
              2063
            ],
            [
              131.286,
              2099.736
            ],
            [
              92.714,
              2099.736
            ],
            [
              92.714,
              2063
            ]
          ]
        ]
      }
    },
    {
      "type": "Feature",
      "properties": {
        "id": "B-495",
        "name": "城邦生活街屋 119",
        "zone": "生活区",
        "frontageRoad": "R-SW",
        "description": "生活区沿街独立建筑。",
        "footprint": 1008.8,
        "scaleClass": "普通建筑",
        "layer": "buildings"
      },
      "geometry": {
        "type": "Polygon",
        "coordinates": [
          [
            [
              90.877,
              2013.122
            ],
            [
              133.123,
              2013.122
            ],
            [
              133.123,
              2037
            ],
            [
              90.877,
              2037
            ],
            [
              90.877,
              2013.122
            ]
          ]
        ]
      }
    },
    {
      "type": "Feature",
      "properties": {
        "id": "B-496",
        "name": "城邦生活街屋 120",
        "zone": "生活区",
        "frontageRoad": "R-SW",
        "description": "生活区沿街独立建筑。",
        "footprint": 1244.1,
        "scaleClass": "普通建筑",
        "layer": "buildings"
      },
      "geometry": {
        "type": "Polygon",
        "coordinates": [
          [
            [
              159.04,
              2063
            ],
            [
              204.96,
              2063
            ],
            [
              204.96,
              2090.093
            ],
            [
              159.04,
              2090.093
            ],
            [
              159.04,
              2063
            ]
          ]
        ]
      }
    },
    {
      "type": "Feature",
      "properties": {
        "id": "B-497",
        "name": "城邦生活街屋 121",
        "zone": "生活区",
        "frontageRoad": "R-SW",
        "description": "生活区沿街独立建筑。",
        "footprint": 1503,
        "scaleClass": "普通建筑",
        "layer": "buildings"
      },
      "geometry": {
        "type": "Polygon",
        "coordinates": [
          [
            [
              157.203,
              2006.693
            ],
            [
              206.797,
              2006.693
            ],
            [
              206.797,
              2037
            ],
            [
              157.203,
              2037
            ],
            [
              157.203,
              2006.693
            ]
          ]
        ]
      }
    },
    {
      "type": "Feature",
      "properties": {
        "id": "B-498",
        "name": "城邦生活街屋 122",
        "zone": "生活区",
        "frontageRoad": "R-SW",
        "description": "生活区沿街独立建筑。",
        "footprint": 1046.7,
        "scaleClass": "普通建筑",
        "layer": "buildings"
      },
      "geometry": {
        "type": "Polygon",
        "coordinates": [
          [
            [
              236.387,
              2063
            ],
            [
              267.613,
              2063
            ],
            [
              267.613,
              2096.522
            ],
            [
              236.387,
              2096.522
            ],
            [
              236.387,
              2063
            ]
          ]
        ]
      }
    },
    {
      "type": "Feature",
      "properties": {
        "id": "B-499",
        "name": "城邦生活街屋 123",
        "zone": "生活区",
        "frontageRoad": "R-SW",
        "description": "生活区沿街独立建筑。",
        "footprint": 1282.1,
        "scaleClass": "普通建筑",
        "layer": "buildings"
      },
      "geometry": {
        "type": "Polygon",
        "coordinates": [
          [
            [
              234.55,
              2000.264
            ],
            [
              269.45,
              2000.264
            ],
            [
              269.45,
              2037
            ],
            [
              234.55,
              2037
            ],
            [
              234.55,
              2000.264
            ]
          ]
        ]
      }
    },
    {
      "type": "Feature",
      "properties": {
        "id": "B-500",
        "name": "城邦生活街屋 124",
        "zone": "生活区",
        "frontageRoad": "R-SW",
        "description": "生活区沿街独立建筑。",
        "footprint": 921.1,
        "scaleClass": "普通建筑",
        "layer": "buildings"
      },
      "geometry": {
        "type": "Polygon",
        "coordinates": [
          [
            [
              302.714,
              2063
            ],
            [
              341.286,
              2063
            ],
            [
              341.286,
              2086.878
            ],
            [
              302.714,
              2086.878
            ],
            [
              302.714,
              2063
            ]
          ]
        ]
      }
    },
    {
      "type": "Feature",
      "properties": {
        "id": "B-501",
        "name": "城邦生活街屋 125",
        "zone": "生活区",
        "frontageRoad": "R-SW",
        "description": "生活区沿街独立建筑。",
        "footprint": 1144.6,
        "scaleClass": "普通建筑",
        "layer": "buildings"
      },
      "geometry": {
        "type": "Polygon",
        "coordinates": [
          [
            [
              300.877,
              2009.907
            ],
            [
              343.123,
              2009.907
            ],
            [
              343.123,
              2037
            ],
            [
              300.877,
              2037
            ],
            [
              300.877,
              2009.907
            ]
          ]
        ]
      }
    },
    {
      "type": "Feature",
      "properties": {
        "id": "B-502",
        "name": "城邦生活街屋 126",
        "zone": "生活区",
        "frontageRoad": "R-SW",
        "description": "生活区沿街独立建筑。",
        "footprint": 1987.8,
        "scaleClass": "普通建筑",
        "layer": "buildings"
      },
      "geometry": {
        "type": "Polygon",
        "coordinates": [
          [
            [
              434.56,
              2063
            ],
            [
              489.44,
              2063
            ],
            [
              489.44,
              2099.221
            ],
            [
              434.56,
              2099.221
            ],
            [
              434.56,
              2063
            ]
          ]
        ]
      }
    },
    {
      "type": "Feature",
      "properties": {
        "id": "B-503",
        "name": "城邦生活街屋 127",
        "zone": "生活区",
        "frontageRoad": "R-SW",
        "description": "生活区沿街独立建筑。",
        "footprint": 2374.5,
        "scaleClass": "普通建筑",
        "layer": "buildings"
      },
      "geometry": {
        "type": "Polygon",
        "coordinates": [
          [
            [
              502.365,
              2063
            ],
            [
              561.635,
              2063
            ],
            [
              561.635,
              2103.062
            ],
            [
              502.365,
              2103.062
            ],
            [
              502.365,
              2063
            ]
          ]
        ]
      }
    },
    {
      "type": "Feature",
      "properties": {
        "id": "B-504",
        "name": "城邦生活街屋 128",
        "zone": "生活区",
        "frontageRoad": "R-SW",
        "description": "生活区沿街独立建筑。",
        "footprint": 1638.4,
        "scaleClass": "普通建筑",
        "layer": "buildings"
      },
      "geometry": {
        "type": "Polygon",
        "coordinates": [
          [
            [
              583.341,
              2063
            ],
            [
              620.659,
              2063
            ],
            [
              620.659,
              2106.904
            ],
            [
              583.341,
              2106.904
            ],
            [
              583.341,
              2063
            ]
          ]
        ]
      }
    },
    {
      "type": "Feature",
      "properties": {
        "id": "B-505",
        "name": "城邦生活街屋 129",
        "zone": "生活区",
        "frontageRoad": "R-SW",
        "description": "生活区沿街独立建筑。",
        "footprint": 1190.3,
        "scaleClass": "普通建筑",
        "layer": "buildings"
      },
      "geometry": {
        "type": "Polygon",
        "coordinates": [
          [
            [
              581.146,
              2008.462
            ],
            [
              622.854,
              2008.462
            ],
            [
              622.854,
              2037
            ],
            [
              581.146,
              2037
            ],
            [
              581.146,
              2008.462
            ]
          ]
        ]
      }
    },
    {
      "type": "Feature",
      "properties": {
        "id": "B-506",
        "name": "城邦生活街屋 130",
        "zone": "生活区",
        "frontageRoad": "R-SW",
        "description": "生活区沿街独立建筑。",
        "footprint": 1492.7,
        "scaleClass": "普通建筑",
        "layer": "buildings"
      },
      "geometry": {
        "type": "Polygon",
        "coordinates": [
          [
            [
              648.95,
              2063
            ],
            [
              695.05,
              2063
            ],
            [
              695.05,
              2095.379
            ],
            [
              648.95,
              2095.379
            ],
            [
              648.95,
              2063
            ]
          ]
        ]
      }
    },
    {
      "type": "Feature",
      "properties": {
        "id": "B-507",
        "name": "城邦生活街屋 131",
        "zone": "生活区",
        "frontageRoad": "R-SW",
        "description": "生活区沿街独立建筑。",
        "footprint": 1828.8,
        "scaleClass": "普通建筑",
        "layer": "buildings"
      },
      "geometry": {
        "type": "Polygon",
        "coordinates": [
          [
            [
              646.755,
              2000.779
            ],
            [
              697.245,
              2000.779
            ],
            [
              697.245,
              2037
            ],
            [
              646.755,
              2037
            ],
            [
              646.755,
              2000.779
            ]
          ]
        ]
      }
    },
    {
      "type": "Feature",
      "properties": {
        "id": "B-508",
        "name": "城邦生活街屋 132",
        "zone": "生活区",
        "frontageRoad": "R-SW",
        "description": "生活区沿街独立建筑。",
        "footprint": 2198.6,
        "scaleClass": "普通建筑",
        "layer": "buildings"
      },
      "geometry": {
        "type": "Polygon",
        "coordinates": [
          [
            [
              784.56,
              2063
            ],
            [
              839.44,
              2063
            ],
            [
              839.44,
              2103.062
            ],
            [
              784.56,
              2103.062
            ],
            [
              784.56,
              2063
            ]
          ]
        ]
      }
    },
    {
      "type": "Feature",
      "properties": {
        "id": "B-509",
        "name": "城邦生活街屋 133",
        "zone": "生活区",
        "frontageRoad": "R-SW",
        "description": "生活区沿街独立建筑。",
        "footprint": 2602.2,
        "scaleClass": "普通建筑",
        "layer": "buildings"
      },
      "geometry": {
        "type": "Polygon",
        "coordinates": [
          [
            [
              782.365,
              1993.096
            ],
            [
              841.635,
              1993.096
            ],
            [
              841.635,
              2037
            ],
            [
              782.365,
              2037
            ],
            [
              782.365,
              1993.096
            ]
          ]
        ]
      }
    },
    {
      "type": "Feature",
      "properties": {
        "id": "B-510",
        "name": "城邦生活街屋 134",
        "zone": "生活区",
        "frontageRoad": "R-SW",
        "description": "生活区沿街独立建筑。",
        "footprint": 1065,
        "scaleClass": "普通建筑",
        "layer": "buildings"
      },
      "geometry": {
        "type": "Polygon",
        "coordinates": [
          [
            [
              863.341,
              2063
            ],
            [
              900.659,
              2063
            ],
            [
              900.659,
              2091.538
            ],
            [
              863.341,
              2091.538
            ],
            [
              863.341,
              2063
            ]
          ]
        ]
      }
    },
    {
      "type": "Feature",
      "properties": {
        "id": "B-511",
        "name": "城邦生活街屋 135",
        "zone": "生活区",
        "frontageRoad": "R-SW",
        "description": "生活区沿街独立建筑。",
        "footprint": 1350.5,
        "scaleClass": "普通建筑",
        "layer": "buildings"
      },
      "geometry": {
        "type": "Polygon",
        "coordinates": [
          [
            [
              931.146,
              2063
            ],
            [
              972.854,
              2063
            ],
            [
              972.854,
              2095.379
            ],
            [
              931.146,
              2095.379
            ],
            [
              931.146,
              2063
            ]
          ]
        ]
      }
    },
    {
      "type": "Feature",
      "properties": {
        "id": "B-512",
        "name": "城邦生活街屋 136",
        "zone": "生活区",
        "frontageRoad": "R-SW",
        "description": "生活区沿街独立建筑。",
        "footprint": 1669.7,
        "scaleClass": "普通建筑",
        "layer": "buildings"
      },
      "geometry": {
        "type": "Polygon",
        "coordinates": [
          [
            [
              998.95,
              2063
            ],
            [
              1045.05,
              2063
            ],
            [
              1045.05,
              2099.221
            ],
            [
              998.95,
              2099.221
            ],
            [
              998.95,
              2063
            ]
          ]
        ]
      }
    },
    {
      "type": "Feature",
      "properties": {
        "id": "B-513",
        "name": "城邦生活街屋 137",
        "zone": "生活区",
        "frontageRoad": "R-SW",
        "description": "生活区沿街独立建筑。",
        "footprint": 2022.7,
        "scaleClass": "普通建筑",
        "layer": "buildings"
      },
      "geometry": {
        "type": "Polygon",
        "coordinates": [
          [
            [
              996.755,
              1996.938
            ],
            [
              1047.245,
              1996.938
            ],
            [
              1047.245,
              2037
            ],
            [
              996.755,
              2037
            ],
            [
              996.755,
              1996.938
            ]
          ]
        ]
      }
    },
    {
      "type": "Feature",
      "properties": {
        "id": "B-514",
        "name": "城邦生活街屋 138",
        "zone": "生活区",
        "frontageRoad": "R-SW",
        "description": "生活区沿街独立建筑。",
        "footprint": 2409.5,
        "scaleClass": "普通建筑",
        "layer": "buildings"
      },
      "geometry": {
        "type": "Polygon",
        "coordinates": [
          [
            [
              1134.56,
              2063
            ],
            [
              1189.44,
              2063
            ],
            [
              1189.44,
              2106.904
            ],
            [
              1134.56,
              2106.904
            ],
            [
              1134.56,
              2063
            ]
          ]
        ]
      }
    },
    {
      "type": "Feature",
      "properties": {
        "id": "B-515",
        "name": "城邦生活街屋 139",
        "zone": "生活区",
        "frontageRoad": "R-SW",
        "description": "生活区沿街独立建筑。",
        "footprint": 1691.4,
        "scaleClass": "普通建筑",
        "layer": "buildings"
      },
      "geometry": {
        "type": "Polygon",
        "coordinates": [
          [
            [
              1272.365,
              2063
            ],
            [
              1331.635,
              2063
            ],
            [
              1331.635,
              2091.538
            ],
            [
              1272.365,
              2091.538
            ],
            [
              1272.365,
              2063
            ]
          ]
        ]
      }
    },
    {
      "type": "Feature",
      "properties": {
        "id": "B-516",
        "name": "城邦生活街屋 140",
        "zone": "生活区",
        "frontageRoad": "R-SW",
        "description": "生活区沿街独立建筑。",
        "footprint": 1208.3,
        "scaleClass": "普通建筑",
        "layer": "buildings"
      },
      "geometry": {
        "type": "Polygon",
        "coordinates": [
          [
            [
              1353.341,
              2063
            ],
            [
              1390.659,
              2063
            ],
            [
              1390.659,
              2095.379
            ],
            [
              1353.341,
              2095.379
            ],
            [
              1353.341,
              2063
            ]
          ]
        ]
      }
    },
    {
      "type": "Feature",
      "properties": {
        "id": "B-517",
        "name": "工坊生产楼 94",
        "zone": "工坊区",
        "frontageRoad": "R-SE",
        "description": "工坊区沿街独立建筑。",
        "footprint": 1510.7,
        "scaleClass": "普通建筑",
        "layer": "buildings"
      },
      "geometry": {
        "type": "Polygon",
        "coordinates": [
          [
            [
              2251.146,
              2063
            ],
            [
              2292.854,
              2063
            ],
            [
              2292.854,
              2099.221
            ],
            [
              2251.146,
              2099.221
            ],
            [
              2251.146,
              2063
            ]
          ]
        ]
      }
    },
    {
      "type": "Feature",
      "properties": {
        "id": "B-518",
        "name": "工坊生产楼 95",
        "zone": "工坊区",
        "frontageRoad": "R-SE",
        "description": "工坊区沿街独立建筑。",
        "footprint": 1846.8,
        "scaleClass": "普通建筑",
        "layer": "buildings"
      },
      "geometry": {
        "type": "Polygon",
        "coordinates": [
          [
            [
              2248.95,
              1996.938
            ],
            [
              2295.05,
              1996.938
            ],
            [
              2295.05,
              2037
            ],
            [
              2248.95,
              2037
            ],
            [
              2248.95,
              1996.938
            ]
          ]
        ]
      }
    },
    {
      "type": "Feature",
      "properties": {
        "id": "B-519",
        "name": "工坊生产楼 96",
        "zone": "工坊区",
        "frontageRoad": "R-SE",
        "description": "工坊区沿街独立建筑。",
        "footprint": 2216.7,
        "scaleClass": "普通建筑",
        "layer": "buildings"
      },
      "geometry": {
        "type": "Polygon",
        "coordinates": [
          [
            [
              2386.755,
              2063
            ],
            [
              2437.245,
              2063
            ],
            [
              2437.245,
              2106.904
            ],
            [
              2386.755,
              2106.904
            ],
            [
              2386.755,
              2063
            ]
          ]
        ]
      }
    },
    {
      "type": "Feature",
      "properties": {
        "id": "B-520",
        "name": "工坊生产楼 97",
        "zone": "工坊区",
        "frontageRoad": "R-SE",
        "description": "工坊区沿街独立建筑。",
        "footprint": 1566.1,
        "scaleClass": "普通建筑",
        "layer": "buildings"
      },
      "geometry": {
        "type": "Polygon",
        "coordinates": [
          [
            [
              2454.56,
              2063
            ],
            [
              2509.44,
              2063
            ],
            [
              2509.44,
              2091.538
            ],
            [
              2454.56,
              2091.538
            ],
            [
              2454.56,
              2063
            ]
          ]
        ]
      }
    },
    {
      "type": "Feature",
      "properties": {
        "id": "B-521",
        "name": "工坊生产楼 98",
        "zone": "工坊区",
        "frontageRoad": "R-SE",
        "description": "工坊区沿街独立建筑。",
        "footprint": 1919.1,
        "scaleClass": "普通建筑",
        "layer": "buildings"
      },
      "geometry": {
        "type": "Polygon",
        "coordinates": [
          [
            [
              2592.365,
              2063
            ],
            [
              2651.635,
              2063
            ],
            [
              2651.635,
              2095.379
            ],
            [
              2592.365,
              2095.379
            ],
            [
              2592.365,
              2063
            ]
          ]
        ]
      }
    },
    {
      "type": "Feature",
      "properties": {
        "id": "B-522",
        "name": "工坊生产楼 99",
        "zone": "工坊区",
        "frontageRoad": "R-SE",
        "description": "工坊区沿街独立建筑。",
        "footprint": 1351.7,
        "scaleClass": "普通建筑",
        "layer": "buildings"
      },
      "geometry": {
        "type": "Polygon",
        "coordinates": [
          [
            [
              2603.341,
              2000.779
            ],
            [
              2640.659,
              2000.779
            ],
            [
              2640.659,
              2037
            ],
            [
              2603.341,
              2037
            ],
            [
              2603.341,
              2000.779
            ]
          ]
        ]
      }
    },
    {
      "type": "Feature",
      "properties": {
        "id": "B-523",
        "name": "工坊生产楼 100",
        "zone": "工坊区",
        "frontageRoad": "R-SE",
        "description": "工坊区沿街独立建筑。",
        "footprint": 1671,
        "scaleClass": "普通建筑",
        "layer": "buildings"
      },
      "geometry": {
        "type": "Polygon",
        "coordinates": [
          [
            [
              2671.146,
              2063
            ],
            [
              2712.854,
              2063
            ],
            [
              2712.854,
              2103.062
            ],
            [
              2671.146,
              2103.062
            ],
            [
              2671.146,
              2063
            ]
          ]
        ]
      }
    },
    {
      "type": "Feature",
      "properties": {
        "id": "B-524",
        "name": "工坊生产楼 101",
        "zone": "工坊区",
        "frontageRoad": "R-SE",
        "description": "工坊区沿街独立建筑。",
        "footprint": 2023.9,
        "scaleClass": "普通建筑",
        "layer": "buildings"
      },
      "geometry": {
        "type": "Polygon",
        "coordinates": [
          [
            [
              2668.95,
              1993.096
            ],
            [
              2715.05,
              1993.096
            ],
            [
              2715.05,
              2037
            ],
            [
              2668.95,
              2037
            ],
            [
              2668.95,
              1993.096
            ]
          ]
        ]
      }
    },
    {
      "type": "Feature",
      "properties": {
        "id": "B-525",
        "name": "工坊生产楼 102",
        "zone": "工坊区",
        "frontageRoad": "R-SE",
        "description": "工坊区沿街独立建筑。",
        "footprint": 1440.9,
        "scaleClass": "普通建筑",
        "layer": "buildings"
      },
      "geometry": {
        "type": "Polygon",
        "coordinates": [
          [
            [
              2806.755,
              2063
            ],
            [
              2857.245,
              2063
            ],
            [
              2857.245,
              2091.538
            ],
            [
              2806.755,
              2091.538
            ],
            [
              2806.755,
              2063
            ]
          ]
        ]
      }
    },
    {
      "type": "Feature",
      "properties": {
        "id": "B-526",
        "name": "工坊生产楼 103",
        "zone": "工坊区",
        "frontageRoad": "R-SE",
        "description": "工坊区沿街独立建筑。",
        "footprint": 1777,
        "scaleClass": "普通建筑",
        "layer": "buildings"
      },
      "geometry": {
        "type": "Polygon",
        "coordinates": [
          [
            [
              2804.56,
              2004.621
            ],
            [
              2859.44,
              2004.621
            ],
            [
              2859.44,
              2037
            ],
            [
              2804.56,
              2037
            ],
            [
              2804.56,
              2004.621
            ]
          ]
        ]
      }
    },
    {
      "type": "Feature",
      "properties": {
        "id": "B-527",
        "name": "工坊生产楼 104",
        "zone": "工坊区",
        "frontageRoad": "R-SE",
        "description": "工坊区沿街独立建筑。",
        "footprint": 1503,
        "scaleClass": "普通建筑",
        "layer": "buildings"
      },
      "geometry": {
        "type": "Polygon",
        "coordinates": [
          [
            [
              2947.203,
              2063
            ],
            [
              2996.797,
              2063
            ],
            [
              2996.797,
              2093.307
            ],
            [
              2947.203,
              2093.307
            ],
            [
              2947.203,
              2063
            ]
          ]
        ]
      }
    },
    {
      "type": "Feature",
      "properties": {
        "id": "B-528",
        "name": "城邦生活街屋 141",
        "zone": "生活区",
        "frontageRoad": "R-W1",
        "description": "生活区沿街独立建筑。",
        "footprint": 1495.1,
        "scaleClass": "普通建筑",
        "layer": "buildings"
      },
      "geometry": {
        "type": "Polygon",
        "coordinates": [
          [
            [
              348,
              1353.341
            ],
            [
              348,
              1390.659
            ],
            [
              307.938,
              1390.659
            ],
            [
              307.938,
              1353.341
            ],
            [
              348,
              1353.341
            ]
          ]
        ]
      }
    },
    {
      "type": "Feature",
      "properties": {
        "id": "B-529",
        "name": "城邦生活街屋 142",
        "zone": "生活区",
        "frontageRoad": "R-W1",
        "description": "生活区沿街独立建筑。",
        "footprint": 1831.2,
        "scaleClass": "普通建筑",
        "layer": "buildings"
      },
      "geometry": {
        "type": "Polygon",
        "coordinates": [
          [
            [
              415.904,
              1351.146
            ],
            [
              415.904,
              1392.854
            ],
            [
              372,
              1392.854
            ],
            [
              372,
              1351.146
            ],
            [
              415.904,
              1351.146
            ]
          ]
        ]
      }
    },
    {
      "type": "Feature",
      "properties": {
        "id": "B-530",
        "name": "城邦生活街屋 143",
        "zone": "生活区",
        "frontageRoad": "R-W1",
        "description": "生活区沿街独立建筑。",
        "footprint": 1315.6,
        "scaleClass": "普通建筑",
        "layer": "buildings"
      },
      "geometry": {
        "type": "Polygon",
        "coordinates": [
          [
            [
              400.538,
              1488.95
            ],
            [
              400.538,
              1535.05
            ],
            [
              372,
              1535.05
            ],
            [
              372,
              1488.95
            ],
            [
              400.538,
              1488.95
            ]
          ]
        ]
      }
    },
    {
      "type": "Feature",
      "properties": {
        "id": "B-531",
        "name": "城邦生活街屋 144",
        "zone": "生活区",
        "frontageRoad": "R-W1",
        "description": "生活区沿街独立建筑。",
        "footprint": 1634.8,
        "scaleClass": "普通建筑",
        "layer": "buildings"
      },
      "geometry": {
        "type": "Polygon",
        "coordinates": [
          [
            [
              348,
              1556.755
            ],
            [
              348,
              1607.245
            ],
            [
              315.621,
              1607.245
            ],
            [
              315.621,
              1556.755
            ],
            [
              348,
              1556.755
            ]
          ]
        ]
      }
    },
    {
      "type": "Feature",
      "properties": {
        "id": "B-532",
        "name": "城邦生活街屋 145",
        "zone": "生活区",
        "frontageRoad": "R-W1",
        "description": "生活区沿街独立建筑。",
        "footprint": 1987.8,
        "scaleClass": "普通建筑",
        "layer": "buildings"
      },
      "geometry": {
        "type": "Polygon",
        "coordinates": [
          [
            [
              408.221,
              1554.56
            ],
            [
              408.221,
              1609.44
            ],
            [
              372,
              1609.44
            ],
            [
              372,
              1554.56
            ],
            [
              408.221,
              1554.56
            ]
          ]
        ]
      }
    },
    {
      "type": "Feature",
      "properties": {
        "id": "B-533",
        "name": "外围服务楼 7",
        "zone": "郊野／外环",
        "frontageRoad": "R-W2",
        "description": "郊野／外环沿街独立建筑。",
        "footprint": 1662.5,
        "scaleClass": "普通建筑",
        "layer": "buildings"
      },
      "geometry": {
        "type": "Polygon",
        "coordinates": [
          [
            [
              803.022,
              87.203
            ],
            [
              803.022,
              136.797
            ],
            [
              769.5,
              136.797
            ],
            [
              769.5,
              87.203
            ],
            [
              803.022,
              87.203
            ]
          ]
        ]
      }
    },
    {
      "type": "Feature",
      "properties": {
        "id": "B-534",
        "name": "外围服务楼 8",
        "zone": "郊野／外环",
        "frontageRoad": "R-E1",
        "description": "郊野／外环沿街独立建筑。",
        "footprint": 1147.1,
        "scaleClass": "普通建筑",
        "layer": "buildings"
      },
      "geometry": {
        "type": "Polygon",
        "coordinates": [
          [
            [
              2748,
              26.387
            ],
            [
              2748,
              57.613
            ],
            [
              2711.264,
              57.613
            ],
            [
              2711.264,
              26.387
            ],
            [
              2748,
              26.387
            ]
          ]
        ]
      }
    },
    {
      "type": "Feature",
      "properties": {
        "id": "B-535",
        "name": "外围服务楼 9",
        "zone": "郊野／外环",
        "frontageRoad": "R-E1",
        "description": "郊野／外环沿街独立建筑。",
        "footprint": 833.3,
        "scaleClass": "普通建筑",
        "layer": "buildings"
      },
      "geometry": {
        "type": "Polygon",
        "coordinates": [
          [
            [
              2795.878,
              24.55
            ],
            [
              2795.878,
              59.45
            ],
            [
              2772,
              59.45
            ],
            [
              2772,
              24.55
            ],
            [
              2795.878,
              24.55
            ]
          ]
        ]
      }
    },
    {
      "type": "Feature",
      "properties": {
        "id": "B-536",
        "name": "外围服务楼 10",
        "zone": "郊野／外环",
        "frontageRoad": "R-E1",
        "description": "郊野／外环沿街独立建筑。",
        "footprint": 1045,
        "scaleClass": "普通建筑",
        "layer": "buildings"
      },
      "geometry": {
        "type": "Polygon",
        "coordinates": [
          [
            [
              2748,
              92.714
            ],
            [
              2748,
              131.286
            ],
            [
              2720.907,
              131.286
            ],
            [
              2720.907,
              92.714
            ],
            [
              2748,
              92.714
            ]
          ]
        ]
      }
    },
    {
      "type": "Feature",
      "properties": {
        "id": "B-537",
        "name": "外围服务楼 11",
        "zone": "郊野／外环",
        "frontageRoad": "R-E1",
        "description": "郊野／外环沿街独立建筑。",
        "footprint": 1280.4,
        "scaleClass": "普通建筑",
        "layer": "buildings"
      },
      "geometry": {
        "type": "Polygon",
        "coordinates": [
          [
            [
              2802.307,
              90.877
            ],
            [
              2802.307,
              133.123
            ],
            [
              2772,
              133.123
            ],
            [
              2772,
              90.877
            ],
            [
              2802.307,
              90.877
            ]
          ]
        ]
      }
    },
    {
      "type": "Feature",
      "properties": {
        "id": "B-538",
        "name": "工坊生产楼 105",
        "zone": "工坊区",
        "frontageRoad": "R-E1",
        "description": "工坊区沿街独立建筑。",
        "footprint": 2198.6,
        "scaleClass": "普通建筑",
        "layer": "buildings"
      },
      "geometry": {
        "type": "Polygon",
        "coordinates": [
          [
            [
              2748,
              1554.56
            ],
            [
              2748,
              1609.44
            ],
            [
              2707.938,
              1609.44
            ],
            [
              2707.938,
              1554.56
            ],
            [
              2748,
              1554.56
            ]
          ]
        ]
      }
    },
    {
      "type": "Feature",
      "properties": {
        "id": "B-539",
        "name": "工坊生产楼 106",
        "zone": "工坊区",
        "frontageRoad": "R-E1",
        "description": "工坊区沿街独立建筑。",
        "footprint": 2602.2,
        "scaleClass": "普通建筑",
        "layer": "buildings"
      },
      "geometry": {
        "type": "Polygon",
        "coordinates": [
          [
            [
              2815.904,
              1762.365
            ],
            [
              2815.904,
              1821.635
            ],
            [
              2772,
              1821.635
            ],
            [
              2772,
              1762.365
            ],
            [
              2815.904,
              1762.365
            ]
          ]
        ]
      }
    },
    {
      "type": "Feature",
      "properties": {
        "id": "B-540",
        "name": "工坊生产楼 107",
        "zone": "工坊区",
        "frontageRoad": "R-E1",
        "description": "工坊区沿街独立建筑。",
        "footprint": 1065,
        "scaleClass": "普通建筑",
        "layer": "buildings"
      },
      "geometry": {
        "type": "Polygon",
        "coordinates": [
          [
            [
              2800.538,
              1843.341
            ],
            [
              2800.538,
              1880.659
            ],
            [
              2772,
              1880.659
            ],
            [
              2772,
              1843.341
            ],
            [
              2800.538,
              1843.341
            ]
          ]
        ]
      }
    },
    {
      "type": "Feature",
      "properties": {
        "id": "B-541",
        "name": "工坊生产楼 108",
        "zone": "工坊区",
        "frontageRoad": "R-E1",
        "description": "工坊区沿街独立建筑。",
        "footprint": 1350.5,
        "scaleClass": "普通建筑",
        "layer": "buildings"
      },
      "geometry": {
        "type": "Polygon",
        "coordinates": [
          [
            [
              2804.379,
              1911.146
            ],
            [
              2804.379,
              1952.854
            ],
            [
              2772,
              1952.854
            ],
            [
              2772,
              1911.146
            ],
            [
              2804.379,
              1911.146
            ]
          ]
        ]
      }
    },
    {
      "type": "Feature",
      "properties": {
        "id": "B-542",
        "name": "外围服务楼 12",
        "zone": "郊野／外环",
        "frontageRoad": "O-01",
        "description": "郊野／外环沿街独立建筑。",
        "footprint": 1169,
        "scaleClass": "普通建筑",
        "layer": "buildings"
      },
      "geometry": {
        "type": "Polygon",
        "coordinates": [
          [
            [
              162.714,
              2392
            ],
            [
              201.286,
              2392
            ],
            [
              201.286,
              2422.307
            ],
            [
              162.714,
              2422.307
            ],
            [
              162.714,
              2392
            ]
          ]
        ]
      }
    },
    {
      "type": "Feature",
      "properties": {
        "id": "B-543",
        "name": "外围服务楼 13",
        "zone": "郊野／外环",
        "frontageRoad": "O-01",
        "description": "郊野／外环沿街独立建筑。",
        "footprint": 1416.2,
        "scaleClass": "普通建筑",
        "layer": "buildings"
      },
      "geometry": {
        "type": "Polygon",
        "coordinates": [
          [
            [
              230.877,
              2392
            ],
            [
              273.123,
              2392
            ],
            [
              273.123,
              2425.522
            ],
            [
              230.877,
              2425.522
            ],
            [
              230.877,
              2392
            ]
          ]
        ]
      }
    },
    {
      "type": "Feature",
      "properties": {
        "id": "B-544",
        "name": "外围服务楼 14",
        "zone": "郊野／外环",
        "frontageRoad": "O-01",
        "description": "郊野／外环沿街独立建筑。",
        "footprint": 1686.9,
        "scaleClass": "普通建筑",
        "layer": "buildings"
      },
      "geometry": {
        "type": "Polygon",
        "coordinates": [
          [
            [
              299.04,
              2392
            ],
            [
              344.96,
              2392
            ],
            [
              344.96,
              2428.736
            ],
            [
              299.04,
              2428.736
            ],
            [
              299.04,
              2392
            ]
          ]
        ]
      }
    },
    {
      "type": "Feature",
      "properties": {
        "id": "B-545",
        "name": "外围服务楼 15",
        "zone": "郊野／外环",
        "frontageRoad": "O-01",
        "description": "郊野／外环沿街独立建筑。",
        "footprint": 1184.2,
        "scaleClass": "普通建筑",
        "layer": "buildings"
      },
      "geometry": {
        "type": "Polygon",
        "coordinates": [
          [
            [
              367.203,
              2392
            ],
            [
              416.797,
              2392
            ],
            [
              416.797,
              2415.878
            ],
            [
              367.203,
              2415.878
            ],
            [
              367.203,
              2392
            ]
          ]
        ]
      }
    },
    {
      "type": "Feature",
      "properties": {
        "id": "B-546",
        "name": "外围服务楼 16",
        "zone": "郊野／外环",
        "frontageRoad": "O-01",
        "description": "郊野／外环沿街独立建筑。",
        "footprint": 846,
        "scaleClass": "普通建筑",
        "layer": "buildings"
      },
      "geometry": {
        "type": "Polygon",
        "coordinates": [
          [
            [
              726.387,
              2392
            ],
            [
              757.613,
              2392
            ],
            [
              757.613,
              2419.093
            ],
            [
              726.387,
              2419.093
            ],
            [
              726.387,
              2392
            ]
          ]
        ]
      }
    },
    {
      "type": "Feature",
      "properties": {
        "id": "B-547",
        "name": "外围服务楼 17",
        "zone": "郊野／外环",
        "frontageRoad": "O-01",
        "description": "郊野／外环沿街独立建筑。",
        "footprint": 1057.7,
        "scaleClass": "普通建筑",
        "layer": "buildings"
      },
      "geometry": {
        "type": "Polygon",
        "coordinates": [
          [
            [
              794.55,
              2392
            ],
            [
              829.45,
              2392
            ],
            [
              829.45,
              2422.307
            ],
            [
              794.55,
              2422.307
            ],
            [
              794.55,
              2392
            ]
          ]
        ]
      }
    },
    {
      "type": "Feature",
      "properties": {
        "id": "B-548",
        "name": "外围服务楼 18",
        "zone": "郊野／外环",
        "frontageRoad": "O-01",
        "description": "郊野／外环沿街独立建筑。",
        "footprint": 1293,
        "scaleClass": "普通建筑",
        "layer": "buildings"
      },
      "geometry": {
        "type": "Polygon",
        "coordinates": [
          [
            [
              862.714,
              2392
            ],
            [
              901.286,
              2392
            ],
            [
              901.286,
              2425.522
            ],
            [
              862.714,
              2425.522
            ],
            [
              862.714,
              2392
            ]
          ]
        ]
      }
    },
    {
      "type": "Feature",
      "properties": {
        "id": "B-549",
        "name": "外围服务楼 19",
        "zone": "郊野／外环",
        "frontageRoad": "O-01",
        "description": "郊野／外环沿街独立建筑。",
        "footprint": 1552,
        "scaleClass": "普通建筑",
        "layer": "buildings"
      },
      "geometry": {
        "type": "Polygon",
        "coordinates": [
          [
            [
              1000.877,
              2392
            ],
            [
              1043.123,
              2392
            ],
            [
              1043.123,
              2428.736
            ],
            [
              1000.877,
              2428.736
            ],
            [
              1000.877,
              2392
            ]
          ]
        ]
      }
    },
    {
      "type": "Feature",
      "properties": {
        "id": "B-550",
        "name": "外围服务楼 20",
        "zone": "郊野／外环",
        "frontageRoad": "O-01",
        "description": "郊野／外环沿街独立建筑。",
        "footprint": 1096.5,
        "scaleClass": "普通建筑",
        "layer": "buildings"
      },
      "geometry": {
        "type": "Polygon",
        "coordinates": [
          [
            [
              1069.04,
              2392
            ],
            [
              1114.96,
              2392
            ],
            [
              1114.96,
              2415.878
            ],
            [
              1069.04,
              2415.878
            ],
            [
              1069.04,
              2392
            ]
          ]
        ]
      }
    },
    {
      "type": "Feature",
      "properties": {
        "id": "B-551",
        "name": "外围服务楼 21",
        "zone": "郊野／外环",
        "frontageRoad": "O-01",
        "description": "郊野／外环沿街独立建筑。",
        "footprint": 1343.6,
        "scaleClass": "普通建筑",
        "layer": "buildings"
      },
      "geometry": {
        "type": "Polygon",
        "coordinates": [
          [
            [
              1347.203,
              2392
            ],
            [
              1396.797,
              2392
            ],
            [
              1396.797,
              2419.093
            ],
            [
              1347.203,
              2419.093
            ],
            [
              1347.203,
              2392
            ]
          ]
        ]
      }
    },
    {
      "type": "Feature",
      "properties": {
        "id": "B-552",
        "name": "外围服务楼 22",
        "zone": "郊野／外环",
        "frontageRoad": "O-02",
        "description": "郊野／外环沿街独立建筑。",
        "footprint": 946.4,
        "scaleClass": "普通建筑",
        "layer": "buildings"
      },
      "geometry": {
        "type": "Polygon",
        "coordinates": [
          [
            [
              1746.387,
              2392
            ],
            [
              1777.613,
              2392
            ],
            [
              1777.613,
              2422.307
            ],
            [
              1746.387,
              2422.307
            ],
            [
              1746.387,
              2392
            ]
          ]
        ]
      }
    },
    {
      "type": "Feature",
      "properties": {
        "id": "B-553",
        "name": "外围服务楼 23",
        "zone": "郊野／外环",
        "frontageRoad": "O-02",
        "description": "郊野／外环沿街独立建筑。",
        "footprint": 1169.9,
        "scaleClass": "普通建筑",
        "layer": "buildings"
      },
      "geometry": {
        "type": "Polygon",
        "coordinates": [
          [
            [
              1814.55,
              2392
            ],
            [
              1849.45,
              2392
            ],
            [
              1849.45,
              2425.522
            ],
            [
              1814.55,
              2425.522
            ],
            [
              1814.55,
              2392
            ]
          ]
        ]
      }
    },
    {
      "type": "Feature",
      "properties": {
        "id": "B-554",
        "name": "外围服务楼 24",
        "zone": "郊野／外环",
        "frontageRoad": "O-02",
        "description": "郊野／外环沿街独立建筑。",
        "footprint": 1417,
        "scaleClass": "普通建筑",
        "layer": "buildings"
      },
      "geometry": {
        "type": "Polygon",
        "coordinates": [
          [
            [
              1882.714,
              2392
            ],
            [
              1921.286,
              2392
            ],
            [
              1921.286,
              2428.736
            ],
            [
              1882.714,
              2428.736
            ],
            [
              1882.714,
              2392
            ]
          ]
        ]
      }
    },
    {
      "type": "Feature",
      "properties": {
        "id": "B-555",
        "name": "外围服务楼 25",
        "zone": "郊野／外环",
        "frontageRoad": "O-02",
        "description": "郊野／外环沿街独立建筑。",
        "footprint": 1008.8,
        "scaleClass": "普通建筑",
        "layer": "buildings"
      },
      "geometry": {
        "type": "Polygon",
        "coordinates": [
          [
            [
              2230.877,
              2392
            ],
            [
              2273.123,
              2392
            ],
            [
              2273.123,
              2415.878
            ],
            [
              2230.877,
              2415.878
            ],
            [
              2230.877,
              2392
            ]
          ]
        ]
      }
    },
    {
      "type": "Feature",
      "properties": {
        "id": "B-556",
        "name": "外围服务楼 26",
        "zone": "郊野／外环",
        "frontageRoad": "O-02",
        "description": "郊野／外环沿街独立建筑。",
        "footprint": 1244.1,
        "scaleClass": "普通建筑",
        "layer": "buildings"
      },
      "geometry": {
        "type": "Polygon",
        "coordinates": [
          [
            [
              2299.04,
              2392
            ],
            [
              2344.96,
              2392
            ],
            [
              2344.96,
              2419.093
            ],
            [
              2299.04,
              2419.093
            ],
            [
              2299.04,
              2392
            ]
          ]
        ]
      }
    },
    {
      "type": "Feature",
      "properties": {
        "id": "B-557",
        "name": "外围服务楼 27",
        "zone": "郊野／外环",
        "frontageRoad": "O-02",
        "description": "郊野／外环沿街独立建筑。",
        "footprint": 1503,
        "scaleClass": "普通建筑",
        "layer": "buildings"
      },
      "geometry": {
        "type": "Polygon",
        "coordinates": [
          [
            [
              2367.203,
              2392
            ],
            [
              2416.797,
              2392
            ],
            [
              2416.797,
              2422.307
            ],
            [
              2367.203,
              2422.307
            ],
            [
              2367.203,
              2392
            ]
          ]
        ]
      }
    },
    {
      "type": "Feature",
      "properties": {
        "id": "B-558",
        "name": "外围服务楼 28",
        "zone": "郊野／外环",
        "frontageRoad": "O-02",
        "description": "郊野／外环沿街独立建筑。",
        "footprint": 1046.7,
        "scaleClass": "普通建筑",
        "layer": "buildings"
      },
      "geometry": {
        "type": "Polygon",
        "coordinates": [
          [
            [
              2446.387,
              2392
            ],
            [
              2477.613,
              2392
            ],
            [
              2477.613,
              2425.522
            ],
            [
              2446.387,
              2425.522
            ],
            [
              2446.387,
              2392
            ]
          ]
        ]
      }
    },
    {
      "type": "Feature",
      "properties": {
        "id": "B-559",
        "name": "外围服务楼 29",
        "zone": "郊野／外环",
        "frontageRoad": "O-02",
        "description": "郊野／外环沿街独立建筑。",
        "footprint": 1282.1,
        "scaleClass": "普通建筑",
        "layer": "buildings"
      },
      "geometry": {
        "type": "Polygon",
        "coordinates": [
          [
            [
              2514.55,
              2392
            ],
            [
              2549.45,
              2392
            ],
            [
              2549.45,
              2428.736
            ],
            [
              2514.55,
              2428.736
            ],
            [
              2514.55,
              2392
            ]
          ]
        ]
      }
    },
    {
      "type": "Feature",
      "properties": {
        "id": "B-560",
        "name": "外围服务楼 30",
        "zone": "郊野／外环",
        "frontageRoad": "O-02",
        "description": "郊野／外环沿街独立建筑。",
        "footprint": 921.1,
        "scaleClass": "普通建筑",
        "layer": "buildings"
      },
      "geometry": {
        "type": "Polygon",
        "coordinates": [
          [
            [
              2582.714,
              2392
            ],
            [
              2621.286,
              2392
            ],
            [
              2621.286,
              2415.878
            ],
            [
              2582.714,
              2415.878
            ],
            [
              2582.714,
              2392
            ]
          ]
        ]
      }
    },
    {
      "type": "Feature",
      "properties": {
        "id": "B-561",
        "name": "外围服务楼 31",
        "zone": "郊野／外环",
        "frontageRoad": "O-02",
        "description": "郊野／外环沿街独立建筑。",
        "footprint": 1144.6,
        "scaleClass": "普通建筑",
        "layer": "buildings"
      },
      "geometry": {
        "type": "Polygon",
        "coordinates": [
          [
            [
              2650.877,
              2392
            ],
            [
              2693.123,
              2392
            ],
            [
              2693.123,
              2419.093
            ],
            [
              2650.877,
              2419.093
            ],
            [
              2650.877,
              2392
            ]
          ]
        ]
      }
    },
    {
      "type": "Feature",
      "properties": {
        "id": "B-562",
        "name": "外围服务楼 32",
        "zone": "郊野／外环",
        "frontageRoad": "O-02",
        "description": "郊野／外环沿街独立建筑。",
        "footprint": 1391.7,
        "scaleClass": "普通建筑",
        "layer": "buildings"
      },
      "geometry": {
        "type": "Polygon",
        "coordinates": [
          [
            [
              2719.04,
              2392
            ],
            [
              2764.96,
              2392
            ],
            [
              2764.96,
              2422.307
            ],
            [
              2719.04,
              2422.307
            ],
            [
              2719.04,
              2392
            ]
          ]
        ]
      }
    },
    {
      "type": "Feature",
      "properties": {
        "id": "B-563",
        "name": "外围服务楼 33",
        "zone": "郊野／外环",
        "frontageRoad": "O-02",
        "description": "郊野／外环沿街独立建筑。",
        "footprint": 1662.5,
        "scaleClass": "普通建筑",
        "layer": "buildings"
      },
      "geometry": {
        "type": "Polygon",
        "coordinates": [
          [
            [
              2927.203,
              2392
            ],
            [
              2976.797,
              2392
            ],
            [
              2976.797,
              2425.522
            ],
            [
              2927.203,
              2425.522
            ],
            [
              2927.203,
              2392
            ]
          ]
        ]
      }
    },
    {
      "type": "Feature",
      "properties": {
        "id": "B-564",
        "name": "外围服务楼 34",
        "zone": "郊野／外环",
        "frontageRoad": "O-02",
        "description": "郊野／外环沿街独立建筑。",
        "footprint": 1147.1,
        "scaleClass": "普通建筑",
        "layer": "buildings"
      },
      "geometry": {
        "type": "Polygon",
        "coordinates": [
          [
            [
              3006.387,
              2392
            ],
            [
              3037.613,
              2392
            ],
            [
              3037.613,
              2428.736
            ],
            [
              3006.387,
              2428.736
            ],
            [
              3006.387,
              2392
            ]
          ]
        ]
      }
    },
    {
      "type": "Feature",
      "properties": {
        "id": "B-565",
        "name": "外围服务楼 35",
        "zone": "郊野／外环",
        "frontageRoad": "O-02",
        "description": "郊野／外环沿街独立建筑。",
        "footprint": 833.3,
        "scaleClass": "普通建筑",
        "layer": "buildings"
      },
      "geometry": {
        "type": "Polygon",
        "coordinates": [
          [
            [
              3074.55,
              2392
            ],
            [
              3109.45,
              2392
            ],
            [
              3109.45,
              2415.878
            ],
            [
              3074.55,
              2415.878
            ],
            [
              3074.55,
              2392
            ]
          ]
        ]
      }
    },
    {
      "type": "Feature",
      "properties": {
        "id": "B-566",
        "name": "外围服务楼 36",
        "zone": "郊野／外环",
        "frontageRoad": "O-03",
        "description": "郊野／外环沿街独立建筑。",
        "footprint": 1045,
        "scaleClass": "普通建筑",
        "layer": "buildings"
      },
      "geometry": {
        "type": "Polygon",
        "coordinates": [
          [
            [
              162.714,
              2723.907
            ],
            [
              201.286,
              2723.907
            ],
            [
              201.286,
              2751
            ],
            [
              162.714,
              2751
            ],
            [
              162.714,
              2723.907
            ]
          ]
        ]
      }
    },
    {
      "type": "Feature",
      "properties": {
        "id": "B-567",
        "name": "外围服务楼 37",
        "zone": "郊野／外环",
        "frontageRoad": "O-03",
        "description": "郊野／外环沿街独立建筑。",
        "footprint": 1280.4,
        "scaleClass": "普通建筑",
        "layer": "buildings"
      },
      "geometry": {
        "type": "Polygon",
        "coordinates": [
          [
            [
              230.877,
              2720.693
            ],
            [
              273.123,
              2720.693
            ],
            [
              273.123,
              2751
            ],
            [
              230.877,
              2751
            ],
            [
              230.877,
              2720.693
            ]
          ]
        ]
      }
    },
    {
      "type": "Feature",
      "properties": {
        "id": "B-568",
        "name": "外围服务楼 38",
        "zone": "郊野／外环",
        "frontageRoad": "O-03",
        "description": "郊野／外环沿街独立建筑。",
        "footprint": 1539.3,
        "scaleClass": "普通建筑",
        "layer": "buildings"
      },
      "geometry": {
        "type": "Polygon",
        "coordinates": [
          [
            [
              999.04,
              2717.478
            ],
            [
              1044.96,
              2717.478
            ],
            [
              1044.96,
              2751
            ],
            [
              999.04,
              2751
            ],
            [
              999.04,
              2717.478
            ]
          ]
        ]
      }
    },
    {
      "type": "Feature",
      "properties": {
        "id": "B-569",
        "name": "外围服务楼 39",
        "zone": "郊野／外环",
        "frontageRoad": "O-03",
        "description": "郊野／外环沿街独立建筑。",
        "footprint": 1821.9,
        "scaleClass": "普通建筑",
        "layer": "buildings"
      },
      "geometry": {
        "type": "Polygon",
        "coordinates": [
          [
            [
              1067.203,
              2714.264
            ],
            [
              1116.797,
              2714.264
            ],
            [
              1116.797,
              2751
            ],
            [
              1067.203,
              2751
            ],
            [
              1067.203,
              2714.264
            ]
          ]
        ]
      }
    },
    {
      "type": "Feature",
      "properties": {
        "id": "B-570",
        "name": "外围服务楼 40",
        "zone": "郊野／外环",
        "frontageRoad": "O-03",
        "description": "郊野／外环沿街独立建筑。",
        "footprint": 745.6,
        "scaleClass": "普通建筑",
        "layer": "buildings"
      },
      "geometry": {
        "type": "Polygon",
        "coordinates": [
          [
            [
              1146.387,
              2727.122
            ],
            [
              1177.613,
              2727.122
            ],
            [
              1177.613,
              2751
            ],
            [
              1146.387,
              2751
            ],
            [
              1146.387,
              2727.122
            ]
          ]
        ]
      }
    },
    {
      "type": "Feature",
      "properties": {
        "id": "B-571",
        "name": "外围服务楼 41",
        "zone": "郊野／外环",
        "frontageRoad": "O-03",
        "description": "郊野／外环沿街独立建筑。",
        "footprint": 945.5,
        "scaleClass": "普通建筑",
        "layer": "buildings"
      },
      "geometry": {
        "type": "Polygon",
        "coordinates": [
          [
            [
              1214.55,
              2723.907
            ],
            [
              1249.45,
              2723.907
            ],
            [
              1249.45,
              2751
            ],
            [
              1214.55,
              2751
            ],
            [
              1214.55,
              2723.907
            ]
          ]
        ]
      }
    },
    {
      "type": "Feature",
      "properties": {
        "id": "B-572",
        "name": "外围服务楼 42",
        "zone": "郊野／外环",
        "frontageRoad": "O-03",
        "description": "郊野／外环沿街独立建筑。",
        "footprint": 1169,
        "scaleClass": "普通建筑",
        "layer": "buildings"
      },
      "geometry": {
        "type": "Polygon",
        "coordinates": [
          [
            [
              1282.714,
              2720.693
            ],
            [
              1321.286,
              2720.693
            ],
            [
              1321.286,
              2751
            ],
            [
              1282.714,
              2751
            ],
            [
              1282.714,
              2720.693
            ]
          ]
        ]
      }
    },
    {
      "type": "Feature",
      "properties": {
        "id": "B-573",
        "name": "外围服务楼 43",
        "zone": "郊野／外环",
        "frontageRoad": "O-04",
        "description": "郊野／外环沿街独立建筑。",
        "footprint": 1416.2,
        "scaleClass": "普通建筑",
        "layer": "buildings"
      },
      "geometry": {
        "type": "Polygon",
        "coordinates": [
          [
            [
              2440.877,
              2717.478
            ],
            [
              2483.123,
              2717.478
            ],
            [
              2483.123,
              2751
            ],
            [
              2440.877,
              2751
            ],
            [
              2440.877,
              2717.478
            ]
          ]
        ]
      }
    },
    {
      "type": "Feature",
      "properties": {
        "id": "B-574",
        "name": "外围服务楼 44",
        "zone": "郊野／外环",
        "frontageRoad": "O-04",
        "description": "郊野／外环沿街独立建筑。",
        "footprint": 1686.9,
        "scaleClass": "普通建筑",
        "layer": "buildings"
      },
      "geometry": {
        "type": "Polygon",
        "coordinates": [
          [
            [
              2509.04,
              2714.264
            ],
            [
              2554.96,
              2714.264
            ],
            [
              2554.96,
              2751
            ],
            [
              2509.04,
              2751
            ],
            [
              2509.04,
              2714.264
            ]
          ]
        ]
      }
    },
    {
      "type": "Feature",
      "properties": {
        "id": "B-575",
        "name": "外围服务楼 45",
        "zone": "郊野／外环",
        "frontageRoad": "O-04",
        "description": "郊野／外环沿街独立建筑。",
        "footprint": 1184.2,
        "scaleClass": "普通建筑",
        "layer": "buildings"
      },
      "geometry": {
        "type": "Polygon",
        "coordinates": [
          [
            [
              2577.203,
              2727.122
            ],
            [
              2626.797,
              2727.122
            ],
            [
              2626.797,
              2751
            ],
            [
              2577.203,
              2751
            ],
            [
              2577.203,
              2727.122
            ]
          ]
        ]
      }
    },
    {
      "type": "Feature",
      "properties": {
        "id": "B-576",
        "name": "外围服务楼 46",
        "zone": "郊野／外环",
        "frontageRoad": "O-04",
        "description": "郊野／外环沿街独立建筑。",
        "footprint": 846,
        "scaleClass": "普通建筑",
        "layer": "buildings"
      },
      "geometry": {
        "type": "Polygon",
        "coordinates": [
          [
            [
              2656.387,
              2723.907
            ],
            [
              2687.613,
              2723.907
            ],
            [
              2687.613,
              2751
            ],
            [
              2656.387,
              2751
            ],
            [
              2656.387,
              2723.907
            ]
          ]
        ]
      }
    },
    {
      "type": "Feature",
      "properties": {
        "id": "B-577",
        "name": "外围服务楼 47",
        "zone": "郊野／外环",
        "frontageRoad": "O-04",
        "description": "郊野／外环沿街独立建筑。",
        "footprint": 1057.7,
        "scaleClass": "普通建筑",
        "layer": "buildings"
      },
      "geometry": {
        "type": "Polygon",
        "coordinates": [
          [
            [
              2724.55,
              2720.693
            ],
            [
              2759.45,
              2720.693
            ],
            [
              2759.45,
              2751
            ],
            [
              2724.55,
              2751
            ],
            [
              2724.55,
              2720.693
            ]
          ]
        ]
      }
    },
    {
      "type": "Feature",
      "properties": {
        "id": "B-578",
        "name": "外围服务楼 48",
        "zone": "郊野／外环",
        "frontageRoad": "O-04",
        "description": "郊野／外环沿街独立建筑。",
        "footprint": 1293,
        "scaleClass": "普通建筑",
        "layer": "buildings"
      },
      "geometry": {
        "type": "Polygon",
        "coordinates": [
          [
            [
              3072.714,
              2717.478
            ],
            [
              3111.286,
              2717.478
            ],
            [
              3111.286,
              2751
            ],
            [
              3072.714,
              2751
            ],
            [
              3072.714,
              2717.478
            ]
          ]
        ]
      }
    },
    {
      "type": "Feature",
      "properties": {
        "id": "B-579",
        "name": "封存值守楼 12",
        "zone": "封存区",
        "frontageRoad": "W-V0",
        "description": "封存区沿街独立建筑。",
        "footprint": 1566.1,
        "scaleClass": "普通建筑",
        "layer": "buildings"
      },
      "geometry": {
        "type": "Polygon",
        "coordinates": [
          [
            [
              2170.5,
              1838.56
            ],
            [
              2170.5,
              1893.44
            ],
            [
              2141.962,
              1893.44
            ],
            [
              2141.962,
              1838.56
            ],
            [
              2170.5,
              1838.56
            ]
          ]
        ]
      }
    },
    {
      "type": "Feature",
      "properties": {
        "id": "B-580",
        "name": "封存值守楼 13",
        "zone": "封存区",
        "frontageRoad": "W-V0",
        "description": "封存区沿街独立建筑。",
        "footprint": 946.4,
        "scaleClass": "普通建筑",
        "layer": "buildings"
      },
      "geometry": {
        "type": "Polygon",
        "coordinates": [
          [
            [
              2170.5,
              2290.387
            ],
            [
              2170.5,
              2321.613
            ],
            [
              2140.193,
              2321.613
            ],
            [
              2140.193,
              2290.387
            ],
            [
              2170.5,
              2290.387
            ]
          ]
        ]
      }
    },
    {
      "type": "Feature",
      "properties": {
        "id": "B-581",
        "name": "封存值守楼 14",
        "zone": "封存区",
        "frontageRoad": "R-SE",
        "description": "封存区沿街独立建筑。",
        "footprint": 1671,
        "scaleClass": "普通建筑",
        "layer": "buildings"
      },
      "geometry": {
        "type": "Polygon",
        "coordinates": [
          [
            [
              1789.146,
              2063
            ],
            [
              1830.854,
              2063
            ],
            [
              1830.854,
              2103.062
            ],
            [
              1789.146,
              2103.062
            ],
            [
              1789.146,
              2063
            ]
          ]
        ]
      }
    },
    {
      "type": "Feature",
      "properties": {
        "id": "B-582",
        "name": "封存值守楼 15",
        "zone": "封存区",
        "frontageRoad": "R-SE",
        "description": "封存区沿街独立建筑。",
        "footprint": 2023.9,
        "scaleClass": "普通建筑",
        "layer": "buildings"
      },
      "geometry": {
        "type": "Polygon",
        "coordinates": [
          [
            [
              1786.95,
              1993.096
            ],
            [
              1833.05,
              1993.096
            ],
            [
              1833.05,
              2037
            ],
            [
              1786.95,
              2037
            ],
            [
              1786.95,
              1993.096
            ]
          ]
        ]
      }
    },
    {
      "type": "Feature",
      "properties": {
        "id": "P-A",
        "name": "学院核心",
        "kind": "landmark",
        "description": "西岸学院核心",
        "layer": "points"
      },
      "geometry": {
        "type": "Point",
        "coordinates": [
          1080,
          1050
        ]
      }
    },
    {
      "type": "Feature",
      "properties": {
        "id": "P-C",
        "name": "城市核心",
        "kind": "landmark",
        "description": "东岸城市公共核心",
        "layer": "points"
      },
      "geometry": {
        "type": "Point",
        "coordinates": [
          2220,
          1120
        ]
      }
    },
    {
      "type": "Feature",
      "properties": {
        "id": "P-M-NORTH",
        "name": "北河门",
        "kind": "entrance",
        "description": "北岸市集区河门与巡检入口",
        "layer": "points"
      },
      "geometry": {
        "type": "Point",
        "coordinates": [
          1730,
          280
        ]
      }
    },
    {
      "type": "Feature",
      "properties": {
        "id": "P-M-RIVER1",
        "name": "市政北街河门",
        "kind": "entrance",
        "description": "市政北街河岸入口",
        "layer": "points"
      },
      "geometry": {
        "type": "Point",
        "coordinates": [
          1715,
          390
        ]
      }
    },
    {
      "type": "Feature",
      "properties": {
        "id": "P-M-RIVER2",
        "name": "市集街河门",
        "kind": "entrance",
        "description": "覆顶市集街河岸入口",
        "layer": "points"
      },
      "geometry": {
        "type": "Point",
        "coordinates": [
          1785,
          830
        ]
      }
    },
    {
      "type": "Feature",
      "properties": {
        "id": "P-M-RIVER3",
        "name": "剧场街河门",
        "kind": "entrance",
        "description": "公共剧场街河岸入口",
        "layer": "points"
      },
      "geometry": {
        "type": "Point",
        "coordinates": [
          1925,
          1050
        ]
      }
    },
    {
      "type": "Feature",
      "properties": {
        "id": "P-MB",
        "name": "双核主桥西端",
        "kind": "entrance",
        "description": "步行与普通车辆主桥",
        "layer": "points"
      },
      "geometry": {
        "type": "Point",
        "coordinates": [
          1260,
          1250
        ]
      }
    },
    {
      "type": "Feature",
      "properties": {
        "id": "P-TR",
        "name": "中央巨蚓换乘站",
        "kind": "station",
        "description": "内环与跨河桥槽换乘",
        "layer": "points"
      },
      "geometry": {
        "type": "Point",
        "coordinates": [
          1900,
          1520
        ]
      }
    },
    {
      "type": "Feature",
      "properties": {
        "id": "P-WTR",
        "name": "工坊客货换乘站",
        "kind": "station",
        "description": "客运与货运分流",
        "layer": "points"
      },
      "geometry": {
        "type": "Point",
        "coordinates": [
          2760,
          1780
        ]
      }
    },
    {
      "type": "Feature",
      "properties": {
        "id": "P-ST",
        "name": "学院体育场入口",
        "kind": "entrance",
        "description": "体育课程入口",
        "layer": "points"
      },
      "geometry": {
        "type": "Point",
        "coordinates": [
          560,
          2410
        ]
      }
    },
    {
      "type": "Feature",
      "properties": {
        "id": "P-CO",
        "name": "护障对抗场入口",
        "kind": "entrance",
        "description": "护障课程入口",
        "layer": "points"
      },
      "geometry": {
        "type": "Point",
        "coordinates": [
          1260,
          2420
        ]
      }
    },
    {
      "type": "Feature",
      "properties": {
        "id": "P-TA",
        "name": "小队战术场入口",
        "kind": "entrance",
        "description": "战术课程入口",
        "layer": "points"
      },
      "geometry": {
        "type": "Point",
        "coordinates": [
          2080,
          2420
        ]
      }
    },
    {
      "type": "Feature",
      "properties": {
        "id": "P-T-RIVER",
        "name": "教学河岸门",
        "kind": "entrance",
        "description": "教学区河岸维护入口",
        "layer": "points"
      },
      "geometry": {
        "type": "Point",
        "coordinates": [
          1440,
          360
        ]
      }
    },
    {
      "type": "Feature",
      "properties": {
        "id": "P-T-CLOCK",
        "name": "学院正厅门廊入口",
        "kind": "entrance",
        "description": "学院正厅贴路门廊入口",
        "layer": "points"
      },
      "geometry": {
        "type": "Point",
        "coordinates": [
          900,
          1238
        ]
      }
    },
    {
      "type": "Feature",
      "properties": {
        "id": "P-L-RIVER",
        "name": "生活区河岸门",
        "kind": "entrance",
        "description": "生活区河岸维护入口",
        "layer": "points"
      },
      "geometry": {
        "type": "Point",
        "coordinates": [
          1430,
          2200
        ]
      }
    },
    {
      "type": "Feature",
      "properties": {
        "id": "P-S-N1",
        "name": "封存许可门",
        "kind": "entrance",
        "description": "封存受控入口",
        "layer": "points"
      },
      "geometry": {
        "type": "Point",
        "coordinates": [
          1985,
          1450
        ]
      }
    },
    {
      "type": "Feature",
      "properties": {
        "id": "P-L-RIVER-MID",
        "name": "生活南街河门",
        "kind": "entrance",
        "description": "生活南街河岸入口",
        "layer": "points"
      },
      "geometry": {
        "type": "Point",
        "coordinates": [
          1430,
          1900
        ]
      }
    },
    {
      "type": "Feature",
      "properties": {
        "id": "P-S-N2",
        "name": "隔离北门",
        "kind": "entrance",
        "description": "隔离设施入口",
        "layer": "points"
      },
      "geometry": {
        "type": "Point",
        "coordinates": [
          1885,
          1580
        ]
      }
    },
    {
      "type": "Feature",
      "properties": {
        "id": "P-S-E",
        "name": "隔离东门",
        "kind": "entrance",
        "description": "隔离设施东入口",
        "layer": "points"
      },
      "geometry": {
        "type": "Point",
        "coordinates": [
          2178,
          1600
        ]
      }
    },
    {
      "type": "Feature",
      "properties": {
        "id": "P-O-WATER",
        "name": "南部课程水岸门",
        "kind": "entrance",
        "description": "课程场水岸维护入口",
        "layer": "points"
      },
      "geometry": {
        "type": "Point",
        "coordinates": [
          1450,
          2380
        ]
      }
    },
    {
      "type": "Feature",
      "properties": {
        "id": "P-O-SW",
        "name": "西南课程门",
        "kind": "entrance",
        "description": "课程设施南门",
        "layer": "points"
      },
      "geometry": {
        "type": "Point",
        "coordinates": [
          1450,
          2740
        ]
      }
    },
    {
      "type": "Feature",
      "properties": {
        "id": "P-O-SE",
        "name": "东南水务门",
        "kind": "entrance",
        "description": "水务设施南门",
        "layer": "points"
      },
      "geometry": {
        "type": "Point",
        "coordinates": [
          1720,
          2760
        ]
      }
    },
    {
      "type": "Feature",
      "properties": {
        "id": "P-T-EAST",
        "name": "图书馆街河岸门",
        "kind": "entrance",
        "description": "教学区东侧河岸入口",
        "layer": "points"
      },
      "geometry": {
        "type": "Point",
        "coordinates": [
          1438,
          820
        ]
      }
    },
    {
      "type": "Feature",
      "properties": {
        "id": "P-S-SOUTH",
        "name": "封存南门",
        "kind": "entrance",
        "description": "封存区南部受控入口",
        "layer": "points"
      },
      "geometry": {
        "type": "Point",
        "coordinates": [
          1770,
          2260
        ]
      }
    },
    {
      "type": "Feature",
      "properties": {
        "id": "P-O-EAST",
        "name": "南部后勤水岸门",
        "kind": "entrance",
        "description": "南部后勤区水岸入口",
        "layer": "points"
      },
      "geometry": {
        "type": "Point",
        "coordinates": [
          1720,
          2380
        ]
      }
    }
  ]
}
